匹配状态,ASIN,店铺,负责人,品名,MSKU,父ASIN,FBA可售,近31天Sessions,近31天GV,近31天Units,业务报告周期,Listing日期,处理建议
仅业务报告_不可售已排除,B0GL8VT3QN,1店,,折叠拖鞋002灰,,,,5,5,2,2026-09-03 至 2026-10-03,,不可售，无需处理
仅业务报告_不可售已排除,B0GL8XRPM9,1店,,折叠拖鞋003黑,,,,36,43,1,2026-09-03 至 2026-10-03,,不可售，无需处理
可售已匹配,B0GL916YJS,1店,公司,折叠拖鞋002白,ZD003-White-7/8,B0GL9J1BLX,2,7,14,1,2026-09-03 至 2026-10-03,2026-10-05,进入行动筛选
可售已匹配,B0GL918DQV,1店,凯旋,折叠拖鞋001白,ZD001-White-8/9,B0GL92S6S4,3,60,64,0,2026-09-03 至 2026-10-03,2026-10-05,进入行动筛选
可售已匹配,B0GL91L477,1店,公司,折叠拖鞋001蓝,ZD001-Blue-7/8,B0GL92S6S4,2,4,4,0,2026-09-03 至 2026-10-03,2026-10-05,进入行动筛选
可售已匹配,B0GL91XJMV,1店,公司,折叠拖鞋003黄,ZD003-Yellow-8/9,B0GL9J1BLX,2,9,12,0,2026-09-03 至 2026-10-03,2026-10-05,进入行动筛选
仅业务报告_不可售已排除,B0GL937PXW,1店,,折叠拖鞋002蓝,,,,4,4,2,2026-09-03 至 2026-10-03,,不可售，无需处理
可售已匹配,B0GL93TCW4,1店,公司,折叠拖鞋001黄,ZD001-Yellow-7/8,B0GL92S6S4,2,2,2,0,2026-09-03 至 2026-10-03,2026-10-05,进入行动筛选
可售已匹配,B0GL94DJQC,1店,公司,折叠拖鞋002灰,ZD002-Grey-8/9,B0GL94DJQC,2,9,11,1,2026-09-03 至 2026-10-03,2026-10-05,进入行动筛选
可售已匹配,B0GL94NNFY,1店,公司,折叠拖鞋003黑,ZD003-Black-8/9,B0GL9J1BLX,3,22,24,0,2026-09-03 至 2026-10-03,2026-10-05,进入行动筛选
可售已匹配,B0GL95J33J,1店,公司,折叠拖鞋001黄,ZD001-Yellow-8/9,B0GL92S6S4,2,23,25,0,2026-09-03 至 2026-10-03,2026-10-05,进入行动筛选
可售已匹配,B0GL961T22,1店,公司,折叠拖鞋003白,ZD003-White-8/9,B0GL9J1BLX,3,29,38,1,2026-09-03 至 2026-10-03,2026-10-05,进入行动筛选
仅业务报告_不可售已排除,B0GL9J1BLX,1店,,"Foldable EVA Flip Flops for Women Men, Wide Strap Non-Slip Travel Sandals, Lightweight Quick-Drying Beach Slippers for Vacation, Pool & Shower",,,,3,3,0,2026-09-03 至 2026-10-03,,不可售，无需处理
可售已匹配,B0GL9JCN53,1店,公司,折叠拖鞋001粉,ZD001-Pink-7/8,B0GL92S6S4,3,40,45,0,2026-09-03 至 2026-10-03,2026-10-05,进入行动筛选
仅业务报告_不可售已排除,B0GQBGHBNV,1店,,溯溪沙滩鞋,,,,19,22,1,2026-09-03 至 2026-10-03,,不可售，无需处理
仅业务报告_不可售已排除,B0GQBGRKQB,1店,,溯溪沙滩鞋,,,,2,2,0,2026-09-03 至 2026-10-03,,不可售，无需处理
仅业务报告_不可售已排除,B0GQBLY4M7,1店,,溯溪沙滩鞋,,,,2,2,0,2026-09-03 至 2026-10-03,,不可售，无需处理
可售已匹配,B0GQBLYKWM,1店,公司,溯溪沙滩鞋,QS-008-40/41,B0GQBS64JX,2,30,37,2,2026-09-03 至 2026-10-03,2026-10-05,进入行动筛选
可售已匹配,B0GQBMPPTB,1店,公司,溯溪沙滩鞋,QS-098-42/43,B0GQBS64JX,2,19,21,1,2026-09-03 至 2026-10-03,2026-10-05,进入行动筛选
仅业务报告_不可售已排除,B0GQBMYP7T,1店,,溯溪沙滩鞋,,,,3,3,0,2026-09-03 至 2026-10-03,,不可售，无需处理
可售已匹配,B0GQBNDGJN,1店,公司,溯溪沙滩鞋,QS-096-42/43,B0GQBP3SH9,3,11,12,0,2026-09-03 至 2026-10-03,2026-10-05,进入行动筛选
可售已匹配,B0GQBNF49L,1店,公司,溯溪沙滩鞋,QS-015-42/43,B0GQBS64JX,1,24,25,2,2026-09-03 至 2026-10-03,2026-10-05,进入行动筛选
仅业务报告_不可售已排除,B0GQBNJKXL,1店,,溯溪沙滩鞋,,,,12,12,3,2026-09-03 至 2026-10-03,,不可售，无需处理
可售已匹配,B0GQBP2K8L,1店,公司,溯溪沙滩鞋,QS-029-40/41,B0GQBP3SH9,8,18,18,1,2026-09-03 至 2026-10-03,2026-10-05,进入行动筛选
仅业务报告_不可售已排除,B0GQBP3SH9,1店,,"Water Shoes Men Women, Non Slip Sole, Quick Dry, for Creek Hiking Beach Travel",,,,1,1,0,2026-09-03 至 2026-10-03,,不可售，无需处理
仅业务报告_不可售已排除,B0GQBQ3GQN,1店,,溯溪沙滩鞋,,,,2,2,0,2026-09-03 至 2026-10-03,,不可售，无需处理
仅业务报告_不可售已排除,B0GQBR61BP,1店,,溯溪沙滩鞋,,,,1,1,0,2026-09-03 至 2026-10-03,,不可售，无需处理
可售已匹配,B0GQBR7MKR,1店,公司,溯溪沙滩鞋,QS-084-40/41,B0GQBP3SH9,2,14,14,0,2026-09-03 至 2026-10-03,2026-10-05,进入行动筛选
仅业务报告_不可售已排除,B0GQBR8VD8,1店,,溯溪沙滩鞋,,,,1,1,0,2026-09-03 至 2026-10-03,,不可售，无需处理
可售已匹配,B0GQBRK2R9,1店,公司,溯溪沙滩鞋,QS-096-40/41,B0GQBP3SH9,1,13,13,0,2026-09-03 至 2026-10-03,2026-10-05,进入行动筛选
可售已匹配,B0GQBS3LM6,1店,公司,溯溪沙滩鞋,QS-012-42/43,B0GQBS64JX,5,15,16,0,2026-09-03 至 2026-10-03,2026-10-05,进入行动筛选
仅业务报告_不可售已排除,B0GQBS3LN5,1店,,溯溪沙滩鞋,,,,2,2,0,2026-09-03 至 2026-10-03,,不可售，无需处理
仅业务报告_不可售已排除,B0GQBS5KJJ,1店,,溯溪沙滩鞋,,,,0,0,1,2026-09-03 至 2026-10-03,,不可售，无需处理
仅业务报告_不可售已排除,B0GQBS64JX,1店,,Breathable Water Shoes Non Slip Quick Dry Shoes for Beach Swimming,,,,3,4,0,2026-09-03 至 2026-10-03,,不可售，无需处理
仅业务报告_不可售已排除,B0GQBSD76W,1店,,溯溪沙滩鞋,,,,2,2,0,2026-09-03 至 2026-10-03,,不可售，无需处理
可售已匹配,B0GQBSKR9C,1店,公司,溯溪沙滩鞋,QS-004-42/43,B0GQBP3SH9,2,7,7,1,2026-09-03 至 2026-10-03,2026-10-05,进入行动筛选
可售已匹配,B0GQBSKW29,1店,公司,溯溪沙滩鞋,QS-003-40/41,B0GQBP3SH9,2,15,15,1,2026-09-03 至 2026-10-03,2026-10-05,进入行动筛选
仅业务报告_不可售已排除,B0GQBSMZ3L,1店,,溯溪沙滩鞋,,,,4,4,0,2026-09-03 至 2026-10-03,,不可售，无需处理
可售已匹配,B0GQBSQNVW,1店,公司,溯溪沙滩鞋,QS-087-42/43,B0GQBP3SH9,2,9,9,0,2026-09-03 至 2026-10-03,2026-10-05,进入行动筛选
仅业务报告_不可售已排除,B0GQBT5JD9,1店,,溯溪沙滩鞋,,,,4,4,0,2026-09-03 至 2026-10-03,,不可售，无需处理
仅业务报告_不可售已排除,B0GQBT7L7K,1店,,溯溪沙滩鞋,,,,4,4,0,2026-09-03 至 2026-10-03,,不可售，无需处理
可售已匹配,B0GQBTQTGP,1店,公司,溯溪沙滩鞋,QS-084-42/43,B0GQBP3SH9,1,8,8,1,2026-09-03 至 2026-10-03,2026-10-05,进入行动筛选
可售已匹配,B0GQBV623G,1店,公司,溯溪沙滩鞋,QS-059-40/41,B0GQBP3SH9,1,14,18,0,2026-09-03 至 2026-10-03,2026-10-05,进入行动筛选
可售已匹配,B0GQBV6DX2,1店,公司,溯溪沙滩鞋,QS-031-40/41,B0GQBS64JX,2,18,21,0,2026-09-03 至 2026-10-03,2026-10-05,进入行动筛选
可售已匹配,B0GQBV7VZT,1店,公司,溯溪沙滩鞋,QS-074-42/43,B0GQBS64JX,2,13,13,0,2026-09-03 至 2026-10-03,2026-10-05,进入行动筛选
仅业务报告_不可售已排除,B0GQBW11VQ,1店,,溯溪沙滩鞋,,,,1,1,1,2026-09-03 至 2026-10-03,,不可售，无需处理
仅业务报告_不可售已排除,B0GQBW7429,1店,,溯溪沙滩鞋,,,,0,0,0,2026-09-03 至 2026-10-03,,不可售，无需处理
仅业务报告_不可售已排除,B0GQBWPKVW,1店,,溯溪沙滩鞋,,,,4,4,0,2026-09-03 至 2026-10-03,,不可售，无需处理
可售已匹配,B0GQBWV6V8,1店,公司,溯溪沙滩鞋,QS-031-42/43,B0GQBWV6V8,2,1,1,0,2026-09-03 至 2026-10-03,2026-10-05,进入行动筛选
可售已匹配,B0GQBX3RTX,1店,公司,溯溪沙滩鞋,QS-074-40/41,B0GQBS64JX,2,24,24,0,2026-09-03 至 2026-10-03,2026-10-05,进入行动筛选
可售已匹配,B0GQBX6NNV,1店,公司,溯溪沙滩鞋,QS-022-42/43,B0GQBS64JX,1,12,13,1,2026-09-03 至 2026-10-03,2026-10-05,进入行动筛选
可售已匹配,B0GQBY72Q5,1店,公司,溯溪沙滩鞋,QS-029-42/43,B0GQBP3SH9,1,7,10,2,2026-09-03 至 2026-10-03,2026-10-05,进入行动筛选
可售已匹配,B0GQBYCJKK,1店,公司,溯溪沙滩鞋,QS-022-40/41,B0GQBS64JX,2,23,23,1,2026-09-03 至 2026-10-03,2026-10-05,进入行动筛选
仅业务报告_不可售已排除,B0GQBYW8CQ,1店,,溯溪沙滩鞋,,,,2,2,0,2026-09-03 至 2026-10-03,,不可售，无需处理
可售已匹配,B0GQBZ5217,1店,公司,溯溪沙滩鞋,QS-015-40/41,B0GQBS64JX,3,30,43,0,2026-09-03 至 2026-10-03,2026-10-05,进入行动筛选
可售已匹配,B0GQBZYVWQ,1店,公司,溯溪沙滩鞋,QS-060-42/43,B0GQBS64JX,2,13,13,0,2026-09-03 至 2026-10-03,2026-10-05,进入行动筛选
可售已匹配,B0GQC1CD7Y,1店,公司,溯溪沙滩鞋,QS-087-40/41,B0GQBP3SH9,2,18,20,0,2026-09-03 至 2026-10-03,2026-10-05,进入行动筛选
仅Listing_报告未出现,B0GQC22DFX,1店,公司,溯溪沙滩鞋,QS-098-40/41,B0GQBNHWM7,2,,,,,2026-10-05,不据此判断零销量
仅业务报告_不可售已排除,B0GQC25XMX,1店,,溯溪沙滩鞋,,,,4,5,0,2026-09-03 至 2026-10-03,,不可售，无需处理
可售已匹配,B0GQC28Z8Y,1店,公司,溯溪沙滩鞋,QS-091-40/41,B0GQBS64JX,3,26,27,1,2026-09-03 至 2026-10-03,2026-10-05,进入行动筛选
仅业务报告_不可售已排除,B0GQC2ZH9Z,1店,,溯溪沙滩鞋,,,,10,11,1,2026-09-03 至 2026-10-03,,不可售，无需处理
可售已匹配,B0GQC3CTF1,1店,公司,溯溪沙滩鞋,QS-016-40/41,B0GQBS64JX,1,29,33,2,2026-09-03 至 2026-10-03,2026-10-05,进入行动筛选
可售已匹配,B0GQC3JK3Y,1店,公司,溯溪沙滩鞋,QS-040-42/43,B0GQBS64JX,4,13,13,0,2026-09-03 至 2026-10-03,2026-10-05,进入行动筛选
仅业务报告_不可售已排除,B0GQC56WJS,1店,,溯溪沙滩鞋,,,,4,4,0,2026-09-03 至 2026-10-03,,不可售，无需处理
可售已匹配,B0GQC5YZBF,1店,公司,溯溪沙滩鞋,QS-040-40/41,B0GQBS64JX,2,23,24,1,2026-09-03 至 2026-10-03,2026-10-05,进入行动筛选
仅业务报告_不可售已排除,B0GQC6B87W,1店,,溯溪沙滩鞋,,,,1,1,0,2026-09-03 至 2026-10-03,,不可售，无需处理
仅业务报告_不可售已排除,B0GQC6BT3K,1店,,溯溪沙滩鞋,,,,2,2,0,2026-09-03 至 2026-10-03,,不可售，无需处理
可售已匹配,B0GQC6H3FM,1店,公司,溯溪沙滩鞋,QS-012-40/41,B0GQBS64JX,2,20,21,1,2026-09-03 至 2026-10-03,2026-10-05,进入行动筛选
仅业务报告_不可售已排除,B0GQC8G6FL,1店,,溯溪沙滩鞋,,,,4,4,2,2026-09-03 至 2026-10-03,,不可售，无需处理
可售已匹配,B0GQC8P369,1店,公司,溯溪沙滩鞋,QS-070-40/41,B0GQBP3SH9,1,16,17,0,2026-09-03 至 2026-10-03,2026-10-05,进入行动筛选
仅业务报告_不可售已排除,B0GQC8X8K6,1店,,溯溪沙滩鞋,,,,4,4,0,2026-09-03 至 2026-10-03,,不可售，无需处理
仅业务报告_不可售已排除,B0GQC8Z8DF,1店,,溯溪沙滩鞋,,,,12,13,3,2026-09-03 至 2026-10-03,,不可售，无需处理
可售已匹配,B0GQC8Z8DJ,1店,公司,溯溪沙滩鞋,QS-008-42/43,B0GQBS64JX,3,19,21,0,2026-09-03 至 2026-10-03,2026-10-05,进入行动筛选
仅业务报告_不可售已排除,B0GQC92YY7,1店,,溯溪沙滩鞋,,,,2,2,0,2026-09-03 至 2026-10-03,,不可售，无需处理
仅业务报告_不可售已排除,B0GQC98VY2,1店,,溯溪沙滩鞋,,,,3,3,1,2026-09-03 至 2026-10-03,,不可售，无需处理
可售已匹配,B0GQCBKRNM,1店,公司,溯溪沙滩鞋,QS-049-40/41,B0GQBS64JX,1,22,24,0,2026-09-03 至 2026-10-03,2026-10-05,进入行动筛选
仅业务报告_不可售已排除,B0GQCBNBL7,1店,,溯溪沙滩鞋,,,,3,3,0,2026-09-03 至 2026-10-03,,不可售，无需处理
可售已匹配,B0GQGVFBBJ,1店,公司,溯溪沙滩鞋,QS-044-42/43,B0GQH38Y4J,2,4,5,0,2026-09-03 至 2026-10-03,2026-10-05,进入行动筛选
可售已匹配,B0GQH3BVXR,1店,公司,溯溪沙滩鞋,QS-044-40/41,B0GQH38Y4J,1,5,5,0,2026-09-03 至 2026-10-03,2026-10-05,进入行动筛选
仅业务报告_不可售已排除,B0GRTXTK2L,1店,,溯溪沙滩鞋,,,,3,3,0,2026-09-03 至 2026-10-03,,不可售，无需处理
仅业务报告_不可售已排除,B0GRTYXJDF,1店,,溯溪沙滩鞋,,,,4,4,0,2026-09-03 至 2026-10-03,,不可售，无需处理
仅业务报告_不可售已排除,B0GRTYYM6V,1店,,溯溪沙滩鞋,,,,2,2,0,2026-09-03 至 2026-10-03,,不可售，无需处理
可售已匹配,B0GS89ZDRG,1店,图图,手机链,KC-23-03,B0GS8KFR4R,14,86,93,7,2026-09-03 至 2026-10-03,2026-10-05,进入行动筛选
可售已匹配,B0GS8G6K68,1店,图图,手机链,KC-18-01,B0GS8KFR4R,25,75,92,15,2026-09-03 至 2026-10-03,2026-10-05,进入行动筛选
可售已匹配,B0GS8GKWH1,1店,图图,手机链,KC-26-01,B0GS8GKWH1,18,13,20,3,2026-09-03 至 2026-10-03,2026-10-05,进入行动筛选
可售已匹配,B0GS8HPL7V,1店,图图,手机链,KC-19-01,B0GS8KFR4R,22,61,67,2,2026-09-03 至 2026-10-03,2026-10-05,进入行动筛选
可售已匹配,B0GS8JQNW8,1店,图图,手机链,KC-10-01,B0GS8KFR4R,2,55,58,1,2026-09-03 至 2026-10-03,2026-10-05,进入行动筛选
仅业务报告_不可售已排除,B0GS8KPF9V,1店,,手机链,,,,49,50,1,2026-09-03 至 2026-10-03,,不可售，无需处理
可售已匹配,B0GS8M9LS3,1店,图图,手机链,KC-01-01,B0GS8KFR4R,3,84,93,7,2026-09-03 至 2026-10-03,2026-10-05,进入行动筛选
可售已匹配,B0GS8NN1KJ,1店,图图,手机链,KC-07-01,B0GS8KFR4R,5,94,117,10,2026-09-03 至 2026-10-03,2026-10-05,进入行动筛选
可售已匹配,B0GS8NPN13,1店,图图,手机链,KC-24-01,B0GS8NPN13,2,6,6,0,2026-09-03 至 2026-10-03,2026-10-05,进入行动筛选
可售已匹配,B0GS8R1ZZF,1店,图图,手机链,KC-27-01,B0GS8KFR4R,14,86,108,10,2026-09-03 至 2026-10-03,2026-10-05,进入行动筛选
仅业务报告_不可售已排除,B0GS8XH3LL,1店,,手机链,,,,8,8,1,2026-09-03 至 2026-10-03,,不可售，无需处理
仅业务报告_不可售已排除,B0GS91TM1D,1店,,溯溪沙滩鞋,,,,0,0,1,2026-09-03 至 2026-10-03,,不可售，无需处理
仅业务报告_不可售已排除,B0GSVJQJJJ,1店,,比基尼,,,,12,12,1,2026-09-03 至 2026-10-03,,不可售，无需处理
可售已匹配,B0GSVJZ9M4,1店,图图,比基尼,KC-B9-M,B0HD6F5MYH,1,19,20,0,2026-09-03 至 2026-10-03,2026-10-05,进入行动筛选
可售已匹配,B0GSVLB176,1店,图图,比基尼,KB-B5-L,B0HD6F5MYH,1,31,35,0,2026-09-03 至 2026-10-03,2026-10-05,进入行动筛选
可售已匹配,B0GSVLSHCG,1店,图图,比基尼,KC-B15-L,B0HD6F5MYH,1,18,19,0,2026-09-03 至 2026-10-03,2026-10-05,进入行动筛选
仅业务报告_不可售已排除,B0GSVM7M86,1店,,比基尼,,,,4,8,1,2026-09-03 至 2026-10-03,,不可售，无需处理
可售已匹配,B0GSVPCRB7,1店,图图,比基尼,KC-B8-M,B0HD6F5MYH,2,18,21,0,2026-09-03 至 2026-10-03,2026-10-05,进入行动筛选
可售已匹配,B0GSVPQZ4D,1店,图图,比基尼,KC-B10-L,B0HD6R23RJ,1,18,23,1,2026-09-03 至 2026-10-03,2026-10-05,进入行动筛选
可售已匹配,B0GSVQ7Q83,1店,图图,比基尼,KC-B14-L,B0HD6F5MYH,2,13,14,0,2026-09-03 至 2026-10-03,2026-10-05,进入行动筛选
可售已匹配,B0GSVQQ9G6,1店,图图,比基尼,KC-B13-M,B0HD6F5MYH,1,24,26,1,2026-09-03 至 2026-10-03,2026-10-05,进入行动筛选
可售已匹配,B0GSVQYWGV,1店,图图,比基尼,KC-B11-M,B0HD6F5MYH,2,20,21,0,2026-09-03 至 2026-10-03,2026-10-05,进入行动筛选
可售已匹配,B0GSVS38SN,1店,图图,比基尼,KC-B4-M,B0HD6F5MYH,2,14,14,0,2026-09-03 至 2026-10-03,2026-10-05,进入行动筛选
可售已匹配,B0GSVS86G7,1店,图图,比基尼,KC-B11-L,B0HD6F5MYH,1,14,15,0,2026-09-03 至 2026-10-03,2026-10-05,进入行动筛选
可售已匹配,B0GSVW46L8,1店,图图,比基尼,KC-B14-M,B0HD6F5MYH,2,15,16,0,2026-09-03 至 2026-10-03,2026-10-05,进入行动筛选
仅业务报告_不可售已排除,B0GSXB1R4L,1店,,发带-白色-3,,,,5,5,1,2026-09-03 至 2026-10-03,,不可售，无需处理
可售已匹配,B0GTBG5CDB,1店,公司,过滤器,YQ-YUNYU-2026317-GUOLVQI-7,B0GT1K8L8Q,11,4,6,0,2026-09-03 至 2026-10-03,2026-10-05,进入行动筛选
可售已匹配,B0GTBJ852M,1店,公司,过滤器,YQ-YUNYU-2026317-GUOLVQI-8,B0GT1K8L8Q,14,2,2,0,2026-09-03 至 2026-10-03,2026-10-05,进入行动筛选
可售已匹配,B0GTBPDYC5,1店,公司,过滤器,YQ-YUNYU-2026317-GUOLVQI-9,B0GT1K8L8Q,12,5,6,1,2026-09-03 至 2026-10-03,2026-10-05,进入行动筛选
可售已匹配,B0GTKH6PCG,1店,凯旋,首饰收纳盒,KCC-shoushishounahe-28,B0GTKB7C9R,14,125,159,9,2026-09-03 至 2026-10-03,2026-10-05,进入行动筛选
可售已匹配,B0GTLCHCRJ,1店,图图,宠物玩具,SP-TUTU-SEQ-05,B0GTLSHRJ9,18,4,4,1,2026-09-03 至 2026-10-03,2026-10-05,进入行动筛选
可售已匹配,B0GTLKTK5X,1店,图图,宠物玩具,SP-TUTU-DEQ-03,B0GTM367JY,15,10,10,3,2026-09-03 至 2026-10-03,2026-10-05,进入行动筛选
仅业务报告_不可售已排除,B0GTLNC3QV,1店,,勺子,,,,4,4,0,2026-09-03 至 2026-10-03,,不可售，无需处理
可售已匹配,B0GTLQPNTQ,1店,图图,宠物玩具,SP-TUTU-YMB-07,B0GTLNLWP9,62,446,540,89,2026-09-03 至 2026-10-03,2026-10-05,进入行动筛选
可售已匹配,B0GTLT1HHF,1店,图图,宠物玩具,SP-TUTU-DQ-02,B0GTLNLWP9,5,102,112,9,2026-09-03 至 2026-10-03,2026-10-05,进入行动筛选
可售已匹配,B0GTLTFHCL,1店,图图,宠物玩具,SP-TUTU-TGJ-06,B0GTLNLWP9,9,119,139,15,2026-09-03 至 2026-10-03,2026-10-05,进入行动筛选
仅业务报告_不可售已排除,B0GTLVB2N8,1店,,勺子,,,,1,1,0,2026-09-03 至 2026-10-03,,不可售，无需处理
仅业务报告_不可售已排除,B0GTLWC1GL,1店,,勺子,,,,2,2,0,2026-09-03 至 2026-10-03,,不可售，无需处理
仅业务报告_不可售已排除,B0GTLYL3XB,1店,,勺子,,,,4,4,2,2026-09-03 至 2026-10-03,,不可售，无需处理
可售已匹配,B0GTLZ8HH3,1店,图图,宠物玩具,SP-TUTU-SLQ-04,B0GTLNLWP9,13,85,87,10,2026-09-03 至 2026-10-03,2026-10-05,进入行动筛选
仅业务报告_不可售已排除,B0GTNKLTT3,1店,,勺子,,,,5,5,0,2026-09-03 至 2026-10-03,,不可售，无需处理
可售已匹配,B0GTTYKMX1,1店,凯旋,汽车内饰软毛刷,KCC-qicheruanmaoshua-duan,B0GTKNBJ45,79,66,79,29,2026-09-03 至 2026-10-03,2026-10-05,进入行动筛选
可售已匹配,B0GTTZQDFY,1店,凯旋,汽车内饰软毛刷,KCC-qicheruanmaoshua-chang,B0GTKNBJ45,76,134,175,39,2026-09-03 至 2026-10-03,2026-10-05,进入行动筛选
仅业务报告_不可售已排除,B0GTZ8DVR3,1店,,网眼袜,,,,0,0,0,2026-09-03 至 2026-10-03,,不可售，无需处理
可售已匹配,B0GTZGBVFC,1店,凯旋,船袜,KCC-chuanwa-6se,B0GVN3WCSS,1,2,2,0,2026-09-03 至 2026-10-03,2026-10-05,进入行动筛选
仅业务报告_不可售已排除,B0GV2ZZBN9,1店,,防切割手套,,,,1,1,1,2026-09-03 至 2026-10-03,,不可售，无需处理
可售已匹配,B0GV317D7P,1店,凯旋,防切割手套,KCC-fangqiegeshoutao-XL,B0GV317D7P,2,9,9,1,2026-09-03 至 2026-10-03,2026-10-05,进入行动筛选
可售已匹配,B0GV337TG2,1店,凯旋,丁晴手套,KCC-dingqingshoutao-L-honghei,B0GV337TG2,28,186,232,25,2026-09-03 至 2026-10-03,2026-10-05,进入行动筛选
仅业务报告_不可售已排除,B0GV35X3PV,1店,,丁晴手套,,,,3,3,1,2026-09-03 至 2026-10-03,,不可售，无需处理
可售已匹配,B0GV39Q43P,1店,凯旋,防切割手套,KCC-fangqiegeshoutao-L,B0GV39Q43P,2,7,8,2,2026-09-03 至 2026-10-03,2026-10-05,进入行动筛选
仅业务报告_不可售已排除,B0GV3DYY68,1店,,防切割手套,,,,1,1,0,2026-09-03 至 2026-10-03,,不可售，无需处理
可售已匹配,B0GVJKPCD3,1店,凯旋,棉签,KCC-mianqian-1,B0GTL5WC9K,1,3,4,1,2026-09-03 至 2026-10-03,2026-10-05,进入行动筛选
可售已匹配,B0GVJNLQHM,1店,图图,免胶假睫毛,SP-mianjiao-bei,B0GVJZ98H4,6,10,10,0,2026-09-03 至 2026-10-03,2026-10-05,进入行动筛选
仅业务报告_不可售已排除,B0GVJQ1PC3,1店,,冰袖,,,,3,3,0,2026-09-03 至 2026-10-03,,不可售，无需处理
可售已匹配,B0GVJTGYMY,1店,图图,免胶假睫毛,SP-mianjiao-diao,B0GVJZ98H4,8,14,20,3,2026-09-03 至 2026-10-03,2026-10-05,进入行动筛选
可售已匹配,B0GVN3C9Q1,1店,图图,收腰扣,SP-shouyao02-zhenzhu,B0GVNB58BZ,10,43,50,4,2026-09-03 至 2026-10-03,2026-10-05,进入行动筛选
可售已匹配,B0GVN55M1F,1店,图图,收腰扣,SP-shouyao01-zhenzhu,B0GVNB58BZ,4,23,26,3,2026-09-03 至 2026-10-03,2026-10-05,进入行动筛选
可售已匹配,B0GVNCK43B,1店,图图,收腰扣,SP-shouyao01-xingyun,B0GVNB58BZ,5,41,56,16,2026-09-03 至 2026-10-03,2026-10-05,进入行动筛选
仅业务报告_不可售已排除,B0GVNR46S6,1店,,鞋拔子,,,,3,8,1,2026-09-03 至 2026-10-03,,不可售，无需处理
可售已匹配,B0GVQMRL8X,1店,图图,登山扣,SP-dengsan05-8zi,B0GVQHM358,21,172,182,7,2026-09-03 至 2026-10-03,2026-10-05,进入行动筛选
可售已匹配,B0GVR7TJCT,1店,图图,登山扣,SP-dengsan01-32,B0GVQHM358,22,223,249,21,2026-09-03 至 2026-10-03,2026-10-05,进入行动筛选
可售已匹配,B0GVR9M7BQ,1店,图图,登山扣,SP-dengsan03-50,B0GVQHM358,132,525,776,89,2026-09-03 至 2026-10-03,2026-10-05,进入行动筛选
可售已匹配,B0GVRBVJ5Z,1店,图图,挂件毛巾,SP-maojin-gui,B0GVR5WKNS,13,18,20,0,2026-09-03 至 2026-10-03,2026-10-05,进入行动筛选
可售已匹配,B0GVRCK4S3,1店,图图,挂件毛巾,SP-maojin-lu,B0GVR5WKNS,2,14,15,0,2026-09-03 至 2026-10-03,2026-10-05,进入行动筛选
仅Listing_报告未出现,B0GVRJYPKY,1店,凯旋,跑步紧身短裤,KCC-JSDK-2XL,B0GWGP64SB,2,,,,,2026-10-05,不据此判断零销量
可售已匹配,B0GVRKCLTK,1店,图图,挂件毛巾,SP-maojin-you,B0GVR5WKNS,6,11,11,0,2026-09-03 至 2026-10-03,2026-10-05,进入行动筛选
可售已匹配,B0GVRNG9FW,1店,图图,挂件毛巾,SP-maojin-hai,B0GVR5WKNS,8,10,10,0,2026-09-03 至 2026-10-03,2026-10-05,进入行动筛选
可售已匹配,B0GVRNK67N,1店,图图,挂件毛巾,SP-maojin-feng,B0GVR5WKNS,6,18,25,1,2026-09-03 至 2026-10-03,2026-10-05,进入行动筛选
可售已匹配,B0GVRYH9SS,1店,图图,登山扣,SP-dengsan04-60,B0GVQHM358,28,198,232,29,2026-09-03 至 2026-10-03,2026-10-05,进入行动筛选
可售已匹配,B0GVS8NC5V,1店,凯旋,健身护腕,KCC-HW-1,B0GVSFHY63,45,141,165,18,2026-09-03 至 2026-10-03,2026-10-05,进入行动筛选
可售已匹配,B0GVS9KJ3R,1店,图图,护腕,SP-huwan-dahei,B0GVSBFMFQ,7,1,1,1,2026-09-03 至 2026-10-03,2026-10-05,进入行动筛选
可售已匹配,B0GVSDW25R,1店,图图,护腕,SP-huwan-dafu,B0GVSBFMFQ,4,3,3,0,2026-09-03 至 2026-10-03,2026-10-05,进入行动筛选
可售已匹配,B0GVSDXVFP,1店,图图,护腕,SP-huwan-dahui,B0GVSBFMFQ,5,1,1,0,2026-09-03 至 2026-10-03,2026-10-05,进入行动筛选
仅业务报告_不可售已排除,B0GVSG76VT,1店,,弹力带,,,,0,0,1,2026-09-03 至 2026-10-03,,不可售，无需处理
可售已匹配,B0GVXC2467,1店,公司,拖鞋,ZD002-White-6/7,B0GVXC2467,2,10,18,0,2026-09-03 至 2026-10-03,2026-10-05,进入行动筛选
可售已匹配,B0GVXCH61Z,1店,公司,拖鞋,ZD002-Pink-6/7,B0GVXCH61Z,1,21,24,0,2026-09-03 至 2026-10-03,2026-10-05,进入行动筛选
可售已匹配,B0GVXCPVKW,1店,公司,拖鞋,ZD002-White-10/11,B0GVXCPVKW,3,8,9,0,2026-09-03 至 2026-10-03,2026-10-05,进入行动筛选
仅业务报告_不可售已排除,B0GVXCPVKZ,1店,,拖鞋,,,,156,198,1,2026-09-03 至 2026-10-03,,不可售，无需处理
可售已匹配,B0GVXKCJ82,1店,公司,拖鞋,ZD002-Blue-10/11,B0GL91XJMF,1,6,6,0,2026-09-03 至 2026-10-03,2026-10-05,进入行动筛选
可售已匹配,B0GVXLDPZT,1店,公司,拖鞋,ZD002-White-9/10,B0GVXLDPZT,1,7,7,0,2026-09-03 至 2026-10-03,2026-10-05,进入行动筛选
可售已匹配,B0GVXQ5Y8L,1店,公司,溯溪沙滩鞋,QS-029-38/39,B0GQBP3SH9,7,22,23,0,2026-09-03 至 2026-10-03,2026-10-05,进入行动筛选
可售已匹配,B0GVXQGDM9,1店,公司,拖鞋,ZD002-Blue-9/10,B0GL91XJMF,3,15,17,1,2026-09-03 至 2026-10-03,2026-10-05,进入行动筛选
仅业务报告_不可售已排除,B0GVXTRB9Q,1店,,拖鞋,,,,6,9,2,2026-09-03 至 2026-10-03,,不可售，无需处理
可售已匹配,B0GVY271R9,1店,公司,溯溪沙滩鞋,QS-084-38/39,B0GQBP3SH9,1,15,15,0,2026-09-03 至 2026-10-03,2026-10-05,进入行动筛选
可售已匹配,B0GVY41X9X,1店,公司,溯溪沙滩鞋,QS-016-38/39,B0GQBS64JX,3,81,91,2,2026-09-03 至 2026-10-03,2026-10-05,进入行动筛选
可售已匹配,B0GVYW6Y73,1店,公司,溯溪沙滩鞋,QS-0161-38/39,B0GVYWN441,1,3,3,0,2026-09-03 至 2026-10-03,2026-10-05,进入行动筛选
可售已匹配,B0GVYZTYT9,1店,公司,溯溪沙滩鞋,QS-003-38/39,B0GQBP3SH9,3,17,18,1,2026-09-03 至 2026-10-03,2026-10-05,进入行动筛选
仅Listing_报告未出现,B0GWGWJQZJ,1店,凯旋,跑步紧身短裤,KCC-JSDK-S,B0GWGP64SB,2,,,,,2026-10-05,不据此判断零销量
可售已匹配,B0GWH2G47V,1店,凯旋,跑步紧身短裤,KCC-JSDK-XL,B0GWGP64SB,3,3,5,0,2026-09-03 至 2026-10-03,2026-10-05,进入行动筛选
仅业务报告_不可售已排除,B0GWH5KTSM,1店,,跑步紧身短裤,,,,3,10,2,2026-09-03 至 2026-10-03,,不可售，无需处理
仅业务报告_不可售已排除,B0GWHLR3YX,1店,,溯溪沙滩鞋,,,,1,1,0,2026-09-03 至 2026-10-03,,不可售，无需处理
仅业务报告_不可售已排除,B0GWHM2CFD,1店,,溯溪沙滩鞋,,,,2,2,0,2026-09-03 至 2026-10-03,,不可售，无需处理
可售已匹配,B0GWHP9JTG,1店,公司,溯溪沙滩鞋,QS-060-44/45,B0GQBS64JX,2,13,13,0,2026-09-03 至 2026-10-03,2026-10-05,进入行动筛选
仅Listing_报告未出现,B0GWHQ5836,1店,公司,溯溪沙滩鞋,QS-0381-36/37,B0GVYWN441,1,,,,,2026-10-05,不据此判断零销量
可售已匹配,B0GWHQ96FG,1店,公司,溯溪沙滩鞋,QS-016-44/45,B0GQBS64JX,4,17,17,0,2026-09-03 至 2026-10-03,2026-10-05,进入行动筛选
可售已匹配,B0GWHQMP8N,1店,公司,溯溪沙滩鞋,QS-004-44/45,B0GQBP3SH9,2,6,6,0,2026-09-03 至 2026-10-03,2026-10-05,进入行动筛选
可售已匹配,B0GWHQQCYG,1店,公司,溯溪沙滩鞋,QS-084-36/37,B0GQBP3SH9,1,10,12,0,2026-09-03 至 2026-10-03,2026-10-05,进入行动筛选
仅业务报告_不可售已排除,B0GWHR9J54,1店,,溯溪沙滩鞋,,,,4,4,1,2026-09-03 至 2026-10-03,,不可售，无需处理
可售已匹配,B0GWHRZ4HZ,1店,公司,溯溪沙滩鞋,QS-060-36/37,B0GQBS64JX,2,20,24,0,2026-09-03 至 2026-10-03,2026-10-05,进入行动筛选
可售已匹配,B0GWHVDKQ4,1店,公司,溯溪沙滩鞋,QS-004-36/37,B0GQBP3SH9,4,13,14,0,2026-09-03 至 2026-10-03,2026-10-05,进入行动筛选
可售已匹配,B0GWHWJ64G,1店,公司,溯溪沙滩鞋,QS-016-36/37,B0GQBS64JX,4,107,120,0,2026-09-03 至 2026-10-03,2026-10-05,进入行动筛选
仅业务报告_不可售已排除,B0GWHX49PK,1店,,溯溪沙滩鞋,,,,1,1,0,2026-09-03 至 2026-10-03,,不可售，无需处理
仅业务报告_不可售已排除,B0GWHX5PC7,1店,,溯溪沙滩鞋,,,,16,18,1,2026-09-03 至 2026-10-03,,不可售，无需处理
可售已匹配,B0GWHX8BBZ,1店,公司,溯溪沙滩鞋,QS-091-36/37,B0GQBS64JX,2,40,41,0,2026-09-03 至 2026-10-03,2026-10-05,进入行动筛选
可售已匹配,B0GWHYCBNT,1店,公司,溯溪沙滩鞋,QS-029-36/37,B0GQBP3SH9,4,14,15,0,2026-09-03 至 2026-10-03,2026-10-05,进入行动筛选
可售已匹配,B0GWHYY58F,1店,公司,溯溪沙滩鞋,QS-003-36/37,B0GQBP3SH9,3,11,13,0,2026-09-03 至 2026-10-03,2026-10-05,进入行动筛选
可售已匹配,B0GWHZ5CH4,1店,公司,溯溪沙滩鞋,QS-091-44/45,B0GQBS64JX,2,11,11,0,2026-09-03 至 2026-10-03,2026-10-05,进入行动筛选
可售已匹配,B0GWJ1Z6PV,1店,公司,溯溪沙滩鞋,QS-035-36/37,B0GQBP3SH9,1,10,10,1,2026-09-03 至 2026-10-03,2026-10-05,进入行动筛选
可售已匹配,B0GWJ233SY,1店,公司,溯溪沙滩鞋,QS-029-44/45,B0GQBP3SH9,3,9,11,0,2026-09-03 至 2026-10-03,2026-10-05,进入行动筛选
仅业务报告_不可售已排除,B0GWJ28VVZ,1店,,溯溪沙滩鞋,,,,0,0,0,2026-09-03 至 2026-10-03,,不可售，无需处理
可售已匹配,B0GWKS87BC,1店,公司,溯溪沙滩鞋,SP-XIE-S44/45,B0GWL9YZNY,2,13,13,0,2026-09-03 至 2026-10-03,2026-10-05,进入行动筛选
可售已匹配,B0GWKV7SVD,1店,公司,溯溪沙滩鞋,SP-XIE-L44/45,B0GWL9YZNY,2,22,23,2,2026-09-03 至 2026-10-03,2026-10-05,进入行动筛选
可售已匹配,B0GWKYJ6CF,1店,公司,溯溪沙滩鞋,SP-XIE-L38/39,B0GWL9YZNY,4,25,26,0,2026-09-03 至 2026-10-03,2026-10-05,进入行动筛选
可售已匹配,B0GWL148VJ,1店,公司,溯溪沙滩鞋,SP-XIE-H36/37,B0GWL9YZNY,4,28,29,0,2026-09-03 至 2026-10-03,2026-10-05,进入行动筛选
可售已匹配,B0GWL24F3M,1店,公司,溯溪沙滩鞋,SP-XIE-Q42/43,B0GWL9YZNY,3,14,15,0,2026-09-03 至 2026-10-03,2026-10-05,进入行动筛选
可售已匹配,B0GWL2KY5F,1店,公司,溯溪沙滩鞋,SP-XIE-S42/43,B0GWL9YZNY,4,8,8,0,2026-09-03 至 2026-10-03,2026-10-05,进入行动筛选
可售已匹配,B0GWL2WLT3,1店,公司,溯溪沙滩鞋,SP-XIE-Z36/37,B0GWL9YZNY,2,23,25,0,2026-09-03 至 2026-10-03,2026-10-05,进入行动筛选
可售已匹配,B0GWL3GRS9,1店,公司,溯溪沙滩鞋,SP-XIE-H38/39,B0GWL9YZNY,3,156,189,1,2026-09-03 至 2026-10-03,2026-10-05,进入行动筛选
可售已匹配,B0GWL4RQQ1,1店,公司,溯溪沙滩鞋,SP-XIE-F38/39,B0GWL9YZNY,3,93,115,1,2026-09-03 至 2026-10-03,2026-10-05,进入行动筛选
可售已匹配,B0GWL4Y318,1店,公司,溯溪沙滩鞋,SP-XIE-Q38/39,B0GWL9YZNY,4,76,89,0,2026-09-03 至 2026-10-03,2026-10-05,进入行动筛选
仅Listing_报告未出现,B0GWL4ZKYM,1店,公司,溯溪沙滩鞋,SP-XIE-F42/43,B0GWL9YZNY,1,,,,,2026-10-05,不据此判断零销量
可售已匹配,B0GWL5BCKV,1店,公司,溯溪沙滩鞋,SP-XIE-H44/45,B0GWL9YZNY,2,21,24,3,2026-09-03 至 2026-10-03,2026-10-05,进入行动筛选
可售已匹配,B0GWL64S8S,1店,公司,溯溪沙滩鞋,SP-XIE-Z40/41,B0GWL9YZNY,3,32,36,2,2026-09-03 至 2026-10-03,2026-10-05,进入行动筛选
可售已匹配,B0GWL7JD19,1店,公司,溯溪沙滩鞋,SP-XIE-H40/41,B0GWL9YZNY,3,45,48,3,2026-09-03 至 2026-10-03,2026-10-05,进入行动筛选
可售已匹配,B0GWL7LH7Q,1店,公司,溯溪沙滩鞋,SP-XIE-Q40/41,B0GWL9YZNY,3,34,41,2,2026-09-03 至 2026-10-03,2026-10-05,进入行动筛选
可售已匹配,B0GWL7LLPX,1店,公司,溯溪沙滩鞋,SP-XIE-L36/37,B0GWL9YZNY,3,11,13,0,2026-09-03 至 2026-10-03,2026-10-05,进入行动筛选
可售已匹配,B0GWL7PP57,1店,公司,溯溪沙滩鞋,SP-XIE-L40/41,B0GWL9YZNY,3,23,25,1,2026-09-03 至 2026-10-03,2026-10-05,进入行动筛选
仅Listing_报告未出现,B0GWL7SRKH,1店,公司,溯溪沙滩鞋,SP-XIE-Q44/45,B0GWL9YZNY,1,,,,,2026-10-05,不据此判断零销量
可售已匹配,B0GWL7TJTT,1店,公司,溯溪沙滩鞋,SP-XIE-S38/39,B0GWL9YZNY,2,73,95,3,2026-09-03 至 2026-10-03,2026-10-05,进入行动筛选
可售已匹配,B0GWL8SQ8L,1店,公司,溯溪沙滩鞋,SP-XIE-S36/37,B0GWL9YZNY,2,17,18,1,2026-09-03 至 2026-10-03,2026-10-05,进入行动筛选
可售已匹配,B0GWL9PP46,1店,公司,溯溪沙滩鞋,SP-XIE-F44/45,B0GWL9YZNY,2,12,16,0,2026-09-03 至 2026-10-03,2026-10-05,进入行动筛选
可售已匹配,B0GWL9W5YR,1店,公司,溯溪沙滩鞋,SP-XIE-Q36/37,B0GWL9YZNY,6,17,19,1,2026-09-03 至 2026-10-03,2026-10-05,进入行动筛选
可售已匹配,B0GWL9WD8Y,1店,公司,溯溪沙滩鞋,SP-XIE-F36/37,B0GWL9YZNY,3,36,38,3,2026-09-03 至 2026-10-03,2026-10-05,进入行动筛选
仅业务报告_不可售已排除,B0GWL9YZNY,1店,,溯溪沙滩鞋,,,,1,1,0,2026-09-03 至 2026-10-03,,不可售，无需处理
可售已匹配,B0GWLB7MST,1店,公司,溯溪沙滩鞋,SP-XIE-Z42/43,B0GWL9YZNY,4,10,10,1,2026-09-03 至 2026-10-03,2026-10-05,进入行动筛选
可售已匹配,B0GWLBJPCN,1店,公司,溯溪沙滩鞋,SP-XIE-H42/43,B0GWL9YZNY,3,21,23,3,2026-09-03 至 2026-10-03,2026-10-05,进入行动筛选
可售已匹配,B0GWLBM2DW,1店,公司,溯溪沙滩鞋,SP-XIE-L42/43,B0GWL9YZNY,3,10,10,1,2026-09-03 至 2026-10-03,2026-10-05,进入行动筛选
可售已匹配,B0GWLCC48L,1店,公司,溯溪沙滩鞋,SP-XIE-Z38/39,B0GWL9YZNY,2,75,95,2,2026-09-03 至 2026-10-03,2026-10-05,进入行动筛选
可售已匹配,B0GWLF5MPL,1店,公司,溯溪沙滩鞋,SP-XIE-S40/41,B0GWL9YZNY,2,21,30,2,2026-09-03 至 2026-10-03,2026-10-05,进入行动筛选
可售已匹配,B0GWLJ7XGS,1店,公司,溯溪沙滩鞋,SP-XIE-F40/41,B0GWL9YZNY,2,35,43,2,2026-09-03 至 2026-10-03,2026-10-05,进入行动筛选
仅业务报告_不可售已排除,B0GWLL3JXX,1店,,防水袋,,,,1,1,0,2026-09-03 至 2026-10-03,,不可售，无需处理
可售已匹配,B0GWLLLBGM,1店,公司,溯溪沙滩鞋,SP-XIE-Z44/45,B0GWL9YZNY,2,16,22,1,2026-09-03 至 2026-10-03,2026-10-05,进入行动筛选
仅业务报告_不可售已排除,B0GWLNH6VJ,1店,,防水袋,,,,2,2,0,2026-09-03 至 2026-10-03,,不可售，无需处理
仅业务报告_不可售已排除,B0GWLNYC12,1店,,防水袋,,,,2,4,0,2026-09-03 至 2026-10-03,,不可售，无需处理
仅业务报告_不可售已排除,B0GWLW27RB,1店,,防水袋,,,,1,1,0,2026-09-03 至 2026-10-03,,不可售，无需处理
仅业务报告_不可售已排除,B0GWLYK233,1店,,防水袋,,,,1,1,0,2026-09-03 至 2026-10-03,,不可售，无需处理
仅业务报告_不可售已排除,B0GWLZCV14,1店,,网纱单肩包,,,,3,3,0,2026-09-03 至 2026-10-03,,不可售，无需处理
可售已匹配,B0GWM1MJGW,1店,凯旋,网纱单肩包,KCC-WSDJB-K,B0GWLZCV14,270,343,410,158,2026-09-03 至 2026-10-03,2026-10-05,进入行动筛选
可售已匹配,B0GWM1N71D,1店,图图,丝巾,SP-SJ70,B0GWPRJBLQ,1,3,4,0,2026-09-03 至 2026-10-03,2026-10-05,进入行动筛选
仅业务报告_不可售已排除,B0GWM2XZR9,1店,,防水袋,,,,2,2,0,2026-09-03 至 2026-10-03,,不可售，无需处理
可售已匹配,B0GWM322X6,1店,凯旋,脚裸保护,KCC-JLBH-B,B0GWM4BKBF,71,557,750,54,2026-09-03 至 2026-10-03,2026-10-05,进入行动筛选
可售已匹配,B0GWM6T66H,1店,凯旋,网纱单肩包,KCC-WSDJB-B,B0GWLZCV14,79,746,982,157,2026-09-03 至 2026-10-03,2026-10-05,进入行动筛选
仅业务报告_不可售已排除,B0GWMD6H3X,1店,,卡通钥匙扣,,,,1,1,2,2026-09-03 至 2026-10-03,,不可售，无需处理
可售已匹配,B0GWMFLZ51,1店,图图,袜子,SP-WZ-si01,B0GWMBJGRQ,11,6,8,3,2026-09-03 至 2026-10-03,2026-10-05,进入行动筛选
仅业务报告_不可售已排除,B0GWMFQCCF,1店,,樱桃挂饰,,,,0,0,0,2026-09-03 至 2026-10-03,,不可售，无需处理
可售已匹配,B0GWP6YC9B,1店,凯旋,防水袋,KCC-FSD-B20,B0GWPBRJCH,1,5,5,2,2026-09-03 至 2026-10-03,2026-10-05,进入行动筛选
可售已匹配,B0GWPBGMCG,1店,图图,袜子,SP-WZ-chuan01,B0GWPDNKBC,2,31,43,0,2026-09-03 至 2026-10-03,2026-10-05,进入行动筛选
可售已匹配,B0GWPF8SFK,1店,凯旋,防水袋,KCC-FSD-W20,B0GWPBRJCH,4,0,0,1,2026-09-03 至 2026-10-03,2026-10-05,进入行动筛选
仅业务报告_不可售已排除,B0GX15M3T7,1店,,溯溪沙滩鞋,,,,7,8,0,2026-09-03 至 2026-10-03,,不可售，无需处理
仅业务报告_不可售已排除,B0GX18FZNP,1店,,溯溪沙滩鞋,,,,12,12,1,2026-09-03 至 2026-10-03,,不可售，无需处理
可售已匹配,B0GX1BB6G8,1店,公司,溯溪沙滩鞋,QS-096-44/45,B0GQBP3SH9,1,10,14,1,2026-09-03 至 2026-10-03,2026-10-05,进入行动筛选
可售已匹配,B0GX1BTTFX,1店,公司,溯溪沙滩鞋,QS-022-38/39,B0GQBS64JX,3,36,38,1,2026-09-03 至 2026-10-03,2026-10-05,进入行动筛选
可售已匹配,B0GX1C498C,1店,公司,溯溪沙滩鞋,QS-022-36/37,B0GQBS64JX,4,35,40,1,2026-09-03 至 2026-10-03,2026-10-05,进入行动筛选
可售已匹配,B0GX1DF7ZK,1店,公司,溯溪沙滩鞋,QS-087-38/39,B0GQBP3SH9,1,15,17,2,2026-09-03 至 2026-10-03,2026-10-05,进入行动筛选
可售已匹配,B0GX1H4VZ6,1店,公司,溯溪沙滩鞋,QS-022-44/45,B0GQBS64JX,5,9,9,0,2026-09-03 至 2026-10-03,2026-10-05,进入行动筛选
可售已匹配,B0GX1HSQJ7,1店,公司,溯溪沙滩鞋,QS-087-44/45,B0GQBP3SH9,1,4,5,1,2026-09-03 至 2026-10-03,2026-10-05,进入行动筛选
仅业务报告_不可售已排除,B0GX1KG5YS,1店,,溯溪沙滩鞋,,,,11,13,0,2026-09-03 至 2026-10-03,,不可售，无需处理
可售已匹配,B0GX9VS5ZB,1店,凯旋,多功能LED彩光测电笔70-250V,KCC-CDB-LED,B0GX9YSY8Q,1,1,1,0,2026-09-03 至 2026-10-03,2026-10-05,进入行动筛选
可售已匹配,B0GX9Z8DK7,1店,凯旋,30件螺丝批套筒棘轮组套,KCC-LSTTJL-30PCS,B0GXB58BWF,3,2,3,1,2026-09-03 至 2026-10-03,2026-10-05,进入行动筛选
仅业务报告_不可售已排除,B0GXHDDQHX,1店,,溯溪沙滩鞋,,,,7,8,0,2026-09-03 至 2026-10-03,,不可售，无需处理
仅业务报告_不可售已排除,B0GXHF7SXG,1店,,溯溪沙滩鞋,,,,5,5,0,2026-09-03 至 2026-10-03,,不可售，无需处理
仅业务报告_不可售已排除,B0GXHG4JJ4,1店,,溯溪沙滩鞋,,,,10,11,1,2026-09-03 至 2026-10-03,,不可售，无需处理
仅业务报告_不可售已排除,B0GXHGC89T,1店,,溯溪沙滩鞋,,,,16,17,0,2026-09-03 至 2026-10-03,,不可售，无需处理
仅业务报告_不可售已排除,B0GXHHYDK7,1店,,溯溪沙滩鞋,,,,11,11,0,2026-09-03 至 2026-10-03,,不可售，无需处理
可售已匹配,B0GXHJ86QW,1店,公司,溯溪沙滩鞋,QS-021-36/37,B0GQBS64JX,2,22,25,0,2026-09-03 至 2026-10-03,2026-10-05,进入行动筛选
仅业务报告_不可售已排除,B0GXHJJTRC,1店,,溯溪沙滩鞋,,,,7,10,0,2026-09-03 至 2026-10-03,,不可售，无需处理
可售已匹配,B0GXHJQM2G,1店,公司,溯溪沙滩鞋,QS-008-38/39,B0GQBS64JX,3,41,45,0,2026-09-03 至 2026-10-03,2026-10-05,进入行动筛选
仅业务报告_不可售已排除,B0GXHMK7GF,1店,,溯溪沙滩鞋,,,,3,3,0,2026-09-03 至 2026-10-03,,不可售，无需处理
可售已匹配,B0GXHMKTHV,1店,公司,溯溪沙滩鞋,QS-015-36/37,B0GQBS64JX,2,87,117,0,2026-09-03 至 2026-10-03,2026-10-05,进入行动筛选
仅业务报告_不可售已排除,B0GXHMNQ4K,1店,,溯溪沙滩鞋,,,,5,6,0,2026-09-03 至 2026-10-03,,不可售，无需处理
仅业务报告_不可售已排除,B0GXHMSZ5J,1店,,溯溪沙滩鞋,,,,3,3,0,2026-09-03 至 2026-10-03,,不可售，无需处理
可售已匹配,B0GXHMZ7NC,1店,公司,溯溪沙滩鞋,QS-021-38/39,B0GQBS64JX,3,36,41,0,2026-09-03 至 2026-10-03,2026-10-05,进入行动筛选
可售已匹配,B0GXHNGY1D,1店,公司,溯溪沙滩鞋,QS-008-44/45,B0GQBS64JX,3,13,13,0,2026-09-03 至 2026-10-03,2026-10-05,进入行动筛选
可售已匹配,B0GXHNTB1B,1店,公司,溯溪沙滩鞋,QS-008-36/37,B0GQBS64JX,1,36,42,1,2026-09-03 至 2026-10-03,2026-10-05,进入行动筛选
仅业务报告_不可售已排除,B0GXHPJX87,1店,,溯溪沙滩鞋,,,,17,20,0,2026-09-03 至 2026-10-03,,不可售，无需处理
仅业务报告_不可售已排除,B0GXHQVRGF,1店,,溯溪沙滩鞋,,,,6,7,0,2026-09-03 至 2026-10-03,,不可售，无需处理
仅业务报告_不可售已排除,B0GXHT1DCC,1店,,溯溪沙滩鞋,,,,28,33,3,2026-09-03 至 2026-10-03,,不可售，无需处理
仅业务报告_不可售已排除,B0GXHT83ZQ,1店,,溯溪沙滩鞋,,,,32,34,2,2026-09-03 至 2026-10-03,,不可售，无需处理
可售已匹配,B0GXHVHRM9,1店,公司,溯溪沙滩鞋,QS-031-36/37,B0GQBS64JX,2,24,27,1,2026-09-03 至 2026-10-03,2026-10-05,进入行动筛选
仅业务报告_不可售已排除,B0GXHVWPMF,1店,,溯溪沙滩鞋,,,,21,21,3,2026-09-03 至 2026-10-03,,不可售，无需处理
仅业务报告_不可售已排除,B0GXHVXC4T,1店,,溯溪沙滩鞋,,,,56,75,1,2026-09-03 至 2026-10-03,,不可售，无需处理
可售已匹配,B0GXJ3L8RT,1店,公司,溯溪沙滩鞋,QS-005-36/37,B0GQBS64JX,1,20,21,1,2026-09-03 至 2026-10-03,2026-10-05,进入行动筛选
可售已匹配,B0GXJ3MPVV,1店,公司,溯溪沙滩鞋,QS-031-44/45,B0GQBS64JX,2,13,14,0,2026-09-03 至 2026-10-03,2026-10-05,进入行动筛选
仅业务报告_不可售已排除,B0GXTSZ4L9,1店,,溯溪沙滩鞋,,,,10,12,0,2026-09-03 至 2026-10-03,,不可售，无需处理
仅业务报告_不可售已排除,B0GXTVP4L8,1店,,溯溪沙滩鞋,,,,1,1,0,2026-09-03 至 2026-10-03,,不可售，无需处理
仅业务报告_不可售已排除,B0GXTXNV3Y,1店,,溯溪沙滩鞋,,,,7,10,0,2026-09-03 至 2026-10-03,,不可售，无需处理
仅业务报告_不可售已排除,B0GXTYH56S,1店,,溯溪沙滩鞋,,,,2,2,0,2026-09-03 至 2026-10-03,,不可售，无需处理
仅业务报告_不可售已排除,B0GXTYMGDK,1店,,溯溪沙滩鞋,,,,1,1,0,2026-09-03 至 2026-10-03,,不可售，无需处理
仅业务报告_不可售已排除,B0GXV172NT,1店,,溯溪沙滩鞋,,,,4,4,0,2026-09-03 至 2026-10-03,,不可售，无需处理
仅业务报告_不可售已排除,B0GXV19V2S,1店,,溯溪沙滩鞋,,,,4,4,0,2026-09-03 至 2026-10-03,,不可售，无需处理
可售已匹配,B0GXV3C6N3,1店,公司,溯溪沙滩鞋,QS-074-38/39,B0GQBS64JX,1,80,95,0,2026-09-03 至 2026-10-03,2026-10-05,进入行动筛选
仅业务报告_不可售已排除,B0GXV83YWP,1店,,溯溪沙滩鞋,,,,7,7,0,2026-09-03 至 2026-10-03,,不可售，无需处理
仅业务报告_不可售已排除,B0GXVC1MV4,1店,,溯溪沙滩鞋,,,,6,6,0,2026-09-03 至 2026-10-03,,不可售，无需处理
可售已匹配,B0GXVNL9MH,1店,凯旋,,KCC-FPFH-1,B0H6W517ZG,8,13,16,2,2026-09-03 至 2026-10-03,2026-10-05,进入行动筛选
可售已匹配,B0GXYWJK13,1店,图图,开瓶器,SP-kai-01,B0GXYNCN33,16,19,30,11,2026-09-03 至 2026-10-03,2026-10-05,进入行动筛选
仅业务报告_不可售已排除,B0GXYX911P,1店,,宠物拾便袋,,,,9,14,0,2026-09-03 至 2026-10-03,,不可售，无需处理
仅业务报告_不可售已排除,B0GXYXJQSD,1店,,宠物拾便袋,,,,1,1,0,2026-09-03 至 2026-10-03,,不可售，无需处理
仅业务报告_不可售已排除,B0GXYZZVLG,1店,,清洁果蔬,,,,6,8,1,2026-09-03 至 2026-10-03,,不可售，无需处理
可售已匹配,B0GXZ2K3DK,1店,图图,宠物拾便袋,SP-shibian8g-01,B0GXZ1PSZR,1,1,1,6,2026-09-03 至 2026-10-03,2026-10-05,进入行动筛选
可售已匹配,B0GXZP9S32,1店,图图,植物置物架,SP-zhiwu-01,B0GXZLR6FM,16,22,33,5,2026-09-03 至 2026-10-03,2026-10-05,进入行动筛选
仅业务报告_不可售已排除,B0GY2BP78J,1店,,溯溪沙滩鞋,,,,4,5,1,2026-09-03 至 2026-10-03,,不可售，无需处理
仅业务报告_不可售已排除,B0GY2GY78Z,1店,,溯溪沙滩鞋,,,,2,2,0,2026-09-03 至 2026-10-03,,不可售，无需处理
仅业务报告_不可售已排除,B0GY2GZMNN,1店,,溯溪沙滩鞋,,,,5,5,0,2026-09-03 至 2026-10-03,,不可售，无需处理
仅业务报告_不可售已排除,B0GY2K6HK9,1店,,溯溪沙滩鞋,,,,5,8,0,2026-09-03 至 2026-10-03,,不可售，无需处理
仅业务报告_不可售已排除,B0GY2K7LS6,1店,,溯溪沙滩鞋,,,,23,30,0,2026-09-03 至 2026-10-03,,不可售，无需处理
仅业务报告_不可售已排除,B0GY2L764N,1店,,溯溪沙滩鞋,,,,1,1,1,2026-09-03 至 2026-10-03,,不可售，无需处理
仅业务报告_不可售已排除,B0GY2MZ4BN,1店,,溯溪沙滩鞋,,,,4,5,0,2026-09-03 至 2026-10-03,,不可售，无需处理
仅业务报告_不可售已排除,B0GY2N1MN9,1店,,溯溪沙滩鞋,,,,10,13,0,2026-09-03 至 2026-10-03,,不可售，无需处理
仅业务报告_不可售已排除,B0GY2NG2N1,1店,,溯溪沙滩鞋,,,,2,2,0,2026-09-03 至 2026-10-03,,不可售，无需处理
仅业务报告_不可售已排除,B0GY2PY8L2,1店,,溯溪沙滩鞋,,,,2,2,1,2026-09-03 至 2026-10-03,,不可售，无需处理
仅业务报告_不可售已排除,B0GY2R68P8,1店,,溯溪沙滩鞋,,,,7,8,0,2026-09-03 至 2026-10-03,,不可售，无需处理
仅业务报告_不可售已排除,B0GY2T6R4H,1店,,溯溪沙滩鞋,,,,2,3,0,2026-09-03 至 2026-10-03,,不可售，无需处理
仅业务报告_不可售已排除,B0GY2VH8H9,1店,,溯溪沙滩鞋,,,,3,3,1,2026-09-03 至 2026-10-03,,不可售，无需处理
仅业务报告_不可售已排除,B0GY2VMQBX,1店,,溯溪沙滩鞋,,,,4,4,0,2026-09-03 至 2026-10-03,,不可售，无需处理
仅业务报告_不可售已排除,B0GY2VPH55,1店,,溯溪沙滩鞋,,,,7,7,0,2026-09-03 至 2026-10-03,,不可售，无需处理
仅业务报告_不可售已排除,B0GY2YKY2G,1店,,溯溪沙滩鞋,,,,11,11,0,2026-09-03 至 2026-10-03,,不可售，无需处理
可售已匹配,B0GY2YZG8K,1店,公司,溯溪沙滩鞋,SP-XIE6-Q40/41,B0HDPM9Z8J,1,12,14,1,2026-09-03 至 2026-10-03,2026-10-05,进入行动筛选
可售已匹配,B0GY8NTN5G,1店,凯旋,小狗衣服,KCC-XGYF-L,B0GY8X1TF6,3,2,2,0,2026-09-03 至 2026-10-03,2026-10-05,进入行动筛选
可售已匹配,B0GY8SRWSQ,1店,凯旋,小狗衣服,KCC-XGYF-XL,B0GY8X1TF6,4,5,5,1,2026-09-03 至 2026-10-03,2026-10-05,进入行动筛选
仅业务报告_不可售已排除,B0GY8TJKWP,1店,,小狗衣服,,,,2,2,3,2026-09-03 至 2026-10-03,,不可售，无需处理
仅业务报告_不可售已排除,B0GY8VM6JW,1店,,小狗衣服,,,,4,5,1,2026-09-03 至 2026-10-03,,不可售，无需处理
仅业务报告_不可售已排除,B0GYQKLH3V,1店,,防切割手套,,,,24,24,4,2026-09-03 至 2026-10-03,,不可售，无需处理
可售已匹配,B0GYRBQVX4,1店,公司,潜水溯溪鞋,QS-098-38/39,B0GQBS64JX,2,13,19,0,2026-09-03 至 2026-10-03,2026-10-05,进入行动筛选
仅业务报告_不可售已排除,B0GYRBVN9R,1店,,潜水溯溪鞋,,,,8,9,1,2026-09-03 至 2026-10-03,,不可售，无需处理
仅业务报告_不可售已排除,B0GYRCZGGD,1店,,潜水溯溪鞋,,,,7,7,0,2026-09-03 至 2026-10-03,,不可售，无需处理
仅业务报告_不可售已排除,B0GYRF77GC,1店,,潜水溯溪鞋,,,,10,10,0,2026-09-03 至 2026-10-03,,不可售，无需处理
仅业务报告_不可售已排除,B0GYRH3DZF,1店,,潜水溯溪鞋,,,,1,1,0,2026-09-03 至 2026-10-03,,不可售，无需处理
仅业务报告_不可售已排除,B0GYRNCBCN,1店,,潜水溯溪鞋,,,,2,2,0,2026-09-03 至 2026-10-03,,不可售，无需处理
可售已匹配,B0GYRP5V9P,1店,公司,潜水溯溪鞋,QS-012-44/45,B0GQBS64JX,4,16,19,0,2026-09-03 至 2026-10-03,2026-10-05,进入行动筛选
仅业务报告_不可售已排除,B0GYRPC9GF,1店,,潜水溯溪鞋,,,,7,9,0,2026-09-03 至 2026-10-03,,不可售，无需处理
仅业务报告_不可售已排除,B0GYRQXF74,1店,,潜水溯溪鞋,,,,14,14,0,2026-09-03 至 2026-10-03,,不可售，无需处理
可售已匹配,B0GYWPSZYZ,1店,公司,新款大童溯溪鞋,QS-506-D19-32/33,B0GYWSYXZ5,2,9,10,1,2026-09-03 至 2026-10-03,2026-10-05,进入行动筛选
仅Listing_报告未出现,B0GYX2HZ32,1店,公司,潜水溯溪鞋,QS-524-B23-30-31,B0GYX16S5J,3,,,,,2026-10-05,不据此判断零销量
仅Listing_报告未出现,B0GYX2TPFM,1店,公司,潜水溯溪鞋,QS-524-B23-32-33,B0GYX16S5J,3,,,,,2026-10-05,不据此判断零销量
可售已匹配,B0GYX36NND,1店,公司,新款大童溯溪鞋,QS-506-D19-30/31,B0GYWSYXZ5,1,10,10,2,2026-09-03 至 2026-10-03,2026-10-05,进入行动筛选
仅业务报告_不可售已排除,B0GYX5XS6L,1店,,潜水溯溪鞋,,,,0,0,1,2026-09-03 至 2026-10-03,,不可售，无需处理
可售已匹配,B0GYXBTF5R,1店,图图,6绳结,SP-TU-6SJ-01,B0GYXQ18FT,11,45,58,7,2026-09-03 至 2026-10-03,2026-10-05,进入行动筛选
仅业务报告_不可售已排除,B0GYXQ38YM,1店,,潜水溯溪鞋,,,,1,1,0,2026-09-03 至 2026-10-03,,不可售，无需处理
可售已匹配,B0GYXQ8J5C,1店,图图,太阳球,SP-TU-TYQ-01,B0GYXQ18FT,2,24,25,0,2026-09-03 至 2026-10-03,2026-10-05,进入行动筛选
可售已匹配,B0GYXQN6CV,1店,凯旋,宠物玩具,KCC-xiaoshizi-h,B0GYZ941PY,7,22,28,8,2026-09-03 至 2026-10-03,2026-10-05,进入行动筛选
可售已匹配,B0GYXX4VHT,1店,图图,白兰太阳,SP-TU-BLTY-01,B0GYXQ18FT,6,24,25,2,2026-09-03 至 2026-10-03,2026-10-05,进入行动筛选
可售已匹配,B0GYXXH7BG,1店,图图,蓝色星星吊球,SP-TU-LXXDQ-01,B0GYXQ18FT,1,19,22,1,2026-09-03 至 2026-10-03,2026-10-05,进入行动筛选
仅业务报告_不可售已排除,B0GYXXN95W,1店,,宠物玩具,,,,6,7,1,2026-09-03 至 2026-10-03,,不可售，无需处理
仅业务报告_不可售已排除,B0GYXY1GG1,1店,,宠物玩具,,,,5,7,0,2026-09-03 至 2026-10-03,,不可售，无需处理
可售已匹配,B0GYXY2NGY,1店,凯旋,宠物玩具,KCC-feipan-15cm,B0GYXPM866,13,4,5,1,2026-09-03 至 2026-10-03,2026-10-05,进入行动筛选
仅业务报告_不可售已排除,B0GYY96ZG6,1店,,潜水溯溪鞋,,,,1,1,1,2026-09-03 至 2026-10-03,,不可售，无需处理
可售已匹配,B0GYYL9J3D,1店,凯旋,宠物玩具,KCC-SDshengjie-1,B0GYXX7NM4,13,32,37,9,2026-09-03 至 2026-10-03,2026-10-05,进入行动筛选
可售已匹配,B0GYYLMR8G,1店,凯旋,宠物玩具,KCC-mahuaquan-1,B0GYYM1WG2,12,11,11,4,2026-09-03 至 2026-10-03,2026-10-05,进入行动筛选
可售已匹配,B0GYYM96PX,1店,图图,双太阳球,SP-TU-STYQ-01,B0GYXQ18FT,5,31,32,0,2026-09-03 至 2026-10-03,2026-10-05,进入行动筛选
仅业务报告_不可售已排除,B0GYYRYDVP,1店,,星星吊球,,,,9,10,1,2026-09-03 至 2026-10-03,,不可售，无需处理
可售已匹配,B0GYYSK2M4,1店,公司,潜水溯溪鞋,QS-524-B23-34-35,B0GYX16S5J,3,1,1,0,2026-09-03 至 2026-10-03,2026-10-05,进入行动筛选
可售已匹配,B0GYYSZY4F,1店,图图,辫子球,SP-TU-BZQ-01,B0GYXQ18FT,4,28,34,4,2026-09-03 至 2026-10-03,2026-10-05,进入行动筛选
仅业务报告_不可售已排除,B0GYZ28MV2,1店,,潜水溯溪鞋,,,,8,9,1,2026-09-03 至 2026-10-03,,不可售，无需处理
可售已匹配,B0GYZBXR4B,1店,图图,6件套,SP-TU-6JT-01,B0GYXBKG5T,14,12,14,6,2026-09-03 至 2026-10-03,2026-10-05,进入行动筛选
可售已匹配,B0GYZFL74L,1店,图图,星星吊坠,SP-TU-XXDZ-01,B0GYXQ18FT,3,14,16,2,2026-09-03 至 2026-10-03,2026-10-05,进入行动筛选
仅业务报告_不可售已排除,B0GZ18CCWR,1店,,人字拖,,,,15,16,1,2026-09-03 至 2026-10-03,,不可售，无需处理
仅业务报告_不可售已排除,B0GZ1D4XTY,1店,,人字拖,,,,9,24,1,2026-09-03 至 2026-10-03,,不可售，无需处理
仅业务报告_不可售已排除,B0GZ2GFSFL,1店,,人字拖,,,,5,5,1,2026-09-03 至 2026-10-03,,不可售，无需处理
可售已匹配,B0GZ3B6QJ1,1店,凯旋,宠物玩具,KCC-shengjie-1,B0GZ35VK9P,28,28,37,18,2026-09-03 至 2026-10-03,2026-10-05,进入行动筛选
可售已匹配,B0GZN2SCLH,1店,公司,新款大童溯溪鞋,QS-506-D19-34/35,B0GYWSYXZ5,3,7,7,0,2026-09-03 至 2026-10-03,2026-10-05,进入行动筛选
可售已匹配,B0GZNTCX6T,1店,公司,新款大童溯溪鞋,QS-506-D19-26/27,B0GYWSYXZ5,2,13,14,0,2026-09-03 至 2026-10-03,2026-10-05,进入行动筛选
仅业务报告_不可售已排除,B0GZNY98XJ,1店,,溯溪沙滩鞋,,,,4,4,0,2026-09-03 至 2026-10-03,,不可售，无需处理
可售已匹配,B0GZNZDN1N,1店,公司,新款大童溯溪鞋,QS-506-D19-28/29,B0GYWSYXZ5,3,8,9,0,2026-09-03 至 2026-10-03,2026-10-05,进入行动筛选
仅业务报告_不可售已排除,B0GZNZJ34V,1店,,溯溪沙滩鞋,,,,3,3,0,2026-09-03 至 2026-10-03,,不可售，无需处理
仅业务报告_不可售已排除,B0GZNZPSH6,1店,,Quick Dry Water Shoes Slip On Comfort Beach Shoes for Pool Surfing,,,,3,3,0,2026-09-03 至 2026-10-03,,不可售，无需处理
可售已匹配,B0GZP66WVT,1店,公司,潜水溯溪鞋,QS-524-B23-26-27,B0GYX16S5J,3,2,2,0,2026-09-03 至 2026-10-03,2026-10-05,进入行动筛选
仅Listing_报告未出现,B0GZP6YWSJ,1店,公司,潜水溯溪鞋,QS-524-B23-28-29,B0GYX16S5J,3,,,,,2026-10-05,不据此判断零销量
可售已匹配,B0GZV4LK8P,1店,凯旋,牙膏器,KCC-YGQ-2,B0GZVLTV32,73,163,222,34,2026-09-03 至 2026-10-03,2026-10-05,进入行动筛选
可售已匹配,B0GZV6CQ3K,1店,凯旋,笑脸圆球,KCC-XLYQ-LV,B0GZVB5XMB,13,27,31,10,2026-09-03 至 2026-10-03,2026-10-05,进入行动筛选
可售已匹配,B0GZV6L95C,1店,凯旋,宠物刷子,KCC-CWSZ-LAN,B0GZVBHFX8,16,19,23,3,2026-09-03 至 2026-10-03,2026-10-05,进入行动筛选
可售已匹配,B0GZVD35D2,1店,凯旋,漏食玩具,KCC-LSWJ-CHENG,B0GZVCDD47,6,17,24,4,2026-09-03 至 2026-10-03,2026-10-05,进入行动筛选
仅业务报告_不可售已排除,B0GZVK79NP,1店,,钥匙扣,,,,0,0,0,2026-09-03 至 2026-10-03,,不可售，无需处理
可售已匹配,B0GZVLYXWV,1店,凯旋,幻彩咖啡夹,KCC-HCKFJ-CAI,B0GZVQPGLD,15,322,360,30,2026-09-03 至 2026-10-03,2026-10-05,进入行动筛选
可售已匹配,B0GZVNFDQB,1店,图图,冰箱贴花1,SP-bingxiang01-hua,B0GZVPL8WD,17,81,92,6,2026-09-03 至 2026-10-03,2026-10-05,进入行动筛选
仅业务报告_不可售已排除,B0GZVPL8WD,1店,,"4 PCS Floral Ceramic Fridge Magnets Set, Ins Style Cute Flower Decorative Magnets for Home Kitchen Refrigerator DIY Decoration",,,,1,1,0,2026-09-03 至 2026-10-03,,不可售，无需处理
可售已匹配,B0GZVQQQ69,1店,图图,蒸架,SP-zhengjia-1,B0GZV4PNTZ,13,42,59,3,2026-09-03 至 2026-10-03,2026-10-05,进入行动筛选
可售已匹配,B0GZVSXHSW,1店,凯旋,薄荷器,KCC-BHQ-LV,B0GZV46QKN,100,1130,1339,166,2026-09-03 至 2026-10-03,2026-10-05,进入行动筛选
可售已匹配,B0GZVW5WLH,1店,图图,冰箱贴花3,SP-bingxiang03-hua,B0GZVPL8WD,5,71,80,5,2026-09-03 至 2026-10-03,2026-10-05,进入行动筛选
可售已匹配,B0GZVWBQ5B,1店,图图,冰箱贴花2,SP-bingxiang02-hua,B0GZVPL8WD,13,84,101,8,2026-09-03 至 2026-10-03,2026-10-05,进入行动筛选
可售已匹配,B0GZY44LZR,1店,图图,折叠环保包杏色,SP-huanbao-xing,B0GZYMCQXS,12,10,12,4,2026-09-03 至 2026-10-03,2026-10-05,进入行动筛选
可售已匹配,B0GZY62HQG,1店,图图,折叠环保包黑色,SP-huanbao-hei,B0GZYMCQXS,8,20,23,3,2026-09-03 至 2026-10-03,2026-10-05,进入行动筛选
可售已匹配,B0GZYFJCLF,1店,图图,折叠环保包绿色,SP-huanbao-zhe-lu,B0GZY8JYQ8,6,7,8,0,2026-09-03 至 2026-10-03,2026-10-05,进入行动筛选
可售已匹配,B0GZYGQW3S,1店,图图,折叠环保包卡其,SP-huanbao-zhe-ka,B0GZY8JYQ8,3,9,12,0,2026-09-03 至 2026-10-03,2026-10-05,进入行动筛选
可售已匹配,B0GZYJ7CT4,1店,图图,折叠环保包黑色,SP-huanbao-zhe-hei,B0GZY8JYQ8,4,5,6,1,2026-09-03 至 2026-10-03,2026-10-05,进入行动筛选
可售已匹配,B0GZYM97HV,1店,图图,折叠环保包灰色,SP-huanbao-zhe-hui,B0GZY8JYQ8,5,7,7,1,2026-09-03 至 2026-10-03,2026-10-05,进入行动筛选
仅业务报告_不可售已排除,B0GZYQQSBN,1店,,硅胶洗脚垫,,,,1,1,0,2026-09-03 至 2026-10-03,,不可售，无需处理
仅业务报告_不可售已排除,B0GZYR7Q2W,1店,,指甲钳套装,,,,2,2,1,2026-09-03 至 2026-10-03,,不可售，无需处理
仅业务报告_不可售已排除,B0GZYSZZ1G,1店,,水晶球,,,,4,4,1,2026-09-03 至 2026-10-03,,不可售，无需处理
仅业务报告_不可售已排除,B0GZYVZPQB,1店,,水晶球,,,,3,3,0,2026-09-03 至 2026-10-03,,不可售，无需处理
可售已匹配,B0GZZ2V719,1店,凯旋,硅胶洗脚垫,YQ-QWER-2026420-AMD-2,B0GZYYFCCC,7,7,8,7,2026-09-03 至 2026-10-03,2026-10-05,进入行动筛选
可售已匹配,B0GZZHXLG1,1店,图图,大象,SP-TU-DX-02,B0GYXQ18FT,3,25,26,2,2026-09-03 至 2026-10-03,2026-10-05,进入行动筛选
可售已匹配,B0GZZT7QR1,1店,图图,收纳包,SP-shouna-hh,B0GZZMTTF5,12,45,61,10,2026-09-03 至 2026-10-03,2026-10-05,进入行动筛选
可售已匹配,B0GZZVDFV3,1店,图图,收纳包,SP-shouna-luzi,B0GZZMTTF5,5,28,34,7,2026-09-03 至 2026-10-03,2026-10-05,进入行动筛选
可售已匹配,B0H116YWBF,1店,图图,冰箱贴叶子,SP-bingxiang04-zhi,B0GZVPL8WD,59,283,354,34,2026-09-03 至 2026-10-03,2026-10-05,进入行动筛选
可售已匹配,B0H147G4HD,1店,凯旋,宠物玩具,KCC-caihong-1,B0GYXXHWBS,1,6,6,0,2026-09-03 至 2026-10-03,2026-10-05,进入行动筛选
仅业务报告_不可售已排除,B0H14FXJZN,1店,,宠物玩具,,,,4,6,1,2026-09-03 至 2026-10-03,,不可售，无需处理
仅业务报告_不可售已排除,B0H14KHVXK,1店,,比基尼,,,,11,13,0,2026-09-03 至 2026-10-03,,不可售，无需处理
可售已匹配,B0H14PTMQT,1店,图图,小镜子黄+紫色,SP-xiaojing1-hz,B0H14Z7J9N,8,7,7,2,2026-09-03 至 2026-10-03,2026-10-05,进入行动筛选
可售已匹配,B0H14XX9LN,1店,图图,小镜子红色+绿色,SP-xiaojing1-hl,B0H14Z7J9N,12,18,19,3,2026-09-03 至 2026-10-03,2026-10-05,进入行动筛选
仅业务报告_不可售已排除,B0H1561F22,1店,,溯溪沙滩鞋,,,,9,10,0,2026-09-03 至 2026-10-03,,不可售，无需处理
仅业务报告_不可售已排除,B0H1567MWM,1店,,溯溪沙滩鞋,,,,5,5,0,2026-09-03 至 2026-10-03,,不可售，无需处理
可售已匹配,B0H156KRGG,1店,公司,溯溪沙滩鞋,QS-044-36/37,B0GQH38Y4J,1,1,1,0,2026-09-03 至 2026-10-03,2026-10-05,进入行动筛选
可售已匹配,B0H156PKSD,1店,公司,溯溪沙滩鞋,QS-050-36/37,B0GQBS64JX,1,11,13,0,2026-09-03 至 2026-10-03,2026-10-05,进入行动筛选
仅业务报告_不可售已排除,B0H156VMR6,1店,,溯溪沙滩鞋,,,,7,8,0,2026-09-03 至 2026-10-03,,不可售，无需处理
仅业务报告_不可售已排除,B0H157QSTX,1店,,溯溪沙滩鞋,,,,3,3,0,2026-09-03 至 2026-10-03,,不可售，无需处理
可售已匹配,B0H19XM86Y,1店,凯旋,宠物玩具,KCC-mianqiu-M,B0GYXY2RDQ,23,17,20,3,2026-09-03 至 2026-10-03,2026-10-05,进入行动筛选
可售已匹配,B0H1CG6HHT,1店,图图,眼镜袋,SP-mojing-2,B0H1CJ5M4X,13,36,48,6,2026-09-03 至 2026-10-03,2026-10-05,进入行动筛选
可售已匹配,B0H1CGLVSZ,1店,图图,切片器,SP-qiepian-1,B0H1CQQDYS,8,85,114,13,2026-09-03 至 2026-10-03,2026-10-05,进入行动筛选
可售已匹配,B0H1CKTY24,1店,凯旋,电脑手机支架,KCC-DNPBZJ-HEI,B0H1CL6YV9,39,56,65,14,2026-09-03 至 2026-10-03,2026-10-05,进入行动筛选
可售已匹配,B0H1CQ4K7Z,1店,图图,压肉器,SP-yarou-1,B0H1CHWDHQ,5,6,8,2,2026-09-03 至 2026-10-03,2026-10-05,进入行动筛选
仅业务报告_不可售已排除,B0H1CZCVDW,1店,,溯溪沙滩鞋,,,,12,13,0,2026-09-03 至 2026-10-03,,不可售，无需处理
仅业务报告_不可售已排除,B0H1CZKZYS,1店,,溯溪沙滩鞋,,,,7,7,0,2026-09-03 至 2026-10-03,,不可售，无需处理
仅业务报告_不可售已排除,B0H1CZRRG7,1店,,溯溪沙滩鞋,,,,1,1,0,2026-09-03 至 2026-10-03,,不可售，无需处理
仅业务报告_不可售已排除,B0H1D2L5S2,1店,,溯溪沙滩鞋,,,,10,10,0,2026-09-03 至 2026-10-03,,不可售，无需处理
仅业务报告_不可售已排除,B0H1D42V5C,1店,,溯溪沙滩鞋,,,,20,25,0,2026-09-03 至 2026-10-03,,不可售，无需处理
仅业务报告_不可售已排除,B0H1D4CDZC,1店,,溯溪沙滩鞋,,,,20,23,0,2026-09-03 至 2026-10-03,,不可售，无需处理
仅业务报告_不可售已排除,B0H1D5TCQY,1店,,溯溪沙滩鞋,,,,14,16,0,2026-09-03 至 2026-10-03,,不可售，无需处理
仅业务报告_不可售已排除,B0H1D5YFY2,1店,,溯溪沙滩鞋,,,,9,9,0,2026-09-03 至 2026-10-03,,不可售，无需处理
仅业务报告_不可售已排除,B0H1D82X4M,1店,,溯溪沙滩鞋,,,,21,25,0,2026-09-03 至 2026-10-03,,不可售，无需处理
仅业务报告_不可售已排除,B0H1D8532V,1店,,溯溪沙滩鞋,,,,10,11,1,2026-09-03 至 2026-10-03,,不可售，无需处理
仅业务报告_不可售已排除,B0H1D95VF8,1店,,溯溪沙滩鞋,,,,16,20,0,2026-09-03 至 2026-10-03,,不可售，无需处理
仅业务报告_不可售已排除,B0H1DC9KJX,1店,,溯溪沙滩鞋,,,,8,9,0,2026-09-03 至 2026-10-03,,不可售，无需处理
仅业务报告_不可售已排除,B0H1DDF3DQ,1店,,溯溪沙滩鞋,,,,1,1,0,2026-09-03 至 2026-10-03,,不可售，无需处理
可售已匹配,B0H1FBXM72,1店,图图,过滤网绿色,SP-guolvgui-lv,B0H1FQJ948,4,14,21,2,2026-09-03 至 2026-10-03,2026-10-05,进入行动筛选
可售已匹配,B0H1FG6JJN,1店,图图,过滤网黄色,SP-guolvgui-huang,B0H1FQJ948,5,4,4,0,2026-09-03 至 2026-10-03,2026-10-05,进入行动筛选
可售已匹配,B0H1FGFPSK,1店,图图,开罐器,SP-kaiguan-1,B0H1FTWD8V,14,16,24,0,2026-09-03 至 2026-10-03,2026-10-05,进入行动筛选
可售已匹配,B0H1FL741V,1店,凯旋,除草器,KCC-CCQ-CHENG,B0H1FSPR6N,2,5,5,0,2026-09-03 至 2026-10-03,2026-10-05,进入行动筛选
可售已匹配,B0H1HFVNKG,1店,图图,磨刀器,SP-modao-1,B0H1HP96NM,5,73,101,12,2026-09-03 至 2026-10-03,2026-10-05,进入行动筛选
仅业务报告_不可售已排除,B0H1HHCW4X,1店,,调料瓶2,,,,2,2,0,2026-09-03 至 2026-10-03,,不可售，无需处理
可售已匹配,B0H1HJGY6D,1店,图图,豆浆过滤,SP-doujianggl-2,B0H1HMNP84,47,168,203,25,2026-09-03 至 2026-10-03,2026-10-05,进入行动筛选
可售已匹配,B0H1HK4VMY,1店,图图,土豆压泥器,SP-tudouyani-1,B0H1H7CZ1B,12,11,17,0,2026-09-03 至 2026-10-03,2026-10-05,进入行动筛选
仅业务报告_不可售已排除,B0H1HKHR7K,1店,,粉扑粉色,,,,5,5,1,2026-09-03 至 2026-10-03,,不可售，无需处理
可售已匹配,B0H1HP2BCJ,1店,图图,挂钩,SP-guaigou-2,B0H1HKKBJB,14,11,18,2,2026-09-03 至 2026-10-03,2026-10-05,进入行动筛选
仅业务报告_不可售已排除,B0H1MC2K77,1店,,多功能衣架,,,,0,0,1,2026-09-03 至 2026-10-03,,不可售，无需处理
可售已匹配,B0H1PS5J84,1店,凯旋,电焊管套组,KCC-DHGTZ-600,B0H1PGVC1W,2,2,2,0,2026-09-03 至 2026-10-03,2026-10-05,进入行动筛选
可售已匹配,B0H1Q18J7L,1店,凯旋,水豚钥匙扣,KCC-STYSK-1,B0H1PW4BTT,24,51,59,10,2026-09-03 至 2026-10-03,2026-10-05,进入行动筛选
仅Listing_报告未出现,B0H1Q6CLRL,1店,凯旋,角钢,KCC-JG-10,B0H1PW84WX,3,,,,,2026-10-05,不据此判断零销量
仅业务报告_不可售已排除,B0H1Q75SDV,1店,,保鲜膜套,,,,5,8,1,2026-09-03 至 2026-10-03,,不可售，无需处理
可售已匹配,B0H1QVMG17,1店,图图,防烫夹,SP-fangtangjia-1,B0H1QP7PPS,26,34,40,7,2026-09-03 至 2026-10-03,2026-10-05,进入行动筛选
仅业务报告_不可售已排除,B0H1QXNB3K,1店,,杯子刷子,,,,3,4,0,2026-09-03 至 2026-10-03,,不可售，无需处理
仅业务报告_不可售已排除,B0H1QYJHCM,1店,,烘焙垫2,,,,5,5,0,2026-09-03 至 2026-10-03,,不可售，无需处理
可售已匹配,B0H1R8RYH4,1店,凯旋,伸缩磁吸棒,KCC-SSCXB-CHENG,B0H25VX1R1,106,277,410,93,2026-09-03 至 2026-10-03,2026-10-05,进入行动筛选
仅业务报告_不可售已排除,B0H1RRXBMG,1店,,溯溪沙滩鞋,,,,16,16,0,2026-09-03 至 2026-10-03,,不可售，无需处理
仅业务报告_不可售已排除,B0H1RSWVCG,1店,,溯溪沙滩鞋,,,,6,6,0,2026-09-03 至 2026-10-03,,不可售，无需处理
仅业务报告_不可售已排除,B0H1RV6Y8Q,1店,,溯溪沙滩鞋,,,,5,5,0,2026-09-03 至 2026-10-03,,不可售，无需处理
仅业务报告_不可售已排除,B0H1RXCWVW,1店,,溯溪沙滩鞋,,,,5,5,0,2026-09-03 至 2026-10-03,,不可售，无需处理
仅业务报告_不可售已排除,B0H1RYRK3L,1店,,溯溪沙滩鞋,,,,9,9,0,2026-09-03 至 2026-10-03,,不可售，无需处理
仅业务报告_不可售已排除,B0H1RYTDRY,1店,,溯溪沙滩鞋,,,,4,4,0,2026-09-03 至 2026-10-03,,不可售，无需处理
仅业务报告_不可售已排除,B0H1RYTWPG,1店,,溯溪沙滩鞋,,,,1,1,0,2026-09-03 至 2026-10-03,,不可售，无需处理
仅业务报告_不可售已排除,B0H1RZ84PF,1店,,溯溪沙滩鞋,,,,2,2,0,2026-09-03 至 2026-10-03,,不可售，无需处理
仅业务报告_不可售已排除,B0H1RZFY8J,1店,,溯溪沙滩鞋,,,,6,6,0,2026-09-03 至 2026-10-03,,不可售，无需处理
仅业务报告_不可售已排除,B0H1S12F3N,1店,,溯溪沙滩鞋,,,,13,14,0,2026-09-03 至 2026-10-03,,不可售，无需处理
仅业务报告_不可售已排除,B0H1S1FMN1,1店,,溯溪沙滩鞋,,,,8,8,0,2026-09-03 至 2026-10-03,,不可售，无需处理
仅业务报告_不可售已排除,B0H1S2H9YV,1店,,溯溪沙滩鞋,,,,5,5,0,2026-09-03 至 2026-10-03,,不可售，无需处理
可售已匹配,B0H1S3V7KC,1店,公司,溯溪沙滩鞋,QS-135-40/41,B0GQBS64JX,1,29,31,0,2026-09-03 至 2026-10-03,2026-10-05,进入行动筛选
仅业务报告_不可售已排除,B0H1S3XH69,1店,,溯溪沙滩鞋,,,,2,2,0,2026-09-03 至 2026-10-03,,不可售，无需处理
仅业务报告_不可售已排除,B0H1S44XPS,1店,,溯溪沙滩鞋,,,,6,7,0,2026-09-03 至 2026-10-03,,不可售，无需处理
仅业务报告_不可售已排除,B0H1S4KNSR,1店,,溯溪沙滩鞋,,,,5,6,0,2026-09-03 至 2026-10-03,,不可售，无需处理
仅业务报告_不可售已排除,B0H1S5RS6F,1店,,溯溪沙滩鞋,,,,2,2,0,2026-09-03 至 2026-10-03,,不可售，无需处理
仅业务报告_不可售已排除,B0H1S5V6VT,1店,,溯溪沙滩鞋,,,,5,5,0,2026-09-03 至 2026-10-03,,不可售，无需处理
仅业务报告_不可售已排除,B0H1S8K846,1店,,溯溪沙滩鞋,,,,8,11,0,2026-09-03 至 2026-10-03,,不可售，无需处理
可售已匹配,B0H1V2MRSH,1店,凯旋,多功能百洁布,KCC-DGNBJS-HUI,B0H1VJNB35,132,260,268,82,2026-09-03 至 2026-10-03,2026-10-05,进入行动筛选
可售已匹配,B0H1V7F452,1店,图图,食物西瓜勺,SP-xiguashaozi-1,B0H1VDF3G1,14,23,30,4,2026-09-03 至 2026-10-03,2026-10-05,进入行动筛选
可售已匹配,B0H1V7Z5HC,1店,凯旋,迷你万向轮,KCC-MNWXL-CHENG,B0H1VKJ3JW,43,29,34,4,2026-09-03 至 2026-10-03,2026-10-05,进入行动筛选
可售已匹配,B0H1VFBVL9,1店,凯旋,铝箔碗盖,KCC-LBWG-10GE,B0H1VHTD8P,5,13,14,0,2026-09-03 至 2026-10-03,2026-10-05,进入行动筛选
可售已匹配,B0H1VFK71L,1店,凯旋,植物绑带,KCC-ZWBD-10MM,B0H1VK6P8V,103,436,511,85,2026-09-03 至 2026-10-03,2026-10-05,进入行动筛选
仅业务报告_不可售已排除,B0H1VL2QFY,1店,,油壶,,,,35,43,1,2026-09-03 至 2026-10-03,,不可售，无需处理
可售已匹配,B0H1W2B6YM,1店,图图,圆刨丝器,SP-yuanpaosi-1,B0H1W9Y249,14,50,54,6,2026-09-03 至 2026-10-03,2026-10-05,进入行动筛选
可售已匹配,B0H1W44MSZ,1店,图图,清洁刷,SP-qingjieshuang-2,B0H1VJNB35,341,2491,3117,285,2026-09-03 至 2026-10-03,2026-10-05,进入行动筛选
可售已匹配,B0H1W4SSJY,1店,图图,卷尺,SP-juanchi-2,B0H1WBL1W3,39,5,6,1,2026-09-03 至 2026-10-03,2026-10-05,进入行动筛选
可售已匹配,B0H1W56GH9,1店,图图,化妆刷,SP-huazhuangshua-5,B0H3PJ2HB3,12,25,44,0,2026-09-03 至 2026-10-03,2026-10-05,进入行动筛选
可售已匹配,B0H1W7PVDR,1店,凯旋,猫眼石手链,KCC-MYSSL-1,B0H1W5BP2G,1,11,15,0,2026-09-03 至 2026-10-03,2026-10-05,进入行动筛选
可售已匹配,B0H1W8RZ85,1店,图图,压蒜器,SP-yash-1,B0H1WRQK1W,15,37,46,4,2026-09-03 至 2026-10-03,2026-10-05,进入行动筛选
可售已匹配,B0H1WDVQCG,1店,图图,打蛋器,SP-dadan-1,B0H2GRTX7H,55,103,119,24,2026-09-03 至 2026-10-03,2026-10-05,进入行动筛选
可售已匹配,B0H1WXDKYF,1店,图图,肥皂盒,SP-feizao-1,B0H1X7H5SV,23,22,26,5,2026-09-03 至 2026-10-03,2026-10-05,进入行动筛选
仅业务报告_不可售已排除,B0H23M6YGV,1店,,溯溪沙滩鞋,,,,7,7,0,2026-09-03 至 2026-10-03,,不可售，无需处理
仅业务报告_不可售已排除,B0H23PVG1M,1店,,溯溪沙滩鞋,,,,8,8,0,2026-09-03 至 2026-10-03,,不可售，无需处理
仅业务报告_不可售已排除,B0H23TSS8P,1店,,溯溪沙滩鞋,,,,21,23,0,2026-09-03 至 2026-10-03,,不可售，无需处理
仅业务报告_不可售已排除,B0H23Z13HS,1店,,溯溪沙滩鞋,,,,11,11,0,2026-09-03 至 2026-10-03,,不可售，无需处理
仅业务报告_不可售已排除,B0H2413W96,1店,,溯溪沙滩鞋,,,,6,8,0,2026-09-03 至 2026-10-03,,不可售，无需处理
可售已匹配,B0H25VH1KH,1店,图图,甜甜圈,SP-TU-TTQ-04,B0GYXQ18FT,9,22,25,5,2026-09-03 至 2026-10-03,2026-10-05,进入行动筛选
可售已匹配,B0H2841KB6,1店,凯旋,狗狗牵引绳,KCC-GGQYS-HEI,B0H27TRCTG,30,110,150,24,2026-09-03 至 2026-10-03,2026-10-05,进入行动筛选
可售已匹配,B0H28H5HW8,1店,凯旋,银心脚链,KCC-YXJL-YIN,B0H285PRJ3,47,51,60,7,2026-09-03 至 2026-10-03,2026-10-05,进入行动筛选
可售已匹配,B0H2GMKXRM,1店,图图,挤牙膏工具棕色,SP-jiyagao-b,B0H2GW2WP7,11,147,166,9,2026-09-03 至 2026-10-03,2026-10-05,进入行动筛选
可售已匹配,B0H2GQ6QV7,1店,图图,玩具游戏,SP-magicruler-22,B0H2GSYWJC,37,323,436,27,2026-09-03 至 2026-10-03,2026-10-05,进入行动筛选
可售已匹配,B0H2GQFK7P,1店,图图,容器盖6,SP-rongqigai-6,B0H2HGT5T6,20,135,189,11,2026-09-03 至 2026-10-03,2026-10-05,进入行动筛选
可售已匹配,B0H2GTRJV1,1店,图图,挤牙膏工具黄色,SP-jiyagao-y,B0H2GW2WP7,28,195,238,30,2026-09-03 至 2026-10-03,2026-10-05,进入行动筛选
可售已匹配,B0H2GV9CB2,1店,图图,挤牙膏工具白色,SP-jiyagao-w,B0H2GW2WP7,25,155,169,17,2026-09-03 至 2026-10-03,2026-10-05,进入行动筛选
可售已匹配,B0H2GYKVZF,1店,图图,挤牙膏工具粉色,SP-jiyagao-p,B0H2GW2WP7,6,179,203,14,2026-09-03 至 2026-10-03,2026-10-05,进入行动筛选
可售已匹配,B0H2H2CZVC,1店,图图,挤牙膏工具绿色,SP-jiyagao-g,B0H2GW2WP7,25,232,283,36,2026-09-03 至 2026-10-03,2026-10-05,进入行动筛选
可售已匹配,B0H2H2LQ64,1店,图图,搅拌打蛋器,SP-jiaobandadan-1,B0H2GRTX7H,7,27,29,5,2026-09-03 至 2026-10-03,2026-10-05,进入行动筛选
可售已匹配,B0H2H7VDQV,1店,凯旋,紫晶手链,KCC-ZJSL-ZI,B0H2HC7PGB,12,32,39,2,2026-09-03 至 2026-10-03,2026-10-05,进入行动筛选
仅业务报告_不可售已排除,B0H2HBWW7R,1店,,FD6872手链,,,,7,9,0,2026-09-03 至 2026-10-03,,不可售，无需处理
仅业务报告_不可售已排除,B0H2HCN84Y,1店,,斑马粉脚链,,,,2,2,0,2026-09-03 至 2026-10-03,,不可售，无需处理
可售已匹配,B0H2HFTW3W,1店,凯旋,波西米亚风针织帽,KCC-BXMYFZZM-1,B0H2HFNFLF,2,4,7,1,2026-09-03 至 2026-10-03,2026-10-05,进入行动筛选
可售已匹配,B0H2HJ6TYZ,1店,凯旋,眼镜带,KCC-YJD-2,B0H2HQPLDJ,21,78,97,3,2026-09-03 至 2026-10-03,2026-10-05,进入行动筛选
可售已匹配,B0H2HMTDFG,1店,凯旋,猫头零钱包,KCC-MTLQB-1,B0H2HSZ194,204,661,838,137,2026-09-03 至 2026-10-03,2026-10-05,进入行动筛选
可售已匹配,B0H2HNSSYH,1店,凯旋,眼镜盒,KCC-YJH-CAI,B0H2HJTZ7S,21,369,487,32,2026-09-03 至 2026-10-03,2026-10-05,进入行动筛选
可售已匹配,B0H2HQBV1D,1店,凯旋,垃圾桶贴纸,KCC-LJTTZ-4,B0H2HMH9K8,69,381,528,49,2026-09-03 至 2026-10-03,2026-10-05,进入行动筛选
可售已匹配,B0H2HSTH6Q,1店,凯旋,餐垫,KCC-CD-4,B0H2HWV8J6,9,31,49,4,2026-09-03 至 2026-10-03,2026-10-05,进入行动筛选
可售已匹配,B0H2LG6HGD,1店,图图,食物捣碎器,SP-daosuiji-1,B0H2LPF3LY,19,22,27,9,2026-09-03 至 2026-10-03,2026-10-05,进入行动筛选
可售已匹配,B0H2LMCW2K,1店,图图,收纳盒扑克,SP-pukeshoula-1,B0H2LDYSGY,21,19,23,19,2026-09-03 至 2026-10-03,2026-10-05,进入行动筛选
仅业务报告_不可售已排除,B0H2M5KZNR,1店,,溯溪沙滩鞋,,,,13,13,0,2026-09-03 至 2026-10-03,,不可售，无需处理
仅业务报告_不可售已排除,B0H2M6HRV1,1店,,"Universal 6 Speed Knurled Aluminum Alloy Gear Shift Knob with 4 Adapters, Racing Shifter Head for Car & Sim Racing",,,,1,1,0,2026-09-03 至 2026-10-03,,不可售，无需处理
可售已匹配,B0H2M7H16K,1店,公司,,QC-DB-H-blue,B0H2MKR6M2,1,1,1,0,2026-09-03 至 2026-10-03,2026-10-05,进入行动筛选
仅Listing_报告未出现,B0H2M7XWFY,1店,公司,,QC-DB1-TAI,B0H2M92GVQ,2,,,,,2026-10-05,不据此判断零销量
仅业务报告_不可售已排除,B0H2M8N5N5,1店,,溯溪沙滩鞋,,,,12,13,0,2026-09-03 至 2026-10-03,,不可售，无需处理
可售已匹配,B0H2M8YB9B,1店,公司,,QC-DB-H-yellow,B0H2MKR6M2,1,0,0,1,2026-09-03 至 2026-10-03,2026-10-05,进入行动筛选
仅业务报告_不可售已排除,B0H2M9D7VW,1店,,"Gear Shift Knob, 6 Speed Manual Shifter Head, Universal Gear Lever for Car Interior Upgrade and Sim Racing Setup",,,,1,1,0,2026-09-03 至 2026-10-03,,不可售，无需处理
仅业务报告_不可售已排除,B0H2MB6LYG,1店,,"Gear Shift Knob, 6 Speed Manual Shifter Head, Universal Gear Lever for Car Interior Upgrade and Sim Racing Setup",,,,1,1,0,2026-09-03 至 2026-10-03,,不可售，无需处理
仅业务报告_不可售已排除,B0H2MBFVB8,1店,,溯溪沙滩鞋,,,,7,7,0,2026-09-03 至 2026-10-03,,不可售，无需处理
仅业务报告_不可售已排除,B0H2MBJB9H,1店,,溯溪沙滩鞋,,,,4,4,0,2026-09-03 至 2026-10-03,,不可售，无需处理
仅业务报告_不可售已排除,B0H2MBL57F,1店,,溯溪沙滩鞋,,,,8,9,0,2026-09-03 至 2026-10-03,,不可售，无需处理
仅业务报告_不可售已排除,B0H2MBV8ST,1店,,溯溪沙滩鞋,,,,12,13,0,2026-09-03 至 2026-10-03,,不可售，无需处理
仅业务报告_不可售已排除,B0H2MBYWXT,1店,,溯溪沙滩鞋,,,,11,11,1,2026-09-03 至 2026-10-03,,不可售，无需处理
仅业务报告_不可售已排除,B0H2MBZVHZ,1店,,"Gear Shift Knob, 6 Speed Manual Shifter Head, Universal Gear Lever for Car Interior Upgrade and Sim Racing Setup",,,,2,2,0,2026-09-03 至 2026-10-03,,不可售，无需处理
仅业务报告_不可售已排除,B0H2MC4Y7S,1店,,溯溪沙滩鞋,,,,9,11,0,2026-09-03 至 2026-10-03,,不可售，无需处理
仅业务报告_不可售已排除,B0H2MCCNWQ,1店,,"Gear Shift Knob, 6 Speed Manual Shifter Head, Universal Gear Lever for Car Interior Upgrade and Sim Racing Setup",,,,1,1,0,2026-09-03 至 2026-10-03,,不可售，无需处理
仅业务报告_不可售已排除,B0H2MCJSK9,1店,,溯溪沙滩鞋,,,,5,5,0,2026-09-03 至 2026-10-03,,不可售，无需处理
仅业务报告_不可售已排除,B0H2MCYWX9,1店,,溯溪沙滩鞋,,,,16,16,0,2026-09-03 至 2026-10-03,,不可售，无需处理
仅业务报告_不可售已排除,B0H2MD3HBF,1店,,溯溪沙滩鞋,,,,10,10,0,2026-09-03 至 2026-10-03,,不可售，无需处理
仅业务报告_不可售已排除,B0H2MD3LL8,1店,,溯溪沙滩鞋,,,,13,13,0,2026-09-03 至 2026-10-03,,不可售，无需处理
仅业务报告_不可售已排除,B0H2MD3LW2,1店,,溯溪沙滩鞋,,,,13,16,0,2026-09-03 至 2026-10-03,,不可售，无需处理
仅业务报告_不可售已排除,B0H2MD5ZV1,1店,,溯溪沙滩鞋,,,,17,21,0,2026-09-03 至 2026-10-03,,不可售，无需处理
可售已匹配,B0H2MD7CG1,1店,公司,溯溪沙滩鞋,QS-2629-38/39,B0GQBS64JX,1,37,41,0,2026-09-03 至 2026-10-03,2026-10-05,进入行动筛选
仅业务报告_不可售已排除,B0H2MD98QV,1店,,"Gear Shift Knob, 6 Speed Manual Shifter Head, Universal Gear Lever for Car Interior Upgrade and Sim Racing Setup",,,,2,2,0,2026-09-03 至 2026-10-03,,不可售，无需处理
仅业务报告_不可售已排除,B0H2MD9VYP,1店,,溯溪沙滩鞋,,,,12,12,0,2026-09-03 至 2026-10-03,,不可售，无需处理
仅业务报告_不可售已排除,B0H2MDKR8B,1店,,溯溪沙滩鞋,,,,5,5,0,2026-09-03 至 2026-10-03,,不可售，无需处理
可售已匹配,B0H2MDLDD6,1店,公司,溯溪沙滩鞋,QS-2529-40/41,B0GQBS64JX,1,32,41,0,2026-09-03 至 2026-10-03,2026-10-05,进入行动筛选
仅业务报告_不可售已排除,B0H2MDX3DX,1店,,溯溪沙滩鞋,,,,13,13,0,2026-09-03 至 2026-10-03,,不可售，无需处理
仅业务报告_不可售已排除,B0H2MDXQYV,1店,,溯溪沙滩鞋,,,,9,9,0,2026-09-03 至 2026-10-03,,不可售，无需处理
仅业务报告_不可售已排除,B0H2MF19VC,1店,,溯溪沙滩鞋,,,,9,9,1,2026-09-03 至 2026-10-03,,不可售，无需处理
仅业务报告_不可售已排除,B0H2MF4GHJ,1店,,溯溪沙滩鞋,,,,0,0,0,2026-09-03 至 2026-10-03,,不可售，无需处理
仅业务报告_不可售已排除,B0H2MFDDWJ,1店,,溯溪沙滩鞋,,,,11,12,0,2026-09-03 至 2026-10-03,,不可售，无需处理
仅业务报告_不可售已排除,B0H2MFDPHK,1店,,溯溪沙滩鞋,,,,10,11,0,2026-09-03 至 2026-10-03,,不可售，无需处理
仅业务报告_不可售已排除,B0H2MFGQQN,1店,,溯溪沙滩鞋,,,,8,8,0,2026-09-03 至 2026-10-03,,不可售，无需处理
仅业务报告_不可售已排除,B0H2MFH6T8,1店,,溯溪沙滩鞋,,,,9,11,0,2026-09-03 至 2026-10-03,,不可售，无需处理
仅业务报告_不可售已排除,B0H2MFH73T,1店,,溯溪沙滩鞋,,,,22,26,0,2026-09-03 至 2026-10-03,,不可售，无需处理
仅业务报告_不可售已排除,B0H2MFKCHC,1店,,"Gear Shift Knob, 6 Speed Manual Shifter Head, Universal Gear Lever for Car Interior Upgrade and Sim Racing Setup",,,,4,7,0,2026-09-03 至 2026-10-03,,不可售，无需处理
仅业务报告_不可售已排除,B0H2MG3BCQ,1店,,溯溪沙滩鞋,,,,6,6,0,2026-09-03 至 2026-10-03,,不可售，无需处理
仅业务报告_不可售已排除,B0H2MG3BL5,1店,,溯溪沙滩鞋,,,,5,5,0,2026-09-03 至 2026-10-03,,不可售，无需处理
仅业务报告_不可售已排除,B0H2MG73Q5,1店,,溯溪沙滩鞋,,,,10,11,0,2026-09-03 至 2026-10-03,,不可售，无需处理
仅业务报告_不可售已排除,B0H2MGG5W4,1店,,溯溪沙滩鞋,,,,4,4,0,2026-09-03 至 2026-10-03,,不可售，无需处理
仅业务报告_不可售已排除,B0H2MGQWNK,1店,,溯溪沙滩鞋,,,,34,40,2,2026-09-03 至 2026-10-03,,不可售，无需处理
仅业务报告_不可售已排除,B0H2MGV6P9,1店,,溯溪沙滩鞋,,,,6,6,0,2026-09-03 至 2026-10-03,,不可售，无需处理
仅业务报告_不可售已排除,B0H2MGVWTN,1店,,溯溪沙滩鞋,,,,9,9,0,2026-09-03 至 2026-10-03,,不可售，无需处理
仅业务报告_不可售已排除,B0H2MH5YRZ,1店,,溯溪沙滩鞋,,,,10,10,0,2026-09-03 至 2026-10-03,,不可售，无需处理
仅Listing_报告未出现,B0H2MHTD2C,1店,公司,,QC-DB1-HEI,B0H2M92GVQ,2,,,,,2026-10-05,不据此判断零销量
可售已匹配,B0H2MHWVWS,1店,公司,溯溪沙滩鞋,QS-2515-40/41,B0GQBS64JX,1,29,31,0,2026-09-03 至 2026-10-03,2026-10-05,进入行动筛选
仅业务报告_不可售已排除,B0H2MHYQQF,1店,,溯溪沙滩鞋,,,,5,5,0,2026-09-03 至 2026-10-03,,不可售，无需处理
仅业务报告_不可售已排除,B0H2MJ2J5F,1店,,溯溪沙滩鞋,,,,12,12,0,2026-09-03 至 2026-10-03,,不可售，无需处理
仅业务报告_不可售已排除,B0H2MJ5T4G,1店,,溯溪沙滩鞋,,,,8,10,0,2026-09-03 至 2026-10-03,,不可售，无需处理
仅业务报告_不可售已排除,B0H2MJ6F2C,1店,,溯溪沙滩鞋,,,,5,6,0,2026-09-03 至 2026-10-03,,不可售，无需处理
仅业务报告_不可售已排除,B0H2MJ7G7N,1店,,溯溪沙滩鞋,,,,7,7,0,2026-09-03 至 2026-10-03,,不可售，无需处理
仅业务报告_不可售已排除,B0H2MJ7Y7H,1店,,溯溪沙滩鞋,,,,12,12,0,2026-09-03 至 2026-10-03,,不可售，无需处理
仅业务报告_不可售已排除,B0H2MJJJFT,1店,,溯溪沙滩鞋,,,,5,6,0,2026-09-03 至 2026-10-03,,不可售，无需处理
仅业务报告_不可售已排除,B0H2MJLY51,1店,,溯溪沙滩鞋,,,,14,14,0,2026-09-03 至 2026-10-03,,不可售，无需处理
可售已匹配,B0H2MJMTB8,1店,公司,溯溪沙滩鞋,QS-2532-40/41,B0GQBS64JX,1,23,24,0,2026-09-03 至 2026-10-03,2026-10-05,进入行动筛选
仅业务报告_不可售已排除,B0H2MJXJNG,1店,,溯溪沙滩鞋,,,,7,7,0,2026-09-03 至 2026-10-03,,不可售，无需处理
仅业务报告_不可售已排除,B0H2MK6SLD,1店,,溯溪沙滩鞋,,,,3,3,0,2026-09-03 至 2026-10-03,,不可售，无需处理
仅业务报告_不可售已排除,B0H2MKCY3R,1店,,溯溪沙滩鞋,,,,9,10,0,2026-09-03 至 2026-10-03,,不可售，无需处理
仅业务报告_不可售已排除,B0H2MKH9MQ,1店,,溯溪沙滩鞋,,,,9,11,0,2026-09-03 至 2026-10-03,,不可售，无需处理
仅业务报告_不可售已排除,B0H2MKJFJQ,1店,,溯溪沙滩鞋,,,,35,39,2,2026-09-03 至 2026-10-03,,不可售，无需处理
仅业务报告_不可售已排除,B0H2MKRDTG,1店,,溯溪沙滩鞋,,,,7,7,0,2026-09-03 至 2026-10-03,,不可售，无需处理
仅业务报告_不可售已排除,B0H2MKSZT2,1店,,溯溪沙滩鞋,,,,13,13,0,2026-09-03 至 2026-10-03,,不可售，无需处理
仅业务报告_不可售已排除,B0H2MKV3ZB,1店,,溯溪沙滩鞋,,,,4,7,0,2026-09-03 至 2026-10-03,,不可售，无需处理
仅业务报告_不可售已排除,B0H2MKYMS2,1店,,溯溪沙滩鞋,,,,15,15,0,2026-09-03 至 2026-10-03,,不可售，无需处理
仅业务报告_不可售已排除,B0H2MKZY2L,1店,,溯溪沙滩鞋,,,,5,5,0,2026-09-03 至 2026-10-03,,不可售，无需处理
仅Listing_报告未出现,B0H2ML4H8V,1店,公司,,QC-DB1-YIN,B0H2M92GVQ,1,,,,,2026-10-05,不据此判断零销量
仅业务报告_不可售已排除,B0H2MLB1P1,1店,,溯溪沙滩鞋,,,,3,3,0,2026-09-03 至 2026-10-03,,不可售，无需处理
仅业务报告_不可售已排除,B0H2MLCZSS,1店,,溯溪沙滩鞋,,,,15,16,0,2026-09-03 至 2026-10-03,,不可售，无需处理
仅业务报告_不可售已排除,B0H2MLDZLW,1店,,溯溪沙滩鞋,,,,0,0,0,2026-09-03 至 2026-10-03,,不可售，无需处理
仅业务报告_不可售已排除,B0H2MLHMQH,1店,,溯溪沙滩鞋,,,,7,7,0,2026-09-03 至 2026-10-03,,不可售，无需处理
仅业务报告_不可售已排除,B0H2MLQSND,1店,,溯溪沙滩鞋,,,,12,15,0,2026-09-03 至 2026-10-03,,不可售，无需处理
仅业务报告_不可售已排除,B0H2MLTH4V,1店,,溯溪沙滩鞋,,,,6,10,1,2026-09-03 至 2026-10-03,,不可售，无需处理
仅业务报告_不可售已排除,B0H2MMYDVC,1店,,溯溪沙滩鞋,,,,6,6,1,2026-09-03 至 2026-10-03,,不可售，无需处理
仅业务报告_不可售已排除,B0H2MMZKL3,1店,,溯溪沙滩鞋,,,,10,11,0,2026-09-03 至 2026-10-03,,不可售，无需处理
仅业务报告_不可售已排除,B0H2MN1YNN,1店,,溯溪沙滩鞋,,,,8,8,0,2026-09-03 至 2026-10-03,,不可售，无需处理
仅业务报告_不可售已排除,B0H2MN8998,1店,,溯溪沙滩鞋,,,,8,8,0,2026-09-03 至 2026-10-03,,不可售，无需处理
仅业务报告_不可售已排除,B0H2MNSKL1,1店,,溯溪沙滩鞋,,,,8,9,0,2026-09-03 至 2026-10-03,,不可售，无需处理
仅业务报告_不可售已排除,B0H2MNSN93,1店,,溯溪沙滩鞋,,,,12,12,0,2026-09-03 至 2026-10-03,,不可售，无需处理
仅业务报告_不可售已排除,B0H2MPCR3K,1店,,溯溪沙滩鞋,,,,3,3,0,2026-09-03 至 2026-10-03,,不可售，无需处理
仅业务报告_不可售已排除,B0H2MPTXJ6,1店,,溯溪沙滩鞋,,,,11,11,0,2026-09-03 至 2026-10-03,,不可售，无需处理
仅业务报告_不可售已排除,B0H2MQS6RY,1店,,溯溪沙滩鞋,,,,2,2,0,2026-09-03 至 2026-10-03,,不可售，无需处理
仅业务报告_不可售已排除,B0H2MR9JF1,1店,,溯溪沙滩鞋,,,,9,9,0,2026-09-03 至 2026-10-03,,不可售，无需处理
可售已匹配,B0H398M6PS,1店,凯旋,急救毯,KCC-HWJJT-YIN,B0H38YNB8J,54,89,126,30,2026-09-03 至 2026-10-03,2026-10-05,进入行动筛选
可售已匹配,B0H3L58ML4,1店,凯旋,保湿脚套,KCC-BSJT-ZI,B0H4ZLFGS6,18,194,262,19,2026-09-03 至 2026-10-03,2026-10-05,进入行动筛选
可售已匹配,B0H3N7FMYW,1店,凯旋,仿真牡丹,KCC-FZMD-BAI,B0H3MWTSLF,35,309,400,21,2026-09-03 至 2026-10-03,2026-10-05,进入行动筛选
可售已匹配,B0H3N85YXB,1店,图图,落叶袋,SP-luoyedai-1,B0H3N1959R,5,11,12,2,2026-09-03 至 2026-10-03,2026-10-05,进入行动筛选
可售已匹配,B0H3N96CPL,1店,图图,紧固件驱动钻头,SP-zhuantou-1,B0H3N6CJLD,28,29,36,13,2026-09-03 至 2026-10-03,2026-10-05,进入行动筛选
可售已匹配,B0H3NCR6DS,1店,图图,调味料磨盘,SP-mopan-1,B0H3N5M16J,10,13,16,3,2026-09-03 至 2026-10-03,2026-10-05,进入行动筛选
可售已匹配,B0H3NT3PBM,1店,凯旋,压蒜器,KCC-YSQ-1,B0H3P458JF,77,415,457,82,2026-09-03 至 2026-10-03,2026-10-05,进入行动筛选
可售已匹配,B0H3P57B8V,1店,图图,油漆刷2.25,SP-youqishua-2.25,B0H3PB736Q,25,53,59,17,2026-09-03 至 2026-10-03,2026-10-05,进入行动筛选
可售已匹配,B0H3P6GLC5,1店,图图,油漆刷2宽,SP-youqishua-2kuan,B0H3PB736Q,6,27,28,7,2026-09-03 至 2026-10-03,2026-10-05,进入行动筛选
可售已匹配,B0H3PCLX9Q,1店,图图,眼镜盒,SP-mojinghe1-3,B0H3S89CDJ,5,10,16,1,2026-09-03 至 2026-10-03,2026-10-05,进入行动筛选
可售已匹配,B0H3PF39X3,1店,图图,发带卷头发,SP-panfa-2,B0H3PHWPN3,18,55,73,7,2026-09-03 至 2026-10-03,2026-10-05,进入行动筛选
可售已匹配,B0H3PHM1XL,1店,图图,油漆刷1.5,SP-youqishua-1.5,B0H3PB736Q,19,67,70,32,2026-09-03 至 2026-10-03,2026-10-05,进入行动筛选
可售已匹配,B0H3PHPN27,1店,图图,化妆刷 2 头,SP-huazhuang2tou-2,B0H3PJ2HB3,8,11,20,0,2026-09-03 至 2026-10-03,2026-10-05,进入行动筛选
可售已匹配,B0H3PJ2QYR,1店,图图,油漆刷1,SP-youqishua-1,B0H3PB736Q,39,391,458,47,2026-09-03 至 2026-10-03,2026-10-05,进入行动筛选
可售已匹配,B0H3PJKBH3,1店,图图,油漆刷2,SP-youqishua-2,B0H3PB736Q,40,48,56,9,2026-09-03 至 2026-10-03,2026-10-05,进入行动筛选
可售已匹配,B0H3S461RQ,1店,图图,尺子,SP-chizi-1,B0H3S6N3JC,16,63,88,14,2026-09-03 至 2026-10-03,2026-10-05,进入行动筛选
可售已匹配,B0H3V57TCY,1店,凯旋,方形烘培纸,KCC-FXHPZ-1,B0H3TYBBYK,16,369,452,53,2026-09-03 至 2026-10-03,2026-10-05,进入行动筛选
仅业务报告_不可售已排除,B0H3VBSMBX,1店,,蚊香支架,,,,7,9,0,2026-09-03 至 2026-10-03,,不可售，无需处理
可售已匹配,B0H44S2FNX,1店,图图,硅胶保湿,SP-baosixietao-1,B0H4ZLFGS6,23,330,422,36,2026-09-03 至 2026-10-03,2026-10-05,进入行动筛选
仅Listing_报告未出现,B0H44XX8C2,1店,凯旋,沙滩裤,KCC-STK-AT-XL,B0HDB3X9SL,2,,,,,2026-10-05,不据此判断零销量
仅Listing_报告未出现,B0H44YXDJM,1店,凯旋,沙滩裤,KCC-STK-PG-XL,B0HDB3X9SL,2,,,,,2026-10-05,不据此判断零销量
可售已匹配,B0H4512N6Y,1店,凯旋,沙滩裤,KCC-STK-AM-L,B0HDB3X9SL,2,3,3,0,2026-09-03 至 2026-10-03,2026-10-05,进入行动筛选
可售已匹配,B0H452TMCB,1店,凯旋,沙滩裤,KCC-STK-AE-L,B0HDB3X9SL,1,1,1,0,2026-09-03 至 2026-10-03,2026-10-05,进入行动筛选
可售已匹配,B0H453KBCZ,1店,凯旋,沙滩裤,KCC-STK-PF-L,B0HDB3X9SL,2,1,2,0,2026-09-03 至 2026-10-03,2026-10-05,进入行动筛选
可售已匹配,B0H453S35N,1店,凯旋,沙滩裤,KCC-STK-8113-L,B0HDB3X9SL,2,1,3,0,2026-09-03 至 2026-10-03,2026-10-05,进入行动筛选
可售已匹配,B0H454WDBX,1店,凯旋,沙滩裤,KCC-STK-A4-XL,B0HDB3X9SL,2,1,1,0,2026-09-03 至 2026-10-03,2026-10-05,进入行动筛选
可售已匹配,B0H4552J6H,1店,凯旋,沙滩裤,KCC-STK-8111-L,B0HDB3X9SL,2,1,3,0,2026-09-03 至 2026-10-03,2026-10-05,进入行动筛选
仅Listing_报告未出现,B0H4556DGY,1店,凯旋,沙滩裤,KCC-STK-AA-XL,B0HDB3X9SL,2,,,,,2026-10-05,不据此判断零销量
仅Listing_报告未出现,B0H456JCRQ,1店,凯旋,沙滩裤,KCC-STK-A8-XL,B0HDB3X9SL,2,,,,,2026-10-05,不据此判断零销量
仅Listing_报告未出现,B0H456QPHC,1店,凯旋,沙滩裤,KCC-STK-A5-XL,B0HDB3X9SL,2,,,,,2026-10-05,不据此判断零销量
可售已匹配,B0H456QPHQ,1店,凯旋,沙滩裤,KCC-STK-8113-XL,B0HDB3X9SL,1,1,1,0,2026-09-03 至 2026-10-03,2026-10-05,进入行动筛选
可售已匹配,B0H456RSM8,1店,凯旋,沙滩裤,KCC-STK-AU-L,B0HDB3X9SL,1,1,1,0,2026-09-03 至 2026-10-03,2026-10-05,进入行动筛选
仅Listing_报告未出现,B0H456T45C,1店,凯旋,沙滩裤,KCC-STK-AK-XL,B0HDB3X9SL,2,,,,,2026-10-05,不据此判断零销量
可售已匹配,B0H456WR5Y,1店,凯旋,沙滩裤,KCC-STK-A8-L,B0HDB3X9SL,2,2,6,0,2026-09-03 至 2026-10-03,2026-10-05,进入行动筛选
可售已匹配,B0H457B86X,1店,凯旋,沙滩裤,KCC-STK-A5-L,B0HDB3X9SL,2,1,2,0,2026-09-03 至 2026-10-03,2026-10-05,进入行动筛选
可售已匹配,B0H457GMLL,1店,凯旋,沙滩裤,KCC-STK-AP-L,B0HDB3X9SL,1,2,3,0,2026-09-03 至 2026-10-03,2026-10-05,进入行动筛选
可售已匹配,B0H457V2WF,1店,凯旋,沙滩裤,KCC-STK-AR-L,B0HDB3X9SL,2,1,1,0,2026-09-03 至 2026-10-03,2026-10-05,进入行动筛选
仅Listing_报告未出现,B0H45924RR,1店,凯旋,沙滩裤,KCC-STK-AE-XL,B0HDB3X9SL,1,,,,,2026-10-05,不据此判断零销量
仅Listing_报告未出现,B0H45C8G3G,1店,凯旋,沙滩裤,KCC-STK-PF-XL,B0HDB3X9SL,2,,,,,2026-10-05,不据此判断零销量
可售已匹配,B0H45CFT4M,1店,凯旋,沙滩裤,KCC-STK-PG-L,B0HDB3X9SL,2,1,2,0,2026-09-03 至 2026-10-03,2026-10-05,进入行动筛选
可售已匹配,B0H45CXYX3,1店,凯旋,沙滩裤,KCC-STK-A4-L,B0HDB3X9SL,2,1,2,0,2026-09-03 至 2026-10-03,2026-10-05,进入行动筛选
仅Listing_报告未出现,B0H45DLC4C,1店,凯旋,沙滩裤,KCC-STK-AR-XL,B0HDB3X9SL,2,,,,,2026-10-05,不据此判断零销量
仅Listing_报告未出现,B0H45FFWYT,1店,凯旋,沙滩裤,KCC-STK-AU-XL,B0HDB3X9SL,2,,,,,2026-10-05,不据此判断零销量
可售已匹配,B0H45H4SH5,1店,图图,开瓶器,SP-kaipingqi-1,B0HCZGM9BM,10,25,28,12,2026-09-03 至 2026-10-03,2026-10-05,进入行动筛选
仅Listing_报告未出现,B0H45HDZBD,1店,凯旋,沙滩裤,KCC-STK-8111-XL,B0HDB3X9SL,2,,,,,2026-10-05,不据此判断零销量
可售已匹配,B0H4FB8GJ5,1店,凯旋,神奇清洁刷,KCC-SQQJS1-1,B0H4F84574,89,226,277,51,2026-09-03 至 2026-10-03,2026-10-05,进入行动筛选
可售已匹配,B0H4JHVR62,1店,图图,半自动打蛋器,SP-jiaobandadan3-1,B0H4JBC65Y,3,18,23,1,2026-09-03 至 2026-10-03,2026-10-05,进入行动筛选
可售已匹配,B0H4QR33RZ,1店,图图,化妆包碎花蓝,SP-suihua-blue,B0H4R5Y4WB,23,116,136,12,2026-09-03 至 2026-10-03,2026-10-05,进入行动筛选
可售已匹配,B0H4QRQG3B,1店,图图,托盘彩色,SP-tuopan-y,B0H4R5Y4WB,11,47,54,2,2026-09-03 至 2026-10-03,2026-10-05,进入行动筛选
可售已匹配,B0H4QWWNG8,1店,图图,水杯渐变本色,SP-shuibei02-hui,B0H4SNVS2K,5,25,33,0,2026-09-03 至 2026-10-03,2026-10-05,进入行动筛选
可售已匹配,B0H4QY2Q6R,1店,图图,化妆包丝绒黑,SP-sirong-black,B0H4R5Y4WB,7,31,32,2,2026-09-03 至 2026-10-03,2026-10-05,进入行动筛选
可售已匹配,B0H4R1FTF4,1店,图图,水杯渐变莓红色,SP-shuibei02-bai,B0H4SNVS2K,5,26,34,0,2026-09-03 至 2026-10-03,2026-10-05,进入行动筛选
可售已匹配,B0H4R3PZQY,1店,图图,化妆包帆布心,SP-fanbu-xin,B0H4R5Y4WB,10,74,87,2,2026-09-03 至 2026-10-03,2026-10-05,进入行动筛选
可售已匹配,B0H4R3VD5F,1店,图图,托盘金,SP-tuopan-j,B0H4R5Y4WB,9,65,74,0,2026-09-03 至 2026-10-03,2026-10-05,进入行动筛选
可售已匹配,B0H4R4D423,1店,图图,化妆包丝绒红,SP-sirong-red,B0H4R5Y4WB,18,52,64,12,2026-09-03 至 2026-10-03,2026-10-05,进入行动筛选
可售已匹配,B0H4R4M57L,1店,图图,水杯粉色,SP-shuibei01-fen,B0H4SNVS2K,5,23,30,0,2026-09-03 至 2026-10-03,2026-10-05,进入行动筛选
可售已匹配,B0H4R5F255,1店,图图,化妆包大绿,SP-dabao-lv,B0H4R5Y4WB,5,36,38,2,2026-09-03 至 2026-10-03,2026-10-05,进入行动筛选
可售已匹配,B0H4RBC8KS,1店,图图,化妆包帆布花,SP-fanbu-hua,B0H4R5Y4WB,12,52,58,1,2026-09-03 至 2026-10-03,2026-10-05,进入行动筛选
可售已匹配,B0H4S7LX2X,1店,凯旋,钱包,KCC-QB3-1,B0H4SSSTKY,2,13,17,1,2026-09-03 至 2026-10-03,2026-10-05,进入行动筛选
可售已匹配,B0H4SLS337,1店,凯旋,钱包,KCC-QB7-1,B0H4SYNRHM,3,2,2,0,2026-09-03 至 2026-10-03,2026-10-05,进入行动筛选
可售已匹配,B0H4SMX71P,1店,凯旋,户外保温杯,KCC-FHBWB-LAN,B0H4SNVS2K,11,121,141,0,2026-09-03 至 2026-10-03,2026-10-05,进入行动筛选
可售已匹配,B0H4SNSQGY,1店,凯旋,钱包,KCC-QB1-1,B0H4T18PCH,8,16,19,1,2026-09-03 至 2026-10-03,2026-10-05,进入行动筛选
可售已匹配,B0H4SPQF52,1店,凯旋,户外保温杯,KCC-FHBWB-BAI,B0H4SNVS2K,4,16,18,0,2026-09-03 至 2026-10-03,2026-10-05,进入行动筛选
仅Listing_报告未出现,B0H4SRKMC3,1店,凯旋,钱包,KCC-QB6-1,B0H4SR78KK,5,,,,,2026-10-05,不据此判断零销量
可售已匹配,B0H4SVBD6G,1店,凯旋,钱包,KCC-QB2-1,B0H4SRY4PD,3,5,5,1,2026-09-03 至 2026-10-03,2026-10-05,进入行动筛选
可售已匹配,B0H4SVBH74,1店,凯旋,钱包,KCC-QB5-1,B0H4SRLK1G,5,2,2,0,2026-09-03 至 2026-10-03,2026-10-05,进入行动筛选
可售已匹配,B0H4SVJ41D,1店,图图,水杯黑色,SP-shuibei01-hei,B0H4SNVS2K,4,26,27,1,2026-09-03 至 2026-10-03,2026-10-05,进入行动筛选
可售已匹配,B0H4SW6DPR,1店,凯旋,钱包,KCC-QB4-1,B0H4S9WYMC,3,2,2,0,2026-09-03 至 2026-10-03,2026-10-05,进入行动筛选
可售已匹配,B0H4SWX2ZD,1店,凯旋,户外保温杯,KCC-FHBWB-HUI,B0H4SNVS2K,4,17,19,0,2026-09-03 至 2026-10-03,2026-10-05,进入行动筛选
可售已匹配,B0H4SXF1R1,1店,图图,水杯白色,SP-shuibei01-bai,B0H4SNVS2K,5,13,14,0,2026-09-03 至 2026-10-03,2026-10-05,进入行动筛选
可售已匹配,B0H4T7JFNB,1店,凯旋,户外保温杯,KCC-FHBWB-HEI,B0H4SNVS2K,13,22,24,0,2026-09-03 至 2026-10-03,2026-10-05,进入行动筛选
可售已匹配,B0H4TJ1G99,1店,图图,水杯灰色,SP-shuibei01-hui,B0H4SNVS2K,5,15,16,0,2026-09-03 至 2026-10-03,2026-10-05,进入行动筛选
可售已匹配,B0H4V7VCG7,1店,图图,化妆包爱心白,SP-aixin2-whlite,B0H4TYGCLP,14,15,16,6,2026-09-03 至 2026-10-03,2026-10-05,进入行动筛选
可售已匹配,B0H4ZKSMFK,1店,图图,置物架眼镜盒,SP-yanjingqiang1-1,B0H4ZQZNNP,11,25,38,2,2026-09-03 至 2026-10-03,2026-10-05,进入行动筛选
可售已匹配,B0H4ZNP896,1店,凯旋,瑜伽,KCC-YJHXD1-2,B0H4ZLTJ4B,5,10,12,0,2026-09-03 至 2026-10-03,2026-10-05,进入行动筛选
可售已匹配,B0H5CDB2LZ,1店,图图,顺毛白色,SP-chumaodian-bai,B0H5CKYDZM,1,20,22,2,2026-09-03 至 2026-10-03,2026-10-05,进入行动筛选
仅业务报告_不可售已排除,B0H5CFKKXS,1店,,除毛,,,,4,4,2,2026-09-03 至 2026-10-03,,不可售，无需处理
可售已匹配,B0H5CNW9WC,1店,图图,顺毛白色,SP-chumaodian-huang,B0H5CKYDZM,3,8,10,0,2026-09-03 至 2026-10-03,2026-10-05,进入行动筛选
可售已匹配,B0H5J37TVL,1店,图图,刺头玩具,SP-citouxi-hui,B0H5HWXW1D,8,5,7,0,2026-09-03 至 2026-10-03,2026-10-05,进入行动筛选
仅业务报告_不可售已排除,B0H5JJV254,1店,,收纳茶包盒子,,,,1,1,0,2026-09-03 至 2026-10-03,,不可售，无需处理
可售已匹配,B0H5NQL47D,1店,图图,猫咪项圈蓝色,SP-xiangquan1-38-lan,B0H5NQJPLY,10,16,19,3,2026-09-03 至 2026-10-03,2026-10-05,进入行动筛选
可售已匹配,B0H5NRQYTL,1店,图图,猫咪项圈灰色,SP-xiangquan1-38-hui,B0H5NQJPLY,10,6,11,0,2026-09-03 至 2026-10-03,2026-10-05,进入行动筛选
可售已匹配,B0H5NTRGC7,1店,图图,狗狗项圈蓝色,SP-xiangquan1-62-lan,B0H5NQJPLY,15,40,58,8,2026-09-03 至 2026-10-03,2026-10-05,进入行动筛选
可售已匹配,B0H6B52MGC,1店,图图,全套粉扑，除蛋2，都3,SP-FP-quan01,B0H6B7MB9X,6,34,35,3,2026-09-03 至 2026-10-03,2026-10-05,进入行动筛选
可售已匹配,B0H6B94W5W,1店,图图,定妆全套,SP-FP-dingzhuang01,B0H6BD6LT4,4,28,40,5,2026-09-03 至 2026-10-03,2026-10-05,进入行动筛选
可售已匹配,B0H6BHRJ3D,1店,图图,拇指+咬一口,SP-FP-tao02,B0H6BDX73N,30,258,275,10,2026-09-03 至 2026-10-03,2026-10-05,进入行动筛选
可售已匹配,B0H6FCBTFQ,1店,图图,花瓶盒子,SP-huaping-1,B0H6FCDMJ7,45,613,867,42,2026-09-03 至 2026-10-03,2026-10-05,进入行动筛选
可售已匹配,B0H6FR5LLR,1店,凯旋,防撬螺栓锁,KCC-FQLSS-1,B0H6FYDML2,8,2,2,1,2026-09-03 至 2026-10-03,2026-10-05,进入行动筛选
可售已匹配,B0H6W7LF4V,1店,凯旋,,KCC-FPFEN-8,B0H6W6H791,5,5,6,0,2026-09-03 至 2026-10-03,2026-10-05,进入行动筛选
可售已匹配,B0H6W9TCGF,1店,凯旋,,KCC-FPFH-6,B0H6W517ZG,5,4,4,0,2026-09-03 至 2026-10-03,2026-10-05,进入行动筛选
可售已匹配,B0H6WFG56M,1店,凯旋,,KCC-FPhei-6,B0H6W3F8Y5,5,1,1,0,2026-09-03 至 2026-10-03,2026-10-05,进入行动筛选
可售已匹配,B0H6ZSB7QT,1店,图图,美妆蛋全套,SP-FP-dan01,B0H6ZW72SY,7,25,27,1,2026-09-03 至 2026-10-03,2026-10-05,进入行动筛选
可售已匹配,B0H74YH9L7,1店,图图,唇釉瓶子两个,SP-pingzi-2,B0H754J2J5,6,21,32,2,2026-09-03 至 2026-10-03,2026-10-05,进入行动筛选
可售已匹配,B0H757YZKL,1店,图图,储物盒挂式,SP-guashihezi-1,B0H758HSKT,21,66,82,26,2026-09-03 至 2026-10-03,2026-10-05,进入行动筛选
可售已匹配,B0H757ZDDM,1店,图图,雕刻黑色,SP-diaokejianying-1,B0H74ZCLDL,12,39,42,4,2026-09-03 至 2026-10-03,2026-10-05,进入行动筛选
可售已匹配,B0H758QZ82,1店,图图,阳光捕捉挂饰,SP-guashi-1,B0H756WL7J,38,76,114,13,2026-09-03 至 2026-10-03,2026-10-05,进入行动筛选
可售已匹配,B0H75974GT,1店,图图,雕刻花仙子,SP-diaokehua-1,B0H74ZCLDL,24,117,164,19,2026-09-03 至 2026-10-03,2026-10-05,进入行动筛选
可售已匹配,B0H75FDTFJ,1店,图图,雕刻青蛙,SP-qingwa1-1,B0H74ZCLDL,12,76,92,13,2026-09-03 至 2026-10-03,2026-10-05,进入行动筛选
仅Listing_报告未出现,B0H7BX9LX4,1店,图图,项圈反光M,SP-fanguangxiang-M,B0H7BX4XBV,5,,,,,2026-10-05,不据此判断零销量
可售已匹配,B0H7BZDVPX,1店,图图,项圈反光L,SP-fanguangxiang-L,B0H7BX4XBV,5,0,0,2,2026-09-03 至 2026-10-03,2026-10-05,进入行动筛选
可售已匹配,B0H835M3SR,1店,图图,标签蓝色,SP-tiezhi-l500,B0H82ZRD75,48,34,43,3,2026-09-03 至 2026-10-03,2026-10-05,进入行动筛选
可售已匹配,B0H835R6L8,1店,图图,标签红空白色,SP-tiezhi-hk500,B0H82ZRD75,10,16,17,5,2026-09-03 至 2026-10-03,2026-10-05,进入行动筛选
可售已匹配,B0H837CPQJ,1店,图图,标签红色,SP-tiezhi-h500,B0H82ZRD75,20,19,22,2,2026-09-03 至 2026-10-03,2026-10-05,进入行动筛选
可售已匹配,B0H838LLMS,1店,图图,标签蓝空白色,SP-tiezhi-lk500,B0H82ZRD75,15,10,10,2,2026-09-03 至 2026-10-03,2026-10-05,进入行动筛选
可售已匹配,B0H839HNWC,1店,图图,滴灌小鸟,SP-diguan-1,B0H8386RRZ,5,28,41,7,2026-09-03 至 2026-10-03,2026-10-05,进入行动筛选
可售已匹配,B0H83M8XCT,1店,凯旋,钉子辅助器,KCC-DZFZQ-1,B0H83F9RNX,10,18,19,6,2026-09-03 至 2026-10-03,2026-10-05,进入行动筛选
可售已匹配,B0H85YZ2SH,1店,图图,放光贴自行车,SP-fanguangwei1-6,B0H86D47N3,12,48,63,0,2026-09-03 至 2026-10-03,2026-10-05,进入行动筛选
可售已匹配,B0H87PX6S8,1店,图图,理线器裁剪款,SP-lixianqi-cai,B0H87LG4GP,12,3,4,6,2026-09-03 至 2026-10-03,2026-10-05,进入行动筛选
可售已匹配,B0H87Q24K7,1店,图图,理线器可撕款,SP-lixianqi-si,B0H87LG4GP,4,1,1,2,2026-09-03 至 2026-10-03,2026-10-05,进入行动筛选
仅业务报告_不可售已排除,B0H87SMLPN,1店,,手指保护套6,,,,30,33,5,2026-09-03 至 2026-10-03,,不可售，无需处理
可售已匹配,B0H8C298PP,1店,图图,书签,SP-shuqian-zi,B0H8BS1F8F,4,1,1,0,2026-09-03 至 2026-10-03,2026-10-05,进入行动筛选
可售已匹配,B0H8CLFCHY,1店,图图,容器盖带吸管2灰色,SP-rongqigaixi-hui,B0H2HGT5T6,4,39,47,6,2026-09-03 至 2026-10-03,2026-10-05,进入行动筛选
可售已匹配,B0H8CW83FM,1店,图图,容器盖带吸管2粉色,SP-rongqigaixi-fen,B0H2HGT5T6,4,36,42,6,2026-09-03 至 2026-10-03,2026-10-05,进入行动筛选
可售已匹配,B0H8N2WFMC,1店,图图,肌肉贴y6,SP-jiroutie-y6,B0H8CQM5JZ,9,2,2,0,2026-09-03 至 2026-10-03,2026-10-05,进入行动筛选
可售已匹配,B0H8N37Q9H,1店,图图,肌肉贴x6,SP-jiroutie-x6,B0H8CQM5JZ,7,9,14,1,2026-09-03 至 2026-10-03,2026-10-05,进入行动筛选
可售已匹配,B0H8N596PD,1店,图图,项圈62狗狗灰色,SP-xiangquan1-62-hui,B0H5NQJPLY,13,10,12,5,2026-09-03 至 2026-10-03,2026-10-05,进入行动筛选
可售已匹配,B0H8NS4XQD,1店,图图,双丝带+云朵,SP-FP-quan02,B0H6B7MB9X,37,235,262,14,2026-09-03 至 2026-10-03,2026-10-05,进入行动筛选
可售已匹配,B0H8NVTHWY,1店,图图,逗猫棒替换头小飞虫,SP-doumaotihuan-fei,B0H8NYTS5W,6,10,17,1,2026-09-03 至 2026-10-03,2026-10-05,进入行动筛选
可售已匹配,B0H8NXW7RV,1店,图图,逗猫棒替换头蝴蝶,SP-doumaotihuan-hu,B0H8NYTS5W,7,5,5,0,2026-09-03 至 2026-10-03,2026-10-05,进入行动筛选
可售已匹配,B0H8NZD7H3,1店,图图,逗猫棒替换头蜜蜂,SP-doumaotihuan-mi,B0H8NYTS5W,7,4,4,0,2026-09-03 至 2026-10-03,2026-10-05,进入行动筛选
可售已匹配,B0H8S6WLF4,1店,图图,没有美妆蛋套装,SP-FP-tao01,B0H6BDX73N,5,10,10,2,2026-09-03 至 2026-10-03,2026-10-05,进入行动筛选
可售已匹配,B0H8SBSQLN,1店,图图,定妆2个装,SP-FP-dingzhuang02,B0H6BD6LT4,30,334,374,9,2026-09-03 至 2026-10-03,2026-10-05,进入行动筛选
可售已匹配,B0H8SD17Y2,1店,图图,美妆蛋一个,SP-FP-dan02,B0H6ZW72SY,18,97,117,6,2026-09-03 至 2026-10-03,2026-10-05,进入行动筛选
可售已匹配,B0H8WRTHCN,1店,凯旋,高压吸水枪,KCC-GYXCSQ-1,B0H8WFLQB8,18,66,85,2,2026-09-03 至 2026-10-03,2026-10-05,进入行动筛选
可售已匹配,B0H94G5KPB,1店,图图,风动板1块,SP-FDB-1,B0H94NK69W,8,25,40,4,2026-09-03 至 2026-10-03,2026-10-05,进入行动筛选
可售已匹配,B0H94GR825,1店,图图,海棉架,SP-haimianjia-gui,B0H94HJV8Q,15,46,53,1,2026-09-03 至 2026-10-03,2026-10-05,进入行动筛选
可售已匹配,B0H94H27C2,1店,图图,开蛋器粉色,SP-kaidan-fen2,B0H94TYLWT,5,14,18,4,2026-09-03 至 2026-10-03,2026-10-05,进入行动筛选
可售已匹配,B0H94H59HV,1店,凯旋,刮刀,KCC-GD-O,B0H94RCJKV,4,2,2,5,2026-09-03 至 2026-10-03,2026-10-05,进入行动筛选
可售已匹配,B0H94HLDQ8,1店,图图,散粉器,SP-safen-1,B0H94XQT8C,6,4,4,0,2026-09-03 至 2026-10-03,2026-10-05,进入行动筛选
可售已匹配,B0H94J45BK,1店,凯旋,棘轮扳手,KCC-JLBS-B,B0H94M75FV,105,75,85,15,2026-09-03 至 2026-10-03,2026-10-05,进入行动筛选
可售已匹配,B0H94KM8XQ,1店,图图,开蛋器红色,SP-kaidan-hong2,B0H94TYLWT,7,23,34,3,2026-09-03 至 2026-10-03,2026-10-05,进入行动筛选
可售已匹配,B0H94L3FGK,1店,图图,花网网格,SP-huayiwang-2,B0H94NNS7F,3,57,97,9,2026-09-03 至 2026-10-03,2026-10-05,进入行动筛选
可售已匹配,B0H94LH1W4,1店,图图,餐垫叶子,SP-candian-ye,B0H94M4GRJ,10,10,17,8,2026-09-03 至 2026-10-03,2026-10-05,进入行动筛选
仅Listing_报告未出现,B0H94RF212,1店,图图,蝴蝶挂钩,SP-zhankouhu-4,B0H94KN6QT,10,,,,,2026-10-05,不据此判断零销量
可售已匹配,B0H94T18DW,1店,图图,粘毛器2个,SP-zhanmaoqi-2,B0H94M4CPQ,5,4,5,1,2026-09-03 至 2026-10-03,2026-10-05,进入行动筛选
仅业务报告_不可售已排除,B0H94T31LX,1店,,纳米胶贴,,,,1,1,0,2026-09-03 至 2026-10-03,,不可售，无需处理
可售已匹配,B0H94T4PJR,1店,图图,发夹链,SP-fajialian-2,B0H94SC7FS,17,18,20,5,2026-09-03 至 2026-10-03,2026-10-05,进入行动筛选
可售已匹配,B0H94TD6Z6,1店,凯旋,胶贴,KCC-JT-B,B0H94XX8BN,27,85,105,16,2026-09-03 至 2026-10-03,2026-10-05,进入行动筛选
可售已匹配,B0H94VBS47,1店,凯旋,户外绳索,KCC-HWSS-1,B0H94GZCMQ,12,2,2,0,2026-09-03 至 2026-10-03,2026-10-05,进入行动筛选
可售已匹配,B0H9L6XDLW,1店,图图,发梳一个,SP-fashua-1,B0H9LG9BSZ,3,20,27,3,2026-09-03 至 2026-10-03,2026-10-05,进入行动筛选
可售已匹配,B0H9LCRG1W,1店,图图,发梳3个,SP-fashua-3,B0H9LG9BSZ,5,6,14,1,2026-09-03 至 2026-10-03,2026-10-05,进入行动筛选
可售已匹配,B0H9RF8V1Q,1店,凯旋,,KCC-FPhei-11,B0H6W3F8Y5,10,7,8,0,2026-09-03 至 2026-10-03,2026-10-05,进入行动筛选
可售已匹配,B0H9RJLTQW,1店,凯旋,,KCC-FPfen-1,B0H6W6H791,10,8,12,0,2026-09-03 至 2026-10-03,2026-10-05,进入行动筛选
可售已匹配,B0H9WHHVRL,1店,凯旋,纳米胶贴,KCC-NMJT-1,B0H94T31LX,49,63,95,15,2026-09-03 至 2026-10-03,2026-10-05,进入行动筛选
可售已匹配,B0H9WK3DTW,1店,凯旋,理线器,KCC-LXQ-B,B0H94TT4GW,80,549,677,56,2026-09-03 至 2026-10-03,2026-10-05,进入行动筛选
可售已匹配,B0H9WLXF2K,1店,凯旋,纳米胶贴,KCC-NMJT-10,B0H94T31LX,22,20,25,0,2026-09-03 至 2026-10-03,2026-10-05,进入行动筛选
可售已匹配,B0H9WP8QXB,1店,凯旋,手机握把,KCC-SJWB-Black,B0H9WGMWB1,22,238,268,16,2026-09-03 至 2026-10-03,2026-10-05,进入行动筛选
可售已匹配,B0H9WXTDJP,1店,凯旋,沐浴球,KCC-MYQ-NG,B0H94R2RMG,58,115,161,14,2026-09-03 至 2026-10-03,2026-10-05,进入行动筛选
可售已匹配,B0H9XV761M,1店,凯旋,小号 坐 小黄鸭单只,KCC-XHYBJ-ZUO,B0H9Y63FP1,65,1656,1973,142,2026-09-03 至 2026-10-03,2026-10-05,进入行动筛选
可售已匹配,B0H9XXXNYF,1店,凯旋,小号 站 小黄鸭单只,KCC-XHYBJ-ZHAN,B0H9Y63FP1,79,1663,1923,81,2026-09-03 至 2026-10-03,2026-10-05,进入行动筛选
可售已匹配,B0H9Y9SYT6,1店,图图,开蛋器黄色,SP-kaidan-huang21,B0H94TYLWT,6,5,8,2,2026-09-03 至 2026-10-03,2026-10-05,进入行动筛选
可售已匹配,B0H9YBTZFY,1店,图图,手机支架磁吸粉色,SP-zhijiaci-fen2,B0H9YDPSPX,5,6,9,0,2026-09-03 至 2026-10-03,2026-10-05,进入行动筛选
可售已匹配,B0H9YC58LD,1店,图图,清洁海绵多层+洗碗布,SP-qingjieduocen-1,B0HB4KVWBG,6,1,1,0,2026-09-03 至 2026-10-03,2026-10-05,进入行动筛选
可售已匹配,B0H9YG76P6,1店,凯旋,不锈钢清洁刷,KCC-BXGQJS-Y,B0H9Y6VC4L,121,760,1032,129,2026-09-03 至 2026-10-03,2026-10-05,进入行动筛选
仅业务报告_不可售已排除,B0HB48JQCY,1店,,冰箱贴夹,,,,2,2,0,2026-09-03 至 2026-10-03,,不可售，无需处理
可售已匹配,B0HB4LWQZ9,1店,图图,开瓶器扑克银色+黑色,SP-kaipijiu-1,B0HD79BH6P,4,3,3,2,2026-09-03 至 2026-10-03,2026-10-05,进入行动筛选
可售已匹配,B0HB4QYX2H,1店,凯旋,水槽过滤,KCC-SCGL-Y,B0HB4NDTFT,115,299,380,101,2026-09-03 至 2026-10-03,2026-10-05,进入行动筛选
可售已匹配,B0HB4SFQYB,1店,图图,小毛巾鸭子,SP-maojin-dae,B0GVR5WKNS,14,21,27,7,2026-09-03 至 2026-10-03,2026-10-05,进入行动筛选
可售已匹配,B0HB4TXXNR,1店,图图,手机支架磁吸粉色,SP-zhijiaci-hei2,B0H9YDPSPX,5,9,11,1,2026-09-03 至 2026-10-03,2026-10-05,进入行动筛选
可售已匹配,B0HB8Q4WQG,1店,图图,卷发草莓六个,SP-juanfacao-6,B0HB8YXNJW,6,3,8,0,2026-09-03 至 2026-10-03,2026-10-05,进入行动筛选
可售已匹配,B0HB8WFKVH,1店,图图,卷发草莓一个,SP-juanfacao-1,B0HB8YXNJW,6,3,3,0,2026-09-03 至 2026-10-03,2026-10-05,进入行动筛选
可售已匹配,B0HB8XWH14,1店,图图,摩托把手套1个,SP-motuochanrao-1,B0HB8YQ8Z7,4,5,5,1,2026-09-03 至 2026-10-03,2026-10-05,进入行动筛选
可售已匹配,B0HB9CYXZR,1店,图图,摩托把手套2个,SP-motuochanrao-2,B0HB8YQ8Z7,6,4,4,0,2026-09-03 至 2026-10-03,2026-10-05,进入行动筛选
可售已匹配,B0HBBP7ZRS,1店,凯旋,短柄棘轮螺丝刀,KCC-DBJLLSD-B,B0H94PTFMM,5,17,28,12,2026-09-03 至 2026-10-03,2026-10-05,进入行动筛选
可售已匹配,B0HBVDJCH3,1店,凯旋,多功能剥线器,KCC-DGNBXQ-1,B0HBVCXLJ5,11,132,200,13,2026-09-03 至 2026-10-03,2026-10-05,进入行动筛选
可售已匹配,B0HBW1TV45,1店,凯旋,眼镜盒,KCC-YJH-MTL,B0H2HJTZ7S,13,133,153,8,2026-09-03 至 2026-10-03,2026-10-05,进入行动筛选
可售已匹配,B0HBWCJLYN,1店,凯旋,眼镜盒,KCC-YJH-HH,B0H2HJTZ7S,29,137,159,16,2026-09-03 至 2026-10-03,2026-10-05,进入行动筛选
可售已匹配,B0HBWL8LC9,1店,图图,刮痧,SP-guasha-1,B0HC6QPLGZ,12,18,22,1,2026-09-03 至 2026-10-03,2026-10-05,进入行动筛选
可售已匹配,B0HBWPL1GZ,1店,图图,书签叶子,SP-shuqian-ye,B0H8BS1F8F,9,1,2,1,2026-09-03 至 2026-10-03,2026-10-05,进入行动筛选
可售已匹配,B0HBWQ2R9B,1店,cccady,,CA-Sock-S5-Green-R2,B0HBWLJMSK,4,2,2,1,2026-09-03 至 2026-10-03,2026-10-05,进入行动筛选
可售已匹配,B0HBWRHXFD,1店,图图,防烫夹红色,SP-fangtangjia-1hong,B0H1QP7PPS,21,7,7,0,2026-09-03 至 2026-10-03,2026-10-05,进入行动筛选
仅业务报告_不可售已排除,B0HBWSQ1YW,1店,,"Women's Non-Slip Five-Toe Yoga Grip Socks for Pilates Barre Dance, Low Cut Studio Toe Socks, One Pair, Purple",,,,8,10,4,2026-09-03 至 2026-10-03,,不可售，无需处理
可售已匹配,B0HBWX6FX1,1店,图图,鞋带白色,SP-xiedai-bai,B0HBWN8JGN,25,20,29,9,2026-09-03 至 2026-10-03,2026-10-05,进入行动筛选
可售已匹配,B0HC2J31HX,1店,图图,鞋带彩色,SP-xiedai-cai,B0HBWN8JGN,7,23,30,4,2026-09-03 至 2026-10-03,2026-10-05,进入行动筛选
可售已匹配,B0HC2V5GCS,1店,图图,画本,SP-huaben-mi,B0HC2WNV33,8,7,7,2,2026-09-03 至 2026-10-03,2026-10-05,进入行动筛选
仅Listing_报告未出现,B0HC3B175R,1店,cccady,防水洗漱包-灰色-大号,TTCA-Washbag-Grey,B0HC3BQX2D,10,,,,,2026-10-05,不据此判断零销量
可售已匹配,B0HC3DJTF1,1店,cccady,美甲脚趾分离器-粉色花朵款,TTCA-Sperators-Flower-Pik,B0HC3RND7T,23,126,156,18,2026-09-03 至 2026-10-03,2026-10-05,进入行动筛选
可售已匹配,B0HC3FKH5W,1店,cccady,防水洗漱包-白色-大号,TTCA-Washbag-White,B0HC3BQX2D,10,3,3,0,2026-09-03 至 2026-10-03,2026-10-05,进入行动筛选
可售已匹配,B0HC3J2F63,1店,cccady,猫咪玩具羽毛,TTCA-PetToy-Feather-R,B0HDLLWN8B,35,281,353,36,2026-09-03 至 2026-10-03,2026-10-05,进入行动筛选
可售已匹配,B0HC3LRX15,1店,cccady,美甲脚趾分离器-珍珠款,TTCA-Sperators-Pearl,B0HC3RND7T,62,388,509,43,2026-09-03 至 2026-10-03,2026-10-05,进入行动筛选
可售已匹配,B0HC3Z7M1X,1店,cccady,摇摇杯-黑色,TTCA-Shakerbottle-Black,B0HFCK4RX4,10,15,15,2,2026-09-03 至 2026-10-03,2026-10-05,进入行动筛选
可售已匹配,B0HC3ZH22D,1店,cccady,冷感运动毛巾-绿色,TTCA-Towel-green,B0HC46CXJ3,8,5,5,1,2026-09-03 至 2026-10-03,2026-10-05,进入行动筛选
可售已匹配,B0HC3ZPC6H,1店,cccady,鱼尾纱花束包装纸-粉色-无卷芯,TTCA-Fishtail-Ribbon-Pik,B0HC4829W2,68,324,389,34,2026-09-03 至 2026-10-03,2026-10-05,进入行动筛选
可售已匹配,B0HC3ZWK92,1店,cccady,鱼尾纱花束包装纸-紫色-无卷芯,TTCA-Fishtail-Ribbon-Purp,B0HC4829W2,42,328,435,45,2026-09-03 至 2026-10-03,2026-10-05,进入行动筛选
可售已匹配,B0HC426YLT,1店,cccady,AirTag硅胶宠物项圈-白色,TTCA-PetXQ-Airlight-WHITE,B0HC43FXQL,9,9,11,0,2026-09-03 至 2026-10-03,2026-10-05,进入行动筛选
可售已匹配,B0HC42KHMP,1店,cccady,AirTag硅胶宠物项圈-粉色,TTCA-PetXQ-Airlight-PINK,B0HC43FXQL,9,4,6,1,2026-09-03 至 2026-10-03,2026-10-05,进入行动筛选
可售已匹配,B0HC469Y3C,1店,cccady,冷感运动毛巾-灰色,TTCA-Towel-grey,B0HC46CXJ3,11,3,3,5,2026-09-03 至 2026-10-03,2026-10-05,进入行动筛选
可售已匹配,B0HC48FQDN,1店,cccady,植物固定夹-白色-50个装,TTCA-Clips-White-50,B0HHFFGPY9,67,196,235,30,2026-09-03 至 2026-10-03,2026-10-05,进入行动筛选
可售已匹配,B0HC48VRVJ,1店,cccady,鱼尾纱花束包装纸-白色-无卷芯,TTCA-Fishtail-Ribbon-Wit,B0HC4829W2,31,354,440,54,2026-09-03 至 2026-10-03,2026-10-05,进入行动筛选
可售已匹配,B0HC4BHN2H,1店,cccady,摇摇杯-绿色,TTCA-Shakerbottle-Green,B0HFCK4RX4,8,15,24,2,2026-09-03 至 2026-10-03,2026-10-05,进入行动筛选
可售已匹配,B0HC4C269F,1店,cccady,植物固定夹-棕色-50个装,TTCA-Clips-Brown-50,B0HHFFGPY9,49,131,170,15,2026-09-03 至 2026-10-03,2026-10-05,进入行动筛选
可售已匹配,B0HC4C99XC,1店,cccady,植物固定夹-绿色-50个装,TTCA-Clips-Green-50,B0HHFFGPY9,75,308,374,46,2026-09-03 至 2026-10-03,2026-10-05,进入行动筛选
可售已匹配,B0HC4CCJX8,1店,cccady,摇摇杯-粉色,TTCA-Shakerbottle-Pink,B0HFCK4RX4,10,4,6,0,2026-09-03 至 2026-10-03,2026-10-05,进入行动筛选
可售已匹配,B0HC4GC85N,1店,cccady,冷感运动毛巾-粉色,TTCA-Towel-pink,B0HC46CXJ3,3,5,8,6,2026-09-03 至 2026-10-03,2026-10-05,进入行动筛选
可售已匹配,B0HC5WX6KQ,1店,凯旋,眼线棉签,KCC-YXMQ-W,B0HC5PNQYC,43,378,441,77,2026-09-03 至 2026-10-03,2026-10-05,进入行动筛选
可售已匹配,B0HC6JM9GK,1店,图图,发圈灰+紫,SP-faquan-2zh,B0HK3RDRL8,9,3,3,0,2026-09-03 至 2026-10-03,2026-10-05,进入行动筛选
可售已匹配,B0HC6MWL5L,1店,凯旋,金箔扑克,KCC-JBPK-J,B0HC6KRM4N,17,50,64,2,2026-09-03 至 2026-10-03,2026-10-05,进入行动筛选
可售已匹配,B0HC6N7M63,1店,图图,发圈金+粉,SP-faquan-2gf,B0HK3RDRL8,9,2,2,0,2026-09-03 至 2026-10-03,2026-10-05,进入行动筛选
可售已匹配,B0HC6NSFC2,1店,cccady,换图垫绿色50cm,TTCA-RepotMat-Green-50-R,B0HC6NHLPF,133,398,506,119,2026-09-03 至 2026-10-03,2026-10-05,进入行动筛选
可售已匹配,B0HC6NVFWD,1店,图图,香草剥离器,SP-boliqi-1,B0HC6DXMV4,10,5,7,0,2026-09-03 至 2026-10-03,2026-10-05,进入行动筛选
可售已匹配,B0HC6SR8TN,1店,凯旋,美甲锉条,KCC-MJCT-H-V1,B0HB5463QH,50,217,267,43,2026-09-03 至 2026-10-03,2026-10-05,进入行动筛选
可售已匹配,B0HCB7VFH2,1店,凯旋,植物绑带,KCC-ZWBD-10PCS,B0H1VK6P8V,27,19,20,11,2026-09-03 至 2026-10-03,2026-10-05,进入行动筛选
可售已匹配,B0HCB96BSC,1店,凯旋,神奇清洁刷,KCC-SQQJS1-LAN,B0H4F84574,30,26,27,5,2026-09-03 至 2026-10-03,2026-10-05,进入行动筛选
可售已匹配,B0HCBBNYX6,1店,凯旋,植物绑带,KCC-ZWBD-15MM,B0H1VK6P8V,13,40,42,3,2026-09-03 至 2026-10-03,2026-10-05,进入行动筛选
可售已匹配,B0HCBBZT8S,1店,凯旋,植物绑带,KCC-ZWBD-20MM,B0H1VK6P8V,9,36,42,7,2026-09-03 至 2026-10-03,2026-10-05,进入行动筛选
仅业务报告_不可售已排除,B0HCBC3KXJ,1店,,神奇清洁刷,,,,59,83,9,2026-09-03 至 2026-10-03,,不可售，无需处理
可售已匹配,B0HCBF3H82,1店,凯旋,神奇清洁刷,KCC-SQQJS1-2,B0H4F84574,46,32,38,10,2026-09-03 至 2026-10-03,2026-10-05,进入行动筛选
仅业务报告_不可售已排除,B0HCBHQJZT,1店,,垃圾桶贴纸,,,,24,28,0,2026-09-03 至 2026-10-03,,不可售，无需处理
可售已匹配,B0HCBPBCRP,1店,凯旋,软毛刷,KCC-CZS-duan,B0GTKNBJ45,38,39,45,7,2026-09-03 至 2026-10-03,2026-10-05,进入行动筛选
可售已匹配,B0HCC6CRMC,1店,cccady,磁吸小花瓶黄色,TTCA-Vase-Yellow-2S,B0HCBK2Q4M,94,340,430,44,2026-09-03 至 2026-10-03,2026-10-05,进入行动筛选
可售已匹配,B0HCJ8S9VV,1店,cccady,猫咪玩具蝴蝶,TTCA-Petchewtoy-fly,B0HDLLWN8B,20,65,79,9,2026-09-03 至 2026-10-03,2026-10-05,进入行动筛选
可售已匹配,B0HCJ928HM,1店,cccady,猫咪玩具串串球,TTCA-Petchewtoy-ball,B0HDLLWN8B,20,67,78,3,2026-09-03 至 2026-10-03,2026-10-05,进入行动筛选
可售已匹配,B0HCJBPRZ3,1店,cccady,猫咪玩具不倒翁彩色,TTCA-Pettoy-Feather,B0HCJBH29L,37,61,68,14,2026-09-03 至 2026-10-03,2026-10-05,进入行动筛选
可售已匹配,B0HCJD8736,1店,cccady,猫咪玩具鹦鹉,TTCA-Petchewtoy-bird,B0HDLLWN8B,18,58,71,6,2026-09-03 至 2026-10-03,2026-10-05,进入行动筛选
仅Listing_报告未出现,B0HCJFJKB8,1店,cccady,皮质项圈蓝色,TTCA-Pet-XQ-Airtag-Blue,B0HCJ92929,2,,,,,2026-10-05,不据此判断零销量
可售已匹配,B0HCJGM7R2,1店,cccady,猫咪玩具不倒翁黄色,TTCA-Pettoy-Sisal,B0HCJBH29L,15,122,165,38,2026-09-03 至 2026-10-03,2026-10-05,进入行动筛选
仅Listing_报告未出现,B0HCJH94QJ,1店,cccady,皮质项圈粉色,TTCA-Pet-XQ-Airtag-Pink,B0HCJ92929,2,,,,,2026-10-05,不据此判断零销量
可售已匹配,B0HCJJQ5X3,1店,cccady,皮质项圈黑色,TTCA-Pet-XQ-Airtag-Black,B0HCJ92929,2,3,4,0,2026-09-03 至 2026-10-03,2026-10-05,进入行动筛选
可售已匹配,B0HCJK8L7W,1店,cccady,猫咪玩具老鼠,TTCA-Petchewtoy-mouse,B0HDLLWN8B,10,71,74,7,2026-09-03 至 2026-10-03,2026-10-05,进入行动筛选
仅业务报告_不可售已排除,B0HCN22Z4Z,1店,,地板清洁片,,,,12,16,2,2026-09-03 至 2026-10-03,,不可售，无需处理
可售已匹配,B0HCNYSW5X,1店,凯旋,薄荷器,KCC-BHQ-CHENG,B0GZV46QKN,30,136,142,19,2026-09-03 至 2026-10-03,2026-10-05,进入行动筛选
可售已匹配,B0HCZ3SCG1,1店,凯旋,防水套卡,KCC-FSTK-10,B0HCZ63Z2Q,10,3,3,0,2026-09-03 至 2026-10-03,2026-10-05,进入行动筛选
可售已匹配,B0HCZ5RGRM,1店,凯旋,信封,KCC-XF-10,B0HCZ54MCW,10,1,1,0,2026-09-03 至 2026-10-03,2026-10-05,进入行动筛选
可售已匹配,B0HCZ6TLW7,1店,凯旋,尺子,KCC-CZ-H8,B0HCZ8RWYH,12,63,81,11,2026-09-03 至 2026-10-03,2026-10-05,进入行动筛选
可售已匹配,B0HCZB2HCP,1店,图图,骑行眼睛,SP-qixing-black,B0HCZHG1HM,10,1,1,0,2026-09-03 至 2026-10-03,2026-10-05,进入行动筛选
可售已匹配,B0HD5Z3FY8,1店,图图,喷壶2个,SP-peihu-2,B0HCZGF1H1,10,9,13,0,2026-09-03 至 2026-10-03,2026-10-05,进入行动筛选
可售已匹配,B0HD6NRZP4,1店,图图,diy珠珠8款,SP-diy-16,B0HD73HLW3,7,8,10,0,2026-09-03 至 2026-10-03,2026-10-05,进入行动筛选
可售已匹配,B0HD6WR84R,1店,图图,SP-baohuzhao-60*80,SP-baohuzhao-60*80,B0H3N1959R,8,8,11,5,2026-09-03 至 2026-10-03,2026-10-05,进入行动筛选
可售已匹配,B0HD6XLWPD,1店,图图,冰箱贴猫咪,SP-bingxiang05-mao,B0HD6VJH6R,10,13,16,0,2026-09-03 至 2026-10-03,2026-10-05,进入行动筛选
可售已匹配,B0HD6YL3X1,1店,图图,SP-baohuzhao-1*1.2,SP-baohuzhao-1*1.2,B0H3N1959R,14,24,33,6,2026-09-03 至 2026-10-03,2026-10-05,进入行动筛选
可售已匹配,B0HD76WV3B,1店,图图,蜡线,SP-naxian-6,B0HD732SD6,10,3,4,0,2026-09-03 至 2026-10-03,2026-10-05,进入行动筛选
仅Listing_报告未出现,B0HD776QG4,1店,图图,抱枕套南瓜,SP-baozhen-nangua,B0HD717ZLB,8,,,,,2026-10-05,不据此判断零销量
可售已匹配,B0HDBFDT41,1店,图图,骷髅头鱼缸,SP-kulou-1,B0HDBHCQJF,9,11,17,0,2026-09-03 至 2026-10-03,2026-10-05,进入行动筛选
可售已匹配,B0HDBKV13V,1店,图图,水母鱼缸,SP-shuimu-1,B0HDBHCQJF,9,13,17,0,2026-09-03 至 2026-10-03,2026-10-05,进入行动筛选
可售已匹配,B0HDBM7CVC,1店,凯旋,粉蔷薇手链,KCC-FQWSL-FEN,B0HDBM7CVC,16,30,42,4,2026-09-03 至 2026-10-03,2026-10-05,进入行动筛选
可售已匹配,B0HDCFG7ZX,1店,凯旋,沐浴球,KCC-MYQ-WX,B0H94R2RMG,30,48,52,9,2026-09-03 至 2026-10-03,2026-10-05,进入行动筛选
可售已匹配,B0HDM1NB6T,1店,cccady,磁吸小花瓶棕色,TTCA-Vase-Brown2S-R,B0HCBK2Q4M,109,105,122,27,2026-09-03 至 2026-10-03,2026-10-05,进入行动筛选
可售已匹配,B0HDQCJ4PX,1店,cccady,弹力带绿色,TTCA-LLD-Green,B0HDQ6FF2J,8,17,18,11,2026-09-03 至 2026-10-03,2026-10-05,进入行动筛选
可售已匹配,B0HDQCZNNH,1店,cccady,弹力带蓝色,TTCA-LLD-Blue,B0HDQ6FF2J,11,63,75,18,2026-09-03 至 2026-10-03,2026-10-05,进入行动筛选
可售已匹配,B0HDR6CSQT,1店,cccady,弹力圈五色套装,TTCA-LLD-FColor-5,B0HDR6CSQT,5,12,14,8,2026-09-03 至 2026-10-03,2026-10-05,进入行动筛选
可售已匹配,B0HDYC6VV4,1店,凯旋,方形烘培纸,KCC-FXHPZ-100,B0H3TYBBYK,17,171,218,30,2026-09-03 至 2026-10-03,2026-10-05,进入行动筛选
可售已匹配,B0HDYHLF5X,1店,图图,开罐器绿,SP-kaiguan-lv,B0H1FTWD8V,8,23,33,2,2026-09-03 至 2026-10-03,2026-10-05,进入行动筛选
可售已匹配,B0HDYKHXPY,1店,图图,压蒜器全套,SP-yasuaguijiao-quan,B0HDYN16C1,9,12,12,1,2026-09-03 至 2026-10-03,2026-10-05,进入行动筛选
可售已匹配,B0HDYQ7H64,1店,凯旋,银心脚链（金）,KCC-YXJL-JIN,B0H285PRJ3,10,2,2,0,2026-09-03 至 2026-10-03,2026-10-05,进入行动筛选
仅Listing_报告未出现,B0HDYTLT3C,1店,凯旋,创意手机支架,KCC-CYSJZJ-JIN,B0HDYM46DL,5,,,,,2026-10-05,不据此判断零销量
可售已匹配,B0HDYY35MX,1店,图图,压蒜器绿色,SP-yasuaguijiao-lv,B0HDYN16C1,11,52,62,8,2026-09-03 至 2026-10-03,2026-10-05,进入行动筛选
仅Listing_报告未出现,B0HDZ5TP56,1店,凯旋,老头胸针,KCC-LTXZ-1,B0HDYPPSNG,10,,,,,2026-10-05,不据此判断零销量
可售已匹配,B0HF3J14XL,1店,图图,标签蓝色横线500,SP-tiezhi-lh500z,B0H82ZRD75,20,61,83,8,2026-09-03 至 2026-10-03,2026-10-05,进入行动筛选
可售已匹配,B0HF3VFD4S,1店,图图,凳腿保护4个透明,SP-dengtuibaohu-4tou,B0HF3W52KW,7,43,55,3,2026-09-03 至 2026-10-03,2026-10-05,进入行动筛选
可售已匹配,B0HF3VK7ML,1店,图图,凳腿保护8个透明,SP-dengtuibaohu-8tou,B0HF3W52KW,19,77,109,11,2026-09-03 至 2026-10-03,2026-10-05,进入行动筛选
可售已匹配,B0HF3VVB71,1店,图图,凳腿保护4个灰色,SP-dengtuibaohu-4thui,B0HF3W52KW,10,17,20,0,2026-09-03 至 2026-10-03,2026-10-05,进入行动筛选
可售已匹配,B0HF3Z8GDB,1店,图图,凳腿保护8个灰色,SP-dengtuibaohu-8thui,B0HF3W52KW,9,18,18,1,2026-09-03 至 2026-10-03,2026-10-05,进入行动筛选
可售已匹配,B0HF44VVB3,1店,图图,画笔中号,SP-huabi-zhonghao,B0HF4FZZB1,8,1,1,0,2026-09-03 至 2026-10-03,2026-10-05,进入行动筛选
可售已匹配,B0HF45R5J6,1店,图图,画笔极细,SP-huabi-jixi,B0HF4FZZB1,13,7,10,8,2026-09-03 至 2026-10-03,2026-10-05,进入行动筛选
仅Listing_报告未出现,B0HF482S77,1店,图图,挂钩帽子白红,SP-guagou-baihong,B0HF46BQRJ,10,,,,,2026-10-05,不据此判断零销量
可售已匹配,B0HF49BQJJ,1店,凯旋,海绵擦,KCC-HMC-LAN,B0HF486C3Q,10,2,2,0,2026-09-03 至 2026-10-03,2026-10-05,进入行动筛选
可售已匹配,B0HF4B69H4,1店,图图,印章爱心+笑脸,SP-yinzhang-2,B0HCXTDCMD,7,15,16,2,2026-09-03 至 2026-10-03,2026-10-05,进入行动筛选
可售已匹配,B0HF4D53KJ,1店,图图,印章爱心+笑脸+赞+星,SP-yinzhang-4,B0HCXTDCMD,21,82,102,26,2026-09-03 至 2026-10-03,2026-10-05,进入行动筛选
可售已匹配,B0HF4KD669,1店,凯旋,自粘耳签,KCC-ZZEQ-BAI,B0HF4LJNDB,10,4,4,0,2026-09-03 至 2026-10-03,2026-10-05,进入行动筛选
仅业务报告_不可售已排除,B0HF4KDXLN,1店,,水龙头过滤,,,,8,9,0,2026-09-03 至 2026-10-03,,不可售，无需处理
可售已匹配,B0HF4P4N8T,1店,凯旋,多彩橡皮,KCC-DCXP-5,B0HF4LZ4X8,8,1,4,2,2026-09-03 至 2026-10-03,2026-10-05,进入行动筛选
可售已匹配,B0HF4PLZBX,1店,凯旋,幽灵摆件,KCC-YLBJ-BAI,B0HF4G9N1D,13,31,52,7,2026-09-03 至 2026-10-03,2026-10-05,进入行动筛选
仅Listing_报告未出现,B0HF4TKC6B,1店,凯旋,牙线,KCC-YX-BAI,B0HF4KFLP9,10,,,,,2026-10-05,不据此判断零销量
可售已匹配,B0HF4XBD5J,1店,图图,登山扣彩色D,SP-dengsan06-cai,B0GVQHM358,20,187,210,20,2026-09-03 至 2026-10-03,2026-10-05,进入行动筛选
可售已匹配,B0HF54TB89,1店,图图,挂钩帽子绿粉,SP-guagou-lvfen,B0HF46BQRJ,10,10,10,0,2026-09-03 至 2026-10-03,2026-10-05,进入行动筛选
可售已匹配,B0HF779ZJV,1店,图图,按键钥匙扣,KC-29-01,B0GS8KFR4R,53,89,108,34,2026-09-03 至 2026-10-03,2026-10-05,进入行动筛选
可售已匹配,B0HF7C4YPF,1店,凯旋,迷你万向轮,KCC-MNWXL-WXL,B0HF7C4YPF,5,4,4,0,2026-09-03 至 2026-10-03,2026-10-05,进入行动筛选
可售已匹配,B0HF7D9Y97,1店,凯旋,神奇清洁刷,KCC-SQQJS1-BAI2,B0H4F84574,16,23,26,2,2026-09-03 至 2026-10-03,2026-10-05,进入行动筛选
可售已匹配,B0HF7FVP58,1店,凯旋,神奇清洁刷,KCC-SQQJS1-LAN2,B0H4F84574,10,42,51,5,2026-09-03 至 2026-10-03,2026-10-05,进入行动筛选
可售已匹配,B0HF7H98WQ,1店,图图,豆浆过滤6个,SP-doujianggl-6,B0H1HMNP84,44,41,51,14,2026-09-03 至 2026-10-03,2026-10-05,进入行动筛选
可售已匹配,B0HF7KX5LH,1店,凯旋,沐浴球,KCC-MYQ-2H1,B0H94R2RMG,10,11,12,0,2026-09-03 至 2026-10-03,2026-10-05,进入行动筛选
可售已匹配,B0HF7NP1JD,1店,图图,吸管10个,SP-xiguan-10,B0HF7M6WYF,8,6,6,3,2026-09-03 至 2026-10-03,2026-10-05,进入行动筛选
可售已匹配,B0HF7Q83MM,1店,图图,戒指刻度尺US,SP-jiezhiceliangqi-us,B0HF7PRQ8L,17,3,6,1,2026-09-03 至 2026-10-03,2026-10-05,进入行动筛选
可售已匹配,B0HF7S3T1W,1店,图图,普通药盒白色1个,SP-yaohe-pubai1,B0HFR9CDGC,6,30,36,4,2026-09-03 至 2026-10-03,2026-10-05,进入行动筛选
可售已匹配,B0HF7X1X17,1店,图图,钩针3个2-5mm,SP-gouzhen-3,B0HF7MDZ92,13,20,22,4,2026-09-03 至 2026-10-03,2026-10-05,进入行动筛选
可售已匹配,B0HF7ZXDTG,1店,图图,普通药盒粉色1个,SP-yaohe-pufen1,B0HFR9CDGC,21,64,94,9,2026-09-03 至 2026-10-03,2026-10-05,进入行动筛选
可售已匹配,B0HF847BM5,1店,图图,普通药盒灰色2个,SP-yaohe-puhui2,B0HFR9CDGC,7,5,6,3,2026-09-03 至 2026-10-03,2026-10-05,进入行动筛选
可售已匹配,B0HF84B7V6,1店,图图,普通药盒粉色2个,SP-yaohe-pufen2,B0HFR9CDGC,7,11,11,3,2026-09-03 至 2026-10-03,2026-10-05,进入行动筛选
可售已匹配,B0HF84DFYX,1店,图图,普通药盒灰色1个,SP-yaohe-puhui1,B0HFR9CDGC,9,20,22,1,2026-09-03 至 2026-10-03,2026-10-05,进入行动筛选
可售已匹配,B0HF85M93B,1店,图图,diy珠珠南瓜10颗,SP-diynan-10,B0HF864T96,8,125,145,1,2026-09-03 至 2026-10-03,2026-10-05,进入行动筛选
可售已匹配,B0HF8636P4,1店,图图,diy珠珠南瓜30颗,SP-diynan-30,B0HF864T96,7,16,18,3,2026-09-03 至 2026-10-03,2026-10-05,进入行动筛选
可售已匹配,B0HF86FG8F,1店,图图,钩针1个2mm,SP-gouzhen-1,B0HF7MDZ92,16,140,158,1,2026-09-03 至 2026-10-03,2026-10-05,进入行动筛选
可售已匹配,B0HF86FJFN,1店,图图,印章海绵5个装,SP-yinzhanghai-5,B0HF87KGZB,10,4,5,0,2026-09-03 至 2026-10-03,2026-10-05,进入行动筛选
可售已匹配,B0HF88MBH6,1店,图图,彩色药盒1个,SP-yaohe-cai1,B0HFRC5YFK,10,6,7,0,2026-09-03 至 2026-10-03,2026-10-05,进入行动筛选
可售已匹配,B0HF894VX4,1店,凯旋,铅笔刀,KCC-QBD-DS,B0HF85MYG6,17,9,9,2,2026-09-03 至 2026-10-03,2026-10-05,进入行动筛选
可售已匹配,B0HF8BSS7Z,1店,凯旋,食谱卡片,KCC-SPKP-20,B0HF7WCDVJ,3,125,174,24,2026-09-03 至 2026-10-03,2026-10-05,进入行动筛选
可售已匹配,B0HF8C793M,1店,图图,印章海绵一个装,SP-yinzhanghai-1,B0HF87KGZB,8,48,61,2,2026-09-03 至 2026-10-03,2026-10-05,进入行动筛选
仅业务报告_不可售已排除,B0HFB84R99,1店,,酒吧装饰胶带,,,,13,13,7,2026-09-03 至 2026-10-03,,不可售，无需处理
可售已匹配,B0HFBG5KLS,1店,cccady,万圣节装饰胶带,TTCA-Tape-Halloween,B0HF9W73LS,21,37,49,9,2026-09-03 至 2026-10-03,2026-10-05,进入行动筛选
可售已匹配,B0HFCC48RP,1店,未分配,鹦鹉吊环,TTCA-BirdRing-Wood,B0HFCHKPHN,3,5,6,5,2026-09-03 至 2026-10-03,2026-10-05,进入行动筛选
可售已匹配,B0HFGC6GBT,1店,未分配,卷纸切割器,TTCA-PaperCutter-Black,B0HFG9L9NS,10,2,2,0,2026-09-03 至 2026-10-03,2026-10-05,进入行动筛选
可售已匹配,B0HFGFSCHK,1店,cccady,切药盒白色款,TTCA-PillCutter-White,B0HFGCCJR4,9,14,22,1,2026-09-03 至 2026-10-03,2026-10-05,进入行动筛选
可售已匹配,B0HFGJ9XHH,1店,cccady,切药盒透明款,TTCA-PillCutter-Transp,B0HFGCCJR4,9,9,9,1,2026-09-03 至 2026-10-03,2026-10-05,进入行动筛选
可售已匹配,B0HFGK82XM,1店,cccady,切药盒绿色款,TTCA-PillCutter-Green,B0HFGCCJR4,10,8,9,0,2026-09-03 至 2026-10-03,2026-10-05,进入行动筛选
可售已匹配,B0HFGV5DCT,1店,cccady,牙刷底座,TTCA-HolderBase-Yellow2,B0HFGNM844,6,27,30,2,2026-09-03 至 2026-10-03,2026-10-05,进入行动筛选
可售已匹配,B0HFJ4YJSP,1店,凯旋,沐浴球,KCC-MYQ-QIU,B0H94R2RMG,17,12,15,3,2026-09-03 至 2026-10-03,2026-10-05,进入行动筛选
可售已匹配,B0HFJF6VQ8,1店,cccady,羽毛球胶带黑色,TTCA-Grip-Black-1,B0HFJHJ1SM,12,37,44,3,2026-09-03 至 2026-10-03,2026-10-05,进入行动筛选
可售已匹配,B0HFJFPCNM,1店,cccady,羽毛球胶带白色,TTCA-Grip-White-1,B0HFJHJ1SM,11,41,57,4,2026-09-03 至 2026-10-03,2026-10-05,进入行动筛选
可售已匹配,B0HFJJK8JL,1店,未分配,羽毛球胶带白色四条装,TTCA-Grip-W4,B0HFJHJ1SM,7,10,11,2,2026-09-03 至 2026-10-03,2026-10-05,进入行动筛选
可售已匹配,B0HFJVJRKD,1店,未分配,羽毛球胶带黑色四条装,TTCA-Grip-B4,B0HFJHJ1SM,10,6,8,0,2026-09-03 至 2026-10-03,2026-10-05,进入行动筛选
仅Listing_报告未出现,B0HFLV66SL,1店,凯旋,沐浴巾,KCC-MYJ1-KA,B0HFLDGQ9V,10,,,,,2026-10-05,不据此判断零销量
可售已匹配,B0HFM6PQP8,1店,图图,开罐器红,SP-kaiguan-hong,B0H1FTWD8V,3,21,37,6,2026-09-03 至 2026-10-03,2026-10-05,进入行动筛选
可售已匹配,B0HFMM7HVJ,1店,凯旋,伸缩磁吸棒,KCC-SSCXB-WANTOU,B0H25VX1R1,12,64,77,7,2026-09-03 至 2026-10-03,2026-10-05,进入行动筛选
仅Listing_报告未出现,B0HFMTB8WK,1店,图图,磨脚贴10,SP-mojiaotiezhi-10,B0HFMX2T72,10,,,,,2026-10-05,不据此判断零销量
可售已匹配,B0HFMYGTMT,1店,图图,磨脚贴20,SP-mojiaotiezhi-20,B0HFMX2T72,10,1,1,0,2026-09-03 至 2026-10-03,2026-10-05,进入行动筛选
仅Listing_报告未出现,B0HFN3NSPZ,1店,凯旋,一次性扫把布,KCC-YCXSBB-100,B0HFMZYKDM,10,,,,,2026-10-05,不据此判断零销量
可售已匹配,B0HFN9CH1S,1店,cccady,木纹挂钩（2个套装）,TTCA-Hooks-Wood2,B0HFKNV75B,2,54,71,8,2026-09-03 至 2026-10-03,2026-10-05,进入行动筛选
可售已匹配,B0HFNBGWZR,1店,cccady,宠物便携拾便袋粉色套装,TTCA-Poop-PinkSet,B0HFNKFJRW,6,20,23,2,2026-09-03 至 2026-10-03,2026-10-05,进入行动筛选
可售已匹配,B0HFNCDX7Q,1店,cccady,宠物用垃圾袋蓝色（4卷）,TTCA-Poopbags-Blue4,B0HFNLXJS3,8,24,24,2,2026-09-03 至 2026-10-03,2026-10-05,进入行动筛选
可售已匹配,B0HFNKDX6D,1店,cccady,宠物便携拾便袋蓝色套装,TTCA-Poop-BlueSet,B0HFNKFJRW,10,6,6,0,2026-09-03 至 2026-10-03,2026-10-05,进入行动筛选
仅业务报告_不可售已排除,B0HFNLXJS3,1店,,"60 Count Scented Poop Bags for Dogs, 4 Refill Rolls, Doggie Poop Bag Rolls, Pet Waste Pickup, Multiple Colors Available",,,,2,2,0,2026-09-03 至 2026-10-03,,不可售，无需处理
可售已匹配,B0HFNM1HHH,1店,cccady,宠物用垃圾袋粉色（4卷）,TTCA-Poopbags-Pink4,B0HFNLXJS3,16,9,12,9,2026-09-03 至 2026-10-03,2026-10-05,进入行动筛选
可售已匹配,B0HFQVZVZG,1店,凯旋,薄荷器,KCC-BHQ-CIWEI,B0GZV46QKN,50,187,217,33,2026-09-03 至 2026-10-03,2026-10-05,进入行动筛选
可售已匹配,B0HFSXMZ1Q,1店,cccady,换土垫-黄色-66x66cm,TTCA-RepotMat-Yellow-66,B0HC6NHLPF,18,53,55,10,2026-09-03 至 2026-10-03,2026-10-05,进入行动筛选
可售已匹配,B0HFT22RYW,1店,cccady,换土垫-黄色-50x50cm,TTCA-RepotMat-Yellow,B0HC6NHLPF,36,66,74,12,2026-09-03 至 2026-10-03,2026-10-05,进入行动筛选
可售已匹配,B0HFT6F61M,1店,cccady,换土垫-绿色-66x66cm,TTCA-RepotMat-Green-66,B0HC6NHLPF,137,326,412,82,2026-09-03 至 2026-10-03,2026-10-05,进入行动筛选
可售已匹配,B0HFWF545Y,1店,图图,挡门骷髅头金色,SP-dangmen-skull-gold,B0HFWJLR1L,3,2,2,0,2026-09-03 至 2026-10-03,2026-10-05,进入行动筛选
可售已匹配,B0HFWMTQYF,1店,图图,洗衣袋2个,SP-xiyizhu-dai-2,B0HFWL8Z6X,10,5,5,0,2026-09-03 至 2026-10-03,2026-10-05,进入行动筛选
可售已匹配,B0HFX3HRNK,1店,图图,挡门小狗,SP-dangmen-dog-white,B0HFWJLR1L,10,2,2,0,2026-09-03 至 2026-10-03,2026-10-05,进入行动筛选
可售已匹配,B0HFYXV9S3,1店,图图,乌鸦3个,SP-wuya-3,B0HGD1RWQS,14,145,210,38,2026-09-03 至 2026-10-03,2026-10-05,进入行动筛选
仅Listing_报告未出现,B0HFYYZKX9,1店,凯旋,蝴蝶幽灵摆件,KCC-HDYLBJ-1,B0HFWSYF6D,10,,,,,2026-10-05,不据此判断零销量
仅业务报告_不可售已排除,B0HFZ4CXXT,1店,,乌鸦1个,,,,175,218,49,2026-09-03 至 2026-10-03,,不可售，无需处理
可售已匹配,B0HFZ54R85,1店,图图,游戏卡片20,SP-youxikapian-20,B0HFZ9RDP9,11,28,36,2,2026-09-03 至 2026-10-03,2026-10-05,进入行动筛选
可售已匹配,B0HFZ85PFT,1店,凯旋,方向盘饰品,KCC-FXPSP-YIN,B0HFZ2B1PR,9,0,0,1,2026-09-03 至 2026-10-03,2026-10-05,进入行动筛选
可售已匹配,B0HFZD4ZSQ,1店,凯旋,女巫摆件,KCC-NWBJ-BAI,B0HFZ8SCDM,10,1,2,0,2026-09-03 至 2026-10-03,2026-10-05,进入行动筛选
可售已匹配,B0HFZD55V3,1店,凯旋,蝙蝠美甲,KCC-BFMJ1-1,B0HFZF3M16,7,5,6,3,2026-09-03 至 2026-10-03,2026-10-05,进入行动筛选
仅业务报告_不可售已排除,B0HFZFVVRN,1店,,烘焙模具,,,,136,161,10,2026-09-03 至 2026-10-03,,不可售，无需处理
可售已匹配,B0HFZFZQVC,1店,图图,勺子,SP-shaozi-1,B0HFZH8MHW,10,5,5,0,2026-09-03 至 2026-10-03,2026-10-05,进入行动筛选
可售已匹配,B0HFZHSSV5,1店,图图,甲片24个,SP-jiapian24,B0HFZHSSV5,8,5,5,2,2026-09-03 至 2026-10-03,2026-10-05,进入行动筛选
可售已匹配,B0HFZK1HH3,1店,凯旋,女巫化妆包,KCC-NWHZB-HEI,B0HFZGSJ2Z,10,1,1,0,2026-09-03 至 2026-10-03,2026-10-05,进入行动筛选
仅业务报告_不可售已排除,B0HFZM582X,1店,,小狗摆件,,,,7,7,10,2026-09-03 至 2026-10-03,,不可售，无需处理
仅业务报告_不可售已排除,B0HFZNDZVN,1店,,蜘蛛网拉手,,,,63,79,15,2026-09-03 至 2026-10-03,,不可售，无需处理
可售已匹配,B0HFZPK8NN,1店,凯旋,钟楼摆件,KCC-ZLBJ-1,B0HFZPK8NN,10,32,51,17,2026-09-03 至 2026-10-03,2026-10-05,进入行动筛选
仅Listing_报告未出现,B0HFZQB9VN,1店,凯旋,万圣节旗,KCC-WSJQ-CHENG,B0HFZLLY4D,9,,,,,2026-10-05,不据此判断零销量
可售已匹配,B0HG1LPRTH,1店,凯旋,小号 坐+站 小黄鸭2只,KCC-XHYBJ-2,B0H9Y63FP1,1335,15858,19745,2082,2026-09-03 至 2026-10-03,2026-10-05,进入行动筛选
仅Listing_报告未出现,B0HGDD5NJQ,1店,图图,铃铛,SP-lingdang-1,B0HGKWYLJF,10,,,,,2026-10-05,不据此判断零销量
可售已匹配,B0HGF94FX8,1店,凯旋,网纱单肩包,KCC-WSDJB-LV,B0GWLZCV14,24,57,68,6,2026-09-03 至 2026-10-03,2026-10-05,进入行动筛选
可售已匹配,B0HGFGRNTY,1店,凯旋,网纱单肩包,KCC-WSDJB-MEIHONG,B0GWLZCV14,28,51,56,2,2026-09-03 至 2026-10-03,2026-10-05,进入行动筛选
可售已匹配,B0HGFGZTTS,1店,凯旋,网纱单肩包,KCC-WSDJB-GUOLV,B0GWLZCV14,26,42,43,3,2026-09-03 至 2026-10-03,2026-10-05,进入行动筛选
可售已匹配,B0HGFHHQ13,1店,凯旋,网纱单肩包,KCC-WSDJB-FEN,B0GWLZCV14,29,37,45,1,2026-09-03 至 2026-10-03,2026-10-05,进入行动筛选
可售已匹配,B0HGFJPG36,1店,凯旋,网纱单肩包,KCC-WSDJB-LAN,B0GWLZCV14,19,70,78,8,2026-09-03 至 2026-10-03,2026-10-05,进入行动筛选
可售已匹配,B0HGFKP3Q3,1店,凯旋,网纱单肩包,KCC-WSDJB-HUANG,B0GWLZCV14,24,39,42,5,2026-09-03 至 2026-10-03,2026-10-05,进入行动筛选
可售已匹配,B0HGL4V8YM,1店,凯旋,训练计划书,KCC-XLJHS-1,B0HGLC8WGZ,8,4,8,2,2026-09-03 至 2026-10-03,2026-10-05,进入行动筛选
可售已匹配,B0HGPHJK6R,1店,图图,清洁橡皮鞋子,SP-qingjiexiangpi-1,B0HGQ8F4S5,10,4,5,0,2026-09-03 至 2026-10-03,2026-10-05,进入行动筛选
可售已匹配,B0HGQ2GY4F,1店,凯旋,日历本,KCC-RLB-1,B0HGQPJ4X7,10,1,1,0,2026-09-03 至 2026-10-03,2026-10-05,进入行动筛选
可售已匹配,B0HGQ3BNLS,1店,图图,夜光石头200个,SP-yeguangshi-200,B0HH8HLJYX,10,11,16,0,2026-09-03 至 2026-10-03,2026-10-05,进入行动筛选
可售已匹配,B0HGQ3D95T,1店,图图,零钱包黄色+紫色,SP-lingqianbao-2,B0HGPN71TK,10,3,3,0,2026-09-03 至 2026-10-03,2026-10-05,进入行动筛选
仅Listing_报告未出现,B0HGQ3YLCM,1店,凯旋,折叠镜,KCC-ZDJ-HEI,B0HGPYX2W2,10,,,,,2026-10-05,不据此判断零销量
仅Listing_报告未出现,B0HGQ5XMLC,1店,图图,水钻闪钻4个,SP-shuizuan-4,B0HGQRQZS4,10,,,,,2026-10-05,不据此判断零销量
可售已匹配,B0HGQ7F9QN,1店,凯旋,多功能化妆刷,KCC-DGNHZS-6,B0HGLS5HND,8,0,0,1,2026-09-03 至 2026-10-03,2026-10-05,进入行动筛选
可售已匹配,B0HGQBSLQJ,1店,凯旋,五金收纳槽,KCC-WJSNC-BAI,B0HGPNS4KX,10,1,1,0,2026-09-03 至 2026-10-03,2026-10-05,进入行动筛选
仅Listing_报告未出现,B0HGQJF91P,1店,凯旋,除毛刷,KCC-CMS-1,B0HGLKZX2B,10,,,,,2026-10-05,不据此判断零销量
可售已匹配,B0HGQL5B3Q,1店,凯旋,猫餐垫,KCC-MCT-H,B0HGL2L9D6,10,1,1,0,2026-09-03 至 2026-10-03,2026-10-05,进入行动筛选
仅Listing_报告未出现,B0HGQMS21G,1店,图图,水钻闪钻白色,SP-shuizuan-1,B0HGQRQZS4,9,,,,,2026-10-05,不据此判断零销量
可售已匹配,B0HGQNLRXC,1店,图图,小鸡宠物玩具,SP-TU-XJ-01,B0HGQML2L5,9,12,12,11,2026-09-03 至 2026-10-03,2026-10-05,进入行动筛选
仅Listing_报告未出现,B0HGQSZW62,1店,图图,裁剪切割框,SP-caijian-1,B0HGQXTZ18,10,,,,,2026-10-05,不据此判断零销量
仅Listing_报告未出现,B0HGR1QP99,1店,凯旋,指甲剪,KCC-ZJJ-HEI,B0HGQPJT4Z,10,,,,,2026-10-05,不据此判断零销量
仅Listing_报告未出现,B0HGR6FBWV,1店,凯旋,挂壁收纳,KCC-GBSN-BAI,B0HGPXMM48,10,,,,,2026-10-05,不据此判断零销量
可售已匹配,B0HGR6FCJT,1店,凯旋,修眉剪,KCC-XMJ-F,B0HBW2CFMM,10,2,3,0,2026-09-03 至 2026-10-03,2026-10-05,进入行动筛选
仅业务报告_不可售已排除,B0HGX4K3TP,1店,,糖果袋塑料款10个,,,,315,365,23,2026-09-03 至 2026-10-03,,不可售，无需处理
可售已匹配,B0HGX9Z16P,1店,图图,糖果袋手提款,SP-tangguodai1-1,B0HGX42YH3,10,23,28,0,2026-09-03 至 2026-10-03,2026-10-05,进入行动筛选
仅Listing_报告未出现,B0HHGWWMB5,1店,凯旋,钻头6件套,KCC-ZT6JT-RED,B0HHHCY8NW,5,,,,,2026-10-05,不据此判断零销量
可售已匹配,B0HHGX956F,1店,图图,强力圆形磁铁16个,SP-qianglimitie-16,B0HHHVZPLL,20,10,10,3,2026-09-03 至 2026-10-03,2026-10-05,进入行动筛选
可售已匹配,B0HHH1J24T,1店,图图,批头延长杆3件,SP-zutouyan-3,B0HHH3LS9N,5,2,2,0,2026-09-03 至 2026-10-03,2026-10-05,进入行动筛选
可售已匹配,B0HHH1PBXC,1店,凯旋,指甲钳子,KCC-ZJQZ-BLACK,B0HHH36PPG,5,1,2,0,2026-09-03 至 2026-10-03,2026-10-05,进入行动筛选
可售已匹配,B0HHH3H88L,1店,图图,磁性挂钩-银色6个,SP-gougou-yinse,B0HHH9M1LB,1,1,1,3,2026-09-03 至 2026-10-03,2026-10-05,进入行动筛选
可售已匹配,B0HHH4DJK9,1店,凯旋,双头刮刀,KCC-STGD-ORANGE,B0HHH69BYP,11,58,72,3,2026-09-03 至 2026-10-03,2026-10-05,进入行动筛选
可售已匹配,B0HHH7JGY5,1店,图图,磁性挂钩-黑色6个,SP-gougou-heise,B0HHH9M1LB,6,1,1,3,2026-09-03 至 2026-10-03,2026-10-05,进入行动筛选
可售已匹配,B0HHH7ZH91,1店,图图,方糖工艺珠-多彩2号50个,SP-gongyizhu-duocai2-50,B0HHH8RXR9,5,1,1,0,2026-09-03 至 2026-10-03,2026-10-05,进入行动筛选
可售已匹配,B0HHH987TF,1店,图图,精密镊子银色6个,SP-niezi-yinse-6,B0HHHGDR39,4,2,2,1,2026-09-03 至 2026-10-03,2026-10-05,进入行动筛选
可售已匹配,B0HHH9FPC9,1店,凯旋,枕套,KCC-ZT-DONKEY,B0HHHJNYKC,7,15,23,3,2026-09-03 至 2026-10-03,2026-10-05,进入行动筛选
可售已匹配,B0HHHF9PMG,1店,凯旋,30画笔,KCC-30HB-1,B0HHH7XTLW,13,8,9,1,2026-09-03 至 2026-10-03,2026-10-05,进入行动筛选
仅Listing_报告未出现,B0HHHG5YQC,1店,图图,拉链扣-灰银色4个,SP-lalianpian-huiyinse-4,B0HHHMTHWX,5,,,,,2026-10-05,不据此判断零销量
仅Listing_报告未出现,B0HHHK4RJT,1店,图图,拉链扣-金色4个,SP-lalianpian-jinse-4,B0HHHMTHWX,5,,,,,2026-10-05,不据此判断零销量
可售已匹配,B0HHHL7PCG,1店,凯旋,门挡保护条,KCC-MDBHT-BLACK1,B0HHHVB4MG,4,14,25,1,2026-09-03 至 2026-10-03,2026-10-05,进入行动筛选
可售已匹配,B0HHHL9B49,1店,图图,园艺磨刀器2个,SP-modaoqi-2,B0HHHXWDD3,6,19,26,4,2026-09-03 至 2026-10-03,2026-10-05,进入行动筛选
可售已匹配,B0HHHLFZGC,1店,图图,美甲片24款,SP-jiapian-24,B0HFZ7LG94,5,3,3,0,2026-09-03 至 2026-10-03,2026-10-05,进入行动筛选
可售已匹配,B0HHHLG9MM,1店,图图,方糖工艺珠-多彩1号40个,SP-gongyizhu-duocai1-50,B0HHH8RXR9,5,2,2,0,2026-09-03 至 2026-10-03,2026-10-05,进入行动筛选
可售已匹配,B0HHHQ1HXB,1店,图图,宽口指甲钳橙色,SP-zhijiajian-chengse,B0HHHP1396,5,3,3,0,2026-09-03 至 2026-10-03,2026-10-05,进入行动筛选
可售已匹配,B0HHHQN4GZ,1店,凯旋,小狗咬球,KCC-XGYQ-GREEN1,B0HHLZ51H2,5,9,16,5,2026-09-03 至 2026-10-03,2026-10-05,进入行动筛选
可售已匹配,B0HHHR3MHM,1店,图图,煮蛋定时器红色,SP-zhudanjishi-hongse,B0HHHXKKXL,3,1,1,1,2026-09-03 至 2026-10-03,2026-10-05,进入行动筛选
仅Listing_报告未出现,B0HHHR5QVM,1店,凯旋,水槽网套,KCC-SCWT-3.9X4.3IN200,B0HHHTKLV4,5,,,,,2026-10-05,不据此判断零销量
可售已匹配,B0HHHS4171,1店,图图,轮胎阀盖黑色4个,SP-luntaifagai-heise-4,B0HHJ79129,5,1,1,0,2026-09-03 至 2026-10-03,2026-10-05,进入行动筛选
可售已匹配,B0HHHTN7VW,1店,图图,29玉米饼架3个,SP-yumibingjia-3,B0HHJ3HJWY,4,3,5,1,2026-09-03 至 2026-10-03,2026-10-05,进入行动筛选
可售已匹配,B0HHHV6YDQ,1店,图图,31星形钻头10个,SP-xingxingzuantou-10,B0HHJ5JGXW,5,1,1,0,2026-09-03 至 2026-10-03,2026-10-05,进入行动筛选
可售已匹配,B0HHHVFQW8,1店,凯旋,荧光动物摆件,KCC-YGDWBJ-ANIMALS30,B0HHHVFQW8,9,9,10,8,2026-09-03 至 2026-10-03,2026-10-05,进入行动筛选
可售已匹配,B0HHHVLK6G,1店,凯旋,手指套,KCC-SZT-MEDIUM100,B0HHM2D4MX,5,7,7,0,2026-09-03 至 2026-10-03,2026-10-05,进入行动筛选
可售已匹配,B0HHHVVXRW,1店,凯旋,狗狗两件套,KCC-GGLJT-LIGHTBLUE2,B0HHM9YH7M,5,2,2,0,2026-09-03 至 2026-10-03,2026-10-05,进入行动筛选
可售已匹配,B0HHHWX8YM,1店,凯旋,食物铲6件套,KCC-SWC6JT-BLUE6,B0HHHS2QTZ,5,1,1,0,2026-09-03 至 2026-10-03,2026-10-05,进入行动筛选
可售已匹配,B0HHHXG89W,1店,图图,修眉刀-浅蓝色12个,SP-xiumeidao-qianlanse-12,B0HHHRS5M4,5,1,1,0,2026-09-03 至 2026-10-03,2026-10-05,进入行动筛选
可售已匹配,B0HHHXNV2T,1店,凯旋,毛绒毯子,KCC-MRTZ-BROWNSMALL1,B0HHJ1WWMW,4,35,37,1,2026-09-03 至 2026-10-03,2026-10-05,进入行动筛选
可售已匹配,B0HHHYNF6M,1店,凯旋,猫咪咬绳3,KCC-MMYS3-19.5IN3,B0HHLZNQJF,1,19,21,2,2026-09-03 至 2026-10-03,2026-10-05,进入行动筛选
可售已匹配,B0HHHZR7BR,1店,图图,线材收纳夹-黑色6个,SP-xiancaijia-heise-6,B0HHJ1ML11,5,1,1,0,2026-09-03 至 2026-10-03,2026-10-05,进入行动筛选
可售已匹配,B0HHHZVWSW,1店,凯旋,水晶挂饰,KCC-SJGS-COLORFUL1,B0H756WL7J,5,14,15,0,2026-09-03 至 2026-10-03,2026-10-05,进入行动筛选
仅Listing_报告未出现,B0HHJ1B5HM,1店,凯旋,三个研磨刷,KCC-SGYMS-MIXEDBRISTLE3,B0HHHVYBLB,5,,,,,2026-10-05,不据此判断零销量
可售已匹配,B0HHJ1SSCW,1店,凯旋,四角尺,KCC-SJC-YELLOW12IN1,B0H1CL3S4D,4,9,11,1,2026-09-03 至 2026-10-03,2026-10-05,进入行动筛选
可售已匹配,B0HHJ2MBVC,1店,凯旋,弯头指甲钳子,KCC-WTZJQZ-SILVER1,B0HHHNKP5N,8,4,6,0,2026-09-03 至 2026-10-03,2026-10-05,进入行动筛选
可售已匹配,B0HHJ52TH6,1店,凯旋,搓脚器,KCC-CJQ-BLACKSILVER1,B0HHHRH7K3,5,1,1,0,2026-09-03 至 2026-10-03,2026-10-05,进入行动筛选
仅Listing_报告未出现,B0HHJ572WR,1店,凯旋,洋葱叉子,KCC-YCCZ-BLACKSILVER1,B0HHHTYKBJ,5,,,,,2026-10-05,不据此判断零销量
仅Listing_报告未出现,B0HHJ77T5C,1店,图图,线材收纳夹-白色6个,SP-xiancaijia-baise-6,B0HHJ1ML11,5,,,,,2026-10-05,不据此判断零销量
可售已匹配,B0HHJ7QM3M,1店,图图,毛毡小花-5号款100个,SP-maozhanxiaohua-5,B0HHHVYCBY,3,25,31,2,2026-09-03 至 2026-10-03,2026-10-05,进入行动筛选
可售已匹配,B0HHJBT7KR,1店,凯旋,小鸟铲子,KCC-XNCZ-PURPLE1,B0HHHVWZVC,22,2,2,2,2026-09-03 至 2026-10-03,2026-10-05,进入行动筛选
可售已匹配,B0HHJFQLQG,1店,图图,修眉刀-黑色12个,SP-xiumeidao-heise-12,B0HHHRS5M4,5,2,2,0,2026-09-03 至 2026-10-03,2026-10-05,进入行动筛选
可售已匹配,B0HHLTRMLF,1店,图图,猫针套-狐狸,SP-zhentao-huli,B0HHGXDM6X,5,1,1,0,2026-09-03 至 2026-10-03,2026-10-05,进入行动筛选
可售已匹配,B0HHLWNSLW,1店,图图,食物刨丝器1个,SP-caisiqi-1,B0HHHQXYNW,4,1,1,1,2026-09-03 至 2026-10-03,2026-10-05,进入行动筛选
可售已匹配,B0HHM5MS33,1店,图图,猫咪老鼠玩具5个,SP-maowanju-5,B0HHHNJBFJ,5,7,8,0,2026-09-03 至 2026-10-03,2026-10-05,进入行动筛选
可售已匹配,B0HHM7F9GG,1店,凯旋,香皂盒子,KCC-XZHZ-WHITEGRAY1,B0HHHSN7DR,3,2,2,1,2026-09-03 至 2026-10-03,2026-10-05,进入行动筛选
可售已匹配,B0HHM7HGK2,1店,图图,牙刷保护套4个,SP-yashuazhao-4,B0HHHKS2YP,5,1,1,0,2026-09-03 至 2026-10-03,2026-10-05,进入行动筛选
可售已匹配,B0HHM7KF37,1店,图图,猫针套-驴,SP-zhentao-lv,B0HHGXDM6X,5,1,1,0,2026-09-03 至 2026-10-03,2026-10-05,进入行动筛选
可售已匹配,B0HHMD8SRL,1店,图图,银色隔珠100个,SP-yinzhuzhu-100,B0HHHPTXS6,5,4,5,0,2026-09-03 至 2026-10-03,2026-10-05,进入行动筛选
可售已匹配,B0HHMHJ1H1,1店,图图,迷你螺丝刀3个,SP-luosidao1-3,B0HHLTPQ2B,5,1,1,0,2026-09-03 至 2026-10-03,2026-10-05,进入行动筛选
可售已匹配,B0HHMKT6JS,1店,图图,拖把拖鞋蓝色2个,SP-tuoxie-lanse-2,B0HHHYDH39,4,0,0,1,2026-09-03 至 2026-10-03,2026-10-05,进入行动筛选
仅Listing_报告未出现,B0HHRBT973,1店,图图,钥匙扣螺丝刀黑银4个,SP-luosidao3-heiyinse-4,B0HHQXLVJY,5,,,,,2026-10-05,不据此判断零销量
可售已匹配,B0HJ4FMZLR,1店,凯旋,酱汁瓶子,KCC-JZPZ-MULTICOLOR4,B0HJ4FMZLR,10,24,31,9,2026-09-03 至 2026-10-03,2026-10-05,进入行动筛选
可售已匹配,B0HJR1QKXK,1店,未分配,换土垫绿色100cm,TTCA-RepotMat-Green-100,B0HC6NHLPF,5,7,8,3,2026-09-03 至 2026-10-03,2026-10-05,进入行动筛选
可售已匹配,B0HJVSWNMC,1店,未分配,,SP-FP-shuai01,B0HJV3HHF1,5,3,4,0,2026-09-03 至 2026-10-03,2026-10-05,进入行动筛选
可售已匹配,B0HJVXTZYR,1店,未分配,,SP-cixi-white,B0H4R5Y4WB,10,1,2,0,2026-09-03 至 2026-10-03,2026-10-05,进入行动筛选
可售已匹配,B0HK2WP2M5,1店,未分配,美甲分趾器金色,TTCA-Sperators-Gold-Diamond,B0HC3RND7T,8,9,10,1,2026-09-03 至 2026-10-03,2026-10-05,进入行动筛选
可售已匹配,B0HK36MJFW,1店,未分配,鱼尾纱珍珠款极光白5码,TTCA-Ribbon-Pearl-Wit,B0HC4829W2,10,7,7,0,2026-09-03 至 2026-10-03,2026-10-05,进入行动筛选
可售已匹配,B0HK37BWB2,1店,未分配,美甲分趾器钻石,TTCA-Sperators-Clear-Diamond,B0HC3RND7T,15,4,5,10,2026-09-03 至 2026-10-03,2026-10-05,进入行动筛选
可售已匹配,B0HK3CC114,1店,未分配,鱼尾纱普通款芽绿10码,TTCA-Fishtail-Ribbon-Gre,B0HC4829W2,5,24,32,5,2026-09-03 至 2026-10-03,2026-10-05,进入行动筛选
可售已匹配,B0HK3CWLWZ,1店,未分配,鱼尾纱普通款迷彩绿10码,TTCA-Fishtail-Ribbon-DeepGre,B0HC4829W2,9,17,21,1,2026-09-03 至 2026-10-03,2026-10-05,进入行动筛选
可售已匹配,B0HK3CXJ4P,1店,未分配,鱼尾纱普通款奶油黄10码,TTCA-Fishtail-Ribbon-Yel,B0HC4829W2,9,15,16,1,2026-09-03 至 2026-10-03,2026-10-05,进入行动筛选
可售已匹配,B0HK3K5FBC,1店,未分配,鱼尾纱普通款冰海蓝10码,TTCA-Fishtail-Ribbon-Blu,B0HC4829W2,9,11,12,1,2026-09-03 至 2026-10-03,2026-10-05,进入行动筛选
仅Listing_报告未出现,B0HK3KZ9G8,1店,凯旋,水槽过滤,KCC-SCGL-Y3,B0HB4NDTFT,10,,,,,2026-10-05,不据此判断零销量
可售已匹配,B0HK3N196M,1店,未分配,鱼尾纱珍珠款梦幻紫5码,TTCA-Ribbon-Pearl-Purp,B0HC4829W2,8,4,5,2,2026-09-03 至 2026-10-03,2026-10-05,进入行动筛选
可售已匹配,B0HK48CPDH,1店,未分配,鱼尾纱珍珠款幻彩粉5码,TTCA-Ribbon-Pearl-Pik,B0HC4829W2,10,20,24,0,2026-09-03 至 2026-10-03,2026-10-05,进入行动筛选
仅Listing_报告未出现,B0HKJ9XF69,1店,未分配,眼线棉签,KCC-YXMQ-W3,B0HC5PNQYC,10,,,,,2026-10-05,不据此判断零销量
仅Listing_报告未出现,B0HKJGJZ9G,1店,未分配,垃圾桶贴纸,KCC-LJTTZ-2p,B0H2HMH9K8,8,,,,,2026-10-05,不据此判断零销量
仅Listing_报告未出现,B0HKJJ8V7K,1店,未分配,棘轮扳手,KCC-JLBS-B3,B0H94M75FV,10,,,,,2026-10-05,不据此判断零销量
可售已匹配,B0HKJMXV6L,1店,未分配,,SP-magicruler-22mul,B0H2GSYWJC,10,2,2,0,2026-09-03 至 2026-10-03,2026-10-05,进入行动筛选
仅业务报告_不可售已排除,B0HKMY1WWF,1店,,大号 坐 小黄鸭单只,,,,24,26,10,2026-09-03 至 2026-10-03,,不可售，无需处理
可售已匹配,B0HKMZ5GFV,1店,未分配,大号 坐+站 小黄鸭2只,KCC-XHYBJ-2big,B0H9Y63FP1,92,191,216,28,2026-09-03 至 2026-10-03,2026-10-05,进入行动筛选
可售已匹配,B0HKN2BPSP,1店,未分配,大号 站 小黄鸭单只,KCC-XHYBJ-ZHANbig,B0H9Y63FP1,4,24,31,5,2026-09-03 至 2026-10-03,2026-10-05,进入行动筛选
仅Listing_报告未出现,B0HKT8RT6R,1店,未分配,抓夹-米色,TTCA-HairClip-Beige,B0HKTKZ3NK,1,,,,,2026-10-05,不据此判断零销量
仅Listing_报告未出现,B0HKTBRWZ8,1店,未分配,手机架-银色,TTCA-PhoneStand-Silver,B0HKTK81MN,3,,,,,2026-10-05,不据此判断零销量
仅Listing_报告未出现,B0HKTFQ274,1店,未分配,牛排夹-银色,TTCA-SpatulaTongs-Silver,B0HKTDLSMX,3,,,,,2026-10-05,不据此判断零销量
仅Listing_报告未出现,B0HKTGWJSR,1店,未分配,抓夹-黑色,TTCA-HairClip-Black,B0HKTKZ3NK,2,,,,,2026-10-05,不据此判断零销量
仅Listing_报告未出现,B0HKTHLJX7,1店,未分配,抓夹-棕色,TTCA-HairClip-Brown,B0HKTKZ3NK,2,,,,,2026-10-05,不据此判断零销量
仅Listing_报告未出现,B0HKTJ5FNS,1店,未分配,抓夹-粉色,TTCA-HairClip-Pink,B0HKTKZ3NK,2,,,,,2026-10-05,不据此判断零销量
可售已匹配,B0HKTKQDBP,1店,未分配,粉扑-粉色-14件装,TTCA-MakeupSponge-Pink-14pcs,B0HKTM4FSM,3,1,1,0,2026-09-03 至 2026-10-03,2026-10-05,进入行动筛选
仅Listing_报告未出现,B0HKTLZZPL,1店,未分配,面罩-纯色全脸款-亮色组,TTCA-FaceMask-BrightSet,B0HKTHZ2WN,1,,,,,2026-10-05,不据此判断零销量
仅Listing_报告未出现,B0HKTM7LJG,1店,未分配,弹力带-多色-5件装,TTCA-ResistanceBand-Multicolor-5pcs,B0HKTMGGSK,3,,,,,2026-10-05,不据此判断零销量
仅Listing_报告未出现,B0HKTMHD3L,1店,未分配,刮片清洁铲-绿色-5片刀片,TTCA-CleaningScraper-Green-5blades,B0HKTMZXT1,3,,,,,2026-10-05,不据此判断零销量
仅Listing_报告未出现,B0HKTMLG7S,1店,未分配,烘焙垫-黑色-2件装,TTCA-BakingMat-Black-2pcs,B0HKT9L1LS,3,,,,,2026-10-05,不据此判断零销量
仅Listing_报告未出现,B0HKTMQQTB,1店,未分配,隔油勺-银色,TTCA-OilSeparator-Silver,B0HKT74XTG,3,,,,,2026-10-05,不据此判断零销量
仅Listing_报告未出现,B0HKTN27GB,1店,未分配,刮刀-多色-4件装,TTCA-JarSpatula-Multicolor-4pcs,B0HKTFQPHZ,2,,,,,2026-10-05,不据此判断零销量
可售已匹配,B0HKTPD6K1,1店,未分配,调料架-黑色,TTCA-StorageRack-Black,B0HKTRWX9P,3,1,1,0,2026-09-03 至 2026-10-03,2026-10-05,进入行动筛选
仅Listing_报告未出现,B0HKTPHZZL,1店,未分配,过滤网-200目,TTCA-MeshStrainer-200mesh,B0HKV1N3JP,3,,,,,2026-10-05,不据此判断零销量
仅Listing_报告未出现,B0HKTPNFQ5,1店,未分配,螺丝刀套组-绿色-22合1,TTCA-ScrewdriverSet-Green-22in1,B0HKTPDSRT,3,,,,,2026-10-05,不据此判断零销量
仅Listing_报告未出现,B0HKTPXBQ8,1店,未分配,食物铲-黑色,TTCA-KitchenSpatula-Black,B0HKTB816D,3,,,,,2026-10-05,不据此判断零销量
仅Listing_报告未出现,B0HKTR9VJF,1店,未分配,直尺-红色,TTCA-MarkingRuler-Red,B0HKTWYM22,3,,,,,2026-10-05,不据此判断零销量
仅Listing_报告未出现,B0HKTRQL49,1店,未分配,马桶垫-1件装,TTCA-ToiletCover-1pc,B0HKTRPZBV,1,,,,,2026-10-05,不据此判断零销量
仅Listing_报告未出现,B0HKTRYY4F,1店,未分配,蝴蝶结-蝴蝶结款-银色,TTCA-HairTie-Bow-Silver,B0HKTWVB1W,3,,,,,2026-10-05,不据此判断零销量
仅Listing_报告未出现,B0HKTS57TH,1店,未分配,鞋子清洗袋-白色,TTCA-LaundryBag-White,B0HKTXF5YQ,3,,,,,2026-10-05,不据此判断零销量
仅Listing_报告未出现,B0HKTS5QZP,1店,未分配,皮革打孔器-1件装,TTCA-LeatherPunch-1pc,B0HKTS2C5V,3,,,,,2026-10-05,不据此判断零销量
仅Listing_报告未出现,B0HKTSH5TB,1店,未分配,海绵刷子-蓝色,TTCA-CleaningSponge-Blue,B0HKTFCLL9,3,,,,,2026-10-05,不据此判断零销量
仅Listing_报告未出现,B0HKTTRZQY,1店,未分配,狗玩具-长条绳结-1件装,TTCA-DogToy-RopeKnot-1pc,B0HKV28FX2,3,,,,,2026-10-05,不据此判断零销量
Listing库存0_已排除,B0HKTV8T7S,1店,未分配,船袜-7双装,TTCA-BoatSocks-7pairs,B0HKTTPDGT,0,1,1,1,2026-09-03 至 2026-10-03,2026-10-05,不可售，无需处理
仅Listing_报告未出现,B0HKTVC4DB,1店,未分配,狗玩具-混合组合-3件装,TTCA-DogToy-MixedSet-3pcs,B0HKV28FX2,3,,,,,2026-10-05,不据此判断零销量
仅Listing_报告未出现,B0HKTVDH2X,1店,未分配,棉签盒-透明色,TTCA-SwabHolder-Clear,B0HKTTZJN1,3,,,,,2026-10-05,不据此判断零销量
仅Listing_报告未出现,B0HKTVH4BP,1店,未分配,洗鞋袋-黄色,TTCA-ShoeBag-Yellow,B0HKTY429W,3,,,,,2026-10-05,不据此判断零销量
仅Listing_报告未出现,B0HKTVNCXB,1店,未分配,手机架-灰色,TTCA-PhoneStand-Gray,B0HKTK81MN,3,,,,,2026-10-05,不据此判断零销量
仅Listing_报告未出现,B0HKTVVHJR,1店,未分配,面罩-迷彩全脸款-绿色迷彩,TTCA-CamoMask-GreenCamo,B0HKV4S9FP,2,,,,,2026-10-05,不据此判断零销量
仅Listing_报告未出现,B0HKTW35Q3,1店,未分配,冰袖-冰川色,TTCA-CoolingSleeve-Glacier,B0HKTRXJBZ,3,,,,,2026-10-05,不据此判断零销量
仅Listing_报告未出现,B0HKTWD9N4,1店,未分配,方形烘培纸-50件装,TTCA-BakingPaper-50pcs,B0HKV1YR8W,3,,,,,2026-10-05,不据此判断零销量
仅Listing_报告未出现,B0HKTWK7ZF,1店,未分配,面罩-迷彩全脸款-蓝色迷彩,TTCA-CamoMask-BlueCamo,B0HKV4S9FP,1,,,,,2026-10-05,不据此判断零销量
仅Listing_报告未出现,B0HKTWNX68,1店,未分配,蝴蝶结-双弧款-金色,TTCA-HairTie-DoubleArc-Gold,B0HKTWVB1W,3,,,,,2026-10-05,不据此判断零销量
仅Listing_报告未出现,B0HKTWQP28,1店,未分配,冰块托盘-1件装,TTCA-IceTray-1pc,B0HKTTDP85,3,,,,,2026-10-05,不据此判断零销量
仅Listing_报告未出现,B0HKTX1QCV,1店,未分配,樱桃挂饰-红色,TTCA-CherryCharm-Red,B0HKTW1FDY,6,,,,,2026-10-05,不据此判断零销量
仅Listing_报告未出现,B0HKTXPWK9,1店,未分配,鸡蛋模具-银色-4件装,TTCA-EggMold-Silver-4pcs,B0HKTQYCPK,3,,,,,2026-10-05,不据此判断零销量
仅Listing_报告未出现,B0HKTXV9GL,1店,未分配,冰袖-渐变色-粉黄渐变,TTCA-GradientSleeve-PinkYellow,B0HKTTPCY5,2,,,,,2026-10-05,不据此判断零销量
仅Listing_报告未出现,B0HKTYTB36,1店,未分配,防滑贴-16件装,TTCA-RugGripper-16pcs,B0HKTWNQZL,3,,,,,2026-10-05,不据此判断零销量
仅Listing_报告未出现,B0HKTZ2XDK,1店,未分配,袜子-5双装,TTCA-AnkleSocks-5pairs,B0HKTWY358,2,,,,,2026-10-05,不据此判断零销量
仅Listing_报告未出现,B0HKTZWQCP,1店,未分配,蝴蝶结-双弧款-银色,TTCA-HairTie-DoubleArc-Silver,B0HKTWVB1W,3,,,,,2026-10-05,不据此判断零销量
仅Listing_报告未出现,B0HKTZX1MP,1店,未分配,蝴蝶结-蝴蝶结款-金色,TTCA-HairTie-Bow-Gold,B0HKTWVB1W,3,,,,,2026-10-05,不据此判断零销量
仅Listing_报告未出现,B0HKV11PYF,1店,未分配,短袜-5双装,TTCA-SportSocks-5pairs,B0HKTVYFDW,3,,,,,2026-10-05,不据此判断零销量
仅Listing_报告未出现,B0HKV16YSN,1店,未分配,冰袖-渐变色-蓝黄渐变,TTCA-GradientSleeve-BlueYellow,B0HKTTPCY5,1,,,,,2026-10-05,不据此判断零销量
可售已匹配,B0HKV1FZTC,1店,未分配,保鲜盒-2件装,TTCA-BentoBox-2pcs,B0HKTVNYL5,3,2,2,0,2026-09-03 至 2026-10-03,2026-10-05,进入行动筛选
仅Listing_报告未出现,B0HKV1G3HJ,1店,未分配,冰袖-渐变色-蓝粉渐变,TTCA-GradientSleeve-BluePink,B0HKTTPCY5,2,,,,,2026-10-05,不据此判断零销量
仅Listing_报告未出现,B0HKV1GY2S,1店,未分配,钥匙扣-木色,TTCA-ResinKeychain-Wood,B0HKTVRH5Z,3,,,,,2026-10-05,不据此判断零销量
仅Listing_报告未出现,B0HKV28TMZ,1店,未分配,搭扣-20件装-40毫米,TTCA-SnapHook-20pcs-40mm,B0HKTR45VK,3,,,,,2026-10-05,不据此判断零销量
仅Listing_报告未出现,B0HKV3561T,1店,未分配,狗玩具-球形组合-2件装,TTCA-DogToy-BallSet-2pcs,B0HKV28FX2,3,,,,,2026-10-05,不据此判断零销量
仅Listing_报告未出现,B0HKV5KPWX,1店,未分配,开瓶器-3件装,TTCA-BottleOpener-3pcs,B0HKTYN545,3,,,,,2026-10-05,不据此判断零销量
仅Listing_报告未出现,B0HKV5V5PC,1店,未分配,磁吸手机支架-1件装,TTCA-MagneticMount-1pc,B0HKTV3BJG,3,,,,,2026-10-05,不据此判断零销量
仅Listing_报告未出现,B0HKVDWSFQ,1店,未分配,脚裸保护,KCC-JLBH-BG,B0GWM4BKBF,10,,,,,2026-10-05,不据此判断零销量
仅Listing_报告未出现,B0HKVX4R9H,1店,未分配,理线器,KCC-LXQ-B3,B0H94TT4GW,10,,,,,2026-10-05,不据此判断零销量
仅Listing_报告未出现,B0HKYJ2MS6,1店,未分配,,TTCA-SpiceShaker-Blue-2pcs,B0HKYGCC2R,2,,,,,2026-10-05,不据此判断零销量
仅Listing_报告未出现,B0HL1Y15ND,1店,未分配,内裤-棉-M码-5件装,TTCA-CottonUnderwear-M-5pcs,B0HKTQBK1L,2,,,,,2026-10-05,不据此判断零销量
仅Listing_报告未出现,B0HL23WV73,1店,未分配,内裤-瑜伽-XL码,TTCA-YogaUnderwear-XL,B0HKTGLGG5,1,,,,,2026-10-05,不据此判断零销量
可售已匹配,B0HL25L58K,1店,未分配,拉力带-1件装,TTCA-ExerciseBand-1pc,B0HKV6C611,2,0,0,1,2026-09-03 至 2026-10-03,2026-10-05,进入行动筛选
仅Listing_报告未出现,B0HL2NZQX6,1店,未分配,衣角扣子-3件装,TTCA-ScarfRing-3pcs,B0HKTSWRF5,3,,,,,2026-10-05,不据此判断零销量
