ASIN,父ASIN,品名,标题,MSKU,FBA可售,一级分类,二级分类
B0HG1LPRTH,B0H9Y63FP1,小号 坐+站 小黄鸭2只,"2 Pcs Yellow Angry Duck Figurine, 3D Printed Mini Cartoon Duck Desk Ornament, Funny Sitting Shelf Decor",KCC-XHYBJ-2,1335,家居,家居装饰
B0H1W44MSZ,B0H1VJNB35,清洁刷,"3Pcs Window Door Track Cleaning Brushes, Hard-to-Reach Gap Cleaner, Ergonomic Handle for Home Office Bathroom Kitchen",SP-qingjieshuang-2,341,家居,清洁与地板护理
B0GZVSXHSW,B0GZV46QKN,薄荷器,"Rotating Catnip Ball Toy, Wall Mounted Interactive Cat Chew Toy for Indoor Cats, Calming Lickable Catnip Treat Toy",KCC-BHQ-LV,100,宠物用品,猫咪用品
B0GWM1MJGW,B0GWLZCV14,网纱单肩包,"Mesh Beach Tote Bag With Zipper, Quick Dry Waterproof Sand Free Bag For Travel, Pool, Gym, Weekend Getaway",KCC-WSDJB-K,270,女装,包袋与钱包
B0GWM6T66H,B0GWLZCV14,网纱单肩包,"Mesh Beach Tote Bag With Zipper, Quick Dry Waterproof Sand Free Bag For Travel, Pool, Gym, Weekend Getaway",KCC-WSDJB-B,79,女装,包袋与钱包
B0H9XV761M,B0H9Y63FP1,小号 坐 小黄鸭单只,"Angry Yellow Duck Figurine, 3D Printed Mini Desktop Duck Ornament, Funny Cartoon Desk Decoration, Sitting",KCC-XHYBJ-ZUO,65,家居,家居装饰
B0H2HMTDFG,B0H2HSZ194,猫头零钱包,"Cute Cartoon Cat Print Kiss‑Lock Coin Purse, Mini PU Leather Clutch Pouch For Coins Keys Earbuds Small Accessories",KCC-MTLQB-1,204,女装,包袋与钱包
B0H9YG76P6,B0H9Y6VC4L,不锈钢清洁刷,"Stainless Steel Pot Cleaning Brush, Long Handle Wire Scrub Brush for Kitchen Pans, Durable Rust Resistant Dish Scrubber, Silver, 7.9 Inch",KCC-BXGQJS-Y,121,家居,清洁与地板护理
B0HC6NSFC2,B0HC6NHLPF,换图垫绿色50cm,"Repotting Mat for Indoor Gardening, Green 19.7 X 19.7 Inches Square Plant Transplanting Pad with Snap Corners",TTCA-RepotMat-Green-50-R,133,庭院园艺,花盆与植物养护
B0HB4QYX2H,B0HB4NDTFT,水槽过滤,"Stainless Steel Sink Strainer Basket, Kitchen Sink Drain Filter Mesh Basket for Food Scraps, Reusable Drain Catcher, Stainless Steel Color, 4.33 Inch",KCC-SCGL-Y,115,家装工具,管道与卫浴
B0H1R8RYH4,B0H25VX1R1,伸缩磁吸棒,"8 Lbs Telescoping Magnetic Pick Up Tool, Extendable Magnet Stick with Non Slip Orange Handle",KCC-SSCXB-CHENG,106,家装工具,五金与安全
B0GTLQPNTQ,B0GTLNLWP9,宠物玩具,"Multi-Arm Cotton Rope Tug Toy, 30CM Interactive Chew Toy for Small/Medium Dogs, Teething, Training & Boredom Relief",SP-TUTU-YMB-07,62,宠物用品,狗狗用品
B0GVR9M7BQ,B0GVQHM358,登山扣,"Multiuse Small Aluminum Carabiner Clips, Lightweight Locking Carabiner for Keys Water Bottles Camping Hiking and Outdoor Gear,10 Pack",SP-dengsan03-50,132,运动户外,狩猎与钓鱼
B0HFT6F61M,B0HC6NHLPF,换土垫-绿色-66x66cm,"Repotting Mat for Indoor Gardening, Green 26 X 26 Inches Square Plant Transplanting Pad with Snap Corners",TTCA-RepotMat-Green-66,137,庭院园艺,花盆与植物养护
B0H9XXXNYF,B0H9Y63FP1,小号 站 小黄鸭单只,"Angry Yellow Duck Figurine, 3D Printed Mini Desktop Duck Ornament, Funny Cartoon Desk Decoration, Standing",KCC-XHYBJ-ZHAN,79,家居,家居装饰
B0H3NT3PBM,B0H3P458JF,压蒜器,"Single Stainless Steel Rocker Garlic Press, Ergonomic ABS Handle Garlic Mincer Squeezer, Easy Clean Curved Garlic Crusher Tool for Home Kitchen Cooking",KCC-YSQ-1,77,厨房与餐饮,厨房用具与小工具
B0H1VFK71L,B0H1VK6P8V,植物绑带,"9.84 Feet Self‑Gripping Plant Hook And Loop Tape, 10mm Wide Reusable Adjustable Garden Plant Tie Strap For Support",KCC-ZWBD-10MM,103,庭院园艺,花盆与植物养护
B0H1V2MRSH,B0H1VJNB35,多功能百洁布,"Window Groove Cleaning Brush, Handheld PP Scouring Pad Gap Cleaner for Sliding Door Track Tile Lines",KCC-DGNBJS-HUI,132,家居,清洁与地板护理
B0HC5WX6KQ,B0HC5PNQYC,眼线棉签,"Pointed Makeup Swabs, White Precision Tip Applicators for Eyeliner Cleanup, Brow Shaping, Nail Art Touch Ups, 2.76 Inch",KCC-YXMQ-W,43,美妆,彩妆
B0H9WK3DTW,B0H94TT4GW,理线器,"Adhesive Cable Organizer Ties, 10 Pack Black 3M Backed Hook and Loop Cable Management Straps, 30 x 90 mm",KCC-LXQ-B,80,办公文具,桌面用品
B0HC48VRVJ,B0HC4829W2,鱼尾纱花束包装纸-白色-无卷芯,"Fishtail Ribbon Trim, Aurora White Bouquet Wrap Tie for Floral Arrangements, Gift Packaging, DIY Craft Decor",TTCA-Fishtail-Ribbon-Wit,31,家居,家居装饰
B0H3V57TCY,B0H3TYBBYK,方形烘培纸,"50Pcs Single Pack Unbleached Kraft Parchment Paper, 8×6 Inch Non-Stick Silicone Coated Baking Sheets, Oilproof Heat Resistant Paper for Air Fryer Oven Cooking",KCC-FXHPZ-1,16,厨房与餐饮,炊具与烘焙用品
B0GWM322X6,B0GWM4BKBF,脚裸保护,"Adjustable Ankle Support Brace, Breathable Stabilizer Sleeve for Running, Basketball, Fitness,Sprain Prevention, Compression Wrap for Men Women",KCC-JLBH-B,71,运动户外,健身与训练
B0H2HQBV1D,B0H2HMH9K8,垃圾桶贴纸,"4Pcs Funny Cartoon Face Trash Can Stickers, Removable PVC Self‑Adhesive Wall Decals for Toilet Bin Refrigerator Tile Glass Decor",KCC-LJTTZ-4,69,家居,墙面艺术与标牌
B0HC4C99XC,B0HHFFGPY9,植物固定夹-绿色-50个装,"Garden Plant Clips, Green Orchid Stem Support Clamps for Vine Training, Flower Stake Holders, 50 Count Pack",TTCA-Clips-Green-50,75,庭院园艺,花盆与植物养护
B0H4FB8GJ5,B0H4F84574,神奇清洁刷,"Reusable Rubber Rust Remover Eraser, Multipurpose Stain Limescale Eraser for Faucet Sink Iron Metal Surface Cleaning",KCC-SQQJS1-1,89,家居,清洁与地板护理
B0H3PJ2QYR,B0H3PB736Q,油漆刷1,"Single Angled/Flat Paint Brush, Solid Wooden Handle Stain Brush, Premium Bristle Sash Brush for Wall Trim, Varnish, Furniture DIY Home Painting",SP-youqishua-1,39,家装工具,墙面涂装与建筑用品
B0HC3ZWK92,B0HC4829W2,鱼尾纱花束包装纸-紫色-无卷芯,"Fishtail Ribbon Trim, Purple Bouquet Wrap Tie for Floral Arrangements, Gift Packaging, DIY Craft Decor",TTCA-Fishtail-Ribbon-Purp,42,家居,家居装饰
B0HCC6CRMC,B0HCBK2Q4M,磁吸小花瓶黄色,"Decorative Refrigerator Magnet Holder Set, Mini Tube Stem Display for Kitchen, Office and Living Room, 2 Pack, Yellow",TTCA-Vase-Yellow-2S,94,家居,家居装饰
B0HC3LRX15,B0HC3RND7T,美甲脚趾分离器-珍珠款,"Toe Separators for Pedicure, White Pearl Toe Spacers, Reusable Nail Care Tool for Foot Grooming and Polish",TTCA-Sperators-Pearl,62,美妆,彩妆
B0H6FCBTFQ,B0H6FCDMJ7,花瓶盒子,"Plant Propagation Station, Lid Hydroponic Plastic Planter Jars, Desktop Plant Propagator Vases for Home Office Table Decor, Gift for Plant Lovers (Transparent)",SP-huaping-1,45,庭院园艺,花盆与植物养护
B0HC6SR8TN,B0HB5463QH,美甲锉条,"2 Pcs Nail Files, Black Double Sided 100/180 Grit Manicure Files for Shaping Buffing Salon and Home Use",KCC-MJCT-H-V1,50,美妆,彩妆
B0HFYXV9S3,B0HGD1RWQS,乌鸦3个,"Black Crow Sculpture Decor 3 Pack, Gothic Raven Figurine for Shelf Table Mantel Halloween Home Accent",SP-wuya-3,14,家居,派对与季节装饰
B0HCJGM7R2,B0HCJBH29L,猫咪玩具不倒翁黄色,"Cat Wobble Toy with Textured Body, Self-Righting Tumbler Toy for Indoor Cats, Battery-Free Solo Play, Small Natural",TTCA-Pettoy-Sisal,15,宠物用品,猫咪用品
B0HC3J2F63,B0HDLLWN8B,猫咪玩具羽毛,"Cat Feather Toy, Interactive Pet Chew Item for Indoor Play and Activity, Feather Style, Beige Small Style",TTCA-PetToy-Feather-R,35,宠物用品,猫咪用品
B0H44S2FNX,B0H4ZLFGS6,硅胶保湿,"Reusable Silicone Foot Mask Socks, Moisturizing Gel Foot Cover for Dry Cracked Heels, Washable Soft Foot Spa Socks for Lotion Absorption",SP-baosixietao-1,23,女装,内衣与睡衣
B0H2H2CZVC,B0H2GW2WP7,挤牙膏工具绿色,"Cute Cartoon Toothpaste Squeezer, Plastic Tube Dispenser, Multi-Functional Bathroom Kitchen Gadget for Home Decor",SP-jiyagao-g,25,家居,床品与浴室用品
B0GTTZQDFY,B0GTKNBJ45,汽车内饰软毛刷,"Car Interior Soft Brush Set, Long + Short Handle Combo, Lint-Free Microfiber Bristles, Scratch-Free Cleaning Brushes for Car Dashboard, Air Vents, Seats, Console, Windows",KCC-qicheruanmaoshua-chang,76,家居,清洁与地板护理
B0HF779ZJV,B0GS8KFR4R,按键钥匙扣,"Keyboard Key Style Keychain, Pressable Plastic Button Pendant, Ornament for Key Ring Backpack Handbag Stress Relief Accessory",KC-29-01,53,女装,配饰
B0HC3ZPC6H,B0HC4829W2,鱼尾纱花束包装纸-粉色-无卷芯,"Fishtail Ribbon Trim, Pink Bouquet Wrap Tie for Floral Arrangements, Gift Packaging, DIY Craft Decor",TTCA-Fishtail-Ribbon-Pik,68,家居,家居装饰
B0GZV4LK8P,B0GZVLTV32,牙膏器,"2 Pack Cartoon Toothpaste Squeezer Set, Manual Tube Wringer Roller Tool for Bathroom Toothpaste Waste Reduction",KCC-YGQ-2,73,家居,床品与浴室用品
B0HFQVZVZG,B0GZV46QKN,薄荷器,"Hedgehog Cat Toy, Interactive Indoor Pet Play Accessory with Raised Nub Surface, Catnip Ball Holder for Self‑Rubbing and Feline Daily Activity",KCC-BHQ-CIWEI,50,宠物用品,猫咪用品
B0H2HNSSYH,B0H2HJTZ7S,眼镜盒,"Boho Mandala Pattern Neoprene Sunglasses Case, Soft Zipper Eyeglass Pouch With Carabiner Clip For Travel Outdoor",KCC-YJH-CAI,21,运动户外,狩猎与钓鱼
B0H116YWBF,B0GZVPL8WD,冰箱贴叶子,"5 PCS Pink Leaf Pattern Ceramic Fridge Magnets, Minimalist Flat Decorative Magnets Set for Home Kitchen Refrigerator Office Metal Surface Decor",SP-bingxiang04-zhi,59,家居,家居装饰
B0HDYC6VV4,B0H3TYBBYK,方形烘培纸,"100Pcs 8×6 Inch Non-Stick Silicone Coated Baking Sheets, Single Pack Unbleached Kraft Parchment Paper, Oilproof Heat Resistant Paper for Air Fryer Oven Cooking",KCC-FXHPZ-100,17,厨房与餐饮,炊具与烘焙用品
B0H398M6PS,B0H38YNB8J,急救毯,"2 Pack Portable Outdoor Emergency Blanket, Waterproof Thermal Survival Blanket for Camping Hiking Backpacking First Aid Kit",KCC-HWJJT-YIN,54,运动户外,狩猎与钓鱼
B0GZVLYXWV,B0GZVQPGLD,幻彩咖啡夹,"2 In 1 Coffee Scoop With Bag Clip, Multi Purpose Metal Measuring Spoon For Coffee Bean Tea Food Storage",KCC-HCKFJ-CAI,15,厨房与餐饮,咖啡、茶与小家电
B0HC48FQDN,B0HHFFGPY9,植物固定夹-白色-50个装,"Garden Plant Clips, White Orchid Stem Support Clamps for Vine Training, Flower Stake Holders, 50 Count Pack",TTCA-Clips-White-50,67,庭院园艺,花盆与植物养护
B0HKMZ5GFV,B0H9Y63FP1,大号 坐+站 小黄鸭2只,"2 Pcs Big Yellow Angry Duck Figurine, 3D Printed Mini Cartoon Duck Desk Ornament, Funny Standing and Sitting 2Pcs Shelf Decor",KCC-XHYBJ-2big,92,家居,家居装饰
B0H2GTRJV1,B0H2GW2WP7,挤牙膏工具黄色,"Cute Cartoon Toothpaste Squeezer, Plastic Tube Dispenser, Multi-Functional Bathroom Kitchen Gadget for Home Decor",SP-jiyagao-y,28,家居,床品与浴室用品
B0GVRYH9SS,B0GVQHM358,登山扣,"10 Pack Heavy Duty Locking Carabiner, Strong Aluminum Alloy D-Ring Carabiner Clip for Outdoor Hiking Camping Fishing and Backpack Use",SP-dengsan04-60,28,运动户外,狩猎与钓鱼
B0GTTYKMX1,B0GTKNBJ45,汽车内饰软毛刷,"Car Interior Soft Brush Set, Short Handle Combo, Lint-Free Microfiber Bristles, Scratch-Free Cleaning Brushes for Car Dashboard, Air Vents, Seats, Console, Windows（Short）",KCC-qicheruanmaoshua-duan,79,家居,清洁与地板护理
B0HDM1NB6T,B0HCBK2Q4M,磁吸小花瓶棕色,"Decorative Refrigerator Magnet Holder Set, Mini Tube Stem Display for Kitchen, Office and Living Room, 2 Pack, Brown",TTCA-Vase-Brown2S-R,109,家居,家居装饰
B0H3PHM1XL,B0H3PB736Q,油漆刷1.5,"Single Angled/Flat Paint Brush, Solid Wooden Handle Stain Brush, Premium Bristle Sash Brush for Wall Trim, Varnish, Furniture DIY Home Painting",SP-youqishua-1.5,19,家装工具,墙面涂装与建筑用品
B0H757YZKL,B0H758HSKT,储物盒挂式,"Hanging Refrigerator Organizer Bin, Clear Fridge Side Door Storage Caddy for Sauce Packets Condiment Small Kitchen Supplies",SP-guashihezi-1,21,厨房与餐饮,收纳整理
B0HF4D53KJ,B0HCXTDCMD,印章爱心+笑脸+赞+星,"Teacher Reward Stamp 4 Pack, Smile Face, Thumb, Sun and Heart Self Inking Stampers for Page Marking Set",SP-yinzhang-4,21,办公文具,书写与绘画
B0H1HJGY6D,B0H1HMNP84,豆浆过滤,"2 Pcs Nylon Filter Bags, Ultra Fine Mesh Strainer, Reusable Soymilk Juice Filter for Almond Milk Yogurt Wine Residue Food Prep",SP-doujianggl-2,47,厨房与餐饮,厨房用具与小工具
B0GV337TG2,B0GV337TG2,丁晴手套,"3 Pairs Nylon Lined Nitrile Coated Work Gloves, Dipped Rubber Non-Slip Safety Gloves for Gardening, Construction, Household & Men",KCC-dingqingshoutao-L-honghei,28,家装工具,五金与安全
B0HF8BSS7Z,B0HF7WCDVJ,食谱卡片,"20 Pcs White Recipe Cards, Vintage Kitchen Card Stock, Single Sided Baking Note Cards, 5.7 X 3.9 Inch",KCC-SPKP-20,3,办公文具,卡片与文具
B0H2841KB6,B0H27TRCTG,狗狗牵引绳,"Reflective No Pull Dog Harness with Leash, Adjustable Breathable Pet Vest for Small Medium Dogs",KCC-GGQYS-HEI,30,宠物用品,狗狗用品
B0H1WDVQCG,B0H2GRTX7H,打蛋器,"Stainless Steel Dough Mixer, Handheld Double Hole Bread Whisk, Manual Flour Stirrer Egg Beater for Baking Cooking",SP-dadan-1,55,厨房与餐饮,炊具与烘焙用品
B0H2GQ6QV7,B0H2GSYWJC,玩具游戏,"Magic Ruler, Scratch Art Kit, 22 Pcs Drawing Stencil Set for Creative Activities and Travel Play",SP-magicruler-22,37,玩具与游戏,游戏与拼图
B0H3N7FMYW,B0H3MWTSLF,仿真牡丹,"Single Artificial Peony Bouquet, 11.8 Inch Faux Ranunculus Flower Bush with Buds & Green Leaves, Fake Silk Flowers for Vase Centerpiece Wedding Home Table Decor",KCC-FZMD-BAI,35,庭院园艺,种子与植物
B0HCNYSW5X,B0GZV46QKN,薄荷器,"Rotating Catnip Ball Toy, Wall Mounted Interactive Cat Chew Toy for Indoor Cats, Calming Lickable Catnip Treat Toy",KCC-BHQ-CHENG,30,宠物用品,猫咪用品
B0H3L58ML4,B0H4ZLFGS6,保湿脚套,"1 Pair Reusable Silicone Foot Mask Socks, Food-Grade TPR Moisturizing Foot Care Socks, Soft Exfoliating Spa Foot Cover for Dry Cracked Heels Foot Treatment",KCC-BSJT-ZI,18,女装,内衣与睡衣
B0H2LMCW2K,B0H2LDYSGY,收纳盒扑克,"Transparent Plastic Card Storage Box, Portable Game Card Organizer, Desktop Holder for Playing Cards Business Cards",SP-pukeshoula-1,21,玩具与游戏,游戏与拼图
B0GVR7TJCT,B0GVQHM358,登山扣,"Multifunctional Aluminum Alloy Carabiner Clip, Heavy Duty D-Ring Locking Carabiner for Outdoor Hiking Camping Backpack Keychain,10 Pack",SP-dengsan01-32,22,运动户外,狩猎与钓鱼
B0HF4XBD5J,B0GVQHM358,登山扣彩色D,"10 Pack Multicolor Carabiner Clip Keychain Set, Carabiners for Keys, Keychains for Backpacks, Keychain Clips, Key Ring",SP-dengsan06-cai,20,运动户外,狩猎与钓鱼
B0HDQCZNNH,B0HDQ6FF2J,弹力带蓝色,"Flat Resistance Band, TPE Stretch Band for Yoga, Pilates, Home Fitness Workout Training, Blue Single Color",TTCA-LLD-Blue,11,运动户外,健身与训练
B0HC3DJTF1,B0HC3RND7T,美甲脚趾分离器-粉色花朵款,"Toe Separators for Pedicure, Pink Flower Toe Spacers, Reusable Nail Care Tool for Foot Grooming and Polish",TTCA-Sperators-Flower-Pik,23,美妆,彩妆
B0H75974GT,B0H74ZCLDL,雕刻花仙子,"2D Acrylic Fairy Mushroom Plant Stake, Butterfly Wing Elf Decorative Flower Pot Pick for Succulent Garden Balcony Yard Ornament",SP-diaokehua-1,24,庭院园艺,花园雕像与户外装饰
B0HFZPK8NN,B0HFZPK8NN,钟楼摆件,"Multicolor Wooden Halloween Village Figurine, Spooky Season Bookshop Shelf Decor for Bookcase and Tabletop",KCC-ZLBJ-1,10,家居,派对与季节装饰
B0H3P57B8V,B0H3PB736Q,油漆刷2.25,"Single Angled/Flat Paint Brush, Solid Wooden Handle Stain Brush, Premium Bristle Sash Brush for Wall Trim, Varnish, Furniture DIY Home Painting",SP-youqishua-2.25,25,家装工具,墙面涂装与建筑用品
B0GVS8NC5V,B0GVSFHY63,健身护腕,"Weightlifting Wrist Wraps, Adjustable Fitness Wrist Support, Compression Wrist Straps for Gym Workout Weight Lifting Training",KCC-HW-1,45,运动户外,健身与训练
B0HBWCJLYN,B0H2HJTZ7S,眼镜盒,"Colorful Mandala Bohemian Neoprene Sunglasses Case, Soft Zipper Shock Resistant Eyeglass Storage Pouch, Lightweight Travel Protective Glasses Bag For Optical Glasses & Sunglasses",KCC-YJH-HH,29,女装,配饰
B0H9WP8QXB,B0H9WGMWB1,手机握把,"Generic Multifunctional Ergonomic Phone Grip, Pinky Finger Support, Stress Relief Ring Grip Phone Holder, Black",KCC-SJWB-Black,22,电子产品,电脑配件
B0H94TD6Z6,B0H94XX8BN,胶贴,"Gray Self-Adhesive Window Screen Repair Tape, Fiberglass Mesh Patch Roll, 5cm x 2m for Window Door Screen Mesh Repair",KCC-JT-B,27,家装工具,墙面涂装与建筑用品
B0H2GV9CB2,B0H2GW2WP7,挤牙膏工具白色,"Cute Cartoon Toothpaste Squeezer, Plastic Tube Dispenser, Multi-Functional Bathroom Kitchen Gadget for Home Decor",SP-jiyagao-w,25,家居,床品与浴室用品
B0GVNCK43B,B0GVNB58BZ,收腰扣,"Waist Buckle Set for Women, Adjustable Pant Button Extender, Variety Styles Alloy Waist Cinch Clips, 4 Pieces Pack",SP-shouyao01-xingyun,5,女装,配饰
B0HC4C269F,B0HHFFGPY9,植物固定夹-棕色-50个装,"Garden Plant Clips, Brown Orchid Stem Support Clamps for Vine Training, Flower Stake Holders, 50 Count Pack",TTCA-Clips-Brown-50,49,庭院园艺,花盆与植物养护
B0H9WHHVRL,B0H94T31LX,纳米胶贴,"1 mm Thick x 3 cm Wide x 1 m Long, 3.8 cm Core，Clear Double Sided Nano Tape, Waterproof Removable Acrylic Mounting Tape, Trial Pack",KCC-NMJT-1,49,家装工具,墙面涂装与建筑用品
B0H94J45BK,B0H94M75FV,棘轮扳手,"Multifunctional Self-Tightening Ratchet Wrench, 45# Steel Heat-Treated Bicycle Repair Tool, Black, 5.91 Inch",KCC-JLBS-B,105,家装工具,五金与安全
B0HF7H98WQ,B0H1HMNP84,豆浆过滤6个,"6 Pcs Nylon Filter Bags, Ultra Fine Mesh Strainer, Reusable Soymilk Juice Filter for Almond Milk Yogurt Wine Residue Food Prep",SP-doujianggl-6,44,厨房与餐饮,厨房用具与小工具
B0HCJBPRZ3,B0HCJBH29L,猫咪玩具不倒翁彩色,"Cat Wobble Toy with Feather Teaser, Self-Righting Tumbler Toy for Indoor Cats, Battery-Free Solo Play, Small Multicolor",TTCA-Pettoy-Feather,37,宠物用品,猫咪用品
B0H8NS4XQD,B0H6B7MB9X,双丝带+云朵,"2Pcs Black Pink Makeup Puff Kit, Powder Cushion Beauty Sponge & Mini Finger Puffs for All Makeup Steps",SP-FP-quan02,37,美妆,彩妆
B0H3S461RQ,B0H3S6N3JC,尺子,"Multi-Angle Measuring Ruler, Adjustable Four-Sided Layout Template Tool, Universal Angle Finder for Woodworking Tile Flooring Construction DIY",SP-chizi-1,16,家装工具,五金与安全
B0H2GYKVZF,B0H2GW2WP7,挤牙膏工具粉色,"Cute Cartoon Toothpaste Squeezer, Plastic Tube Dispenser, Multi-Functional Bathroom Kitchen Gadget for Home Decor",SP-jiyagao-p,6,家居,床品与浴室用品
B0H1CKTY24,B0H1CL6YV9,电脑手机支架,"Adjustable Foldable Phone Stand, Portable Desktop Holder for Smartphone Tablet Hands Free Viewing",KCC-DNPBZJ-HEI,39,电子产品,电脑配件
B0GZ3B6QJ1,B0GZ35VK9P,宠物玩具,"Arm Dog Rope Toy, Interactive Multi Tug Chew Toy for Small Dogs, Teething Multi Direction Rope Toy for Pet Daily Play",KCC-shengjie-1,28,宠物用品,狗狗用品
B0GTLTFHCL,B0GTLNLWP9,宠物玩具,"Premium Cotton Dog Rope Toys, Bone Chew Toys for Teething, Interactive Play & Training Toys for Small to Medium Dogs",SP-TUTU-TGJ-06,9,宠物用品,狗狗用品
B0GS8G6K68,B0GS8KFR4R,手机链,Keychain for Men Women - Durable Metal Key Chain with Key Ring Car Key Accessory,KC-18-01,25,女装,配饰
B0HBVDJCH3,B0HBVCXLJ5,多功能剥线器,"Multi Function Wire Stripper Pliers, Spring Loaded Generic Electrician Tool For Wire Stripping Cutting Crimping Household Circuit Repair",KCC-DGNBXQ-1,11,家装工具,电工电料
B0H3N96CPL,B0H3N6CJLD,紧固件驱动钻头,"105 Degree Right Angle Drill Adapter, 1/4 Inch Hex Shank Drill Bit Extension, Heavy Duty Angle Driver Attachment for Cordless Drill & Impact Screwdriver",SP-zhuantou-1,28,家装工具,五金与安全
B0H1CGLVSZ,B0H1CQQDYS,切片器,"Lemon Tomato Food Tongs, Manual Fruit Slicer Holder, Round Fruit Cutting Stand, Kitchen Gadget for Lemon Lime Orange Tomato",SP-qiepian-1,8,厨房与餐饮,厨房用具与小工具
B0HFT22RYW,B0HC6NHLPF,换土垫-黄色-50x50cm,"Repotting Mat for Indoor Gardening, Yellow 19.7 X 19.7 Inches Square Plant Transplanting Pad with Snap Corners",TTCA-RepotMat-Yellow,36,庭院园艺,花盆与植物养护
B0H9WXTDJP,B0H94R2RMG,沐浴球,"Yellow Pumpkin Bath Loofah Ball, Soft Mesh Shower Sponge, Rich Foam Body Scrubber for Women and Daily Bathing, 6.3 Inch",KCC-MYQ-NG,58,美妆,护肤
B0H75FDTFJ,B0H74ZCLDL,雕刻青蛙,"Frog Couple Bench Garden Decoration, 2D Retro Acrylic Lawn Ornament, Cute Frog Statue Sign for Courtyard Lawn Patio Outdoor Decor (Green)",SP-qingwa1-1,12,庭院园艺,花园雕像与户外装饰
B0H758QZ82,B0H756WL7J,阳光捕捉挂饰,7 Chakra Crystal Suncatcher Rainbow Maker Hanging Prism Ornament for Window Home Garden Wedding Boho Decor Gift,SP-guashi-1,38,家居,家居装饰
B0H4R4D423,B0H4R5Y4WB,化妆包丝绒红,"Mini Travel Cosmetic Bag, Velvet Zipper Makeup Pouch with Embroidered Letter, Portable Toiletry Organizer for Women",SP-sirong-red,18,女装,包袋与钱包
B0H45H4SH5,B0HCZGM9BM,开瓶器,"Manual Hands‑Free Tin Cutter, Smooth Edge Manual Can Opener, Practical Kitchen Gadget for Daily Household Use",SP-kaipingqi-1,10,厨房与餐饮,厨房用具与小工具
B0HGQNLRXC,B0HGQML2L5,小鸡宠物玩具,"Yellow Plush Chicken Pet Toy, Small Round Toss Toy for Dogs with Compact Shape for Supervised Floor Play",SP-TU-XJ-01,9,宠物用品,狗狗用品
B0HF3VK7ML,B0HF3W52KW,凳腿保护8个透明,"8 Pack Chair Leg Floor Protectors for Hardwood Floors, Furniture Leg Covers with Felt Pads for Scratch and Noise Reduction",SP-dengtuibaohu-8tou,19,家居,清洁与地板护理
B0HDQCJ4PX,B0HDQ6FF2J,弹力带绿色,"Flat Resistance Band, TPE Stretch Band for Yoga, Pilates, Home Fitness Workout Training, Green Single Color",TTCA-LLD-Green,8,运动户外,健身与训练
B0HCZ6TLW7,B0HCZ8RWYH,尺子,"Acrylic Quilting Ruler Template, Yellow 8 Inch Square Sewing Measuring Tool for Fabric Cutting and Craft Projects",KCC-CZ-H8,12,玩具与游戏,美术手工
B0HCB7VFH2,B0H1VK6P8V,植物绑带,"10 Pcs Reusable Plant Ties, Adjustable Plant Securing Straps, Releasable Stem Bundling Ties For Houseplant, Patio And Garden Branch Fixing & Vine Shaping",KCC-ZWBD-10PCS,27,庭院园艺,花盆与植物养护
B0HBBP7ZRS,B0H94PTFMM,短柄棘轮螺丝刀,"13-in-1 Short Handle Ratchet Screwdriver Set, Black Mini Magnetic Screwdriver with 12 Bits and Magnetizer, 6mm Bit Holder",KCC-DBJLLSD-B,5,家装工具,五金与安全
B0H4QR33RZ,B0H4R5Y4WB,化妆包碎花蓝,"Floral Quilted Makeup Bag, Large Capacity Hair Dryer Storage Bag, Portable Multi-Functional Travel Organizer for Women",SP-suihua-blue,23,女装,包袋与钱包
B0H2GQFK7P,B0H2HGT5T6,容器盖6,"Silicone Can Covers, Reusable Leak-Proof Beverage Lids, Universal Protective Caps for Soda Beer Juice Standard Cans",SP-rongqigai-6,20,厨房与餐饮,餐饮与宴客用品
B0GXYWJK13,B0GXYNCN33,开瓶器,"2Pcs Plastic Magnetic Bottle Openers, Fridge Adsorbable Beer Bottle Openers for Home Kitchen Bar Party Daily Use",SP-kai-01,16,厨房与餐饮,餐饮与宴客用品
B0HK37BWB2,B0HC3RND7T,美甲分趾器钻石,"Toe Separators for Pedicure, Clear Diamond Toe Spacers, Reusable Nail Care Tool for Foot Grooming and Polish",TTCA-Sperators-Clear-Diamond,15,美妆,彩妆
B0HFSXMZ1Q,B0HC6NHLPF,换土垫-黄色-66x66cm,"Repotting Mat for Indoor Gardening, Yellow 26 X 26 Inches Square Plant Transplanting Pad with Snap Corners",TTCA-RepotMat-Yellow-66,18,庭院园艺,花盆与植物养护
B0HCBF3H82,B0H4F84574,神奇清洁刷,"2 Pack Reusable Rubber Rust Remover Eraser, Multipurpose Stain Limescale Eraser for Faucet Sink Iron Metal Surface Cleaning",KCC-SQQJS1-2,46,家居,清洁与地板护理
B0H6BHRJ3D,B0H6BDX73N,拇指+咬一口,"2 Pcs Powder Puff Set, Cloud Diamond Square Triangle Puffs for Loose Pressed Powder Touch Up",SP-FP-tao02,30,美妆,彩妆
B0H1HFVNKG,B0H1HP96NM,磨刀器,"4-Stage Knife Sharpener, Adjustable Angle Diamond Ceramic Sharpening Tool, Stainless Steel Non-Slip Base for Kitchen Knives Scissors",SP-modao-1,5,厨房与餐饮,厨房用具与小工具
B0GZZT7QR1,B0GZZMTTF5,收纳包,"2 Pack Mesh Zipper Toiletry Pouch, Mesh Makeup Bag and Wristlet Pouch for Travel, Cosmetics and Small Accessories",SP-shouna-hh,12,女装,包袋与钱包
B0GZV6CQ3K,B0GZVB5XMB,笑脸圆球,"Cartoon Dog Latex Squeaky Ball Toy, Textured Interactive Chew Ball for Small Dogs, Teething Fetch Toy for Pet Daily Play",KCC-XLYQ-LV,13,宠物用品,狗狗用品
B0GTLZ8HH3,B0GTLNLWP9,宠物玩具,"Bone Shaped Dog Rope Toys, Heavy Duty Cotton Chew Toys, Teething & Interactive Play Set for Small to Medium Dogs",SP-TUTU-SLQ-04,13,宠物用品,狗狗用品
B0GS8NN1KJ,B0GS8KFR4R,手机链,"Beaded Cell Phone Strap for Women, Stylish Bead Wrist Lanyard, Decorative Phone Accessory",KC-07-01,5,电子产品,电脑配件
B0HJ4FMZLR,B0HJ4FMZLR,酱汁瓶子,"4 Pack Mini Ketchup Bottle for Lunch Box, Mini Condiment Bottles for Lunch Box, Ketchup Container for Lunch Box Kids, Mini Squeeze Bottles for Sauces, Multicolor Condiment Containers",KCC-JZPZ-MULTICOLOR4,10,厨房与餐饮,收纳整理
B0HFNM1HHH,B0HFNLXJS3,宠物用垃圾袋粉色（4卷）,"Dog Poop Bags 60 Count - 8.66 x 11.81 Inches Blue Sweet Pleasant Scent Poop Bags for Dogs, Doggie Poop Bags for Pickup, 4 Refill Rolls",TTCA-Poopbags-Pink4,16,宠物用品,狗狗用品
B0HF7ZXDTG,B0HFR9CDGC,普通药盒粉色1个,"1 X Pill Organize Pink Large Weekly Pill Organizer, Travel Case and Box for Medication Storage, 7 Compartments",SP-yaohe-pufen1,21,家居,收纳整理
B0HBWX6FX1,B0HBWN8JGN,鞋带白色,"12 Pack No Tie Silicone Shoe Laces, Quick Lock Elastic Lazy Shoelaces, Replacement Laces for Sneakers Canvas Casual Shoes",SP-xiedai-bai,25,女装,配饰
B0H94L3FGK,B0H94NNS7F,花网网格,"2 Pack Silicone Flower Arranging Grid, Reusable Flower Grid for Vase, Floral Arrangement Grid for Home Decor",SP-huayiwang-2,3,庭院园艺,花盆与植物养护
B0H8SBSQLN,B0H6BD6LT4,定妆2个装,"2Pcs Black Pink Makeup Puff Kit, Powder Cushion Beauty Sponge & Mini Finger Puffs for All Makeup Steps",SP-FP-dingzhuang02,30,美妆,彩妆
B0H3PJKBH3,B0H3PB736Q,油漆刷2,"Single Angled/Flat Paint Brush, Solid Wooden Handle Stain Brush, Premium Bristle Sash Brush for Wall Trim, Varnish, Furniture DIY Home Painting",SP-youqishua-2,40,家装工具,墙面涂装与建筑用品
B0H2GMKXRM,B0H2GW2WP7,挤牙膏工具棕色,"Cute Cartoon Toothpaste Squeezer, Plastic Tube Dispenser, Multi-Functional Bathroom Kitchen Gadget for Home Decor",SP-jiyagao-b,11,家居,床品与浴室用品
B0GYYL9J3D,B0GYXX7NM4,宠物玩具,"Cross Shaped Dog Rope Toy, Interactive Multi Tug Chew Toy for Small Dogs, Teething Four Way Rope Toy for Pet Daily Play",KCC-SDshengjie-1,13,宠物用品,狗狗用品
B0GTKH6PCG,B0GTKB7C9R,首饰收纳盒,"28 Grid Jewelry Storage Box, Plastic Jewelry Organizer with Removable Dividers for Earrings, Rings, Necklaces, Bracelets, Portable Clear Jewelry Case for Home & Travel",KCC-shoushishounahe-28,14,家居,收纳整理
B0GS8R1ZZF,B0GS8KFR4R,手机链,"Beaded Cell Phone Strap for Women, Stylish Bead Wrist Lanyard, Decorative Phone Accessory",KC-27-01,14,电子产品,电脑配件
B0HHHVFQW8,B0HHHVFQW8,荧光动物摆件,"30 Pack Mini Glow Animal Figurines Toys in Mystery Bags, Cute Party Favors, Treasure Box Prizes and Classroom Prizes, Multicolor Resin Animal Assortment",KCC-YGDWBJ-ANIMALS30,9,玩具与游戏,动作人偶与收藏玩具
B0HGFJPG36,B0GWLZCV14,网纱单肩包,"Mesh Beach Tote Bag With Zipper, Quick Dry Waterproof Sand Free Bag For Travel, Pool, Gym, Weekend Getaway",KCC-WSDJB-LAN,19,女装,包袋与钱包
B0HFN9CH1S,B0HFKNV75B,木纹挂钩（2个套装）,"2 Pack Suction Cup Hooks, Shower Hooks for Inside Shower, Rotating Wood Grain Plastic Towel Holders for Bathroom Door, Tile",TTCA-Hooks-Wood2,2,家居,床品与浴室用品
B0HFBG5KLS,B0HF9W73LS,万圣节装饰胶带,"Glow in The Dark Halloween Decorations Tape, Fluorescent Green Caution Strip for Haunted House Decor, 2 in X 6.56 Ft",TTCA-Tape-Halloween,21,家居,派对与季节装饰
B0HF3J14XL,B0H82ZRD75,标签蓝色横线500,"500 Sheets Blank Write-On Pantry Label Roll, Self Adhesive Blue Border Tags for Jars Canisters Food Containers",SP-tiezhi-lh500z,20,办公文具,标签与徽章
B0HDYY35MX,B0HDYN16C1,压蒜器绿色,"1 Pcs Green Garlic Peeler Tube for Kitchen Prep, Manual Garlic Skin Remover Sleeve for Cloves and Daily Cooking Tasks",SP-yasuaguijiao-lv,11,厨房与餐饮,厨房用具与小工具
B0HDR6CSQT,B0HDR6CSQT,弹力圈五色套装,"5 Pcs Resistance Band Set, TPE Stretch Bands for Workout, Yoga, Pilates, Home Fitness Training, Multicolor",TTCA-LLD-FColor-5,5,运动户外,健身与训练
B0HDCFG7ZX,B0H94R2RMG,沐浴球,"Bath Loofah, Shower Pouf Body Sponge for Bath, Shower, Travel, and Guest Room Use with Smile Face Design.",KCC-MYQ-WX,30,美妆,护肤
B0HCJ8S9VV,B0HDLLWN8B,猫咪玩具蝴蝶,"Cat Butterfly Toy, Interactive Pet Chew Toy for Indoor Play and Activity, Butterfly Shape, Natural Small Style",TTCA-Petchewtoy-fly,20,宠物用品,猫咪用品
B0HBW1TV45,B0H2HJTZ7S,眼镜盒,"Boho Mandala Print Neoprene Sunglasses Case, Soft Zipper Eyeglass Storage Pouch With Detachable Carabiner, Shock Resistant Travel Protective Glasses Bag For Optical & Sun Glasses",KCC-YJH-MTL,13,女装,配饰
B0H94LH1W4,B0H94M4GRJ,餐垫叶子,"Golden Foil Leaf Placemat, Waterproof Non-Slip PVC Table Mat, Heat Resistant Leaf Shape Coaster for Dining Table Decor, Nordic Light Luxury Tableware Pad Single Pack",SP-candian-ye,10,厨房与餐饮,餐饮与宴客用品
B0H5NTRGC7,B0H5NQJPLY,狗狗项圈蓝色,"8-Month Long Lasting Pet Neck Collar for Dogs & Cats, Adjustable Waterproof Daily Wearing Collar, Skin Friendly Hypoallergenic Pet Accessory",SP-xiangquan1-62-lan,15,宠物用品,狗狗用品
B0H1Q18J7L,B0H1PW4BTT,水豚钥匙扣,"Cute Capybara Keychain With Little Turtle, Kawaii Resin Animal Bag Charm For Backpack Purse",KCC-STYSK-1,24,女装,配饰
B0GZVWBQ5B,B0GZVPL8WD,冰箱贴花2,"4 PCS Vintage Hand Painted Floral Ceramic Fridge Magnets Set, Retro Flower Decorative Magnets for Home Kitchen Refrigerator Whiteboard Ornament",SP-bingxiang02-hua,13,家居,家居装饰
B0GYXQN6CV,B0GYZ941PY,宠物玩具,"Lion Shaped Dog Rope Toy, Interactive Tug Chew Toy for Small Dogs, Teething Rope Knot Toy for Pet Daily Play",KCC-xiaoshizi-h,7,宠物用品,狗狗用品
B0GTLT1HHF,B0GTLNLWP9,宠物玩具,"Durable Dog Rope Chew Toys, Bone Shape Teething Toys, Interactive Tug of War Rope Toys for Small to Medium Dogs",SP-TUTU-DQ-02,5,宠物用品,狗狗用品
B0HFMM7HVJ,B0H25VX1R1,伸缩磁吸棒,"Telescopic Back Scratcher, Extendable Metal Back Massager with Non‑Slip Orange Handle, 360° Rotatable Scratching Head for Itchy Back Relief",KCC-SSCXB-WANTOU,12,美妆,护肤
B0HF4PLZBX,B0HF4G9N1D,幽灵摆件,"5 Pack White Ghost Figurines, Mini Halloween Desk Decorations, Vinyl Pen Holder Decor, 2.56 Inch Each",KCC-YLBJ-BAI,13,家居,派对与季节装饰
B0HF45R5J6,B0HF4FZZB1,画笔极细,"4 Pack Ultra Fine 4 Pack Detailing Paint Brush Set, Acrylic Watercolor Brushes for Nail Art, Model Painting, Pottery Tools",SP-huabi-jixi,13,办公文具,书写与绘画
B0HCBBZT8S,B0H1VK6P8V,植物绑带,"Plant Tie Tape Roll 0.79 in x 9.84 ft, Reusable Adjustable Plant Securing Tape, Cut‑to‑Length Stem Bundling Strap For Houseplant, Patio & Garden Branch Fixing Vine Shaping",KCC-ZWBD-20MM,9,庭院园艺,花盆与植物养护
B0HCBPBCRP,B0GTKNBJ45,软毛刷,"Short Handle Car Detail Brush, Curved Bristle Dust Brush, Standable Hand‑Grip Dust Removal Tool for Vehicle Dashboard, Desktop and Workstation Multi‑Surface Use",KCC-CZS-duan,38,家居,清洁与地板护理
B0H839HNWC,B0H8386RRZ,滴灌小鸟,"Bird Self Watering Plant Stake, Transparent Light Green Auto Slow Release Irrigation Spike, Water Insert for Indoor Outdoor Potted Flower Succulent Garden",SP-diguan-1,5,庭院园艺,园艺工具与浇灌
B0H3PF39X3,B0H3PHWPN3,发带卷头发,"Sponge Hair Bun Maker, Donut Hair Shaper Styling Tool, Quick Foam Hair Twist Curler for DIY Chignon Updo Hairstyle for Women Girls",SP-panfa-2,18,美妆,美发与造型
B0H3P6GLC5,B0H3PB736Q,油漆刷2宽,"Single Angled/Flat Paint Brush, Solid Wooden Handle Stain Brush, Premium Bristle Sash Brush for Wall Trim, Varnish, Furniture DIY Home Painting",SP-youqishua-2kuan,6,家装工具,墙面涂装与建筑用品
B0H2LG6HGD,B0H2LPF3LY,食物捣碎器,"Multifunctional Kitchen Chopper Tool, Heat Resistant Nylon Mixer Masher, Ergonomic Non-Slip Handle for Daily Cooking",SP-daosuiji-1,19,厨房与餐饮,厨房用具与小工具
B0H28H5HW8,B0H285PRJ3,银心脚链,"Sliver‑Tone Sparkling Crystal Heart Bracelet, Adjustable Rhinestone Love Pendant Chain Bracelet For Women",KCC-YXJL-YIN,47,珠宝首饰,手链
B0H1QVMG17,B0H1QP7PPS,防烫夹,"Silicone Kitchen Tongs, Heat Resistant Anti Scald Hot Plate Gripper, Non-Stick Oven Safe Tong for BBQ, Grilling, Salad & Cooking",SP-fangtangjia-1,26,厨房与餐饮,炊具与烘焙用品
B0GZZVDFV3,B0GZZMTTF5,收纳包,"2 Pack Mesh Zipper Toiletry Pouch, Mesh Makeup Bag and Wristlet Pouch for Travel, Cosmetics and Small Accessories",SP-shouna-luzi,5,女装,包袋与钱包
B0GYXBTF5R,B0GYXQ18FT,6绳结,"Multi-Arm Cotton Rope Tug Toy, 30CM Interactive Chew Toy for Small/Medium Dogs, Teething, Training & Boredom Relief",SP-TU-6SJ-01,11,宠物用品,狗狗用品
B0GVQMRL8X,B0GVQHM358,登山扣,"Portable Aluminum Alloy Carabiner Keychain Clip, Multifunctional D Ring Locking Carabiner for Outdoor Sports Daily Use,10 Pack",SP-dengsan05-8zi,21,运动户外,狩猎与钓鱼
B0GS89ZDRG,B0GS8KFR4R,手机链,Keychain for Men Women - Durable Metal Key Chain with Key Ring Car Key Accessory,KC-23-03,14,女装,配饰
B0GS8M9LS3,B0GS8KFR4R,手机链,"2 Pcs Random Style Keychains for Men Women, Durable Key Chain with Key Ring, Car Key Accessories",KC-01-01,3,女装,配饰
B0HGF94FX8,B0GWLZCV14,网纱单肩包,"Mesh Beach Tote Bag With Zipper, Quick Dry Waterproof Sand Free Bag For Travel, Pool, Gym, Weekend Getaway",KCC-WSDJB-LV,24,女装,包袋与钱包
B0HFM6PQP8,B0H1FTWD8V,开罐器红,"4 In 1 Multi-Purpose Jar Opener for Weak Hands, Adjustable Bottle Lid Gripper for Kitchen Cans, Jars and Containers, Red",SP-kaiguan-hong,3,厨房与餐饮,厨房用具与小工具
B0HD6YL3X1,B0H3N1959R,SP-baohuzhao-1*1.2,"2 Pack 39.37×47.24 Inch Plant Protection Covers, Non‑Woven Plant Blanket with Zipper Drawstring, Wind Sun Bird Cold Guard for Trees Shrubs",SP-baohuzhao-1*1.2,14,庭院园艺,花盆与植物养护
B0HCJD8736,B0HDLLWN8B,猫咪玩具鹦鹉,"Cat Parrot Toy, Interactive Pet Chew Toy for Indoor Play and Activity, Parrot Shape, Natural Small Style",TTCA-Petchewtoy-bird,18,宠物用品,猫咪用品
B0HCJK8L7W,B0HDLLWN8B,猫咪玩具老鼠,"Cat Mouse and Ball Toy, Interactive Pet Chew Toy for Indoor Play and Activity, Mouse Shape, Natural Small Style",TTCA-Petchewtoy-mouse,10,宠物用品,猫咪用品
B0HC4GC85N,B0HC46CXJ3,冷感运动毛巾-粉色,"Cooling Sports Towel, Quick Dry Fitness Towel for Gym Yoga Running Camping Golf Hiking Travel and Workouts, Pink",TTCA-Towel-pink,3,运动户外,健身与训练
B0H8SD17Y2,B0H6ZW72SY,美妆蛋一个,"1Pcs Black Pink Makeup Puff Kit, Powder Cushion Beauty Sponge & Mini Finger Puffs for All Makeup Steps",SP-FP-dan02,18,美妆,彩妆
B0H8CW83FM,B0H2HGT5T6,容器盖带吸管2粉色,"Soda Can Lids with Straw, Silicone Leak Proof Can Sealers, Multicolor Reusable Can Lids with 2 Straws for Outdoor Drinks",SP-rongqigaixi-fen,4,厨房与餐饮,餐饮与宴客用品
B0H8CLFCHY,B0H2HGT5T6,容器盖带吸管2灰色,"Soda Can Lids with Straw, Silicone Leak Proof Can Sealers, Multicolor Reusable Can Lids with 2 Straws for Outdoor Drinks",SP-rongqigaixi-hui,4,厨房与餐饮,餐饮与宴客用品
B0H87PX6S8,B0H87LG4GP,理线器裁剪款,"196.85In Reusable Cuttable Hook and Loop Cable Strap, Dark Gray Adjustable Cord Organizer Wrap for Desktop Charging Wire, Home Office Electronic Cable Sorting Supply",SP-lixianqi-cai,12,办公文具,桌面用品
B0H83M8XCT,B0H83F9RNX,钉子辅助器,"Finger Protection Nail Holding Safety Plier, Multi Size Plastic Nail Positioning Tool For Diy Woodworking And Household Renovation",KCC-DZFZQ-1,10,家装工具,五金与安全
B0H4V7VCG7,B0H4TYGCLP,化妆包爱心白,"Plush Heart-Shaped Cosmetic Bag, Soft Square Makeup Pouch, Creative Quilted Toiletry Organizer for Women",SP-aixin2-whlite,14,女装,包袋与钱包
B0H1W2B6YM,B0H1W9Y249,圆刨丝器,"Multi-Functional Kitchen Spiral Grater, Rotating Vegetable Peeler Slicer, Manual Spiralizer for Carrot Cucumber Potato",SP-yuanpaosi-1,14,厨房与餐饮,厨房用具与小工具
B0H1CG6HHT,B0H1CJ5M4X,眼镜袋,"2 Pack Soft Eyeglasses Case, PU Leather Sunglasses Pouch, Portable Squeeze Glasses Bag, Pocket Eyewear Holder for Women Men",SP-mojing-2,13,女装,配饰
B0GZZ2V719,B0GZYYFCCC,硅胶洗脚垫,"Foot Scrubber Mat for Shower- Feet Scrubber Massager with Suction Cups, Silicone Shower Foots Cleaner for Bathroom Home Spa Travel (Grey)",YQ-QWER-2026420-AMD-2,7,美妆,护肤
B0GYZBXR4B,B0GYXBKG5T,6件套,"Dog Rope Toys Set of 6, Cotton Interactive Chew Toys for Small/Medium Dogs, Teething & Training Variety Pack",SP-TU-6JT-01,14,宠物用品,狗狗用品
B0GXZ2K3DK,B0GXZ1PSZR,宠物拾便袋,"8 Rolls Thick Dog Poop Bags 1.2mm, Strong Leak-Proof Pet Waste Bags for Outdoor Walking, Large Disposable Dog Waste Bags",SP-shibian8g-01,1,宠物用品,狗狗用品
B0HKN2BPSP,B0H9Y63FP1,大号 站 小黄鸭单只,"Big Angry Yellow Duck Figurine, 3D Printed Mini Desktop Duck Ornament, Funny Cartoon Desk Decoration, Standing",KCC-XHYBJ-ZHANbig,4,家居,家居装饰
B0HK3CC114,B0HC4829W2,鱼尾纱普通款芽绿10码,"Fishtail Ribbon Trim, Bud Green Plain 10 Yd Bouquet Wrap Tie for Floral Arrangements, Gift Packaging and DIY Crafts",TTCA-Fishtail-Ribbon-Gre,5,家居,家居装饰
B0HHHQN4GZ,B0HHLZ51H2,小狗咬球,"Spiky Dog Ball, Squeaky Ball for Dogs, Textured Rubber Dog Toy Ball for Medium and Large Dogs, Chew and Fetch Toy, Green",KCC-XGYQ-GREEN1,5,宠物用品,狗狗用品
B0HGFKP3Q3,B0GWLZCV14,网纱单肩包,"Mesh Beach Tote Bag With Zipper, Quick Dry Waterproof Sand Free Bag For Travel, Pool, Gym, Weekend Getaway",KCC-WSDJB-HUANG,24,女装,包袋与钱包
B0HFCC48RP,B0HFCHKPHN,鹦鹉吊环,"Wood Bird Swing, Hummingbird Swing, Tree Root Ring Perch Toy, Parakeet Toys and Bird Cage Accessories for Cockatiels",TTCA-BirdRing-Wood,3,宠物用品,小宠与鱼类用品
B0HD6WR84R,B0H3N1959R,SP-baohuzhao-60*80,"2 Pack 23.62×31.49 Inch Plant Protection Covers, Non‑Woven Plant Blanket with Zipper Drawstring, Wind Sun Bird Cold Guard for Trees Shrubs",SP-baohuzhao-60*80,8,庭院园艺,花盆与植物养护
B0HCB96BSC,B0H4F84574,神奇清洁刷,"Reusable Rubber Rust Remover Eraser, Multipurpose Stain Limescale Eraser for Faucet Sink Iron Metal Surface Cleaning",KCC-SQQJS1-LAN,30,家居,清洁与地板护理
B0HC469Y3C,B0HC46CXJ3,冷感运动毛巾-灰色,"Cooling Sports Towel, Quick Dry Fitness Towel for Gym Yoga Running Camping Golf Hiking Travel and Workouts, Gray",TTCA-Towel-grey,11,运动户外,健身与训练
B0HB4SFQYB,B0GVR5WKNS,小毛巾鸭子,"2 Pack Cute Duck Hanging Hand Towels, Ultra Absorbent Quick Dry Microfiber Towels, Soft Cartoon Cloth for Kitchen Bathroom Sink Home Decor",SP-maojin-dae,14,家居,床品与浴室用品
B0H94H59HV,B0H94RCJKV,刮刀,"Razor Blade Scraper Tool with 10 Blades and 3 Wire Brushes, Retractable Glass Scraper for Cooktop, Kitchen, Window, Sticker, Adhesive and Cleaning, Orange",KCC-GD-O,4,家装工具,墙面涂装与建筑用品
B0H94T4PJR,B0H94SC7FS,发夹链,"Starfish Hair Clip Chain with Matching Starfish Hair Clip, Boho Ocean Beach Hair Accessory Set for Women Summer Hairstyle Decor",SP-fajialian-2,17,女装,配饰
B0H8N596PD,B0H5NQJPLY,项圈62狗狗灰色,"8-Month Long Lasting Pet Neck Collar for Dogs & Cats, Adjustable Waterproof Daily Wearing Collar, Skin Friendly Hypoallergenic Pet Accessory",SP-xiangquan1-62-hui,13,宠物用品,狗狗用品
B0H835R6L8,B0H82ZRD75,标签红空白色,"500 Sheets Blank Write-On Pantry Label Roll, Self Adhesive Blue Border Tags for Jars Canisters Food Containers",SP-tiezhi-hk500,10,办公文具,标签与徽章
B0H6B94W5W,B0H6BD6LT4,定妆全套,"10Pcs Powder Puff Set, Cloud Bite Shape Makeup Puffs for Loose Pressed Powder Face Touch Up",SP-FP-dingzhuang01,4,美妆,彩妆
B0H2H2LQ64,B0H2GRTX7H,搅拌打蛋器,"Stainless Steel Handheld Whisk, a Versatile Metal Mixer Perfect for Egg Beating, Blending and Stirring in Kitchen Cooking and Baking",SP-jiaobandadan-1,7,厨房与餐饮,炊具与烘焙用品
B0H25VH1KH,B0GYXQ18FT,甜甜圈,"Dog Ring Rope Chew Toy, 12cm Red White Durable Interactive Tug Toy, Non-Slip Puppy Teething Toy for Teeth Cleaning",SP-TU-TTQ-04,9,宠物用品,狗狗用品
B0GZVW5WLH,B0GZVPL8WD,冰箱贴花3,"4 PCS Floral Ceramic Fridge Magnets Set, Ins Style Cute Flower Decorative Magnets for Home Kitchen Refrigerator DIY Decoration",SP-bingxiang03-hua,5,家居,家居装饰
B0GXZP9S32,B0GXZLR6FM,植物置物架,"Cute Frog Plant Stand, 5Pcs Reusable Plant Support Clips, Decorative Vine Holder for Potted Plants Succulents Garden Decor (Green)",SP-zhiwu-01,16,庭院园艺,花园雕像与户外装饰
B0HHHL9B49,B0HHHXWDD3,园艺磨刀器2个,"2 Pcs Garden Tool Sharpener, Portable Hand Sharpener for Pruning Shears, Hedge Clippers, Scissors and Household Tools",SP-modaoqi-2,6,庭院园艺,园艺工具与浇灌
B0HFJFPCNM,B0HFJHJ1SM,羽毛球胶带白色,"1 Pack Tennis Racket Grip Tape, Tennis Grip Tape, Precut Anti-Slip Overgrip Wrap for Badminton Pickleball Fishing Rod, White",TTCA-Grip-White-1,11,运动户外,团队运动
B0HF7S3T1W,B0HFR9CDGC,普通药盒白色1个,"1 X Pill Organize White Large Weekly Pill Organizer, Travel Case and Box for Medication Storage, 7 Compartments",SP-yaohe-pubai1,6,家居,收纳整理
B0HF7X1X17,B0HF7MDZ92,钩针3个2-5mm,"3 Pack Crochet Hook Set, 2 to 5 Millimeter Ergonomic Small Hooks and Needles for Hair, 5MM Hook, Agujas De Crochet",SP-gouzhen-3,13,玩具与游戏,美术手工
B0HF7FVP58,B0H4F84574,神奇清洁刷,"2 Pack Reusable Rubber Rust Remover Eraser, Multipurpose Stain Limescale Eraser for Faucet Sink Iron Metal Surface Cleaning",KCC-SQQJS1-LAN2,10,家居,清洁与地板护理
B0HC2J31HX,B0HBWN8JGN,鞋带彩色,"12 Pack No Tie Silicone Shoe Laces, Quick Lock Elastic Lazy Shoelaces, Replacement Laces for Sneakers Canvas Casual Shoes",SP-xiedai-cai,7,女装,配饰
B0H94G5KPB,B0H94NK69W,风动板1块,"Interlocking Silver Mirror Wind Sequin Wall Panels, DIY Splicable Shiny Decor Tiles for Home Wall, Wedding Photo Backdrop Party Background",SP-FDB-1,8,家居,墙面艺术与标牌
B0H94H27C2,B0H94TYLWT,开蛋器粉色,"Manual Egg Cracker Tool With Matching Silicone Egg Poacher Cups, Multicolor Kitchen Egg Cooking Gadget Set For Breakfast Baking",SP-kaidan-fen2,5,厨房与餐饮,厨房用具与小工具
B0H757ZDDM,B0H74ZCLDL,雕刻黑色,"Metal Mouse On Stool Plant Stake, Cute Silhouette Garden Art Decorative Flower Pot Marker for Succulent Potted Plants Yard",SP-diaokejianying-1,12,庭院园艺,花园雕像与户外装饰
B0H2HSTH6Q,B0H2HWV8J6,餐垫,"4Pcs Boho Mandala Round Wooden Coasters, Heat‑Resistant Non‑Slip Trivets for Hot Pots Pans Table Kitchen Decor",KCC-CD-4,9,厨房与餐饮,餐饮与宴客用品
B0H1WXDKYF,B0H1X7H5SV,肥皂盒,"Travel Soap Dish with Lid and Drain Tray, Plastic Soap Holder",SP-feizao-1,23,家居,床品与浴室用品
B0H1V7Z5HC,B0H1VKJ3JW,迷你万向轮,"4Pcs 0.5 Inch Mini Nylon Casters, Small Fixed Red Wheel Casters for Furniture Drawers Cabinets",KCC-MNWXL-CHENG,43,家装工具,五金与安全
B0GZVNFDQB,B0GZVPL8WD,冰箱贴花1,"4 PCS 3D Embossed Flower Ceramic Fridge Magnets, Floral Decorative Magnets Set for Kitchen Refrigerator Home Office Whiteboard Metal Wall Decor Gift",SP-bingxiang01-hua,17,家居,家居装饰
B0GZVD35D2,B0GZVCDD47,漏食玩具,"Adjustable Dog Treat Dispensing Toy, Interactive Wobble Slow Feeder Puzzle Toy for Small Dogs Daily Enrichment",KCC-LSWJ-CHENG,6,宠物用品,狗狗用品
B0GYYSZY4F,B0GYXQ18FT,辫子球,"Dog Rope Toy, 30cm Multi-Arm Cotton Tug Toy, Interactive Dog Chew Toy for Small Medium Dogs, Teething, Training & Boredom Relief",SP-TU-BZQ-01,4,宠物用品,狗狗用品
B0GYYLMR8G,B0GYYM1WG2,宠物玩具,"Natural Color Dog Ring Rope Toy, Interactive Tug Chew Ring for Small Dogs, Teething Knot Rope Toy for Pet Daily Play",KCC-mahuaquan-1,12,宠物用品,狗狗用品
B0GVN3C9Q1,B0GVNB58BZ,收腰扣,"4 Pack Adjustable Waist Buckles for Pants, Multiple Styles Alloy Waist Cinch Clips, Clothing Waist Tightener for Women",SP-shouyao02-zhenzhu,10,女装,配饰
B0HJR1QKXK,B0HC6NHLPF,换土垫绿色100cm,"Repotting Mat for Indoor Gardening, Green 39.4 X 39.4 Inches Square Plant Transplanting Pad with Snap Corners",TTCA-RepotMat-Green-100,5,庭院园艺,花盆与植物养护
B0HHGX956F,B0HHHVZPLL,强力圆形磁铁16个,"16 Pack Round Utility Magnets, 0.7 Inch Small Disc Magnets for Whiteboards, Refrigerators, Office, Home and Craft Projects",SP-qianglimitie-16,20,家装工具,五金与安全
B0HHH3H88L,B0HHH9M1LB,磁性挂钩-银色6个,"6 Pack Silver Wall Hooks for Cruise Cabins, Kitchens and Offices, for Towels, Keys, Bags and Home Storage",SP-gougou-yinse,1,家装工具,五金与安全
B0HHH7JGY5,B0HHH9M1LB,磁性挂钩-黑色6个,"6 Pack Black Wall Hooks for Cruise Cabins, Kitchens and Offices, for Towels, Keys, Bags and Home Storage",SP-gougou-heise,6,家装工具,五金与安全
B0HHH9FPC9,B0HHHJNYKC,枕套,"Vintage Donkey Pillow Cover 18 x 18 Inch, Printed Linen Cushion Case with Hidden Zipper for Sofa Chair and Home Decor, Donkey",KCC-ZT-DONKEY,7,家居,床品与浴室用品
B0HHH4DJK9,B0HHH69BYP,双头刮刀,"21 Pack Razor Blade Scraper Tool Cleaning Kit, Plastic Razor Scraper for Glass, Metal Paint Scraper Tool, Window Scraper with Razor Blade, Cooktop Scraper for Stickers, Labels, Decals, Caulk, Orange",KCC-STGD-ORANGE,11,家装工具,墙面涂装与建筑用品
B0HGFGZTTS,B0GWLZCV14,网纱单肩包,"Mesh Beach Tote Bag With Zipper, Quick Dry Waterproof Sand Free Bag For Travel, Pool, Gym, Weekend Getaway",KCC-WSDJB-GUOLV,26,女装,包袋与钱包
B0HFZD55V3,B0HFZF3M16,蝙蝠美甲,"24 Pcs Press on False Nails, Black Orange Halloween Bat Forest Medium Square Nail Tips With Jelly Glue and File",KCC-BFMJ1-1,7,美妆,彩妆
B0HFJF6VQ8,B0HFJHJ1SM,羽毛球胶带黑色,"1 Pack Tennis Racket Grip Tape, Tennis Grip Tape, Precut Anti-Slip Overgrip Wrap for Badminton Pickleball Fishing Rod, Black",TTCA-Grip-Black-1,12,运动户外,团队运动
B0HFJ4YJSP,B0H94R2RMG,沐浴球,"Bath Loofah, Shower Pouf Body Sponge for Bath, Shower, Travel, and Guest Room Use.",KCC-MYQ-QIU,17,美妆,护肤
B0HF8636P4,B0HF864T96,diy珠珠南瓜30颗,"30 Pcs Pearlescent Pumpkin Acrylic Beads, Multicolor Ribbed Spacer Beads for DIY Bracelet Necklace Keychain Jewelry Making Craft Supplies",SP-diynan-30,7,女装,配饰
B0HF84B7V6,B0HFR9CDGC,普通药盒粉色2个,"2 X Pill Organizer Pink Large Weekly Pill Organizer, Travel Case and Box for Medication Storage, 7 Compartments",SP-yaohe-pufen2,7,家居,收纳整理
B0HF847BM5,B0HFR9CDGC,普通药盒灰色2个,"2 X Pill Organizer Gray Large Weekly Pill Organizer, Travel Case and Box for Medication Storage, 7 Compartments",SP-yaohe-puhui2,7,家居,收纳整理
B0HF7NP1JD,B0HF7M6WYF,吸管10个,"11 Pack Reusable Plastic Straws, Hard Plastic Drinking Straw Set with Cleaning Brush for Tumblers, Tea and Juice Cups",SP-xiguan-10,8,厨房与餐饮,餐饮与宴客用品
B0HF3VFD4S,B0HF3W52KW,凳腿保护4个透明,"4 Pack Chair Leg Floor Protectors for Hardwood Floors, Furniture Leg Covers with Felt Pads for Scratch and Noise Reduction",SP-dengtuibaohu-4tou,7,家居,清洁与地板护理
B0HDBM7CVC,B0HDBM7CVC,粉蔷薇手链,"Pink Beaded Stretch Bracelet, Rose Quartz Style Rectangular Bead Bracelet for Women, Elastic Cord Jewelry",KCC-FQWSL-FEN,16,珠宝首饰,手链
B0HCJ928HM,B0HDLLWN8B,猫咪玩具串串球,"Cat String Ball Toy, Interactive Pet Chew Toy for Indoor Play and Activity, Ball Shape, Natural Small Style",TTCA-Petchewtoy-ball,20,宠物用品,猫咪用品
B0HCBBNYX6,B0H1VK6P8V,植物绑带,"plant tie tape roll,0.59 in x 9.84 ft plant securing tape,reusable garden plant ties,adjustable plant stem binding tape,cut‑to‑length vine shaping strap",KCC-ZWBD-15MM,13,庭院园艺,花盆与植物养护
B0H9L6XDLW,B0H9LG9BSZ,发梳一个,"Wide Tooth Styling Comb, Anti Static Detangling Hair Comb for Curly Thick Wavy Hair, Salon Home Hair Care Accessory",SP-fashua-1,3,美妆,美发与造型
B0H94KM8XQ,B0H94TYLWT,开蛋器红色,"Manual Egg Cracker Tool With Matching Silicone Egg Poacher Cups, Multicolor Kitchen Egg Cooking Gadget Set For Breakfast Baking",SP-kaidan-hong2,7,厨房与餐饮,厨房用具与小工具
B0H6B52MGC,B0H6B7MB9X,全套粉扑，除蛋2，都3,"14Pcs Black Pink Makeup Puff Kit, Powder Cushion Beauty Sponge & Mini Finger Puffs for All Makeup Steps",SP-FP-quan01,6,美妆,彩妆
B0H5NQL47D,B0H5NQJPLY,猫咪项圈蓝色,"8-Month Long Lasting Pet Neck Collar for Dogs & Cats, Adjustable Waterproof Daily Wearing Collar, Skin Friendly Hypoallergenic Pet Accessory",SP-xiangquan1-38-lan,10,宠物用品,狗狗用品
B0H3NCR6DS,B0H3N5M16J,调味料磨盘,"Manual Pepper Grinder, Stainless Steel Top Spice Mill with Clear Glass Bottle, Adjustable Coarseness Salt Pepper Shaker for Kitchen Cooking, BBQ & Dining",SP-mopan-1,10,厨房与餐饮,咖啡、茶与小家电
B0H2HJ6TYZ,B0H2HQPLDJ,眼镜带,"Adjustable Sports Glasses Lanyards, 13.78‑Inch Anti‑Slip Eyewear Straps For Running Basketball Swimming Daily Use",KCC-YJD-2,21,运动户外,健身与训练
B0H1W8RZ85,B0H1WRQK1W,压蒜器,"Press Garlic Chopper, Manual Garlic Cutter Mincer, Stainless Steel Blade Garlic Presser for Kitchen Cooking",SP-yash-1,15,厨房与餐饮,厨房用具与小工具
B0H1V7F452,B0H1VDF3G1,食物西瓜勺,"Stainless Steel Watermelon Scoop, Long Handle Fruit Baller, Ice Cream Melon Baller Cutter Kitchen Tool",SP-xiguashaozi-1,14,厨房与餐饮,厨房用具与小工具
B0H19XM86Y,B0GYXY2RDQ,宠物玩具,"Natural Color Dog Rope Ball Toy, Interactive Tug Chew Ball for Small Dogs, Teething Knot Rope Toy for Pet Daily Play",KCC-mianqiu-M,23,宠物用品,狗狗用品
B0H14XX9LN,B0H14Z7J9N,小镜子红色+绿色,"Compact Hair Brush with Mirror, 2-in-1 Foldable Pocket Comb, Mini Travel Hairbrush with Mirror for Girls Women, Portable On-the-Go Hair Styling Tool",SP-xiaojing1-hl,12,美妆,美发与造型
B0GZY44LZR,B0GZYMCQXS,折叠环保包杏色,"Reusable Cotton Mesh Grocery Bag, Expandable Net Tote Bag for Fruits, Vegetables, Produce, Beach and Shopping",SP-huanbao-xing,12,女装,包袋与钱包
B0GZY62HQG,B0GZYMCQXS,折叠环保包黑色,"Reusable Cotton Mesh Grocery Bag, Expandable Net Tote Bag for Fruits, Vegetables, Produce, Beach and Shopping",SP-huanbao-hei,8,女装,包袋与钱包
B0GZVQQQ69,B0GZV4PNTZ,蒸架,"Stainless Steel Steamer Rack, Multifunction Pot Insert Trivet for Vegetables, Dumplings, Eggs, Fish, Woks, Pans",SP-zhengjia-1,13,厨房与餐饮,炊具与烘焙用品
B0GWMFLZ51,B0GWMBJGRQ,袜子,"Women's Ice Silk Crew Socks 5 Pairs, Thin Breathable Cool Socks, Lightweight Soft Summer Socks",SP-WZ-si01,11,女装,内衣与睡衣
B0GWL9WD8Y,B0GWL9YZNY,溯溪沙滩鞋,Men Women Water Shoes Quick Dry Non Slip Barefoot Shoes Lightweight Breathable Beach Swim Surf Yoga Outdoor Sports Aqua Socks,SP-XIE-F36/37,3,运动户外,水上运动
B0GWL7JD19,B0GWL9YZNY,溯溪沙滩鞋,Men Women Water Shoes Quick Dry Non Slip Barefoot Shoes Lightweight Breathable Beach Swim Surf Yoga Outdoor Sports Aqua Socks,SP-XIE-H40/41,3,运动户外,水上运动
B0GWL5BCKV,B0GWL9YZNY,溯溪沙滩鞋,Men Women Water Shoes Quick Dry Non Slip Barefoot Shoes Lightweight Breathable Beach Swim Surf Yoga Outdoor Sports Aqua Socks,SP-XIE-H44/45,2,运动户外,水上运动
B0GWL7TJTT,B0GWL9YZNY,溯溪沙滩鞋,Men Women Water Shoes Quick Dry Non Slip Barefoot Shoes Lightweight Breathable Beach Swim Surf Yoga Outdoor Sports Aqua Socks,SP-XIE-S38/39,2,运动户外,水上运动
B0GWLBJPCN,B0GWL9YZNY,溯溪沙滩鞋,Men Women Water Shoes Quick Dry Non Slip Barefoot Shoes Lightweight Breathable Beach Swim Surf Yoga Outdoor Sports Aqua Socks,SP-XIE-H42/43,3,运动户外,水上运动
B0GVJTGYMY,B0GVJZ98H4,免胶假睫毛,"Adhesive-Free Lower Eyelashes, Natural Look Fake Bottom Lashes, Reusable Multiple Styles Soft Under Lashes for Daily Makeup",SP-mianjiao-diao,8,美妆,彩妆
B0GTLKTK5X,B0GTM367JY,宠物玩具,"Cotton Dog Rope Knots Set, Puppy Teething Chew Toys, Interactive Training Play Toys for Small & Medium Breeds",SP-TUTU-DEQ-03,15,宠物用品,狗狗用品
B0GS8GKWH1,B0GS8GKWH1,手机链,"Kawaii Dopamine Beaded Phone Lanyard, Colorful Cute Phone Charm for Phone Case",KC-26-01,18,电子产品,电脑配件
B0HK3N196M,B0HC4829W2,鱼尾纱珍珠款梦幻紫5码,"Fishtail Ribbon Trim, Dream Purple Pearl Edge 5 Yd Bouquet Wrap Tie for Floral Arrangements, Gift Packaging and DIY Crafts",TTCA-Ribbon-Pearl-Purp,8,家居,家居装饰
B0HHJ7QM3M,B0HHHVYCBY,毛毡小花-5号款100个,"100 Pcs Pastel Felt Flowers, Fabric Flower Decorations and Craft Shapes for Handmade Cards, Scrapbooking and DIY Projects",SP-maozhanxiaohua-5,3,玩具与游戏,美术手工
B0HHJBT7KR,B0HHHVWZVC,小鸟铲子,"Bird Shaped Silicone Scraper, Funny Kitchen Gadgets and Kitchen Utensils & Gadgets for Plates, Bowls and Baking, Purple, 4.33 Inch",KCC-XNCZ-PURPLE1,22,厨房与餐饮,厨房用具与小工具
B0HHHYNF6M,B0HHLZNQJF,猫咪咬绳3,"3 Pack Cat Toys for Indoor Cats, Cat Chew Rope Toy with Refillable Catnip, Interactive Teething Toys for Kittens and Adult Cats, 19.5 Inch",KCC-MMYS3-19.5IN3,1,宠物用品,猫咪用品
B0HGL4V8YM,B0HGLC8WGZ,训练计划书,"Multicolor Women's Dumbbell Arm Workout Planner, Spiral Bound Fitness Training Log Book, 8.3 by 5.5 Inch",KCC-XLJHS-1,8,办公文具,笔记本与计划本
B0HGFGRNTY,B0GWLZCV14,网纱单肩包,"Mesh Beach Tote Bag With Zipper, Quick Dry Waterproof Sand Free Bag For Travel, Pool, Gym, Weekend Getaway",KCC-WSDJB-MEIHONG,28,女装,包袋与钱包
B0HFZHSSV5,B0HFZHSSV5,甲片24个,"Halloween Press On Nails 24 Pack, Cute Cartoon Short Square False Nail Set with Jelly Tabs and File Kit",SP-jiapian24,8,美妆,彩妆
B0HFZ54R85,B0HFZ9RDP9,游戏卡片20,"Halloween Monster Game Cards 20 Pack, Party Activity Card Set with 2 Dice for Halloween Family Play Fun",SP-youxikapian-20,11,玩具与游戏,游戏与拼图
B0HFNCDX7Q,B0HFNLXJS3,宠物用垃圾袋蓝色（4卷）,"Dog Poop Bags 60 Count - 8.66 x 13 Inches Blue Ocean Scent Poop Bags for Dogs, Doggie Poop Bags for Pickup, 4 Refill Rolls",TTCA-Poopbags-Blue4,8,宠物用品,狗狗用品
B0HFJJK8JL,B0HFJHJ1SM,羽毛球胶带白色四条装,"4 Pack Tennis Racket Grip Tape, Tennis Grip Tape, Precut Anti-Slip Overgrip Wrap for Badminton Pickleball Fishing Rod, White",TTCA-Grip-W4,7,运动户外,团队运动
B0HFGV5DCT,B0HFGNM844,牙刷底座,"Toothbrush Holders for Bathrooms, Ceramic Electric Brush Stand, 2 Slot Sink Organizer, Bathroom Accessories Decor, Yellow",TTCA-HolderBase-Yellow2,6,家居,床品与浴室用品
B0HF8C793M,B0HF87KGZB,印章海绵一个装,"Paint Sponges for Kids, Painting Sponges and Paint Sponge Set, Art Sponges and Shape Stamps for Painting",SP-yinzhanghai-1,8,办公文具,书写与绘画
B0HF894VX4,B0HF85MYG6,铅笔刀,"2 Pack Manual Pencil Sharpeners, Earbud Case Shape Plastic Double Hole Desk Tool, Multicolor White Blue and Red",KCC-QBD-DS,17,办公文具,书写与绘画
B0HF7D9Y97,B0H4F84574,神奇清洁刷,"2 Pack Reusable Rubber Rust Remover Eraser, Multipurpose Stain Limescale Eraser for Faucet Sink Iron Metal Surface Cleaning",KCC-SQQJS1-BAI2,16,家居,清洁与地板护理
B0HF4P4N8T,B0HF4LZ4X8,多彩橡皮,"5 Pcs Erasers, Multicolor Translucent Pencil Eraser Set for Writing Correction, Study Desk and Office Supplies",KCC-DCXP-5,8,办公文具,书写与绘画
B0HF4B69H4,B0HCXTDCMD,印章爱心+笑脸,"Teacher Reward Stamp 2 Pack, Smile Face and Heart Classroom Self Inking Stampers for Page Marking Use",SP-yinzhang-2,7,办公文具,书写与绘画
B0HC6MWL5L,B0HC6KRM4N,金箔扑克,"Gold Foil Playing Cards, Rose Back Poker Deck, Gold Color Variant for Parties, Travel Card Games, 3.74 X 2.17 Inch",KCC-JBPK-J,17,玩具与游戏,游戏与拼图
B0HC4BHN2H,B0HFCK4RX4,摇摇杯-绿色,"Protein Shaker Bottle 350 ML, Leak Proof Fitness Mixer Cup for Gym Workout Smoothies and Meal Prep, Green",TTCA-Shakerbottle-Green,8,运动户外,健身与训练
B0HC3Z7M1X,B0HFCK4RX4,摇摇杯-黑色,"Protein Shaker Bottle 350 ML, Leak Proof Fitness Mixer Cup for Gym Workout Smoothies and Meal Prep, Black",TTCA-Shakerbottle-Black,10,运动户外,健身与训练
B0HC2V5GCS,B0HC2WNV33,画本,"Secret Garden Adult Coloring Book, Intricate Floral Pattern Colouring Pages, Stress Relief Anxiety Calming Art Drawing Book for Relaxation",SP-huaben-mi,8,办公文具,笔记本与计划本
B0HB4LWQZ9,B0HD79BH6P,开瓶器扑克银色+黑色,"2 Pack Ace of Spades Bottle Openers, Stainless Steel Credit Card Style Beer Opener, Portable Poker Card Shaped Bottle Opener for Bar Kitchen Party",SP-kaipijiu-1,4,厨房与餐饮,餐饮与宴客用品
B0H9Y9SYT6,B0H94TYLWT,开蛋器黄色,"Manual Egg Cracker Tool With Matching Silicone Egg Poacher Cups, Multicolor Kitchen Egg Cooking Gadget Set For Breakfast Baking",SP-kaidan-huang21,6,厨房与餐饮,厨房用具与小工具
B0H8WRTHCN,B0H8WFLQB8,高压吸水枪,"Long Wand Foam Spray Gun with Detergent Soap Bottle, Adjustable Pattern Hose Attachment Sprayer for Car Wash and Garden Irrigation",KCC-GYXCSQ-1,18,庭院园艺,园艺工具与浇灌
B0H8S6WLF4,B0H6BDX73N,没有美妆蛋套装,"10Pcs Powder Puff Set, Cloud Diamond Square Triangle Puffs for Loose Pressed Powder Touch Up",SP-FP-tao01,5,美妆,彩妆
B0H87Q24K7,B0H87LG4GP,理线器可撕款,"196.85In Reusable Cuttable Hook and Loop Cable Strap, Dark Gray Adjustable Cord Organizer Wrap for Desktop Charging Wire, Home Office Electronic Cable Sorting Supply",SP-lixianqi-si,4,办公文具,桌面用品
B0H835M3SR,B0H82ZRD75,标签蓝色,"30 Sheets Blank Write-On Pantry Label Roll, Self Adhesive Blue Border Tags for Jars Canisters Food Containers",SP-tiezhi-l500,48,办公文具,标签与徽章
B0H74YH9L7,B0H754J2J5,唇釉瓶子两个,"2 Pack Mini Capsule Travel Makeup Spatulas, Portable Reusable Cosmetic Spoon for Cream Lotion Skincare TSA Carry-On Approved",SP-pingzi-2,6,美妆,彩妆
B0H7BZDVPX,B0H7BX4XBV,项圈反光L,"Reflective Nylon Dog Collar, Adjustable Safety Collar with Metal D-Ring, High Vis Night Walking Collar for Medium Large Dogs, Multi Sizes & Colors",SP-fanguangxiang-L,5,宠物用品,狗狗用品
B0H5CDB2LZ,B0H5CKYDZM,顺毛白色,"Electric Spray Pet Grooming Brush, Rechargeable 3-in-1 Cat Dog Hair Brush with Massage Comb, Water Spray Dematting Tool",SP-chumaodian-bai,1,宠物用品,狗狗用品
B0H4ZKSMFK,B0H4ZQZNNP,置物架眼镜盒,"Adhesive Wall Mount Eyeglasses Holder, Clear Acrylic Sunglasses Storage Organizer, No Drill Glasses Rack for Bathroom Vanity Bedroom Cabinet Wall",SP-yanjingqiang1-1,11,女装,配饰
B0H4R3PZQY,B0H4R5Y4WB,化妆包帆布心,"Floral Print Canvas Cosmetic Bag, Multi-Use Zipper Pouch, Portable Travel Makeup Organizer for Women",SP-fanbu-xin,10,女装,包袋与钱包
B0H4QRQG3B,B0H4R5Y4WB,托盘彩色,"Yellow Jewelry Tray, Metal Trinket Dish and Decorative Vanity Organizer for Rings, Cosmetics and Small Accessories",SP-tuopan-y,11,家居,收纳整理
B0H4QY2Q6R,B0H4R5Y4WB,化妆包丝绒黑,"Mini Travel Cosmetic Bag, Velvet Zipper Makeup Pouch with Embroidered Letter, Portable Toiletry Organizer for Women",SP-sirong-black,7,女装,包袋与钱包
B0H3N85YXB,B0H3N1959R,落叶袋,"79 Gallon Reusable Garden Leaf Bags, Heavy Duty Yard Waste Bags with Reinforced Handles, Collapsible Lawn Bags for Leaves, Grass Clippings, Gardening",SP-luoyedai-1,5,庭院园艺,园艺工具与浇灌
B0H2H7VDQV,B0H2HC7PGB,紫晶手链,"Natural Purple Crystal Beaded Bracelet, 8mm Adjustable Elastic Healing Stone Bracelet For Women Men",KCC-ZJSL-ZI,12,珠宝首饰,手链
B0H1FBXM72,B0H1FQJ948,过滤网绿色,"Silicone Bathroom Drain Hair Catcher, Stainless Steel Sink Strainer, Irregular Pattern Bathtub Drain Filter Stopper for Kitchen Bathroom",SP-guolvgui-lv,4,家装工具,管道与卫浴
B0H1CQ4K7Z,B0H1CHWDHQ,压肉器,"Press for Griddle, Burger Press Grill Weight with Handle, Rectangular BBQ Bacon Steak Press for Smash Burgers, Panini and Outdoor Cooking",SP-yarou-1,5,厨房与餐饮,炊具与烘焙用品
B0H14PTMQT,B0H14Z7J9N,小镜子黄+紫色,"Compact Hair Brush with Mirror, 2-in-1 Foldable Pocket Comb, Mini Travel Hairbrush with Mirror for Girls Women, Portable On-the-Go Hair Styling Tool",SP-xiaojing1-hz,8,美妆,美发与造型
B0GZZHXLG1,B0GYXQ18FT,大象,"Elephant Dog Rope Chew Toy, 13cm Cotton Teething & Anxiety Relief Toy for Small Medium Dogs, Interactive Play Toy",SP-TU-DX-02,3,宠物用品,狗狗用品
B0GZV6L95C,B0GZVBHFX8,宠物刷子,"Pet Bath Brush With Shampoo Dispenser, Silicone Massage Grooming Brush For Dogs Cats, Soft Shower Scrubber For Daily Bath",KCC-CWSZ-LAN,16,宠物用品,狗狗用品
B0GYXX4VHT,B0GYXQ18FT,白兰太阳,"Star Pendant Dog Rope Toy, 28cm Cotton Teething Toy for Small Dogs, Interactive Tug, Fetch & Chew Toy",SP-TU-BLTY-01,6,宠物用品,狗狗用品
B0GYZFL74L,B0GYXQ18FT,星星吊坠,"Sun Ball Dog Rope Toy, 25cm Cotton Chew Ball for Puppies & Small Dogs, Interactive Teething & Fetch Toy",SP-TU-XXDZ-01,3,宠物用品,狗狗用品
B0GXVNL9MH,B0H6W517ZG,,"Triangle Powder Puff, Mini Finger Makeup Puff for Loose Setting, Pressed Powder, Foundation Touch Ups in Travel Bags",KCC-FPFH-1,8,美妆,彩妆
B0GX1DF7ZK,B0GQBP3SH9,溯溪沙滩鞋,"Water Shoes Men Women, Non Slip Sole, Quick Dry, for Creek Hiking Beach Travel",QS-087-38/39,1,运动户外,水上运动
B0GWP6YC9B,B0GWPBRJCH,防水袋,"20L Waterproof Dry Bag, Roll Top Sack for Kayaking, Boating, Fishing, Camping, Hiking, Beach, Swimming, Keep Gear Dry",KCC-FSD-B20,1,运动户外,水上运动
B0GWLJ7XGS,B0GWL9YZNY,溯溪沙滩鞋,Men Women Water Shoes Quick Dry Non Slip Barefoot Shoes Lightweight Breathable Beach Swim Surf Yoga Outdoor Sports Aqua Socks,SP-XIE-F40/41,2,运动户外,水上运动
B0GWLF5MPL,B0GWL9YZNY,溯溪沙滩鞋,Men Women Water Shoes Quick Dry Non Slip Barefoot Shoes Lightweight Breathable Beach Swim Surf Yoga Outdoor Sports Aqua Socks,SP-XIE-S40/41,2,运动户外,水上运动
B0GWLCC48L,B0GWL9YZNY,溯溪沙滩鞋,Men Women Water Shoes Quick Dry Non Slip Barefoot Shoes Lightweight Breathable Beach Swim Surf Yoga Outdoor Sports Aqua Socks,SP-XIE-Z38/39,2,运动户外,水上运动
B0GWKV7SVD,B0GWL9YZNY,溯溪沙滩鞋,Men Women Water Shoes Quick Dry Non Slip Barefoot Shoes Lightweight Breathable Beach Swim Surf Yoga Outdoor Sports Aqua Socks,SP-XIE-L44/45,2,运动户外,水上运动
B0GWL7LH7Q,B0GWL9YZNY,溯溪沙滩鞋,Men Women Water Shoes Quick Dry Non Slip Barefoot Shoes Lightweight Breathable Beach Swim Surf Yoga Outdoor Sports Aqua Socks,SP-XIE-Q40/41,3,运动户外,水上运动
B0GWL64S8S,B0GWL9YZNY,溯溪沙滩鞋,Men Women Water Shoes Quick Dry Non Slip Barefoot Shoes Lightweight Breathable Beach Swim Surf Yoga Outdoor Sports Aqua Socks,SP-XIE-Z40/41,3,运动户外,水上运动
B0GVY41X9X,B0GQBS64JX,溯溪沙滩鞋,"Surf Water Shoes for Men Women, Anti Slip Rubber Sole, Stretch Upper, Quick Dry",QS-016-38/39,3,运动户外,水上运动
B0GVN55M1F,B0GVNB58BZ,收腰扣,"Waist Buckle Set for Women, Adjustable Pant Button Extender, Variety Styles Alloy Waist Cinch Clips, 4 Pieces Pack",SP-shouyao01-zhenzhu,4,女装,配饰
B0GV39Q43P,B0GV39Q43P,防切割手套,"HPPE Nitrile Sandy Finish Cut Resistant Gloves, EN 388 Level 5 Protection, Safety Work Gloves for Kitchen, Gardening, Construction, Men & Women",KCC-fangqiegeshoutao-L,2,家装工具,五金与安全
B0GS8HPL7V,B0GS8KFR4R,手机链,"Phone Chain and Phone Charm Strap, Cell Phone Charms, Beaded Camera Charm Strap and Camera Wrist Strap",KC-19-01,22,电子产品,电脑配件
B0GQBLYKWM,B0GQBS64JX,溯溪沙滩鞋,"Slip On Water Shoes for Men Women, Non Slip Sole, Lightweight Travel Beach Shoes",QS-008-40/41,2,运动户外,水上运动
B0GQC3CTF1,B0GQBS64JX,溯溪沙滩鞋,"Surf Water Shoes for Men Women, Anti Slip Rubber Sole, Stretch Upper, Quick Dry",QS-016-40/41,1,运动户外,水上运动
B0GQBNF49L,B0GQBS64JX,溯溪沙滩鞋,Breathable Water Shoes Non Slip Beach Shoes for Women Men Outdoor Sports,QS-015-42/43,1,运动户外,水上运动
B0GQBY72Q5,B0GQBP3SH9,溯溪沙滩鞋,"Snorkel Swim Water Shoes Unisex, Non Skid Rubber Sole, Stretch Fit Beach Shoes Black",QS-029-42/43,1,运动户外,水上运动
B0HL25L58K,B0HKV6C611,拉力带-1件装,"Resistance Band for Pull Up Assistance, Stretching, Strength Training, Mobility and Fitness Workouts, Multicolor",TTCA-ExerciseBand-1pc,2,运动户外,健身与训练
B0HK3CWLWZ,B0HC4829W2,鱼尾纱普通款迷彩绿10码,"Fishtail Ribbon Trim, Camouflage Green Plain 10 Yd Bouquet Wrap Tie for Floral Arrangements, Gift Packaging and DIY Crafts",TTCA-Fishtail-Ribbon-DeepGre,9,家居,家居装饰
B0HK3CXJ4P,B0HC4829W2,鱼尾纱普通款奶油黄10码,"Fishtail Ribbon Trim, Cream Yellow Plain 10 Yd Bouquet Wrap Tie for Floral Arrangements, Gift Packaging and DIY Crafts",TTCA-Fishtail-Ribbon-Yel,9,家居,家居装饰
B0HK3K5FBC,B0HC4829W2,鱼尾纱普通款冰海蓝10码,"Fishtail Ribbon Trim, Ice Blue Plain 10 Yd Bouquet Wrap Tie for Floral Arrangements, Gift Packaging and DIY Crafts",TTCA-Fishtail-Ribbon-Blu,9,家居,家居装饰
B0HK2WP2M5,B0HC3RND7T,美甲分趾器金色,"Toe Separators for Pedicure, Gold Diamond Toe Spacers, Reusable Nail Care Tool for Foot Grooming and Polish",TTCA-Sperators-Gold-Diamond,8,美妆,彩妆
B0HHM7F9GG,B0HHHSN7DR,香皂盒子,"Self Draining Soap Holder, Suction Soap Dish for Bar Soap with Tilted Ribbed Tray, White and Gray, 5.1 x 3.34 x 3.54 Inch",KCC-XZHZ-WHITEGRAY1,3,家居,床品与浴室用品
B0HHMKT6JS,B0HHHYDH39,拖把拖鞋蓝色2个,"2 Pack Blue Mop Slippers, Microfiber House Footwear for Indoor Floors, Home Tasks and Laundry Day Use, Blue",SP-tuoxie-lanse-2,4,女装,鞋履
B0HHLWNSLW,B0HHHQXYNW,食物刨丝器1个,"Lemon Zester Tool, Handheld Zester Grater for Citrus Peel, Lemon Zest, Garlic, Ginger and Kitchen Food Preparation",SP-caisiqi-1,4,厨房与餐饮,厨房用具与小工具
B0HHJ1SSCW,B0H1CL3S4D,四角尺,"Anglecraft Tool Multi Angle Ruler, 12 Inch Yellow Four-Sided Angle Ruler for Wood Working Tools, Woodworking Measuring Tools, Carpentry Templates and Layout Projects",KCC-SJC-YELLOW12IN1,4,家装工具,五金与安全
B0HHHTN7VW,B0HHJ3HJWY,29玉米饼架3个,"3 Pcs Taco Holder Set, Serving Stands for Filled Shells, Kitchen Meal Preparation, Table Presentation and Food Serving",SP-yumibingjia-3,4,厨房与餐饮,餐饮与宴客用品
B0HHHL7PCG,B0HHHVB4MG,门挡保护条,"Silicone Door Strips for Bottom of Door, Self Adhesive Door Sweep, Flexible Rubber Bottom Door Seal Draft Stopper, Black, 1 Pc",KCC-MDBHT-BLACK1,4,家装工具,管道与卫浴
B0HHHXNV2T,B0HHJ1WWMW,毛绒毯子,"Fluffy Fleece Pet Blanket, Brown Flannel Throw for Dogs, Cats and Puppies, Small 23.6 By 15.7, Brown, Small 23.6 By 15.7 Inch",KCC-MRTZ-BROWNSMALL1,4,宠物用品,狗狗用品
B0HHHR3MHM,B0HHHXKKXL,煮蛋定时器红色,"Red Boiled Egg Timer, Color Changing Kitchen Timer for Soft, Medium and Hard Boiled Eggs with Easy Read Indicator, Red",SP-zhudanjishi-hongse,3,厨房与餐饮,厨房用具与小工具
B0HHH987TF,B0HHHGDR39,精密镊子银色6个,"6 Pack Precision Tweezers Set, Stainless Steel Curved and Straight Tools for Electronics, Crafts, Jewelry and Repair, Silver",SP-niezi-yinse-6,4,家装工具,五金与安全
B0HHHF9PMG,B0HHH7XTLW,30画笔,"30 Pack Acrylic Paint Brushes, Small Paint Brush Set with Flat and Fine Tip Nylon Bristles and Wood Handles for Oil, Watercolor and Canvas, Multicolor, Small",KCC-30HB-1,13,办公文具,书写与绘画
B0HGQ7F9QN,B0HGLS5HND,多功能化妆刷,"6 Pcs Multicolor Double Ended Makeup Brush Set, Wood Handle Cosmetic Brushes for Foundation Blush Powder Contour",KCC-DGNHZS-6,8,美妆,彩妆
B0HGFHHQ13,B0GWLZCV14,网纱单肩包,"Mesh Beach Tote Bag With Zipper, Quick Dry Waterproof Sand Free Bag For Travel, Pool, Gym, Weekend Getaway",KCC-WSDJB-FEN,29,女装,包袋与钱包
B0HFZ85PFT,B0HFZ2B1PR,方向盘饰品,"Silver Car Steering Wheel Charm Chain, Alloy Cross Angel Pendant Hanging Ornament for Auto Interior Decoration Accent",KCC-FXPSP-YIN,9,家居,家居装饰
B0HFNBGWZR,B0HFNKFJRW,宠物便携拾便袋粉色套装,"Dog Poop Bag Holder with Dog Poop Bags, Poop Bag Holders for Leashes, Dog Bag Holder, Pink Scented, 1 Dispenser and 60 Bags",TTCA-Poop-PinkSet,6,宠物用品,狗狗用品
B0HFGJ9XHH,B0HFGCCJR4,切药盒透明款,"Pill Cutter, Pill Splitter for Small, Tiny and Large Pills, Half Quarter Tablet Cutter with Mini Storage Case, Clear",TTCA-PillCutter-Transp,9,家居,收纳整理
B0HFGFSCHK,B0HFGCCJR4,切药盒白色款,"Pill Cutter, Pill Splitter for Small, Tiny and Large Pills, 2 in 1 Tablet Cutter with Storage Case for Vitamins, White",TTCA-PillCutter-White,9,家居,收纳整理
B0HF86FG8F,B0HF7MDZ92,钩针1个2mm,"1 Pack Crochet Hook Set, 2 Millimeter Ergonomic Small Hooks and Needles for Hair, 5MM Hook, Agujas De Crochet",SP-gouzhen-1,16,玩具与游戏,美术手工
B0HF85M93B,B0HF864T96,diy珠珠南瓜10颗,"10 Pcs Pearlescent Pumpkin Acrylic Beads, Multicolor Ribbed Spacer Beads for DIY Bracelet Necklace Keychain Jewelry Making Craft Supplies",SP-diynan-10,8,女装,配饰
B0HF84DFYX,B0HFR9CDGC,普通药盒灰色1个,"1 X Pill Organize Gray Large Weekly Pill Organizer, Travel Case and Box for Medication Storage, 7 Compartments",SP-yaohe-puhui1,9,家居,收纳整理
B0HF7Q83MM,B0HF7PRQ8L,戒指刻度尺US,"US Ring Sizer Measuring Tool, 2 Pack Magnifying Ring Measurer and Ring Size Guide for Women and Men",SP-jiezhiceliangqi-us,17,珠宝首饰,戒指
B0HF3Z8GDB,B0HF3W52KW,凳腿保护8个灰色,"8 Pack Silicone Chair Leg Caps, Chair Leg Floor Protectors with Felt Pads for Hardwood Floors",SP-dengtuibaohu-8thui,9,家居,清洁与地板护理
B0HDYKHXPY,B0HDYN16C1,压蒜器全套,"2 Pcs Garlic Peeler Tube Set for Kitchen Prep, Manual Garlic Skin Remover Sleeve for Cloves and Daily Cooking",SP-yasuaguijiao-quan,9,厨房与餐饮,厨房用具与小工具
B0HDYHLF5X,B0H1FTWD8V,开罐器绿,"4 In 1 Multi-Purpose Jar Opener for Weak Hands, Adjustable Bottle Lid Gripper for Kitchen Cans, Jars and Containers, Green",SP-kaiguan-lv,8,厨房与餐饮,厨房用具与小工具
B0HC3ZH22D,B0HC46CXJ3,冷感运动毛巾-绿色,"Cooling Sports Towel, Quick Dry Fitness Towel for Gym Yoga Running Camping Golf Hiking Travel and Workouts, Green",TTCA-Towel-green,8,运动户外,健身与训练
B0HC42KHMP,B0HC43FXQL,AirTag硅胶宠物项圈-粉色,"Luminous Pet Collar with Tracker Holder, Breakaway Cat Collar for Small Pets, Night Visibility, Daily Wear, Pink",TTCA-PetXQ-Airlight-PINK,9,宠物用品,猫咪用品
B0HBWL8LC9,B0HC6QPLGZ,刮痧,"Wooden Facial Massage Comb, Multi Function Gua Sha Scraping Tool for Face, Jawline Sculpting Massage Instrument",SP-guasha-1,12,美妆,彩妆
B0HBWPL1GZ,B0H8BS1F8F,书签叶子,"Vintage Metal Ginkgo Leaf Bookmark with Tassel, Hollow Brass Book Marker, Elegant Page Marker Gift for Book Lovers, Students, Reading Enthusiasts",SP-shuqian-ye,9,办公文具,卡片与文具
B0HBWQ2R9B,B0HBWLJMSK,,"Women's Non-Slip Five-Toe Yoga Grip Socks for Pilates Barre Dance, Low Cut Studio Toe Socks, One Pair, Green",CA-Sock-S5-Green-R2,4,女装,内衣与睡衣
B0HB8XWH14,B0HB8YQ8Z7,摩托把手套1个,"Motorcycle Handlebar Wrap Grips, Anti-Slip Breathable Hand Grip Tape for Motorcycles, Scooters, Bikes, 1/2 Pack Universal Handlebar Covers",SP-motuochanrao-1,4,家装工具,五金与安全
B0HB4TXXNR,B0H9YDPSPX,手机支架磁吸粉色,"Foldable Silicone Phone Stand, Adjustable Portable Cell Phone Holder with Random Lanyard, Roll Up Pocket Mount for Travel Home Office Video Call",SP-zhijiaci-hei2,5,电子产品,电脑配件
B0H9LCRG1W,B0H9LG9BSZ,发梳3个,"Wide Tooth Styling Comb, Anti Static Detangling Hair Comb for Curly Thick Wavy Hair, Salon Home Hair Care Accessory",SP-fashua-3,5,美妆,美发与造型
B0H94GR825,B0H94HJV8Q,海棉架,"Horror Ghost Face Sponge Holder, Funny Kitchen Sink Dish Sponge Drain Rack, Halloween Decor Dish Scrubber Storage Caddy",SP-haimianjia-gui,15,家居,派对与季节装饰
B0H94T18DW,B0H94M4CPQ,粘毛器2个,"Mini Travel Lint Roller 2 Pack, Reusable Washable Portable Lint Roller with Dust Cover & Hook, Pet Hair Remover for Clothes Sofa Car",SP-zhanmaoqi-2,5,家居,清洁与地板护理
B0H8NVTHWY,B0H8NYTS5W,逗猫棒替换头小飞虫,"Single Bug Cat Wand Refill Attachment, Interchangeable Feather Teaser Spare with Bell, Snap On Replacement Head for Indoor Kitten Interactive Play",SP-doumaotihuan-fei,6,宠物用品,猫咪用品
B0H8N37Q9H,B0H8CQM5JZ,肌肉贴x6,"Kinesiology Tape 6 Pack, Assorted Color Precut KT Tape, X & Y Shaped Elastic Athletic Muscle Support Tape for Sports & Daily Soreness",SP-jiroutie-x6,7,运动户外,健身与训练
B0H837CPQJ,B0H82ZRD75,标签红色,"500 Sheets Blank Write-On Pantry Label Roll, Self Adhesive Blue Border Tags for Jars Canisters Food Containers",SP-tiezhi-h500,20,办公文具,标签与徽章
B0H6ZSB7QT,B0H6ZW72SY,美妆蛋全套,"4Pcs Beauty Sponge Set, Makeup Blenders for Foundation Concealer Loose Setting Powder Under Eye Touch Up",SP-FP-dan01,7,美妆,彩妆
B0H6FR5LLR,B0H6FYDML2,防撬螺栓锁,"Door Latch, Flip Door Latch, 90 180 Degree Swing Hook for Barn Door, Cabinet, Gate, and Suite Room Use.",KCC-FQLSS-1,8,家装工具,五金与安全
B0H4SVJ41D,B0H4SNVS2K,水杯黑色,"30oz Multicolor Stainless Steel Tumbler with Handle, Lid & Straw, Double Wall Insulated Outdoor Travel Mug for Hot Cold Drinks",SP-shuibei01-hei,4,厨房与餐饮,餐饮与宴客用品
B0H4SNSQGY,B0H4T18PCH,钱包,"Mini Lock Clip Coin Purse, Genuine Leather Portable Storage Bag, Solid Color Small Wallet for Women",KCC-QB1-1,8,女装,包袋与钱包
B0H4SVBD6G,B0H4SRY4PD,钱包,"Vintage Korean Style Long Wallet, Multi-Card Holder, Slim Envelope Design Ladies Purse",KCC-QB2-1,3,女装,包袋与钱包
B0H4S7LX2X,B0H4SSSTKY,钱包,"Black Carbon Fiber, Orange Aluminum Pop-Up Wallet, Credit Card Holder with RFID Blocking",KCC-QB3-1,2,男装,包袋与收纳包
B0H4R5F255,B0H4R5Y4WB,化妆包大绿,"Striped Color-Block Hanging Travel Makeup Bag, Foldable Multi-Compartment Cosmetic Organizer for Women",SP-dabao-lv,5,女装,包袋与钱包
B0H4RBC8KS,B0H4R5Y4WB,化妆包帆布花,"Floral Print Canvas Cosmetic Bag, Multi-Use Zipper Pouch, Portable Travel Makeup Organizer for Women",SP-fanbu-hua,12,女装,包袋与钱包
B0H4JHVR62,B0H4JBC65Y,半自动打蛋器,"Egg Beater, Stainless Steel Hand Push Rotary Egg Whisk, Semi Automatic Manual Egg Mixer for Baking, Egg Cream & Batter",SP-jiaobandadan3-1,3,厨房与餐饮,炊具与烘焙用品
B0H3PCLX9Q,B0H3S89CDJ,眼镜盒,"3 Slots Foldable Eyeglasses Storage Case, PU Leather Multiple Sunglasses Organizer, Portable Multi Glasses Box for Travel",SP-mojinghe1-3,5,女装,配饰
B0H2M8YB9B,B0H2MKR6M2,,"Universal 6 Speed Knurled Aluminum Alloy Gear Shift Knob with 4 Adapters, Racing Shifter Head for Car & Sim Racing",QC-DB-H-yellow,1,家装工具,五金与安全
B0H2HFTW3W,B0H2HFNFLF,波西米亚风针织帽,"Boho Floral Printed Slouchy Beanie for Women, Soft Stretch Ethnic Pattern Chemo Cap 20.47-23.62 Inch Head Circumference Multicolor",KCC-BXMYFZZM-1,2,女装,配饰
B0H1W4SSJY,B0H1WBL1W3,卷尺,"Body Measuring Tape, 2Pcs Soft Tape Measure 150cm/60inch, Flexible Fabric Tape for Body Measurement & Sewing, Random 2 Colors",SP-juanchi-2,39,家装工具,五金与安全
B0H1HP2BCJ,B0H1HKKBJB,挂钩,"2 Pack Adhesive Wall Hooks, No Drilling Heavy Duty Self Adhesive Hooks, Waterproof Transparent Hanger for Bathroom Kitchen Door Towel Coat Key",SP-guaigou-2,14,家装工具,五金与安全
B0GZYM97HV,B0GZY8JYQ8,折叠环保包灰色,"Foldable Reusable Tote Bag, No-Hole Textured Shopping Bag for Small Items, Gift Box Cover, Travel Storage",SP-huanbao-zhe-hui,5,女装,包袋与钱包
B0GZYJ7CT4,B0GZY8JYQ8,折叠环保包黑色,"Foldable Reusable Tote Bag, No-Hole Textured Shopping Bag for Small Items, Gift Box Cover, Travel Storage",SP-huanbao-zhe-hei,4,女装,包袋与钱包
B0GYXY2NGY,B0GYXPM866,宠物玩具,"Multi Size Woven Round Placemat Set, Heat Resistant Non Slip Rope Mats for Dining Table Kitchen Pot Holders",KCC-feipan-15cm,13,厨房与餐饮,餐饮与宴客用品
B0GYXXH7BG,B0GYXQ18FT,蓝色星星吊球,"Star Dog Rope Chew Toy, 38cm Durable Cotton Puppy Teething Toy for Small Breeds, Interactive Tug & Play Toy",SP-TU-LXXDQ-01,1,宠物用品,狗狗用品
B0GYX36NND,B0GYWSYXZ5,新款大童溯溪鞋,"Big Kids Water Shoes, Whale & Sailboat Print Non Slip Aqua Socks for Big Kids Beach Swim Pool",QS-506-D19-30/31,1,运动户外,水上运动
B0GYWPSZYZ,B0GYWSYXZ5,新款大童溯溪鞋,"Big Kids Water Shoes, Whale & Sailboat Print Non Slip Aqua Socks for Big Kids Beach Swim Pool",QS-506-D19-32/33,2,运动户外,水上运动
B0GY8SRWSQ,B0GY8X1TF6,小狗衣服,"Breathable Mesh Summer Dog Vest, Cute Printed Lightweight Tank Top As Daily Casual Apparel for Small Puppy and Small Breed Dogs",KCC-XGYF-XL,4,宠物用品,狗狗用品
B0GY2YZG8K,B0HDPM9Z8J,溯溪沙滩鞋,"Aqua Socks Water Shoes for Men Women, Anti-Slip Quick Dry Swim Shoes for Pool",SP-XIE6-Q40/41,1,运动户外,水上运动
B0GXHVHRM9,B0GQBS64JX,溯溪沙滩鞋,Soft Water Shoes Lightweight Quick Dry Shoes for Beach Surfing Yoga,QS-031-36/37,2,运动户外,水上运动
B0GXHNTB1B,B0GQBS64JX,溯溪沙滩鞋,"Slip On Water Shoes for Men Women, Non Slip Sole, Lightweight Travel Beach Shoes",QS-008-36/37,1,运动户外,水上运动
B0GXJ3L8RT,B0GQBS64JX,溯溪沙滩鞋,"Unisex Swim Shoes, Rubber Outsole Anti Slip, Soft Stretch Upper, for Beach Snorkel",QS-005-36/37,1,运动户外,水上运动
B0GX9Z8DK7,B0GXB58BWF,30件螺丝批套筒棘轮组套,"30-Piece Ratchet Screwdriver Set with Socket Sleeves, Multi-Bit Home Repair Tool Kit with Storage Case, Phillips Slotted Torx Hex Bits for Furniture, Appliance, Electronics and DIY Projects",KCC-LSTTJL-30PCS,3,家装工具,五金与安全
B0GX1HSQJ7,B0GQBP3SH9,溯溪沙滩鞋,"Water Shoes Men Women, Non Slip Sole, Quick Dry, for Creek Hiking Beach Travel",QS-087-44/45,1,运动户外,水上运动
B0GX1BB6G8,B0GQBP3SH9,溯溪沙滩鞋,"Aqua Shoes Unisex, Anti Slip Rubber Sole, Quick Dry, for Surf Pool Ocean Beach",QS-096-44/45,1,运动户外,水上运动
B0GX1BTTFX,B0GQBS64JX,溯溪沙滩鞋,Breathable Water Shoes Non Slip Quick Dry Shoes for Beach Swimming,QS-022-38/39,3,运动户外,水上运动
B0GX1C498C,B0GQBS64JX,溯溪沙滩鞋,Breathable Water Shoes Non Slip Quick Dry Shoes for Beach Swimming,QS-022-36/37,4,运动户外,水上运动
B0GWPF8SFK,B0GWPBRJCH,防水袋,"20L Waterproof Dry Bag, Roll Top Sack for Kayaking, Boating, Fishing, Camping, Hiking, Beach, Swimming, Keep Gear Dry",KCC-FSD-W20,4,运动户外,水上运动
B0GWLB7MST,B0GWL9YZNY,溯溪沙滩鞋,Men Women Water Shoes Quick Dry Non Slip Barefoot Shoes Lightweight Breathable Beach Swim Surf Yoga Outdoor Sports Aqua Socks,SP-XIE-Z42/43,4,运动户外,水上运动
B0GWL7PP57,B0GWL9YZNY,溯溪沙滩鞋,Men Women Water Shoes Quick Dry Non Slip Barefoot Shoes Lightweight Breathable Beach Swim Surf Yoga Outdoor Sports Aqua Socks,SP-XIE-L40/41,3,运动户外,水上运动
B0GWLLLBGM,B0GWL9YZNY,溯溪沙滩鞋,Men Women Water Shoes Quick Dry Non Slip Barefoot Shoes Lightweight Breathable Beach Swim Surf Yoga Outdoor Sports Aqua Socks,SP-XIE-Z44/45,2,运动户外,水上运动
B0GWLBM2DW,B0GWL9YZNY,溯溪沙滩鞋,Men Women Water Shoes Quick Dry Non Slip Barefoot Shoes Lightweight Breathable Beach Swim Surf Yoga Outdoor Sports Aqua Socks,SP-XIE-L42/43,3,运动户外,水上运动
B0GWL3GRS9,B0GWL9YZNY,溯溪沙滩鞋,Men Women Water Shoes Quick Dry Non Slip Barefoot Shoes Lightweight Breathable Beach Swim Surf Yoga Outdoor Sports Aqua Socks,SP-XIE-H38/39,3,运动户外,水上运动
B0GWL8SQ8L,B0GWL9YZNY,溯溪沙滩鞋,Men Women Water Shoes Quick Dry Non Slip Barefoot Shoes Lightweight Breathable Beach Swim Surf Yoga Outdoor Sports Aqua Socks,SP-XIE-S36/37,2,运动户外,水上运动
B0GWL9W5YR,B0GWL9YZNY,溯溪沙滩鞋,Men Women Water Shoes Quick Dry Non Slip Barefoot Shoes Lightweight Breathable Beach Swim Surf Yoga Outdoor Sports Aqua Socks,SP-XIE-Q36/37,6,运动户外,水上运动
B0GWJ1Z6PV,B0GQBP3SH9,溯溪沙滩鞋,"Rafting Beach Water Shoes Unisex, Anti Slip Rubber Sole, Quick Dry Slip On",QS-035-36/37,1,运动户外,水上运动
B0GVYZTYT9,B0GQBP3SH9,溯溪沙滩鞋,"Water Shoes for Men Women, Non Skid Sole, Stretch Fit, Snorkeling Surf Swim Shoes",QS-003-38/39,3,运动户外,水上运动
B0GVXQGDM9,B0GL91XJMF,拖鞋,"Foldable EVA Travel Slippers for Women Men, Lightweight Quick Drying Non Slip Shower Sandals, Portable Flip Flops for Bathroom, Hotel, Beach, Pool & Cruise",ZD002-Blue-9/10,3,女装,鞋履
B0GVS9KJ3R,B0GVSBFMFQ,护腕,"2 Pack Wrist Rest with Thumb Support, Compression Sleeve for Tendonitis & Carpal Tunnel, Joint Stabilizer for Wrist Pain Relief",SP-huwan-dahei,7,运动户外,健身与训练
B0GVRNK67N,B0GVR5WKNS,挂件毛巾,"Fuzzy Ball Chenille Hanging Hand Towels 2 Pack, Soft Absorbent Fast Drying Towels with Hanging Loop for Bathroom Kitchen",SP-maojin-feng,6,家居,床品与浴室用品
B0GV317D7P,B0GV317D7P,防切割手套,"HPPE Nitrile Sandy Finish Cut Resistant Gloves, EN 388 Level 5 Protection, Safety Work Gloves for Kitchen, Gardening, Construction, Men & Women",KCC-fangqiegeshoutao-XL,2,家装工具,五金与安全
B0GTLCHCRJ,B0GTLSHRJ9,宠物玩具,"Puppy Teething Rope Toys Set, Dog Rope Knot Chew Toys, Interactive Tug Toys for Small and Medium Dogs",SP-TUTU-SEQ-05,18,宠物用品,狗狗用品
B0GSVPQZ4D,B0HD6R23RJ,比基尼,Women Vintage Print Two Piece Bikini Set Halter String Triangle Swimsuit Back Self Tie Spaghetti Strap Swimwear Multicolor,KC-B10-L,1,女装,泳装
B0GSVQQ9G6,B0HD6F5MYH,比基尼,Women Two Piece Vintage Print Bikini Set Halter String Triangle Swimsuit Back Self Tie Spaghetti Strap Bathing Suit,KC-B13-M,1,女装,泳装
B0GS8JQNW8,B0GS8KFR4R,手机链,Keychain for Men Women - Durable Metal Key Chain with Key Ring Car Key Accessory,KC-10-01,2,女装,配饰
B0GQBTQTGP,B0GQBP3SH9,溯溪沙滩鞋,"Snorkeling Water Shoes for Men Women, Non Slip Rubber Sole, Quick Dry Beach Shoes",QS-084-42/43,1,运动户外,水上运动
B0GQBSKR9C,B0GQBP3SH9,溯溪沙滩鞋,"Beach Water Shoes Unisex, Printed Design, Anti Slip Sole, Quick Dry Shoes for Pool Ocean",QS-004-42/43,2,运动户外,水上运动
B0GQC5YZBF,B0GQBS64JX,溯溪沙滩鞋,"Lightweight Beach Water Shoes for Men Women, Anti Slip Sole, Quick Dry Swim",QS-040-40/41,2,运动户外,水上运动
B0GQC28Z8Y,B0GQBS64JX,溯溪沙滩鞋,"Pool Beach Aqua Shoes Men Women, Non Skid Rubber Sole, Lightweight Quick Dry",QS-091-40/41,3,运动户外,水上运动
B0GQBYCJKK,B0GQBS64JX,溯溪沙滩鞋,Breathable Water Shoes Non Slip Quick Dry Shoes for Beach Swimming,QS-022-40/41,2,运动户外,水上运动
B0GQBX6NNV,B0GQBS64JX,溯溪沙滩鞋,Breathable Water Shoes Non Slip Quick Dry Shoes for Beach Swimming,QS-022-42/43,1,运动户外,水上运动
B0GQBSKW29,B0GQBP3SH9,溯溪沙滩鞋,"Water Shoes for Men Women, Non Skid Sole, Stretch Fit, Snorkeling Surf Swim Shoes",QS-003-40/41,2,运动户外,水上运动
B0GQC6H3FM,B0GQBS64JX,溯溪沙滩鞋,Quick Dry Water Shoes Slip On Comfort Beach Shoes for Pool Surfing,QS-012-40/41,2,运动户外,水上运动
B0GQBP2K8L,B0GQBP3SH9,溯溪沙滩鞋,"Snorkel Swim Water Shoes Unisex, Non Skid Rubber Sole, Stretch Fit Beach Shoes Black",QS-029-40/41,8,运动户外,水上运动
B0GQBMPPTB,B0GQBS64JX,溯溪沙滩鞋,"Beach Water Shoes Unisex, Anti Slip Pattern Sole, Quick Dry Swim Shoes for Ocean",QS-098-42/43,2,运动户外,水上运动
B0GL961T22,B0GL9J1BLX,折叠拖鞋003白,"Foldable EVA Flip Flops for Women Men, Wide Strap Non-Slip Travel Sandals, Lightweight Quick-Drying Beach Slippers for Vacation, Pool & Shower",ZD003-White-8/9,3,女装,鞋履
B0GL916YJS,B0GL9J1BLX,折叠拖鞋002白,"Foldable EVA Flip Flops for Women Men, Wide Strap Non-Slip Travel Sandals, Lightweight Quick-Drying Beach Slippers for Vacation, Pool & Shower",ZD003-White-7/8,2,女装,鞋履
B0GL94DJQC,B0GL94DJQC,折叠拖鞋002灰,"Foldable EVA Travel Slippers for Women Men, Lightweight Quick Drying Non Slip Shower Sandals, Portable Flip Flops for Bathroom, Hotel, Beach, Pool & Cruise",ZD002-Grey-8/9,2,女装,鞋履
B0HDBFDT41,B0HDBHCQJF,骷髅头鱼缸,"Aquarium Ornament Fish Tank Decor, Air‑Driven Dynamic Skeleton Figurine, Novelty Underwater Landscape Decoration for Freshwater Saltwater Aquariums",SP-kulou-1,9,宠物用品,小宠与鱼类用品
B0HDBKV13V,B0HDBHCQJF,水母鱼缸,"Floating Resin Jellyfish Aquarium Ornament with Suspension Float Ball, Realistic Glitter Jellyfish Fish Tank Decor for Freshwater Aquarium Landscape",SP-shuimu-1,9,宠物用品,小宠与鱼类用品
B0HD6NRZP4,B0HD73HLW3,diy珠珠8款,"16Pcs White Natural Stone Beads Set, 8 Shapes Star Cross Skull Sea Star Loose Spacer Beads for DIY Bracelet Necklace Jewelry Making",SP-diy-16,7,玩具与游戏,美术手工
B0HC426YLT,B0HC43FXQL,AirTag硅胶宠物项圈-白色,"Luminous Pet Collar with Tracker Holder, Breakaway Cat Collar for Small Pets, Night Visibility, Daily Wear, White",TTCA-PetXQ-Airlight-WHITE,9,宠物用品,猫咪用品
B0HBWRHXFD,B0H1QP7PPS,防烫夹红色,"3 in 1 Anti-Scald Plate Clip, Multifunctional Kitchen Bowl Gripper with Bottle Opener, Non Slip Heat Resistant Dish Lifter",SP-fangtangjia-1hong,21,厨房与餐饮,餐饮与宴客用品
B0H9WLXF2K,B0H94T31LX,纳米胶贴,"1 mm Thick x 3 cm Wide x 5 m Long, 3.8 cm Core，Clear Double Sided Nano Tape, Waterproof Removable Acrylic Mounting Tape, Regular Pack",KCC-NMJT-10,22,家装工具,墙面涂装与建筑用品
B0H8C298PP,B0H8BS1F8F,书签,"1 Pack Purple Apple Slice Acrylic Bookmark, Transparent Fruit Page Marker for Book Lovers Reading Journal Gift",SP-shuqian-zi,4,办公文具,卡片与文具
B0H85YZ2SH,B0H86D47N3,放光贴自行车,"6 Pcs Light Up Dog Collar, LED Reflective Nylon Dog Collar with Metal D-Ring, Adjustable High Vis Lighted Collar for Night Walking, Glow in Dark Safety Collar for Medium Large Dogs",SP-fanguangwei1-6,12,宠物用品,狗狗用品
B0H838LLMS,B0H82ZRD75,标签蓝空白色,"500 Sheets Blank Write-On Pantry Label Roll, Self Adhesive Blue Border Tags for Jars Canisters Food Containers",SP-tiezhi-lk500,15,办公文具,标签与徽章
B0H5NRQYTL,B0H5NQJPLY,猫咪项圈灰色,"8-Month Long Lasting Pet Neck Collar for Dogs & Cats, Adjustable Waterproof Daily Wearing Collar, Skin Friendly Hypoallergenic Pet Accessory",SP-xiangquan1-38-hui,10,宠物用品,狗狗用品
B0H5J37TVL,B0H5HWXW1D,刺头玩具,"Suction Cup Cat Toy with Dual Feather Wands, Interactive Self-Play Cat Scratcher & Teething Toy for Indoor Cats",SP-citouxi-hui,8,宠物用品,猫咪用品
B0H4ZNP896,B0H4ZLTJ4B,瑜伽,"Single Flower Shaped Yoga Knee Pad, 7.87 Inch Soft NBR Foam Knee Cushion, Non-Slip Thick Kneeling Mat for Yoga Pilates Gardening House Cleaning",KCC-YJHXD1-2,5,运动户外,健身与训练
B0H4T7JFNB,B0H4SNVS2K,户外保温杯,"30 Oz Non Slip Textured Travel Tumbler With Carry Handle And Flip Straw, Leakproof Stainless Steel Drink Mug For Driving Outdoor Use",KCC-FHBWB-HEI,13,厨房与餐饮,餐饮与宴客用品
B0H4SPQF52,B0H4SNVS2K,户外保温杯,"30 Oz Non Slip Textured Travel Tumbler With Carry Handle And Flip Straw, Leakproof Stainless Steel Drink Mug For Driving Outdoor Use",KCC-FHBWB-BAI,4,厨房与餐饮,餐饮与宴客用品
B0H4SMX71P,B0H4SNVS2K,户外保温杯,"30 Oz Non Slip Textured Travel Tumbler With Carry Handle And Flip Straw, Leakproof Stainless Steel Drink Mug For Driving Outdoor Use",KCC-FHBWB-LAN,11,厨房与餐饮,餐饮与宴客用品
B0H4SWX2ZD,B0H4SNVS2K,户外保温杯,"30 Oz Non Slip Textured Travel Tumbler With Carry Handle And Flip Straw, Leakproof Stainless Steel Drink Mug For Driving Outdoor Use",KCC-FHBWB-HUI,4,厨房与餐饮,餐饮与宴客用品
B0H4R3VD5F,B0H4R5Y4WB,托盘金,"Gold Jewelry Tray, Metal Trinket Dish and Decorative Vanity Organizer for Rings, Cosmetics and Small Accessories",SP-tuopan-j,9,家居,收纳整理
B0H456QPHQ,B0HDB3X9SL,沙滩裤,"Mens Swim Trunks, Mini Palm Tree Print Board Shorts with Drawstring Waist for Resort and Summer Casual Getaways",KCC-STK-8113-XL,1,男装,下装
B0H457GMLL,B0HDB3X9SL,沙滩裤,"Mens Swim Trunks, Banana Print Board Shorts with Drawstring Waist for Resort and Summer Casual Outings",KCC-STK-AP-L,1,男装,下装
B0H45924RR,B0HDB3X9SL,沙滩裤,"Mens Swim Trunks, Palm Tree Print Board Shorts with Drawstring Waist for Resort and Summer Casual Getaways",KCC-STK-AE-XL,1,男装,下装
B0H457B86X,B0HDB3X9SL,沙滩裤,"Mens Swim Trunks, Patriotic Flag Print Board Shorts with Drawstring Waist for Holiday and Resort Casual Activities",KCC-STK-A5-L,2,男装,下装
B0H3PHPN27,B0H3PJ2HB3,化妆刷 2 头,"2 Pack Dual End Makeup Brushes, 2-in-1 Foundation Concealer Brush Set, Synthetic Vegan Blush Contour Brush for Liquid Cream Powder Cosmetics",SP-huazhuang2tou-2,8,美妆,彩妆
B0H2MD7CG1,B0GQBS64JX,溯溪沙滩鞋,"Water Shoes for Women Men, Aqua Socks, Slip On Swim Shoes for Beach Pool Lake Boat Resort Travel Pair, 2629, Adult Travel",QS-2629-38/39,1,运动户外,水上运动
B0H2MDLDD6,B0GQBS64JX,溯溪沙滩鞋,"Water Shoes for Women Men, Aqua Socks, Foldable Water Shoes for Beach Pool River Lake Cruise Trip Pair, 2529, Adult Travel",QS-2529-40/41,1,运动户外,水上运动
B0H2MHWVWS,B0GQBS64JX,溯溪沙滩鞋,"Water Shoes for Women Men, Lightweight Swim Shoes for Beach Hotel Pool Lake Marina Resort Travel Pair, 2515, Adult Travel",QS-2515-40/41,1,运动户外,水上运动
B0H2MJMTB8,B0GQBS64JX,溯溪沙滩鞋,"Water Shoes for Women Men, Slip On Pool Shoes for Beach Resort Shower Cruise Dock Travel Footwear, 2532, Adult Travel",QS-2532-40/41,1,运动户外,水上运动
B0H2M7H16K,B0H2MKR6M2,,"Universal 6 Speed Knurled Aluminum Alloy Gear Shift Knob with 4 Adapters, Racing Shifter Head for Car & Sim Racing",QC-DB-H-blue,1,家装工具,五金与安全
B0H1W7PVDR,B0H1W5BP2G,猫眼石手链,"Cat's Eye Beaded Stretch Bracelet With Butterfly Charm, Adjustable Fashion Jewelry For Women Daily Wear",KCC-MYSSL-1,1,珠宝首饰,手链
B0H1W56GH9,B0H3PJ2HB3,化妆刷,"5Pcs Portable Makeup Brush Set with Mirror Box, Mini Travel Cosmetic Brushes for Powder Blush Foundation Eyeshadow",SP-huazhuangshua-5,12,美妆,彩妆
B0H1VFBVL9,B0H1VHTD8P,铝箔碗盖,"10Pcs Disposable Aluminum Foil Elastic Bowl Covers, Universal Stretch‑Fit Food Storage Lids For Kitchen Fresh‑Keeping",KCC-LBWG-10GE,5,厨房与餐饮,收纳整理
B0H1S3V7KC,B0GQBS64JX,溯溪沙滩鞋,"Lake Shoes for Women Men, Aqua Socks, Swim Footwear, Slip On River Dock Boat Ramp Travel Vacation Pair",QS-135-40/41,1,运动户外,水上运动
B0H1Q6CLRL,B0H1PW84WX,角钢,"This 10‑Pack 90‑Degree L‑Shaped Stainless Steel Angle Brackets Each Measure 1.57 × 1.57 × 0.63 inches, weigh 0.26 lbs (120g) Total, with Package Dimensions of 4.33 × 3.15 × 0.79 inches.",KCC-JG-10,3,家装工具,五金与安全
B0H1PS5J84,B0H1PGVC1W,电焊管套组,"600Pcs Solder Seal Wire Connectors Kit, Heat Shrink Waterproof Electrical Terminals for AWG10‑24",KCC-DHGTZ-600,2,家装工具,电工电料
B0H1HK4VMY,B0H1H7CZ1B,土豆压泥器,"Stainless Steel Potato Masher, Ergonomic Handle Wave Design, Heavy Duty Vegetable Bean Masher for Smooth Mashed Potatoes Baby Food",SP-tudouyani-1,12,厨房与餐饮,炊具与烘焙用品
B0H1FL741V,B0H1FSPR6N,除草器,"Hand Weeder Tool With Ergonomic Handle, Aluminum Alloy Gardening Weed Puller For Planting Transplanting",KCC-CCQ-CHENG,2,庭院园艺,园艺工具与浇灌
B0H1FG6JJN,B0H1FQJ948,过滤网黄色,"Silicone Bathroom Drain Hair Catcher, Stainless Steel Sink Strainer, Irregular Pattern Bathtub Drain Filter Stopper for Kitchen Bathroom",SP-guolvgui-huang,5,家装工具,管道与卫浴
B0H1FGFPSK,B0H1FTWD8V,开罐器,"Camping Can Opener, Multifunctional Can Opener Manual Tool, Adjustable One-Handed Can and Bottle Opener for Kitchen, Black",SP-kaiguan-1,14,厨房与餐饮,厨房用具与小工具
B0H156KRGG,B0GQH38Y4J,,Lightweight Foldable Water Shoes Comfort Beach Shoes for Pool Travel,QS-044-36/37,1,运动户外,水上运动
B0GZYGQW3S,B0GZY8JYQ8,折叠环保包卡其,"Foldable Reusable Tote Bag, No-Hole Textured Shopping Bag for Small Items, Gift Box Cover, Travel Storage",SP-huanbao-zhe-ka,3,女装,包袋与钱包
B0GZYFJCLF,B0GZY8JYQ8,折叠环保包绿色,"Foldable Reusable Tote Bag, No-Hole Textured Shopping Bag for Small Items, Gift Box Cover, Travel Storage",SP-huanbao-zhe-lu,6,女装,包袋与钱包
B0GZNTCX6T,B0GYWSYXZ5,新款大童溯溪鞋,"Big Kids Water Shoes, Whale & Sailboat Print Non Slip Aqua Socks for Big Kids Beach Swim Pool",QS-506-D19-26/27,2,运动户外,水上运动
B0GYXQ8J5C,B0GYXQ18FT,太阳球,"Blue Star Dog Rope Toy, 38cm Cotton Puppy Teething Toy for Small Dogs, Interactive Chew & Fetch Dog Toy",SP-TU-TYQ-01,2,宠物用品,狗狗用品
B0GYYM96PX,B0GYXQ18FT,双太阳球,"Heavy Duty Dog Ring Rope Chew Toy, 35cm Cotton Tug Toy for Medium Dogs, Durable Teething & Training Interactive Toy",SP-TU-STYQ-01,5,宠物用品,狗狗用品
B0GYRBQVX4,B0GQBS64JX,潜水溯溪鞋,"Beach Water Shoes Unisex, Anti Slip Pattern Sole, Quick Dry Swim Shoes for Ocean",QS-098-38/39,2,运动户外,水上运动
B0GYRP5V9P,B0GQBS64JX,潜水溯溪鞋,Quick Dry Water Shoes Slip On Comfort Beach Shoes for Pool Surfing,QS-012-44/45,4,运动户外,水上运动
B0GY8NTN5G,B0GY8X1TF6,小狗衣服,"Breathable Mesh Summer Dog Vest, Cute Printed Lightweight Tank Top As Daily Casual Apparel for Small Puppy and Small Breed Dogs",KCC-XGYF-L,3,宠物用品,狗狗用品
B0GXV3C6N3,B0GQBS64JX,溯溪沙滩鞋,"Diving Beach Water Shoes Men Women, Non Slip Rubber Sole, Quick Dry Swim Shoes",QS-074-38/39,1,运动户外,水上运动
B0GXJ3MPVV,B0GQBS64JX,溯溪沙滩鞋,Soft Water Shoes Lightweight Quick Dry Shoes for Beach Surfing Yoga,QS-031-44/45,2,运动户外,水上运动
B0GXHMKTHV,B0GQBS64JX,溯溪沙滩鞋,Breathable Water Shoes Non Slip Beach Shoes for Women Men Outdoor Sports,QS-015-36/37,2,运动户外,水上运动
B0GXHJQM2G,B0GQBS64JX,溯溪沙滩鞋,"Slip On Water Shoes for Men Women, Non Slip Sole, Lightweight Travel Beach Shoes",QS-008-38/39,3,运动户外,水上运动
B0GXHNGY1D,B0GQBS64JX,溯溪沙滩鞋,"Slip On Water Shoes for Men Women, Non Slip Sole, Lightweight Travel Beach Shoes",QS-008-44/45,3,运动户外,水上运动
B0GXHJ86QW,B0GQBS64JX,溯溪沙滩鞋,"Unisex Reef Shoes, Non Slip Rubber Sole, Protective Water Shoes for Beach Ocean",QS-021-36/37,2,运动户外,水上运动
B0GXHMZ7NC,B0GQBS64JX,溯溪沙滩鞋,"Unisex Reef Shoes, Non Slip Rubber Sole, Protective Water Shoes for Beach Ocean",QS-021-38/39,3,运动户外,水上运动
B0GX9VS5ZB,B0GX9YSY8Q,多功能LED彩光测电笔70-250V,"Voltage Tester Screwdriver Pen with Indicator Light, Transparent AC Circuit Tester for Wall Outlet, Switch Panel, Home Repair, Garage and DIY Electrical Check",KCC-CDB-LED,1,家装工具,电工电料
B0GX1H4VZ6,B0GQBS64JX,溯溪沙滩鞋,Breathable Water Shoes Non Slip Quick Dry Shoes for Beach Swimming,QS-022-44/45,5,运动户外,水上运动
B0GWPBGMCG,B0GWPDNKBC,袜子,"No Show Liner Socks for Women & Men, Breathable Cooling Summer Boat Socks, Invisible Non-Slip Casual Socks,5 Pairs",SP-WZ-chuan01,2,女装,内衣与睡衣
B0GWM1N71D,B0GWPRJBLQ,丝巾,"27.56 Inch Silk Feeling Scarf for Women, Square Satin Head Scarf, Fashion Hair Wrap Bandana for All Occasions",SP-SJ70,1,女装,配饰
B0GWL2WLT3,B0GWL9YZNY,溯溪沙滩鞋,Men Women Water Shoes Quick Dry Non Slip Barefoot Shoes Lightweight Breathable Beach Swim Surf Yoga Outdoor Sports Aqua Socks,SP-XIE-Z36/37,2,运动户外,水上运动
B0GWKS87BC,B0GWL9YZNY,溯溪沙滩鞋,Men Women Water Shoes Quick Dry Non Slip Barefoot Shoes Lightweight Breathable Beach Swim Surf Yoga Outdoor Sports Aqua Socks,SP-XIE-S44/45,2,运动户外,水上运动
B0GWL4Y318,B0GWL9YZNY,溯溪沙滩鞋,Men Women Water Shoes Quick Dry Non Slip Barefoot Shoes Lightweight Breathable Beach Swim Surf Yoga Outdoor Sports Aqua Socks,SP-XIE-Q38/39,4,运动户外,水上运动
B0GWL4ZKYM,B0GWL9YZNY,溯溪沙滩鞋,Men Women Water Shoes Quick Dry Non Slip Barefoot Shoes Lightweight Breathable Beach Swim Surf Yoga Outdoor Sports Aqua Socks,SP-XIE-F42/43,1,运动户外,水上运动
B0GWL7LLPX,B0GWL9YZNY,溯溪沙滩鞋,Men Women Water Shoes Quick Dry Non Slip Barefoot Shoes Lightweight Breathable Beach Swim Surf Yoga Outdoor Sports Aqua Socks,SP-XIE-L36/37,3,运动户外,水上运动
B0GWL2KY5F,B0GWL9YZNY,溯溪沙滩鞋,Men Women Water Shoes Quick Dry Non Slip Barefoot Shoes Lightweight Breathable Beach Swim Surf Yoga Outdoor Sports Aqua Socks,SP-XIE-S42/43,4,运动户外,水上运动
B0GWL9PP46,B0GWL9YZNY,溯溪沙滩鞋,Men Women Water Shoes Quick Dry Non Slip Barefoot Shoes Lightweight Breathable Beach Swim Surf Yoga Outdoor Sports Aqua Socks,SP-XIE-F44/45,2,运动户外,水上运动
B0GWKYJ6CF,B0GWL9YZNY,溯溪沙滩鞋,Men Women Water Shoes Quick Dry Non Slip Barefoot Shoes Lightweight Breathable Beach Swim Surf Yoga Outdoor Sports Aqua Socks,SP-XIE-L38/39,4,运动户外,水上运动
B0GWL24F3M,B0GWL9YZNY,溯溪沙滩鞋,Men Women Water Shoes Quick Dry Non Slip Barefoot Shoes Lightweight Breathable Beach Swim Surf Yoga Outdoor Sports Aqua Socks,SP-XIE-Q42/43,3,运动户外,水上运动
B0GWL148VJ,B0GWL9YZNY,溯溪沙滩鞋,Men Women Water Shoes Quick Dry Non Slip Barefoot Shoes Lightweight Breathable Beach Swim Surf Yoga Outdoor Sports Aqua Socks,SP-XIE-H36/37,4,运动户外,水上运动
B0GWL7SRKH,B0GWL9YZNY,溯溪沙滩鞋,Men Women Water Shoes Quick Dry Non Slip Barefoot Shoes Lightweight Breathable Beach Swim Surf Yoga Outdoor Sports Aqua Socks,SP-XIE-Q44/45,1,运动户外,水上运动
B0GWL4RQQ1,B0GWL9YZNY,溯溪沙滩鞋,Men Women Water Shoes Quick Dry Non Slip Barefoot Shoes Lightweight Breathable Beach Swim Surf Yoga Outdoor Sports Aqua Socks,SP-XIE-F38/39,3,运动户外,水上运动
B0GWHQQCYG,B0GQBP3SH9,溯溪沙滩鞋,"Snorkeling Water Shoes for Men Women, Non Slip Rubber Sole, Quick Dry Beach Shoes",QS-084-36/37,1,运动户外,水上运动
B0GWHVDKQ4,B0GQBP3SH9,溯溪沙滩鞋,"Beach Water Shoes Unisex, Printed Design, Anti Slip Sole, Quick Dry Shoes for Pool Ocean",QS-004-36/37,4,运动户外,水上运动
B0GWHYY58F,B0GQBP3SH9,溯溪沙滩鞋,"Water Shoes for Men Women, Non Skid Sole, Stretch Fit, Snorkeling Surf Swim Shoes",QS-003-36/37,3,运动户外,水上运动
B0GWHRZ4HZ,B0GQBS64JX,溯溪沙滩鞋,Non Slip Water Shoes Quick Dry Comfort Beach Shoes for Swimming Walking,QS-060-36/37,2,运动户外,水上运动
B0GWHP9JTG,B0GQBS64JX,溯溪沙滩鞋,Non Slip Water Shoes Quick Dry Comfort Beach Shoes for Swimming Walking,QS-060-44/45,2,运动户外,水上运动
B0GWHQMP8N,B0GQBP3SH9,溯溪沙滩鞋,"Beach Water Shoes Unisex, Printed Design, Anti Slip Sole, Quick Dry Shoes for Pool Ocean",QS-004-44/45,2,运动户外,水上运动
B0GWHZ5CH4,B0GQBS64JX,溯溪沙滩鞋,"Pool Beach Aqua Shoes Men Women, Non Skid Rubber Sole, Lightweight Quick Dry",QS-091-44/45,2,运动户外,水上运动
B0GWHWJ64G,B0GQBS64JX,溯溪沙滩鞋,"Surf Water Shoes for Men Women, Anti Slip Rubber Sole, Stretch Upper, Quick Dry",QS-016-36/37,4,运动户外,水上运动
B0GWHYCBNT,B0GQBP3SH9,溯溪沙滩鞋,"Snorkel Swim Water Shoes Unisex, Non Skid Rubber Sole, Stretch Fit Beach Shoes Black",QS-029-36/37,4,运动户外,水上运动
B0GWHX8BBZ,B0GQBS64JX,溯溪沙滩鞋,"Pool Beach Aqua Shoes Men Women, Non Skid Rubber Sole, Lightweight Quick Dry",QS-091-36/37,2,运动户外,水上运动
B0GWJ233SY,B0GQBP3SH9,溯溪沙滩鞋,"Snorkel Swim Water Shoes Unisex, Non Skid Rubber Sole, Stretch Fit Beach Shoes Black",QS-029-44/45,3,运动户外,水上运动
B0GWHQ96FG,B0GQBS64JX,溯溪沙滩鞋,"Surf Water Shoes for Men Women, Anti Slip Rubber Sole, Stretch Upper, Quick Dry",QS-016-44/45,4,运动户外,水上运动
B0GWH2G47V,B0GWGP64SB,跑步紧身短裤,5 Pack Men's High Stretch Athletic Base Quick Dry Breathable Short Tights for Workout Gym Running Multicolor,KCC-JSDK-XL,3,男装,下装
B0GWGWJQZJ,B0GWGP64SB,跑步紧身短裤,5 Pack Men's High Stretch Athletic Base Quick Dry Breathable Short Tights for Workout Gym Running Multicolor,KCC-JSDK-S,2,男装,下装
B0GVYW6Y73,B0GVYWN441,溯溪沙滩鞋,"Barefoot Water Shoes, Quick-Dry Aqua Socks for Diving, Snorkeling, Surfing, Hiking, Beach, Non-Slip Breathable Footwear for Men Women",QS-0161-38/39,1,运动户外,水上运动
B0GVXLDPZT,B0GVXLDPZT,拖鞋,"Foldable EVA Travel Slippers for Women Men, Lightweight Quick Drying Non Slip Shower Sandals, Portable Flip Flops for Bathroom, Hotel, Beach, Pool & Cruise",ZD002-White-9/10,1,女装,鞋履
B0GVXC2467,B0GVXC2467,拖鞋,"Foldable EVA Travel Slippers for Women Men, Lightweight Quick Drying Non Slip Shower Sandals, Portable Flip Flops for Bathroom, Hotel, Beach, Pool & Cruise",ZD002-White-6/7,2,女装,鞋履
B0GVY271R9,B0GQBP3SH9,溯溪沙滩鞋,"Snorkeling Water Shoes for Men Women, Non Slip Rubber Sole, Quick Dry Beach Shoes",QS-084-38/39,1,运动户外,水上运动
B0GVXQ5Y8L,B0GQBP3SH9,溯溪沙滩鞋,"Snorkel Swim Water Shoes Unisex, Non Skid Rubber Sole, Stretch Fit Beach Shoes Black",QS-029-38/39,7,运动户外,水上运动
B0GVXKCJ82,B0GL91XJMF,拖鞋,"Foldable EVA Travel Slippers for Women Men, Lightweight Quick Drying Non Slip Shower Sandals, Portable Flip Flops for Bathroom, Hotel, Beach, Pool & Cruise",ZD002-Blue-10/11,1,女装,鞋履
B0GVSDXVFP,B0GVSBFMFQ,护腕,"2 Pack Wrist Rest with Thumb Support, Compression Sleeve for Tendonitis & Carpal Tunnel, Joint Stabilizer for Wrist Pain Relief",SP-huwan-dahui,5,运动户外,健身与训练
B0GVSDW25R,B0GVSBFMFQ,护腕,"2 Pack Wrist Rest with Thumb Support, Compression Sleeve for Tendonitis & Carpal Tunnel, Joint Stabilizer for Wrist Pain Relief",SP-huwan-dafu,4,运动户外,健身与训练
B0GVRCK4S3,B0GVR5WKNS,挂件毛巾,"Fuzzy Ball Chenille Hanging Hand Towels 2 Pack, Soft Absorbent Fast Drying Towels with Hanging Loop for Bathroom Kitchen",SP-maojin-lu,2,家居,床品与浴室用品
B0GVRBVJ5Z,B0GVR5WKNS,挂件毛巾,"2 Pack Leaf Hand Towels with Hanging Loop, Green Chenille Towels for Boho Bathroom Decor, Kitchen and Home Decor",SP-maojin-gui,13,家居,床品与浴室用品
B0GVRKCLTK,B0GVR5WKNS,挂件毛巾,"Fuzzy Ball Chenille Hanging Hand Towels 2 Pack, Soft Absorbent Fast Drying Towels with Hanging Loop for Bathroom Kitchen",SP-maojin-you,6,家居,床品与浴室用品
B0GVRNG9FW,B0GVR5WKNS,挂件毛巾,"Fuzzy Ball Chenille Hanging Hand Towels 2 Pack, Soft Absorbent Fast Drying Towels with Hanging Loop for Bathroom Kitchen",SP-maojin-hai,8,家居,床品与浴室用品
B0GVRJYPKY,B0GWGP64SB,跑步紧身短裤,5 Pack Men's High Stretch Athletic Base Quick Dry Breathable Short Tights for Workout Gym Running Multicolor,KCC-JSDK-2XL,2,男装,下装
B0GVJKPCD3,B0GTL5WC9K,棉签,"Double Head Cotton Swabs, Wooden Stick Cotton Buds, Disposable Soft Cotton Tips for Ear Cleaning, Makeup, Pet Care and Daily Cleaning",KCC-mianqian-1,1,美妆,彩妆
B0GVJNLQHM,B0GVJZ98H4,免胶假睫毛,"Adhesive-Free Lower Eyelashes, Natural Look Fake Bottom Lashes, Reusable Multiple Styles Soft Under Lashes for Daily Makeup",SP-mianjiao-bei,6,美妆,彩妆
B0GTZGBVFC,B0GVN3WCSS,船袜,"6 Pairs Men's Pure Cotton Non-Slip Boat Socks, Anti-Slip No Show Low Cut Invisible Socks for Sneakers & Daily Wear",KCC-chuanwa-6se,1,男装,内衣与袜子
B0GTBG5CDB,B0GT1K8L8Q,过滤器,"2 Pack Drain Hair Catcher-Sink Strainer, Shower Drain Cover, Drains Filter Cover for Kitchen Sink Bathroom Shower(Blue)",YQ-YUNYU-2026317-GUOLVQI-7,11,家装工具,管道与卫浴
B0GTBPDYC5,B0GT1K8L8Q,过滤器,"2 Pack Drain Hair Catcher-Sink Strainer, Shower Drain Cover, Drains Filter Cover for Kitchen Sink Bathroom Shower(Gray)",YQ-YUNYU-2026317-GUOLVQI-9,12,家装工具,管道与卫浴
B0GSVLB176,B0HD6F5MYH,比基尼,Buauty Bikini Sets for Women Two Piece Swimsuits Halter String Triangle Bathing Suit Sexy Tie Side Bottom Swimwear,KB-B5-L,1,女装,泳装
B0GSVLSHCG,B0HD6F5MYH,比基尼,Women's String Triangle Bikini Top Sexy Self Tie Back Bathing Suit Swim Top,KC-B15-L,1,女装,泳装
B0GSVW46L8,B0HD6F5MYH,比基尼,String Bikini Tops for Women Sexy Triangle Bathing Suit Tops Adjustable Tie Back Swim Tops Black,KC-B14-M,2,女装,泳装
B0GSVPCRB7,B0HD6F5MYH,比基尼,Sexy Two Piece Bikini Sets for Women Halter Triangle Swimsuit Tie Side Bottom Bathing Suit,KC-B8-M,2,女装,泳装
B0GSVQYWGV,B0HD6F5MYH,比基尼,Womens Vintage Print Two Piece Bikini Set by SEAFORM Halter String Triangle Top Back Self Tie Spaghetti Strap Swimsuit,KC-B11-M,2,女装,泳装
B0GSVS86G7,B0HD6F5MYH,比基尼,Womens Vintage Print Two Piece Bikini Set by SEAFORM Halter String Triangle Top Back Self Tie Spaghetti Strap Swimsuit,KC-B11-L,1,女装,泳装
B0GSVS38SN,B0HD6F5MYH,比基尼,Halter Triangle Bikini Set Women Sexy Two Piece Cheeky Thong Bathing Suit Swimsuit,KC-B4-M,2,女装,泳装
B0GSVJZ9M4,B0HD6F5MYH,比基尼,Womens Two Piece Bikini Set Vintage Print Swimwear Halter String Triangle Swimsuit Back Self Tie Spaghetti Strap Bathing Suit,KC-B9-M,1,女装,泳装
B0GSVQ7Q83,B0HD6F5MYH,比基尼,String Bikini Tops for Women Sexy Triangle Bathing Suit Tops Adjustable Tie Back Swim Tops Black,KC-B14-L,2,女装,泳装
B0GS8NPN13,B0GS8NPN13,手机链,"Cute Bow & Pearl Beaded Keychain, Minimalist Dainty Key Chain for Women Girls Daily Use",KC-24-01,2,女装,配饰
B0GQH3BVXR,B0GQH38Y4J,溯溪沙滩鞋,Lightweight Foldable Water Shoes Comfort Beach Shoes for Pool Travel,QS-044-40/41,1,运动户外,水上运动
B0GQGVFBBJ,B0GQH38Y4J,溯溪沙滩鞋,Lightweight Foldable Water Shoes Comfort Beach Shoes for Pool Travel,QS-044-42/43,2,运动户外,水上运动
B0GQC1CD7Y,B0GQBP3SH9,溯溪沙滩鞋,"Water Shoes Men Women, Non Slip Sole, Quick Dry, for Creek Hiking Beach Travel",QS-087-40/41,2,运动户外,水上运动
B0GQBX3RTX,B0GQBS64JX,溯溪沙滩鞋,"Diving Beach Water Shoes Men Women, Non Slip Rubber Sole, Quick Dry Swim Shoes",QS-074-40/41,2,运动户外,水上运动
B0GQBV6DX2,B0GQBS64JX,溯溪沙滩鞋,Soft Water Shoes Lightweight Quick Dry Shoes for Beach Surfing Yoga,QS-031-40/41,2,运动户外,水上运动
B0GQCBKRNM,B0GQBS64JX,溯溪沙滩鞋,"Diving Swim Water Shoes for Men Women, Non Skid Sole, Stretch Fit Slip On",QS-049-40/41,1,运动户外,水上运动
B0GQBWV6V8,B0GQBWV6V8,溯溪沙滩鞋,Soft Water Shoes Lightweight Quick Dry Shoes for Beach Surfing Yoga,QS-031-42/43,2,运动户外,水上运动
B0GQBRK2R9,B0GQBP3SH9,溯溪沙滩鞋,"Aqua Shoes Unisex, Anti Slip Rubber Sole, Quick Dry, for Surf Pool Ocean Beach",QS-096-40/41,1,运动户外,水上运动
B0GQBV7VZT,B0GQBS64JX,溯溪沙滩鞋,"Diving Beach Water Shoes Men Women, Non Slip Rubber Sole, Quick Dry Swim Shoes",QS-074-42/43,2,运动户外,水上运动
B0GQBNDGJN,B0GQBP3SH9,溯溪沙滩鞋,"Aqua Shoes Unisex, Anti Slip Rubber Sole, Quick Dry, for Surf Pool Ocean Beach",QS-096-42/43,3,运动户外,水上运动
B0GQBS3LM6,B0GQBS64JX,溯溪沙滩鞋,Quick Dry Water Shoes Slip On Comfort Beach Shoes for Pool Surfing,QS-012-42/43,5,运动户外,水上运动
B0GQC8P369,B0GQBP3SH9,溯溪沙滩鞋,"Packable Beach Water Shoes for Men Women, Non Slip Sole, Travel Swim Shoes",QS-070-40/41,1,运动户外,水上运动
B0GQC22DFX,B0GQBNHWM7,溯溪沙滩鞋,"Beach Water Shoes Unisex, Anti Slip Pattern Sole, Quick Dry Swim Shoes for Ocean",QS-098-40/41,2,运动户外,水上运动
B0GQC3JK3Y,B0GQBS64JX,溯溪沙滩鞋,"Lightweight Beach Water Shoes for Men Women, Anti Slip Sole, Quick Dry Swim",QS-040-42/43,4,运动户外,水上运动
B0GQBZYVWQ,B0GQBS64JX,溯溪沙滩鞋,Non Slip Water Shoes Quick Dry Comfort Beach Shoes for Swimming Walking,QS-060-42/43,2,运动户外,水上运动
B0GQBR7MKR,B0GQBP3SH9,溯溪沙滩鞋,"Snorkeling Water Shoes for Men Women, Non Slip Rubber Sole, Quick Dry Beach Shoes",QS-084-40/41,2,运动户外,水上运动
B0GQC8Z8DJ,B0GQBS64JX,溯溪沙滩鞋,"Slip On Water Shoes for Men Women, Non Slip Sole, Lightweight Travel Beach Shoes",QS-008-42/43,3,运动户外,水上运动
B0GQBV623G,B0GQBP3SH9,溯溪沙滩鞋,"Water Shoes Men Women, Non Slip Sole, Cushion Insole, for Beach Snorkeling",QS-059-40/41,1,运动户外,水上运动
B0GQBSQNVW,B0GQBP3SH9,溯溪沙滩鞋,"Water Shoes Men Women, Non Slip Sole, Quick Dry, for Creek Hiking Beach Travel",QS-087-42/43,2,运动户外,水上运动
B0GQBZ5217,B0GQBS64JX,溯溪沙滩鞋,Breathable Water Shoes Non Slip Beach Shoes for Women Men Outdoor Sports,QS-015-40/41,3,运动户外,水上运动
B0GL918DQV,B0GL92S6S4,折叠拖鞋001白,"Foldable Flip Flops for Travel, Lightweight Portable Silicone Slippers, Compact Non-Slip Sandals for Home/Hotel/Beach, Comfortable Flexible Footwear for Women & Men",ZD001-White-8/9,3,女装,鞋履
B0GL91XJMV,B0GL9J1BLX,折叠拖鞋003黄,"Foldable EVA Flip Flops for Women Men, Wide Strap Non-Slip Travel Sandals, Lightweight Quick-Drying Beach Slippers for Vacation, Pool & Shower",ZD003-Yellow-8/9,2,女装,鞋履
B0GL94NNFY,B0GL9J1BLX,折叠拖鞋003黑,"Foldable EVA Flip Flops for Women Men, Wide Strap Non-Slip Travel Sandals, Lightweight Quick-Drying Beach Slippers for Vacation, Pool & Shower",ZD003-Black-8/9,3,女装,鞋履
B0GL91L477,B0GL92S6S4,折叠拖鞋001蓝,"Foldable Flip Flops for Travel, Lightweight Portable Silicone Slippers, Compact Non-Slip Sandals for Home/Hotel/Beach, Comfortable Flexible Footwear for Women & Men",ZD001-Blue-7/8,2,女装,鞋履
B0GL93TCW4,B0GL92S6S4,折叠拖鞋001黄,"Foldable Flip Flops for Travel, Lightweight Portable Silicone Slippers, Compact Non-Slip Sandals for Home/Hotel/Beach, Comfortable Flexible Footwear for Women & Men",ZD001-Yellow-7/8,2,女装,鞋履
B0GL9JCN53,B0GL92S6S4,折叠拖鞋001粉,"Foldable Flip Flops for Travel, Lightweight Portable Silicone Slippers, Compact Non-Slip Sandals for Home/Hotel/Beach, Comfortable Flexible Footwear for Women & Men",ZD001-Pink-7/8,3,女装,鞋履
B0GL95J33J,B0GL92S6S4,折叠拖鞋001黄,"Foldable Flip Flops for Travel, Lightweight Portable Silicone Slippers, Compact Non-Slip Sandals for Home/Hotel/Beach, Comfortable Flexible Footwear for Women & Men",ZD001-Yellow-8/9,2,女装,鞋履
B0HL23WV73,B0HKTGLGG5,内裤-瑜伽-XL码,"8 Pack Women's Seamless Thong Panties, Soft Invisible Yoga Underwear with Lace Details for Everyday, Assorted Colors, XL",TTCA-YogaUnderwear-XL,1,女装,内衣与睡衣
B0HL1Y15ND,B0HKTQBK1L,内裤-棉-M码-5件装,"5 Pack Cotton Underwear, Practical Supplies for Home, Travel, Work, Craft Projects, Daily Tasks and General, Multicolor, M",TTCA-CottonUnderwear-M-5pcs,2,女装,内衣与睡衣
B0HL2NZQX6,B0HKTSWRF5,衣角扣子-3件装,"3 Pack Metal Scarf Rings, Round T-Shirt Tie Buckles for Shawl Blouse Clothing Accessories, for Everyday Use, Silver",TTCA-ScarfRing-3pcs,3,女装,配饰
B0HKYJ2MS6,B0HKYGCC2R,,"2 Pack 4 Oz Glass Salt and Pepper Shakers, Stainless Steel Lid Refillable Spice Jars for Kitchen Table RV Camp, Blue",TTCA-SpiceShaker-Blue-2pcs,2,厨房与餐饮,收纳整理
B0HKVX4R9H,B0H94TT4GW,理线器,"3 Pack Adhesive Cable Organizer Ties, 10 Pack Black 3M Backed Hook and Loop Cable Management Straps, 30 x 90 mm",KCC-LXQ-B3,10,办公文具,桌面用品
B0HKVDWSFQ,B0GWM4BKBF,脚裸保护,"Adjustable Ankle Support Brace, Breathable Stabilizer Sleeve for Running, Basketball, Fitness,Sprain Prevention, Compression Wrap for Men Women",KCC-JLBH-BG,10,运动户外,健身与训练
B0HKV1GY2S,B0HKTVRH5Z,钥匙扣-木色,"Blank Resin Keychain with Faux Leather Strap and Metal Key Ring, Rectangular DIY Engraving Custom Gifts, Wood",TTCA-ResinKeychain-Wood,3,玩具与游戏,美术手工
B0HKV3561T,B0HKV28FX2,狗玩具-球形组合-2件装,"2 Pack Dog Rope Toy, Multi Style Interactive Tug Chew Toys for Small Dogs, Teething Rope Pack Daily Play, Multicolor, 5.9 in",TTCA-DogToy-BallSet-2pcs,3,宠物用品,狗狗用品
B0HKTX1QCV,B0HKTW1FDY,樱桃挂饰-红色,"Cherry Keychain, Cute Leather Key Ring Charm for Car Keys, Bag, Purse, Backpack, Gift Women, Wife, Daily, Red",TTCA-CherryCharm-Red,6,女装,配饰
B0HKTVC4DB,B0HKV28FX2,狗玩具-混合组合-3件装,"3 Pack Dog Rope Toy, Multi Style Interactive Tug Chew Toys for Small Dogs, Teething Rope Pack Daily Play, Multicolor, 5.9 in",TTCA-DogToy-MixedSet-3pcs,3,宠物用品,狗狗用品
B0HKTPHZZL,B0HKV1N3JP,过滤网-200目,"Fine Nylon Mesh Strainer Spoon, High Density PP Frame Food Filter Sieve For Soy Milk Juice Honey, White, 200 Mesh",TTCA-MeshStrainer-200mesh,3,厨房与餐饮,厨房用具与小工具
B0HKTS57TH,B0HKTXF5YQ,鞋子清洗袋-白色,"Shoe Laundry Wash Bag, Mesh Fabric Zippered Protector For Sneakers Footwear Washing Machine Cleaning, for Everyday Use, White",TTCA-LaundryBag-White,3,家居,清洁与地板护理
B0HKV5KPWX,B0HKTYN545,开瓶器-3件装,"3 Pack Multi Function Bottle Opener Set, Portable Beer And Can Opener For Household Party And Outdoor Use, Multicolor",TTCA-BottleOpener-3pcs,3,厨房与餐饮,厨房用具与小工具
B0HKTR9VJF,B0HKTWYM22,直尺-红色,"Precision Marking Ruler with Sliding Stops, 11.81 Inch Aluminum Measuring Rule for Woodworking Layout, Red",TTCA-MarkingRuler-Red,3,家装工具,五金与安全
B0HKTTRZQY,B0HKV28FX2,狗玩具-长条绳结-1件装,"2 Pack Dog Rope Toy, Multi Style Interactive Tug Chew Toys for Small Dogs, Teething Rope Pack Daily Play, Multicolor, 5.9 in",TTCA-DogToy-RopeKnot-1pc,3,宠物用品,狗狗用品
B0HKTWD9N4,B0HKV1YR8W,方形烘培纸-50件装,"50 Pack Square Parchment Paper Sheets, 8 by 6 Inches, Nonstick Baking Liners for Air Fryer, Oven and Cooking, Brown",TTCA-BakingPaper-50pcs,3,厨房与餐饮,炊具与烘焙用品
B0HKTYTB36,B0HKTWNQZL,防滑贴-16件装,"16 Pack 80Mm Non Slip Rug Corner Grippers, Invisible Anti Curl Carpet Stickers for Home Floor Area Fixing Accessories, Black",TTCA-RugGripper-16pcs,3,家居,清洁与地板护理
B0HKV28TMZ,B0HKTR45VK,搭扣-20件装-40毫米,"20 Pack 40 MM S Shape Spring Snap Hook, Quick Release Buckle Clip, for Outdoor Camping Backpack Keychain, Silver, 40 MM",TTCA-SnapHook-20pcs-40mm,3,女装,配饰
B0HKTZWQCP,B0HKTWVB1W,蝴蝶结-双弧款-银色,"Metallic Alloy Ponytail Holders, Minimalist Bow And Geometric Hair Scrunchies As Stylish Accessories Women Hairstyle, Silver",TTCA-HairTie-DoubleArc-Silver,3,女装,配饰
B0HKTS5QZP,B0HKTS2C5V,皮革打孔器-1件装,"Revolving Leather Hole Punch Plier, 9 Inch Multi Size Punch Tool for Belts Straps Fabric Crafts, for Everyday Use, Red",TTCA-LeatherPunch-1pc,3,家装工具,五金与安全
B0HKTVH4BP,B0HKTY429W,洗鞋袋-黄色,"Shoe Laundry Wash Bag, Reusable Zippered Fabric Protector For Sneakers Footwear In Washing Machine, for Everyday Use, Yellow",TTCA-ShoeBag-Yellow,3,家居,清洁与地板护理
B0HKTZX1MP,B0HKTWVB1W,蝴蝶结-蝴蝶结款-金色,"Metallic Alloy Ponytail Holders, Minimalist Bow And Geometric Hair Scrunchies As Stylish Accessories Women Hairstyle, Gold",TTCA-HairTie-Bow-Gold,3,女装,配饰
B0HKV11PYF,B0HKTVYFDW,短袜-5双装,"5 Pack Men's 7A Summer Thin Socks, Mesh Lightweight Heel Tab Socks, Cake Block Non-Slip Moisture Wicking Ankle, Multicolor",TTCA-SportSocks-5pairs,3,男装,内衣与袜子
B0HKTWNX68,B0HKTWVB1W,蝴蝶结-双弧款-金色,"Metallic Alloy Ponytail Holders, Minimalist Bow And Geometric Hair Scrunchies As Stylish Accessories Women Hairstyle, Gold",TTCA-HairTie-DoubleArc-Gold,3,女装,配饰
B0HKTRYY4F,B0HKTWVB1W,蝴蝶结-蝴蝶结款-银色,"Metallic Alloy Ponytail Holders, Minimalist Bow And Geometric Hair Scrunchies As Stylish Accessories Women Hairstyle, Silver",TTCA-HairTie-Bow-Silver,3,女装,配饰
B0HKTWK7ZF,B0HKV4S9FP,面罩-迷彩全脸款-蓝色迷彩,"3 Pack Full Face Cycling Mask for Summer, Windproof Lightweight Non-Slip Outdoor Sports, Blue Camo, Average Size",TTCA-CamoMask-BlueCamo,1,运动户外,健身与训练
B0HKTZ2XDK,B0HKTWY358,袜子-5双装,"5 Pack Unisex Cotton Ankle Socks 5 Pairs, Lightweight Low Cut Short Socks, Soft Comfortable Casual Footwear, Multicolor",TTCA-AnkleSocks-5pairs,2,女装,内衣与睡衣
B0HKTRQL49,B0HKTRPZBV,马桶垫-1件装,"Adhesive Toilet Seat Cover, Reusable Sticky Toilet Seat Cushion, Universal Four-Season (Multiple Patterns), Multicolor",TTCA-ToiletCover-1pc,1,家居,床品与浴室用品
B0HKTVVHJR,B0HKV4S9FP,面罩-迷彩全脸款-绿色迷彩,"3 Pack Full Face Cycling Mask for Summer, Windproof Lightweight Non-Slip Outdoor Sports, Green Camo, Average Size",TTCA-CamoMask-GreenCamo,2,运动户外,健身与训练
B0HKTW35Q3,B0HKTRXJBZ,冰袖-冰川色,"2 Pack Cooling Arm Sleeves for Men and Women, Ice Silk Sports Arm Covers for Cycling, Running and Outdoor Activities, Glacier",TTCA-CoolingSleeve-Glacier,3,运动户外,健身与训练
B0HKTXV9GL,B0HKTTPCY5,冰袖-渐变色-粉黄渐变,"2 Pack Gradient Cooling Arm Sleeves, Ice Silk Sports Arm Covers for Cycling, Running and Outdoor Activities, Pink Yellow",TTCA-GradientSleeve-PinkYellow,2,运动户外,健身与训练
B0HKV1G3HJ,B0HKTTPCY5,冰袖-渐变色-蓝粉渐变,"2 Pack Gradient Cooling Arm Sleeves, Ice Silk Sports Arm Covers for Cycling, Running and Outdoor Activities, Blue Pink",TTCA-GradientSleeve-BluePink,2,运动户外,健身与训练
B0HKTWQP28,B0HKTTDP85,冰块托盘-1件装,"Silicone Ice Cube Tray with Lid, Easy Release Round Ice Maker and Freezer Container for Cocktails and Drinks, Multicolor",TTCA-IceTray-1pc,3,厨房与餐饮,炊具与烘焙用品
B0HKV1FZTC,B0HKTVNYL5,保鲜盒-2件装,"2 Pack Divided Bento Lunch Box, 4 Compartment Snack Storage Container with Clear Lid for Office Travel Use, Clear",TTCA-BentoBox-2pcs,3,厨房与餐饮,收纳整理
B0HKV16YSN,B0HKTTPCY5,冰袖-渐变色-蓝黄渐变,"2 Pack Gradient Cooling Arm Sleeves, Ice Silk Sports Arm Covers for Cycling, Running and Outdoor Activities, Blue Yellow",TTCA-GradientSleeve-BlueYellow,1,运动户外,健身与训练
B0HKV5V5PC,B0HKTV3BJG,磁吸手机支架-1件装,"Magnet Phone Car Mount for Dashboard, 360 Degree Rotating Cell Phone Holder with Strong Magnet, Mini Dash Stand, Black",TTCA-MagneticMount-1pc,3,电子产品,电脑配件
B0HKTXPWK9,B0HKTQYCPK,鸡蛋模具-银色-4件装,"4 Pack Stainless Steel Egg Rings, Nonstick Cooking Shapers in Round, Square, Oval and Rectangle, Silver, Assorted Shapes",TTCA-EggMold-Silver-4pcs,3,厨房与餐饮,炊具与烘焙用品
B0HKTPNFQ5,B0HKTPDSRT,螺丝刀套组-绿色-22合1,"22 Pack 22 in 1 Precision Screwdriver Set, Mini Multi Bit Repair Tool Kit with Green Case for Phones, Green",TTCA-ScrewdriverSet-Green-22in1,3,家装工具,五金与安全
B0HKTSH5TB,B0HKTFCLL9,海绵刷子-蓝色,"Magic Cleaning Sponge, Blue PU Foam Scrub Eraser for Ceramic Tile, Glass, Walls, Toilets, Kitchens and Bathrooms, Blue",TTCA-CleaningSponge-Blue,3,家居,清洁与地板护理
B0HKTMHD3L,B0HKTMZXT1,刮片清洁铲-绿色-5片刀片,"Razor Blade Scraper Tool with 5 Spare Blades, Green Cleaning Scraper for Glass, Tile, Cooktops and Stickers, Green",TTCA-CleaningScraper-Green-5blades,3,家装工具,墙面涂装与建筑用品
B0HKTM7LJG,B0HKTMGGSK,弹力带-多色-5件装,"5 Pack Silicone Resistance Bands Set, Elastic Exercise Bands for Legs, Yoga, Pilates and Strength Training, Multicolor",TTCA-ResistanceBand-Multicolor-5pcs,3,运动户外,健身与训练
B0HKTN27GB,B0HKTFQPHZ,刮刀-多色-4件装,"4 Pack Silicone Jar Spatula Set, Mini Jam Scraper Spoons with Long Handles for Jars, Multicolor, 10.24 Inches",TTCA-JarSpatula-Multicolor-4pcs,2,厨房与餐饮,炊具与烘焙用品
B0HKTVDH2X,B0HKTTZJN1,棉签盒-透明色,"Acrylic Cotton Swab Holder with Bamboo Lid, Clear Dustproof Organizer Box for Bathroom Vanity and Bedroom Storage, Clear",TTCA-SwabHolder-Clear,3,家居,床品与浴室用品
B0HKTKQDBP,B0HKTM4FSM,粉扑-粉色-14件装,"14 Pack Makeup Sponge Puff Set, Pink Beauty Blenders and Mini Puffs for Powder, Cream and Liquid Foundation, Pink",TTCA-MakeupSponge-Pink-14pcs,3,美妆,彩妆
B0HKTPD6K1,B0HKTRWX9P,调料架-黑色,"Wall Mounted Storage Rack, No Drill Adhesive Floating Shelf for Bathroom, Kitchen, Cosmetics and Toiletry Organization, Black",TTCA-StorageRack-Black,3,家居,床品与浴室用品
B0HKTVNCXB,B0HKTK81MN,手机架-灰色,"Adjustable Aluminum Phone Stand, Foldable Multi Angle Metal Desk Holder for Smartphones and Tablets, Hands Free Viewing, Gray",TTCA-PhoneStand-Gray,3,电子产品,电脑配件
B0HKTPXBQ8,B0HKTB816D,食物铲-黑色,"Silicone Kitchen Spatula, Flexible Nonstick Solid Turner for Frying, Stirring, Baking and Everyday Cooking, Black",TTCA-KitchenSpatula-Black,3,厨房与餐饮,炊具与烘焙用品
B0HKTJ5FNS,B0HKTKZ3NK,抓夹-粉色,"Large Matte Claw Hair Clips, Non-Slip Rectangle Jaw Clips with Strong Hold for Thick or Long Hair, Single Piece, White",TTCA-HairClip-Pink,2,女装,配饰
B0HKTFQ274,B0HKTDLSMX,牛排夹-银色,"Stainless Steel Fish Spatula Tongs, Dual-Purpose Food Clip and Turner for Steak, Fish, Grilling and Kitchen Cooking, Silver",TTCA-SpatulaTongs-Silver,3,厨房与餐饮,炊具与烘焙用品
B0HKTGWJSR,B0HKTKZ3NK,抓夹-黑色,"Large Matte Claw Hair Clips, Non-Slip Rectangle Jaw Clips with Strong Hold for Thick or Long Hair, Single Piece, Black",TTCA-HairClip-Black,2,女装,配饰
B0HKTHLJX7,B0HKTKZ3NK,抓夹-棕色,"Large Matte Claw Hair Clips, Non-Slip Rectangle Jaw Clips with Strong Hold for Thick or Long Hair, Single Piece, Brown",TTCA-HairClip-Brown,2,女装,配饰
B0HKT8RT6R,B0HKTKZ3NK,抓夹-米色,"Large Matte Claw Hair Clips, Non-Slip Rectangle Jaw Clips with Strong Hold for Thick or Long Hair, Single Piece, Beige",TTCA-HairClip-Beige,1,女装,配饰
B0HKTMQQTB,B0HKT74XTG,隔油勺-银色,"Stainless Steel Oil Separator Spoon, Fat Skimmer Ladle with Fine Strainer for Soups, Gravy and Kitchen Cooking, Silver",TTCA-OilSeparator-Silver,3,厨房与餐饮,厨房用具与小工具
B0HKTMLG7S,B0HKT9L1LS,烘焙垫-黑色-2件装,"2 Pack PTFE Oven Liners, Reusable Nonstick Baking Mats for Gas and Electric Ovens, Black, 16 by 12 Inches",TTCA-BakingMat-Black-2pcs,3,厨房与餐饮,炊具与烘焙用品
B0HKTLZZPL,B0HKTHZ2WN,面罩-纯色全脸款-亮色组,"3 Pack Full Face Cycling Masks, Lightweight Stretch Face Covers for Hiking, Cycling and Everyday Outdoor, Bright Set",TTCA-FaceMask-BrightSet,1,运动户外,健身与训练
B0HKTBRWZ8,B0HKTK81MN,手机架-银色,"Adjustable Aluminum Phone Stand, Foldable Multi Angle Metal Desk Holder for Smartphones and Tablets, Silver",TTCA-PhoneStand-Silver,3,电子产品,电脑配件
B0HKJMXV6L,B0H2GSYWJC,,"22Pcs Drawing Stencils Kit,Orange & Green Geometric Spiral Ruler Template, Kids DIY Art Craft Painting Drawing Templates",SP-magicruler-22mul,10,玩具与游戏,美术手工
B0HKJJ8V7K,B0H94M75FV,棘轮扳手,"3 Pack Multifunctional Self-Tightening Ratchet Wrench, 45# Steel Heat-Treated Bicycle Repair Tool, Black, 5.91 Inch",KCC-JLBS-B3,10,家装工具,五金与安全
B0HKJ9XF69,B0HC5PNQYC,眼线棉签,"3 Pack Pointed Makeup Swabs, White Precision Tip Applicators for Eyeliner Cleanup, Brow Shaping, Nail Art Touch Ups, 2.76 Inch",KCC-YXMQ-W3,10,美妆,彩妆
B0HKJGJZ9G,B0H2HMH9K8,垃圾桶贴纸,"8Pcs Funny Cartoon Face Trash Can Stickers, Removable PVC Self‑Adhesive Wall Decals for Toilet Bin Refrigerator Tile Glass Decor",KCC-LJTTZ-2p,8,家居,墙面艺术与标牌
B0HK48CPDH,B0HC4829W2,鱼尾纱珍珠款幻彩粉5码,"Fishtail Ribbon Trim, Iridescent Pink Pearl Edge 5 Yd Bouquet Wrap Tie for Floral Arrangements, Gift Packaging and Crafts",TTCA-Ribbon-Pearl-Pik,10,家居,家居装饰
B0HK3KZ9G8,B0HB4NDTFT,水槽过滤,"Stainless Steel Sink Strainer Basket, Kitchen Sink Drain Filter Mesh Basket for Food Scraps, Reusable Drain Catcher, Stainless Steel Color, 4.33 Inch",KCC-SCGL-Y3,10,家装工具,管道与卫浴
B0HK36MJFW,B0HC4829W2,鱼尾纱珍珠款极光白5码,"Fishtail Ribbon Trim, Aurora White Pearl Edge 5 Yd Bouquet Wrap Tie for Floral Arrangements, Gift Packaging and DIY Crafts",TTCA-Ribbon-Pearl-Wit,10,家居,家居装饰
B0HJVXTZYR,B0H4R5Y4WB,,"White Checkered Makeup Bag, Large Capacity PU Leather Cosmetic Pouch, Portable Travel Toiletry Organizer Bag for Women Skincare and Makeup Storage",SP-cixi-white,10,女装,包袋与钱包
B0HJVSWNMC,B0HJV3HHF1,,"3Pcs Black Pink Makeup Puff Kit with Foundation Brush, Powder Cushion Beauty Sponge and Mini Finger Puff for Face Makeup",SP-FP-shuai01,5,美妆,彩妆
B0HHRBT973,B0HHQXLVJY,钥匙扣螺丝刀黑银4个,"4 Pack Compact Screwdriver Set, Stainless Steel Drivers with Ring Attachment for Home and Travel, Black and Silver",SP-luosidao3-heiyinse-4,5,家装工具,五金与安全
B0HHLTRMLF,B0HHGXDM6X,猫针套-狐狸,"18 X 18 Inch Cat Throw Pillow Covers, Polyester Cushion Case with Hidden Zipper for Sofa, Bed and Home Decor",SP-zhentao-huli,5,家居,床品与浴室用品
B0HHM7KF37,B0HHGXDM6X,猫针套-驴,"18 X 18 Inch Cat Throw Pillow Covers, Polyester Cushion Case with Hidden Zipper for Sofa, Bed and Home Decor",SP-zhentao-lv,5,家居,床品与浴室用品
B0HHMHJ1H1,B0HHLTPQ2B,迷你螺丝刀3个,"3 Pack Mini Screwdriver Set, Portable Pocket Tool Kit with Key Ring for, Product Images and Videos (AI Generated Alt Text)",SP-luosidao1-3,5,家装工具,五金与安全
B0HHMD8SRL,B0HHHPTXS6,银色隔珠100个,"100 Pcs Silver Rondelle Beads, Round Metal Loose Spacer Beads for Jewelry Making, Bracelets, Necklaces and Beadwork",SP-yinzhuzhu-100,5,玩具与游戏,美术手工
B0HHM5MS33,B0HHHNJBFJ,猫咪老鼠玩具5个,"5 Pack Cat Toys for Indoor Cats, Plush Mouse Play Set for Kittens and Adult Cats, Interactive Pet Accessories for Daily Play",SP-maowanju-5,5,宠物用品,猫咪用品
B0HHM7HGK2,B0HHHKS2YP,牙刷保护套4个,"4 Pack Toothbrush Covers and Toothbrush Cover Caps, Clip On Travel Cases for Bathroom Storage, Camping and Daily Carry",SP-yashuazhao-4,5,家居,床品与浴室用品
B0HHJ1B5HM,B0HHHVYBLB,三个研磨刷,"3 Pack Rust Remover Brush Set, Brass Cleaner and Polish Brushes, Cleaner Tool, Battery Terminal Cleaner, Small Wire Brush Set, Mixed Bristle, 7 Inch",KCC-SGYMS-MIXEDBRISTLE3,5,家居,清洁与地板护理
B0HHJ572WR,B0HHHTYKBJ,洋葱叉子,"Onion Slicing Holder with 9 Stainless Steel Prongs, Vegetable Chopper Guide and Kitchen Gadgets Tool, 5.63 Inch Black and Silver Grip Handle",KCC-YCCZ-BLACKSILVER1,5,厨房与餐饮,厨房用具与小工具
B0HHHV6YDQ,B0HHJ5JGXW,31星形钻头10个,"10 Pcs Star Drill Bit Set, Star Driver Bits for Compatible Drills, Screwdrivers, Tool Kits and Workshop Fastening Tasks",SP-xingxingzuantou-10,5,家装工具,五金与安全
B0HHJ77T5C,B0HHJ1ML11,线材收纳夹-白色6个,"6 Pcs White Cable Management Clips, Cord Organizer for Desk, Nightstand, Charging Wires and Appliance Cables",SP-xiancaijia-baise-6,5,办公文具,桌面用品
B0HHHZR7BR,B0HHJ1ML11,线材收纳夹-黑色6个,"6 Pcs Black Cable Management Clips, Cord Organizer for Desk, Nightstand, Charging Wires and Appliance Cables",SP-xiancaijia-heise-6,5,办公文具,桌面用品
B0HHHWX8YM,B0HHHS2QTZ,食物铲6件套,"6 Pack Rubber Spatula Set, Small Silicone Spatula, Jar Spatula, Spoon and Brush, Spatulas for Kitchen Use, Blue, One Size",KCC-SWC6JT-BLUE6,5,厨房与餐饮,炊具与烘焙用品
B0HHHVVXRW,B0HHM9YH7M,狗狗两件套,"2 Pack Puppy Teething Toys, Chew Toys for Puppies 0-6 Months with Textured Rubber Bone and Star Rope, Small Breed Dogs, Light Blue, Small",KCC-GGLJT-LIGHTBLUE2,5,宠物用品,狗狗用品
B0HHJ2MBVC,B0HHHNKP5N,弯头指甲钳子,"Angled Toenail Clippers, Stainless Steel Curved Nail Cutter with Firm Grip Handle for Adults and Personal Grooming, Silver",KCC-WTZJQZ-SILVER1,8,美妆,彩妆
B0HHHZVWSW,B0H756WL7J,水晶挂饰,"1 Pcs Crystal Suncatcher Hanging Ornament, Colorful Snowflake Pendant for Window, Car, Garden, Home, Colorful, 5.9 in",KCC-SJGS-COLORFUL1,5,家居,家居装饰
B0HHJ52TH6,B0HHHRH7K3,搓脚器,"Foot File Callus Remover, Stainless Steel Foot Grater and Foot Rasp Callus Remover with Safety Guard and Ergonomic Handle for Dead Skin, Black and Silver, 7.9 Inch",KCC-CJQ-BLACKSILVER1,5,美妆,护肤
B0HHHVLK6G,B0HHM2D4MX,手指套,"100 Pack Finger Cots, Medium Latex Finger Sleeves for Crafts, Electronics, Painting, Jewelry, Beige, Medium",KCC-SZT-MEDIUM100,5,家装工具,五金与安全
B0HHHR5QVM,B0HHHTKLV4,水槽网套,"200 Pack Sink Drain Strainer Mesh Bags, Disposable Kitchen Sink Strainer and Drain Hair Catcher, Mesh Drain Cover for Food Scraps, White",KCC-SCWT-3.9X4.3IN200,5,家装工具,管道与卫浴
B0HHHS4171,B0HHJ79129,轮胎阀盖黑色4个,"4 Pcs Black Valve Stem Caps, Car Wheel Air Cap Set for Tire Accessories, Spare Covers and Vehicle Maintenance",SP-luntaifagai-heise-4,5,家装工具,五金与安全
B0HHHQ1HXB,B0HHHP1396,宽口指甲钳橙色,"Orange Wide Jaw Clippers, Grooming Tool for Thick Nails, Personal Care Accessory for Home Manicure Supplies",SP-zhijiajian-chengse,5,美妆,彩妆
B0HHHXG89W,B0HHHRS5M4,修眉刀-浅蓝色12个,"12 Pack Dermaplane Razor and Eyebrow Razor Set for Women, Face Tools for Makeup Bags and Daily Use, Light Blue",SP-xiumeidao-qianlanse-12,5,女装,包袋与钱包
B0HHJFQLQG,B0HHHRS5M4,修眉刀-黑色12个,"12 Pack Dermaplane Razor and Eyebrow Razor Set for Women, Face Tools for Makeup Bags and Daily Use, Black",SP-xiumeidao-heise-12,5,女装,包袋与钱包
B0HHHLFZGC,B0HFZ7LG94,美甲片24款,"24 Pack 24 Style Press On Nail Set, Full Cover False Nails with Adhesive, Product Images and Videos (AI Generated Alt Text)",SP-jiapian-24,5,美妆,彩妆
B0HHHG5YQC,B0HHHMTHWX,拉链扣-灰银色4个,"4 Pcs Zipper Locks for Backpacks, Backpack Clips for Bags, Luggage and Accessories for Travel Use, Gray and Silver",SP-lalianpian-huiyinse-4,5,女装,配饰
B0HHH1J24T,B0HHH3LS9N,批头延长杆3件,"3 Pcs Locking Bit Holder and Quick Release Bit Holder Set, 1/4 Inch Extension Adapter for Drills and Drivers, Silver",SP-zutouyan-3,5,家装工具,五金与安全
B0HHHLG9MM,B0HHH8RXR9,方糖工艺珠-多彩1号40个,"40 Pcs Cube Beads for Jewelry Making, Colorful Square Crystal Pieces for DIY Crafts and Accessories",SP-gongyizhu-duocai1-50,5,玩具与游戏,美术手工
B0HHHK4RJT,B0HHHMTHWX,拉链扣-金色4个,"4 Pcs Zipper Locks for Backpacks, Backpack Clips for Bags, Luggage and Accessories for Travel Use, Gold",SP-lalianpian-jinse-4,5,女装,配饰
B0HHH7ZH91,B0HHH8RXR9,方糖工艺珠-多彩2号50个,"50 Pcs Multicolored2 Faceted Cube Craft Beads, 0.31 Inch Acrylic Square Spacer Beads for Jewelry Making and DIY Crafts",SP-gongyizhu-duocai2-50,5,玩具与游戏,美术手工
B0HHGWWMB5,B0HHHCY8NW,钻头6件套,"6-Piece Impact Bit Set, S2 Steel Phillips Screwdriver Bits, 2 Phillips Bits and Impact Driver Bits, Drill Screwdriver Bit Set, Puntas para Taladro, Puntas para Drill, Red",KCC-ZT6JT-RED,5,家装工具,五金与安全
B0HHH1PBXC,B0HHH36PPG,指甲钳子,"Heavy Duty Nail Clippers for Thick Nails, Toe Nail Clippers for Seniors, Thick Toenail Clippers for Seniors, Large Nail Clippers for Thick Toenails, Long Handle Wide Jaw, Stainless Steel, Black",KCC-ZJQZ-BLACK,5,美妆,彩妆
B0HGX9Z16P,B0HGX42YH3,糖果袋手提款,"Halloween Pumpkin Candy Bag 1 Pack, Party Favor Gift Tote, Orange Carry Pouch for Seasonal Event Use",SP-tangguodai1-1,10,家居,派对与季节装饰
B0HGR6FCJT,B0HBW2CFMM,修眉剪,"Eyebrow Scissors, Pink Brow Trimming Tool with Comb Edge, 4.9 Inch Grooming Tool for Makeup Bag Daily Use",KCC-XMJ-F,10,女装,包袋与钱包
B0HGR6FBWV,B0HGPXMM48,挂壁收纳,"White Wall Mounted Tool Organizer Rack, 7 Slot Plastic Holder for Screwdrivers, Pliers and Hand Tools, Workshop Storage",KCC-GBSN-BAI,10,家装工具,五金与安全
B0HGQMS21G,B0HGQRQZS4,水钻闪钻白色,"Self Adhesive Light Pink Rhinestone Tape, Two Row Decorative DIY Trim, 1 Pack for Crafts Gift Wrap and Cards",SP-shuizuan-1,9,玩具与游戏,美术手工
B0HGQ5XMLC,B0HGQRQZS4,水钻闪钻4个,"Self Adhesive Light Pink Rhinestone Tape, Two Row Decorative DIY Trim, 4 Pack for Crafts Gift Wrap and Cards",SP-shuizuan-4,10,玩具与游戏,美术手工
B0HGQSZW62,B0HGQXTZ18,裁剪切割框,"Nested Teardrop Metal Cutting Die Set for Paper Craft, Card Making Scrapbooking and Manual Die Cutting Machines",SP-caijian-1,10,玩具与游戏,美术手工
B0HGR1QP99,B0HGQPJT4Z,指甲剪,"Black Wide Jaw Nail Clipper with Long Handle, Stainless Steel Angled Blade Toenail Cutter for Home and Travel",KCC-ZJJ-HEI,10,美妆,彩妆
B0HGQBSLQJ,B0HGPNS4KX,五金收纳槽,"White 7 Slot Pliers Organizer Tray, 3D Printed Plastic Desktop Tool Storage Rack for Hand Tools, 4.92 Inch",KCC-WJSNC-BAI,10,家装工具,五金与安全
B0HGQ3YLCM,B0HGPYX2W2,折叠镜,"Black Folding Travel Mirror, PU Cover Compact Makeup Mirror with Adjustable Stand for Tabletop Use, 4.3 by 2.8 Inch",KCC-ZDJ-HEI,10,美妆,彩妆
B0HGQ2GY4F,B0HGQPJ4X7,日历本,"Multicolor 2026-2030 Monthly Planner, A5 Spiral Bound Five Year Calendar Book for Personal Organization, 8.3 by 5.5 Inch",KCC-RLB-1,10,办公文具,笔记本与计划本
B0HGQL5B3Q,B0HGL2L9D6,猫餐垫,"Multicolor Silicone Pet Feeding Mat, Dark Yellow Scalloped Placemat for Cat and Dog Food and Water Bowls, Raised Rim",KCC-MCT-H,10,宠物用品,狗狗用品
B0HGPHJK6R,B0HGQ8F4S5,清洁橡皮鞋子,"Suede Shoe Care Eraser with Storage Box, Dry Use Rectangular Block for Compatible Nubuck Footwear Surfaces",SP-qingjiexiangpi-1,10,家居,清洁与地板护理
B0HGQ3D95T,B0HGPN71TK,零钱包黄色+紫色,"2 Pack Yellow and Purple Coin Purses, Snap Closure Mini Wallet Pouch Set, Compact Accessory Organizers for Small Essentials",SP-lingqianbao-2,10,女装,包袋与钱包
B0HGQ3BNLS,B0HH8HLJYX,夜光石头200个,"200 Pack Mixed Color Glow Stones for Garden Decoration, Luminous Pebbles for Paths Planters Aquarium and Landscape Displays",SP-yeguangshi-200,10,庭院园艺,花园雕像与户外装饰
B0HGQJF91P,B0HGLKZX2B,除毛刷,"Reusable Lint Remover Brush, Self Collecting Pet Hair Tool with Reversible Fabric Head for Clothes Sofa Bedding, Multicolor",KCC-CMS-1,10,家居,清洁与地板护理
B0HGDD5NJQ,B0HGKWYLJF,铃铛,"Angel Wind Chimes for Outside, Gothic Wing Angel Bell Chime, Outdoor Garden Hanging Decor for Porch and Home",SP-lingdang-1,10,庭院园艺,花园雕像与户外装饰
B0HFZQB9VN,B0HFZLLY4D,万圣节旗,"Orange Halloween Garden Flag, Linen Outdoor Yard Banner with Ghost Cat Pumpkin Welcome Print, 17.72 by 11.81 Inch",KCC-WSJQ-CHENG,9,庭院园艺,花园雕像与户外装饰
B0HFZK1HH3,B0HFZGSJ2Z,女巫化妆包,"Black Witch Print Cosmetic Bag, Canvas Makeup Pouch with Zipper, Halloween Toiletry Organizer for Travel and Home",KCC-NWHZB-HEI,10,女装,包袋与钱包
B0HFZFZQVC,B0HFZH8MHW,勺子,"Halloween Quote Spoon 1 Pack, Witch Theme Coffee Tea Dessert Spoon for Autumn Party Kitchen Home Decor",SP-shaozi-1,10,厨房与餐饮,餐饮与宴客用品
B0HFZD4ZSQ,B0HFZ8SCDM,女巫摆件,"White Plastic Hooded Woman Reading Figurine, Gothic Library Decor Statue for Bookshelf Display and Room Accent",KCC-NWBJ-BAI,10,家居,家居装饰
B0HFYYZKX9,B0HFWSYF6D,蝴蝶幽灵摆件,"Multicolor Patchwork Ghost Pumpkin Figurine, Halloween Resin Table Decor, Shelf Accent, 3.94 Inch Tabletop Display",KCC-HDYLBJ-1,10,家居,派对与季节装饰
B0HFX3HRNK,B0HFWJLR1L,挡门小狗,"Puppy Door Stop White, Decorative Door Wedge Stopper for Interior Doors, Home Office Bedroom Floor Decor",SP-dangmen-dog-white,10,家居,家居装饰
B0HFWF545Y,B0HFWJLR1L,挡门骷髅头金色,"Skeleton Door Stop Gold, Decorative Door Wedge Stopper for Interior Doors, Home Office Bedroom Floor Decor",SP-dangmen-skull-gold,3,家居,家居装饰
B0HFWMTQYF,B0HFWL8Z6X,洗衣袋2个,"2 Pack Small Mesh Laundry Bags for Washing Delicates, Lingerie Bags for Washing, Zipper Laundry Pod Storage Pouches",SP-xiyizhu-dai-2,10,家居,清洁与地板护理
B0HFNKDX6D,B0HFNKFJRW,宠物便携拾便袋蓝色套装,"Dog Poop Bag Holder with Dog Poop Bags, Poop Bag Holders for Leashes, Dog Bag Holder, Blue Scented, 1 Dispenser and 60 Bags",TTCA-Poop-BlueSet,10,宠物用品,狗狗用品
B0HFN3NSPZ,B0HFMZYKDM,一次性扫把布,"100 Pcs Disposable Broom Hair Cover, Nonwoven Broom Sleeve with Elastic Opening, Household Accessory for Floor Hair and Debris Cleanup",KCC-YCXSBB-100,10,家居,清洁与地板护理
B0HFMYGTMT,B0HFMX2T72,磨脚贴20,"20 Pack Invisible Heel Pads, Breathable Moisturizing Heel Cushion Protectors, Soft Foot Care Sleeves for Dry Rough Heels",SP-mojiaotiezhi-20,10,美妆,护肤
B0HFMTB8WK,B0HFMX2T72,磨脚贴10,"10 Pack Invisible Heel Pads, Breathable Moisturizing Heel Cushion Protectors, Soft Foot Care Sleeves for Dry Rough Heels",SP-mojiaotiezhi-10,10,美妆,护肤
B0HFLV66SL,B0HFLDGQ9V,沐浴巾,"African Net Sponge Back Scrubber for Shower, Long Nylon African Exfoliating Net, Back Loofah and Back Washer, Coffee",KCC-MYJ1-KA,10,美妆,护肤
B0HFJVJRKD,B0HFJHJ1SM,羽毛球胶带黑色四条装,"4 Pack Tennis Racket Grip Tape, Tennis Grip Tape, Precut Anti-Slip Overgrip Wrap for Badminton Pickleball Fishing Rod, Black",TTCA-Grip-B4,10,运动户外,团队运动
B0HFGC6GBT,B0HFG9L9NS,卷纸切割器,"1PC Wrapping Paper Cutter Tool, Halloween Paper Cutter Slider Set for Gift Wrap Rolls and Wrapping Supplies, Black",TTCA-PaperCutter-Black,10,玩具与游戏,美术手工
B0HFGK82XM,B0HFGCCJR4,切药盒绿色款,"Pill Cutter, Pill Splitter for Small, Tiny and Large Pills, 2 in 1 Tablet Cutter with Storage Case for Vitamins, Green",TTCA-PillCutter-Green,10,家居,收纳整理
B0HF86FJFN,B0HF87KGZB,印章海绵5个装,"Paint Sponges for Kids, Painting Sponges and Paint Sponge Set, Art Sponges and Shape Stamps for Painting",SP-yinzhanghai-5,10,办公文具,书写与绘画
B0HF88MBH6,B0HFRC5YFK,彩色药盒1个,"Pill Organizer, Colorful Travel Pill Organizer, Medicine Pill Organizer, Weekly Pill Box Case and Pill Container, 1 Count",SP-yaohe-cai1,10,家居,收纳整理
B0HF7C4YPF,B0HF7C4YPF,迷你万向轮,"2Pack Wearable Bath Sponge Gloves, Dual-Sided Exfoliating Shower Mitts, Pink & Blue Flower Body Scrubber for Daily Bath for Men Women",KCC-MNWXL-WXL,5,美妆,护肤
B0HF7KX5LH,B0H94R2RMG,沐浴球,"2Pack Wearable Bath Sponge Gloves, Dual‑Sided Exfoliating Shower Mitts, Pink & Blue Flower Body Scrubber for Daily Bath for Men Women",KCC-MYQ-2H1,10,美妆,护肤
B0HF4TKC6B,B0HF4KFLP9,牙线,"100 Pcs Floss Picks, White Plastic Thread Picks with Slim Handle, Portable Pack for Home Travel and Daily Use",KCC-YX-BAI,10,美妆,护肤
B0HF4KD669,B0HF4LJNDB,自粘耳签,"24 Pcs Transparent Adhesive Ear Picks, Small Sticky Earwax Pickup Sticks with Box, Disposable Applicators",KCC-ZZEQ-BAI,10,美妆,护肤
B0HF54TB89,B0HF46BQRJ,挂钩帽子绿粉,"Dopamine Cartoon Circular Hat Hook, Colorful C Shaped Hat Hanger for Closet, Caps, Scarves, Bags and Accessories",SP-guagou-lvfen,10,家居,收纳整理
B0HF44VVB3,B0HF4FZZB1,画笔中号,"4 Pack Medium 4 Pack Detailing Paint Brush Set, Acrylic Watercolor Brushes for Nail Art, Model Painting, Pottery Tools",SP-huabi-zhonghao,8,办公文具,书写与绘画
B0HF482S77,B0HF46BQRJ,挂钩帽子白红,"Dopamine Cartoon Circular Hat Hook, Colorful C Shaped Hat Hanger for Closet, Caps, Scarves, Bags and Accessories",SP-guagou-baihong,10,家居,收纳整理
B0HF49BQJJ,B0HF486C3Q,海绵擦,"Double Sided Sanding Polishing Sponge Block, Blue Foam Abrasive Pad for Jewelry, Beads, Jade, Craft Surface Finishing",KCC-HMC-LAN,10,家装工具,五金与安全
B0HF3VVB71,B0HF3W52KW,凳腿保护4个灰色,"4 Pack Silicone Chair Leg Caps, Chair Leg Floor Protectors with Felt Pads for Hardwood Floors",SP-dengtuibaohu-4thui,10,家居,清洁与地板护理
B0HDZ5TP56,B0HDYPPSNG,老头胸针,"Multicolor Cartoon Quote Enamel Pin, Spanish Phrase Brooch for Jackets, Backpacks, Hats, 1.1 X 1.2 Inch",KCC-LTXZ-1,10,女装,配饰
B0HDYQ7H64,B0H285PRJ3,银心脚链（金）,"Gold Tone Alloy Heart Anklet for Women, Adjustable Pendant Foot Chain Jewelry for Beach Party and Daily Outfits",KCC-YXJL-JIN,10,珠宝首饰,身体饰品
B0HDYTLT3C,B0HDYM46DL,创意手机支架,"2 Pack Metal Phone Stand, Gold Wire Holder for Smartphones, Portable Desktop Reading Display Stand for Desk and Table",KCC-CYSJZJ-JIN,5,电子产品,电脑配件
B0HD776QG4,B0HD717ZLB,抱枕套南瓜,"15.75 * 17.75 inches Flocked Pumpkin Throw Pillow Cover, 3D Embossed Plush Cushion Case, Orange Soft Decor Pillow Cover for Sofa Autumn Home Party Decor",SP-baozhen-nangua,8,家居,床品与浴室用品
B0HD76WV3B,B0HD732SD6,蜡线,"Waxed Polyester Cord, 6 Rolls Waxed Thread for Bookbinding, Bracelet Making, Sewing and Macrame DIY Craft",SP-naxian-6,10,玩具与游戏,美术手工
B0HD6XLWPD,B0HD6VJH6R,冰箱贴猫咪,"2 Pack Cat Hugging Bottle Fridge Magnets, Two Styles Clear Acrylic Refrigerator Magnets for Kitchen Home Decor",SP-bingxiang05-mao,10,家居,家居装饰
B0HD5Z3FY8,B0HCZGF1H1,喷壶2个,"Refillable Hand Sanitizer Spray Bottles, 2 Pack Card Shape Fine Mist Empty Vial, Portable Travel Plastic Bottle for Sanitizer, Perfume and Toner",SP-peihu-2,10,家居,清洁与地板护理
B0HCZB2HCP,B0HCZHG1HM,骑行眼睛,"Shield Sports Cycling Sunglasses with Storage Case, Mirror UV Protection Lens, Unisex Adult Outdoor Glasses, Black Frame",SP-qixing-black,10,女装,配饰
B0HCZ3SCG1,B0HCZ63Z2Q,防水套卡,"10 Pack Clear Business Card Holder Sleeves, Waterproof Credit Card Protector and ID Card Holder for Debit and Social Security Cards, 3.82 x 2.32 Inch",KCC-FSTK-10,10,办公文具,卡片与文具
B0HCZ5RGRM,B0HCZ54MCW,信封,"10 Pack Embossed Floral Envelopes, Cute Stationery Set for Invitations, Greeting Cards and Letter Writing, Multicolor, 6.3 x 4.33 Inch",KCC-XF-10,10,办公文具,卡片与文具
B0HCJJQ5X3,B0HCJ92929,皮质项圈黑色,"Tracker Holder Pet Collar, Adjustable Dog and Cat Collar with Buckle, M Size Black for Outdoor Walking and Daily Wear",TTCA-Pet-XQ-Airtag-Black,2,宠物用品,猫咪用品
B0HCJH94QJ,B0HCJ92929,皮质项圈粉色,"Tracker Holder Pet Collar, Adjustable Dog and Cat Collar with Buckle, M Size Pink for Outdoor Walking and Daily Wear",TTCA-Pet-XQ-Airtag-Pink,2,宠物用品,猫咪用品
B0HCJFJKB8,B0HCJ92929,皮质项圈蓝色,"Tracker Holder Pet Collar, Adjustable Dog and Cat Collar with Buckle, M Size Sky Blue for Outdoor Walking and Daily Wear",TTCA-Pet-XQ-Airtag-Blue,2,宠物用品,猫咪用品
B0HC6NVFWD,B0HC6DXMV4,香草剥离器,"Stainless Steel Herb Stripper, 9 Hole Herb Leaf Remover with Protective Cover, Kitchen Gadget for Rosemary, Thyme and Basil",SP-boliqi-1,10,厨房与餐饮,厨房用具与小工具
B0HC6N7M63,B0HK3RDRL8,发圈金+粉,"2 Pack Satin Scrunchie with Hidden Zipper Pocket, Silky Storage Hair Tie, Solid Color Fabric Hair Scrunchies for Women Hair Accessories",SP-faquan-2gf,9,女装,配饰
B0HC6JM9GK,B0HK3RDRL8,发圈灰+紫,"2 Pack Satin Scrunchie with Hidden Zipper Pocket, Silky Storage Hair Tie, Solid Color Fabric Hair Scrunchies for Women Hair Accessories",SP-faquan-2zh,9,女装,配饰
B0HC4CCJX8,B0HFCK4RX4,摇摇杯-粉色,"Protein Shaker Bottle 350 ML, Leak Proof Fitness Mixer Cup for Gym Workout Smoothies and Meal Prep, Pink",TTCA-Shakerbottle-Pink,10,运动户外,健身与训练
B0HC3B175R,B0HC3BQX2D,防水洗漱包-灰色-大号,"Waterproof Toiletry Bag, small dry bag, travel wash bag, sea to summit toiletry bag, Swimming, Beach, Gym, Transparent Gray",TTCA-Washbag-Grey,10,女装,包袋与钱包
B0HC3FKH5W,B0HC3BQX2D,防水洗漱包-白色-大号,"Waterproof Toiletry Bag, small dry bag, travel wash bag, sea to summit toiletry bag, Swimming, Beach, Gym, Transparent White",TTCA-Washbag-White,10,女装,包袋与钱包
B0HB9CYXZR,B0HB8YQ8Z7,摩托把手套2个,"Motorcycle Handlebar Wrap Grips, Anti-Slip Breathable Hand Grip Tape for Motorcycles, Scooters, Bikes, 1/2 Pack Universal Handlebar Covers",SP-motuochanrao-2,6,家装工具,五金与安全
B0HB8Q4WQG,B0HB8YXNJW,卷发草莓六个,"6 Pack Strawberry Sponge Hair Curlers, No Heat Sleep-in Foam Rollers for Big Wavy Hair",SP-juanfacao-6,6,美妆,美发与造型
B0HB8WFKVH,B0HB8YXNJW,卷发草莓一个,"1 Pack Strawberry Sponge Hair Curler, No Heat Sleep-in Foam Roller for Big Wavy Hair",SP-juanfacao-1,6,美妆,美发与造型
B0H9YC58LD,B0HB4KVWBG,清洁海绵多层+洗碗布,"Damp Duster Sponge, 2-in-1 Kitchen Sponge Wipe Set, Peelable Rainbow Layer & Metal Wire Cleaning Cloth for Pots, Sinks, Tabletops",SP-qingjieduocen-1,6,家居,清洁与地板护理
B0H9YBTZFY,B0H9YDPSPX,手机支架磁吸粉色,"Foldable Silicone Phone Stand, Adjustable Portable Cell Phone Holder with Random Lanyard, Roll Up Pocket Mount for Travel Home Office Video Call",SP-zhijiaci-fen2,5,电子产品,电脑配件
B0H9RF8V1Q,B0H6W3F8Y5,,"White Caulk Tape, Toilet Seal Strip with Black Tool for Bathroom Base, Sink, Shower, Bathtub Edge and Countertop",KCC-FPhei-11,10,家装工具,管道与卫浴
B0H9RJLTQW,B0H6W6H791,,"Powder Puff, Makeup Sponge, Sample Size Face Applicator for Loose Powder, Foundation, Travel And Vanity Routines",KCC-FPfen-1,10,美妆,彩妆
B0H94VBS47,B0H94GZCMQ,户外绳索,"Silver Outdoor Rope Tightener with 3m Nylon Rope, Zinc Alloy Tent Rope Tensioner Hook",KCC-HWSS-1,12,运动户外,狩猎与钓鱼
B0H94RF212,B0H94KN6QT,蝴蝶挂钩,"4 Pack Rotating Butterfly Adhesive Wall Hooks, 270 Degree Swivel 3 Prong Hooks for Kitchen and Bathroom",SP-zhankouhu-4,10,家装工具,五金与安全
B0H94HLDQ8,B0H94XQT8C,散粉器,"Food Grade 304 Stainless Steel Powder Sugar Shaker Duster, One Hand Spring Operated Mini Mesh Sieve Dispenser for Baking, Cocoa, Matcha, Coffee Latte Decor",SP-safen-1,6,厨房与餐饮,咖啡、茶与小家电
B0H8NXW7RV,B0H8NYTS5W,逗猫棒替换头蝴蝶,"Single Bug Cat Wand Refill Attachment, Interchangeable Feather Teaser Spare with Bell, Snap On Replacement Head for Indoor Kitten Interactive Play",SP-doumaotihuan-hu,7,宠物用品,猫咪用品
B0H8NZD7H3,B0H8NYTS5W,逗猫棒替换头蜜蜂,"Single Bug Cat Wand Refill Attachment, Interchangeable Feather Teaser Spare with Bell, Snap On Replacement Head for Indoor Kitten Interactive Play",SP-doumaotihuan-mi,7,宠物用品,猫咪用品
B0H8N2WFMC,B0H8CQM5JZ,肌肉贴y6,"Kinesiology Tape 6 Pack, Assorted Color Precut KT Tape, X & Y Shaped Elastic Athletic Muscle Support Tape for Sports & Daily Soreness",SP-jiroutie-y6,9,运动户外,健身与训练
B0H7BX9LX4,B0H7BX4XBV,项圈反光M,"Reflective Nylon Dog Collar, Adjustable Safety Collar with Metal D-Ring, High Vis Night Walking Collar for Medium Large Dogs, Multi Sizes & Colors",SP-fanguangxiang-M,5,宠物用品,狗狗用品
B0H6W7LF4V,B0H6W6H791,,"Pack Of 8 Square Powder Puffs, Makeup Puff For Loose Powder Cosmetic Foundation And Contouring Work",KCC-FPFEN-8,5,美妆,彩妆
B0H6WFG56M,B0H6W3F8Y5,,"Set With 4 Triangle And 2 Cloud Shape Powder Puffs, Makeup Puff For Loose Powder And Cosmetic Foundation Use",KCC-FPhei-6,5,美妆,彩妆
B0H6W9TCGF,B0H6W517ZG,,"Set With 2 Triangle, 2 Diamond And 2 Cloud Shape Powder Puffs, Makeup Puff For Loose Powder Cosmetic Foundation Contouring",KCC-FPFH-6,5,美妆,彩妆
B0H5CNW9WC,B0H5CKYDZM,顺毛白色,"Electric Spray Pet Grooming Brush, Rechargeable 3-in-1 Cat Dog Hair Brush with Massage Comb, Water Spray Dematting Tool",SP-chumaodian-huang,3,宠物用品,狗狗用品
B0H4SXF1R1,B0H4SNVS2K,水杯白色,"30oz Multicolor Stainless Steel Tumbler with Handle, Lid & Straw, Double Wall Insulated Outdoor Travel Mug for Hot Cold Drinks",SP-shuibei01-bai,5,厨房与餐饮,餐饮与宴客用品
B0H4TJ1G99,B0H4SNVS2K,水杯灰色,"30oz Multicolor Stainless Steel Tumbler with Handle, Lid & Straw, Double Wall Insulated Outdoor Travel Mug for Hot Cold Drinks",SP-shuibei01-hui,5,厨房与餐饮,餐饮与宴客用品
B0H4SW6DPR,B0H4S9WYMC,钱包,"Genuine Leather, Three-Fold Men Wallet with 13 Card Slots, Anti-Theft Design",KCC-QB4-1,3,男装,包袋与收纳包
B0H4SVBH74,B0H4SRLK1G,钱包,PU Leather Unisex Zippered Business Card Holder with 22 Cards Capacity for Credit Debit Bank Cards,KCC-QB5-1,5,家居,收纳整理
B0H4SRKMC3,B0H4SR78KK,钱包,"Vintage Casual, Patchwork Color-Blocked Men's Short Wallet, 1pc Classic Bifold Design",KCC-QB6-1,5,男装,包袋与收纳包
B0H4SLS337,B0H4SYNRHM,钱包,"Vintage Leather Trifold Wallet, Large Capacity Purse with Snap Closure and Zippered Pocket for Women",KCC-QB7-1,3,女装,包袋与钱包
B0H4R1FTF4,B0H4SNVS2K,水杯渐变莓红色,"27.05 oz Stainless Steel Tumbler with Handle, Lid & Straw, Double Wall Insulated Travel Cup, Outdoor Reusable Drinking Mug for Cold Hot Drinks",SP-shuibei02-bai,5,厨房与餐饮,餐饮与宴客用品
B0H4QWWNG8,B0H4SNVS2K,水杯渐变本色,"27.05 oz Stainless Steel Tumbler with Handle, Lid & Straw, Double Wall Insulated Travel Cup, Outdoor Reusable Drinking Mug for Cold Hot Drinks",SP-shuibei02-hui,5,厨房与餐饮,餐饮与宴客用品
B0H4R4M57L,B0H4SNVS2K,水杯粉色,"30oz Multicolor Stainless Steel Tumbler with Handle, Lid & Straw, Double Wall Insulated Outdoor Travel Mug for Hot Cold Drinks",SP-shuibei01-fen,5,厨房与餐饮,餐饮与宴客用品
B0H456QPHC,B0HDB3X9SL,沙滩裤,"Mens Swim Trunks, Patriotic Flag Print Board Shorts with Drawstring Waist for Holiday and Resort Casual Activities",KCC-STK-A5-XL,2,男装,下装
B0H456WR5Y,B0HDB3X9SL,沙滩裤,"Mens Swim Trunks, Cactus Print Board Shorts with Drawstring Waist for Resort and Summer Casual Events",KCC-STK-A8-L,2,男装,下装
B0H454WDBX,B0HDB3X9SL,沙滩裤,"Mens Swim Trunks, Flamingo Print Board Shorts with Drawstring Waist for Beach and Daily Casual Occasions",KCC-STK-A4-XL,2,男装,下装
B0H452TMCB,B0HDB3X9SL,沙滩裤,"Mens Swim Trunks, Palm Tree Print Board Shorts with Drawstring Waist for Resort and Summer Casual Getaways",KCC-STK-AE-L,1,男装,下装
B0H44YXDJM,B0HDB3X9SL,沙滩裤,"Mens Swim Trunks, Two Tone Shark Print Board Shorts with Drawstring Waist for Resort and Summer Coastal Trips",KCC-STK-PG-XL,2,男装,下装
B0H456RSM8,B0HDB3X9SL,沙滩裤,"Mens Swim Trunks, Pink Flamingo Print Board Shorts with Drawstring Waist for Resort and Summer Casual Parties",KCC-STK-AU-L,1,男装,下装
B0H45CXYX3,B0HDB3X9SL,沙滩裤,"Mens Swim Trunks, Flamingo Print Board Shorts with Drawstring Waist for Beach and Daily Casual Occasions",KCC-STK-A4-L,2,男装,下装
B0H456T45C,B0HDB3X9SL,沙滩裤,"Mens Swim Trunks, Large Pineapple Print Board Shorts with Drawstring Waist for Resort and Summer Casual Events",KCC-STK-AK-XL,2,男装,下装
B0H4556DGY,B0HDB3X9SL,沙滩裤,"Mens Swim Trunks, Vertical Stripe Board Shorts with Drawstring Waist for Resort and Daily Leisure Events",KCC-STK-AA-XL,2,男装,下装
B0H45DLC4C,B0HDB3X9SL,沙滩裤,"Mens Swim Trunks, Palm Tree Print Board Shorts with Drawstring Waist for Resort and Summer Casual Getaways",KCC-STK-AR-XL,2,男装,下装
B0H453KBCZ,B0HDB3X9SL,沙滩裤,"Mens Swim Trunks, Anchor Print Board Shorts with Drawstring Waist for Resort and Nautical Casual Events",KCC-STK-PF-L,2,男装,下装
B0H457V2WF,B0HDB3X9SL,沙滩裤,"Mens Swim Trunks, Palm Tree Print Board Shorts with Drawstring Waist for Resort and Summer Casual Getaways",KCC-STK-AR-L,2,男装,下装
B0H453S35N,B0HDB3X9SL,沙滩裤,"Mens Swim Trunks, Mini Palm Tree Print Board Shorts with Drawstring Waist for Resort and Summer Casual Getaways",KCC-STK-8113-L,2,男装,下装
B0H45CFT4M,B0HDB3X9SL,沙滩裤,"Mens Swim Trunks, Two Tone Shark Print Board Shorts with Drawstring Waist for Resort and Summer Coastal Trips",KCC-STK-PG-L,2,男装,下装
B0H44XX8C2,B0HDB3X9SL,沙滩裤,"Mens Swim Trunks, Shark Print Board Shorts with Drawstring Waist for Resort and Summer Coastal Gatherings",KCC-STK-AT-XL,2,男装,下装
B0H4552J6H,B0HDB3X9SL,沙滩裤,"Mens Swim Trunks, Tropical Floral Bird Print Board Shorts with Drawstring Waist for Resort and Summer Casual Events",KCC-STK-8111-L,2,男装,下装
B0H45C8G3G,B0HDB3X9SL,沙滩裤,"Mens Swim Trunks, Anchor Print Board Shorts with Drawstring Waist for Resort and Nautical Casual Events",KCC-STK-PF-XL,2,男装,下装
B0H45FFWYT,B0HDB3X9SL,沙滩裤,"Mens Swim Trunks, Pink Flamingo Print Board Shorts with Drawstring Waist for Resort and Summer Casual Parties",KCC-STK-AU-XL,2,男装,下装
B0H45HDZBD,B0HDB3X9SL,沙滩裤,"Mens Swim Trunks, Tropical Floral Bird Print Board Shorts with Drawstring Waist for Resort and Summer Casual Events",KCC-STK-8111-XL,2,男装,下装
B0H4512N6Y,B0HDB3X9SL,沙滩裤,"Mens Swim Trunks, Mini Pineapple Print Board Shorts with Drawstring Waist for Resort and Summer Casual Trips",KCC-STK-AM-L,2,男装,下装
B0H456JCRQ,B0HDB3X9SL,沙滩裤,"Mens Swim Trunks, Cactus Print Board Shorts with Drawstring Waist for Resort and Summer Casual Events",KCC-STK-A8-XL,2,男装,下装
B0H2ML4H8V,B0H2M92GVQ,,"Cylindrical Ergonomic Shift Knob Kit, Universal Manual Gear Shifter with Multi‑Thread Adapters for Automotive Interior Modification（Sliver）",QC-DB1-YIN,1,家装工具,五金与安全
B0H2MHTD2C,B0H2M92GVQ,,"Cylindrical Ergonomic Shift Knob Kit, Universal Manual Gear Shifter with Multi‑Thread Adapters for Automotive Interior Modification（Black）",QC-DB1-HEI,2,家装工具,五金与安全
B0H2M7XWFY,B0H2M92GVQ,,"Cylindrical Ergonomic Shift Knob Kit, Universal Manual Gear Shifter with Multi‑Thread Adapters for Automotive Interior Modification（Titanium）",QC-DB1-TAI,2,家装工具,五金与安全
B0H156PKSD,B0GQBS64JX,,"Beach Aqua Shoes Unisex, Non Slip Rubber Sole, Comfortable Insole, for Ocean",QS-050-36/37,1,运动户外,水上运动
B0H147G4HD,B0GYXXHWBS,宠物玩具,"Dog Rope Toy, Multi Style Interactive Tug Chew Toys for Small Dogs, Teething Rope Toy Pack for Pet Daily Play",KCC-caihong-1,1,宠物用品,狗狗用品
B0GZP66WVT,B0GYX16S5J,,"Kids Water Shoes, Cute Ocean Cartoon Print Quick-Dry Aqua Socks for Toddler Boys Girls, Non-Slip Swim Shoes for Beach, Pool, Water Park, River Trekking, and Indoor Activities",QS-524-B23-26-27,3,运动户外,水上运动
B0GZP6YWSJ,B0GYX16S5J,,"Kids Water Shoes, Cute Ocean Cartoon Print Quick-Dry Aqua Socks for Toddler Boys Girls, Non-Slip Swim Shoes for Beach, Pool, Water Park, River Trekking, and Indoor Activities",QS-524-B23-28-29,3,运动户外,水上运动
B0GZNZDN1N,B0GYWSYXZ5,新款大童溯溪鞋,"Big Kids Water Shoes, Whale & Sailboat Print Non Slip Aqua Socks for Big Kids Beach Swim Pool",QS-506-D19-28/29,3,运动户外,水上运动
B0GZN2SCLH,B0GYWSYXZ5,新款大童溯溪鞋,"Big Kids Water Shoes, Whale & Sailboat Print Non Slip Aqua Socks for Big Kids Beach Swim Pool",QS-506-D19-34/35,3,运动户外,水上运动
B0GYYSK2M4,B0GYX16S5J,潜水溯溪鞋,"Kids Water Shoes, Cute Ocean Cartoon Print Quick-Dry Aqua Socks for Toddler Boys Girls, Non-Slip Swim Shoes for Beach, Pool, Water Park, River Trekking, and Indoor Activities",QS-524-B23-34-35,3,运动户外,水上运动
B0GYX2TPFM,B0GYX16S5J,潜水溯溪鞋,"Kids Water Shoes, Cute Ocean Cartoon Print Quick-Dry Aqua Socks for Toddler Boys Girls, Non-Slip Swim Shoes for Beach, Pool, Water Park, River Trekking, and Indoor Activities",QS-524-B23-32-33,3,运动户外,水上运动
B0GYX2HZ32,B0GYX16S5J,潜水溯溪鞋,"Kids Water Shoes, Cute Ocean Cartoon Print Quick-Dry Aqua Socks for Toddler Boys Girls, Non-Slip Swim Shoes for Beach, Pool, Water Park, River Trekking, and Indoor Activities",QS-524-B23-30-31,3,运动户外,水上运动
B0GWHQ5836,B0GVYWN441,溯溪沙滩鞋,"Swim Footwear for Women Men, Aqua Socks, Barefoot Water Shoes, Beach Yoga Pool Resort Summer Travel Pair",QS-0381-36/37,1,运动户外,水上运动
B0GVXCPVKW,B0GVXCPVKW,拖鞋,"Foldable EVA Travel Slippers for Women Men, Lightweight Quick Drying Non Slip Shower Sandals, Portable Flip Flops for Bathroom, Hotel, Beach, Pool & Cruise",ZD002-White-10/11,3,女装,鞋履
B0GVXCH61Z,B0GVXCH61Z,拖鞋,"Foldable EVA Travel Slippers for Women Men, Lightweight Quick Drying Non Slip Shower Sandals, Portable Flip Flops for Bathroom, Hotel, Beach, Pool & Cruise",ZD002-Pink-6/7,1,女装,鞋履
B0GTBJ852M,B0GT1K8L8Q,过滤器,"2 Pack Drain Hair Catcher-Sink Strainer, Shower Drain Cover, Drains Filter Cover for Kitchen Sink Bathroom Shower(Green)",YQ-YUNYU-2026317-GUOLVQI-8,14,家装工具,管道与卫浴
