问题,行号,ASIN,MSKU,工具MSKU,Listing负责人,工具负责人,FBA可售,工具FBA可售,工具近7日销量,父ASIN,品名,标题,SKU,价格
FBA可售不一致,2,B0H4FB8GJ5,KCC-SQQJS1-1,KCC-SQQJS1-1,凯旋,凯旋,120,117,22,B0H4F84574,神奇清洁刷,"Reusable Rubber Rust Remover Eraser, Multipurpose Stain Limescale Eraser for Faucet Sink Iron Metal Surface Cleaning",KCC-SQQJS1-1,1.58
FBA可售不一致,3,B0H1R8RYH4,KCC-SSCXB-CHENG,KCC-SSCXB-CHENG,凯旋,凯旋,27,18,2,B0H25VX1R1,伸缩磁吸棒,"8 Lbs Telescoping Magnetic Pick Up Tool, Extendable Magnet Stick with Non Slip Orange Handle",KCC-SSCXB-CHENG,2.21
FBA可售不一致,4,B0H8P7YFHQ,KCC-NNL1DF-1,KCC-NNL1DF-1,凯旋,凯旋,98,0,0,B0H8P15878,捏捏乐豆腐,"Simulated Tofu Slow Rebound Squishy, Soft Fluid White Block Squeeze Fidget Stress Reliever for Office Classroom Anxiety Relief",KCC-NNL1DF-1,1.99
FBA可售不一致,5,B0H1VFK71L,KCC-ZWBD-10MM,KCC-ZWBD-10MM,凯旋,凯旋,164,39,9,B0H1VK6P8V,植物绑带,"9.84 Feet Self‑Gripping Plant Hook And Loop Tape, 10mm Wide Reusable Adjustable Garden Plant Tie Strap For Support",KCC-ZWBD-10MM,1.95
工具未内置该 ASIN,6,B0GTTZQDFY,KCC-qicheruanmaoshua-chang,,凯旋,,132,,,B0GTKNBJ45,汽车内饰软毛刷,"Car Interior Soft Brush Set, Long + Short Handle Combo, Lint-Free Microfiber Bristles, Scratch-Free Cleaning Brushes for Car Dashboard, Air Vents, Seats, Console, Windows",KCC-qicheruanmaoshua-chang,1.99
FBA可售不一致,7,B0H1V2MRSH,KCC-DGNBJS-HUI,KCC-DGNBJS-HUI,凯旋,凯旋,28,25,0,B0H1VJNB35,多功能百洁布,"Window Groove Cleaning Brush, Handheld PP Scouring Pad Gap Cleaner for Sliding Door Track Tile Lines",KCC-DGNBJS-HUI,1.45
FBA可售不一致,8,B0H2HNSSYH,KCC-YJH-CAI,KCC-YJH-CAI,凯旋,凯旋,37,8,2,B0H2HJTZ7S,眼镜盒,"Boho Mandala Pattern Neoprene Sunglasses Case, Soft Zipper Eyeglass Pouch With Carabiner Clip For Travel Outdoor",KCC-YJH-CAI,1.69
FBA可售不一致,9,B0H3V57TCY,KCC-FXHPZ-1,KCC-FXHPZ-1,凯旋,凯旋,31,25,0,B0H3TYBBYK,方形烘培纸,"50Pcs Single Pack Unbleached Kraft Parchment Paper, 8×6 Inch Non-Stick Silicone Coated Baking Sheets, Oilproof Heat Resistant Paper for Air Fryer Oven Cooking",KCC-FXHPZ-1,2.99
FBA可售不一致,10,B0H1WDVQCG,SP-dadan-1,SP-dadan-1,图图,图图,7,27,1,B0H2GRTX7H,打蛋器,"Stainless Steel Dough Mixer, Handheld Double Hole Bread Whisk, Manual Flour Stirrer Egg Beater for Baking Cooking",SP-dadan-1,1.63
FBA可售不一致,11,B0H1CKTY24,KCC-DNPBZJ-HEI,KCC-DNPBZJ-HEI,凯旋,凯旋,46,13,5,B0H1CL6YV9,电脑手机支架,"Adjustable Foldable Phone Stand, Portable Desktop Holder for Smartphone Tablet Hands Free Viewing",KCC-DNPBZJ-HEI,1.86
FBA可售不一致,12,B0GZV4LK8P,KCC-YGQ-2,KCC-YGQ-2,凯旋,凯旋,39,14,6,B0GZVLTV32,牙膏器,"2 Pack Cartoon Toothpaste Squeezer Set, Manual Tube Wringer Roller Tool for Bathroom Toothpaste Waste Reduction",KCC-YGQ-2,2.99
FBA可售不一致,13,B0GWM6T66H,KCC-WSDJB-B,KCC-WSDJB-B,凯旋,凯旋,37,8,5,B0GWLZCV14,网纱单肩包,"Mesh Beach Tote Bag With Zipper, Quick Dry Waterproof Sand Free Bag For Travel, Pool, Gym, Weekend Getaway",KCC-WSDJB-B,2.99
负责人不一致；FBA可售不一致,14,B0H4G9JD1N,WESKCC-BHQ-LV,WESKCC-BHQ-LV,凯旋,cccady,24,10,0,B0H4GGJ94B,,"Catnip Ball Toy, Rotatable Cat Treat Toy, Hanging Cat Play Accessory for Indoor Cats",,1.99
FBA可售不一致,15,B0H3PHM1XL,SP-youqishua-1.5,SP-youqishua-1.5,图图,图图,20,10,5,B0H3PB736Q,油漆刷1.5,"Single Angled/Flat Paint Brush, Solid Wooden Handle Stain Brush, Premium Bristle Sash Brush for Wall Trim, Varnish, Furniture DIY Home Painting",SP-youqishua-1.5,1.99
FBA可售不一致,16,B0H2HQBV1D,KCC-LJTTZ-4,KCC-LJTTZ-4,凯旋,凯旋,32,15,6,B0H2HMH9K8,垃圾桶贴纸,"4Pcs Funny Cartoon Face Trash Can Stickers, Removable PVC Self‑Adhesive Wall Decals for Toilet Bin Refrigerator Tile Glass Decor",KCC-LJTTZ-4,2.6
FBA可售不一致,17,B0GZVSXHSW,KCC-BHQ-LV,KCC-BHQ-LV,凯旋,凯旋,72,33,0,B0GZV46QKN,薄荷器,"Rotating Catnip Ball Toy, Wall Mounted Interactive Cat Chew Toy for Indoor Cats, Calming Lickable Catnip Treat Toy",KCC-BHQ-LV,1.99
FBA可售不一致,18,B0GZV6L95C,KCC-CWSZ-LAN,KCC-CWSZ-LAN,凯旋,凯旋,17,30,2,B0GZVBHFX8,宠物刷子,"Pet Bath Brush With Shampoo Dispenser, Silicone Massage Grooming Brush For Dogs Cats, Soft Shower Scrubber For Daily Bath",KCC-CWSZ-LAN,1.99
FBA可售不一致,19,B0GVRYH9SS,SP-dengsan04-60,SP-dengsan04-60,图图,图图,7,8,0,B0GVQHM358,登山扣,"10 Pack Heavy Duty Locking Carabiner, Strong Aluminum Alloy D-Ring Carabiner Clip for Outdoor Hiking Camping Fishing and Backpack Use",SP-dengsan04-60,2.99
FBA可售不一致,20,B0H44S2FNX,SP-baosixietao-1,SP-baosixietao-1,图图,图图,29,9,1,B0H4ZLFGS6,硅胶保湿,"Reusable Silicone Foot Mask Socks, Moisturizing Gel Foot Cover for Dry Cracked Heels, Washable Soft Foot Spa Socks for Lotion Absorption",SP-baosixietao-1,1.59
FBA可售不一致,21,B0H1QVMG17,SP-fangtangjia-1,SP-fangtangjia-1,图图,图图,11,2,3,B0H1QP7PPS,防烫夹,"Silicone Food Tongs, Heat Resistant Kitchen Tongs, Non-Stick Cooking Tongs for Salad, BBQ, Grilling, Serving",SP-fangtangjia-1,1.99
FBA可售不一致,22,B0GYQ3JX2V,LLD-TPE-BLUE,LLD-TPE-BLUE,cccady,cccady,1,10,0,B0HC8JPL48,TPE拉力带-蓝色,"Flat Resistance Band for Yoga, Pilates, Stretching and Home Workouts, Latex-Free Exercise Band",LLD-TPE-BLUE,2.59
FBA可售不一致,23,B0H28H5HW8,KCC-YXJL-YIN,KCC-YXJL-YIN,凯旋,凯旋,6,18,2,B0H285PRJ3,银心脚链,"Silver-Tone Sparkling Crystal Heart Bracelet, Adjustable Rhinestone Love Pendant Chain Bracelet for Women",KCC-YXJL-YIN,1.86
FBA可售不一致,24,B0GWM322X6,KCC-JLBH-B,KCC-JLBH-B,凯旋,凯旋,15,13,3,B0GWM4BKBF,脚裸保护,"Adjustable Ankle Support Brace, Breathable Stabilizer Sleeve for Running, Basketball, Fitness,Sprain Prevention, Compression Wrap for Men Women",KCC-JLBH-B,2.99
FBA可售不一致,25,B0GTTYKMX1,KCC-qicheruanmaoshua-duan,KCC-qicheruanmaoshua-duan / KCC-qicheruanmaoshua-chang,凯旋,凯旋,43,24,12,B0GTKNBJ45,汽车内饰软毛刷,"Car Interior Soft Brush Set, Short Handle Combo, Lint-Free Microfiber Bristles, Scratch-Free Cleaning Brushes for Car Dashboard, Air Vents, Seats, Console, Windows（Short）",KCC-qicheruanmaoshua-duan,1.56
FBA可售不一致,26,B0H4KZPVKJ,WESSP-shouyao02-zhenzhu,WESSP-shouyao02-zhenzhu,图图,图图,19,6,0,B0H4LHVZC1,收腰扣珍珠,"Multi-Style Alloy Waist Buckles, Adjustable Pants Waist Tightener Cinch Clips for Women 4 Pack",WESSP-shouyao02-zhenzhu,2.11
FBA可售不一致,27,B0H3L58ML4,KCC-BSJT-ZI,KCC-BSJT-ZI,凯旋,凯旋,4,12,0,B0H3L14FSM,保湿脚套,"1 Pair Reusable Silicone Foot Mask Socks, Food-Grade TPR Moisturizing Foot Care Socks, Soft Exfoliating Spa Foot Cover for Dry Cracked Heels Foot Treatment",KCC-BSJT-ZI,1.58
负责人不一致；FBA可售不一致,28,B0GS8HPL7V,KC-19-01,KC-19-01,图图,凯旋,4,8,2,B0GS8KFR4R,手机链,Keychain for Men Women - Durable Metal Key Chain with Key Ring Car Key Accessory,KC-19-01,1.99
FBA可售不一致,29,B0H757YZKL,SP-guashihezi-1,SP-guashihezi-1,图图,图图,7,5,0,B0H758HSKT,,"Hanging Refrigerator Organizer Bin, Clear Fridge Side Door Storage Caddy for Sauce Packets Condiment Small Kitchen Supplies",,1.66
FBA可售不一致,30,B0GZF595K3,LLD-TPE-GREEN,LLD-TPE-GREEN,cccady,cccady,12,10,0,B0HC8JPL48,TPE拉力带-绿色,"Flat Resistance Band for Yoga, Pilates, Stretching and Home Workouts, Latex-Free Exercise Band",LLD-TPE-GREEN,2.59
FBA可售不一致,31,B0H3PJKBH3,SP-youqishua-2,SP-youqishua-2,图图,图图,19,13,2,B0H3PB736Q,油漆刷2,"Single Angled/Flat Paint Brush, Solid Wooden Handle Stain Brush, Premium Bristle Sash Brush for Wall Trim, Varnish, Furniture DIY Home Painting",SP-youqishua-2,1.99
FBA可售不一致,32,B0H1HFVNKG,SP-modao-1,SP-modao-1,图图,图图,8,5,0,B0H1HP96NM,磨刀器,"4-Stage Knife Sharpener, Adjustable Angle Diamond Ceramic Sharpening Tool, Stainless Steel Non-Slip Base for Kitchen Knives Scissors",SP-modao-1,6.28
工具未内置该 ASIN,33,B0HCBF3H82,KCC-SQQJS1-2,,凯旋,,16,,,B0H4F84574,神奇清洁刷,"2 Pack Reusable Rubber Rust Remover Eraser, Multipurpose Stain Limescale Eraser for Faucet Sink Iron Metal Surface Cleaning",KCC-SQQJS1-2,1.99
工具未内置该 ASIN,34,B0HBWCJLYN,KCC-YJH-HH,,凯旋,,6,,,B0H2HJTZ7S,眼镜盒,"Colorful Mandala Bohemian Neoprene Sunglasses Case, Soft Zipper Shock Resistant Eyeglass Storage Pouch, Lightweight Travel Protective Glasses Bag For Optical Glasses & Sunglasses",KCC-YJH-HH,2.16
FBA可售不一致,35,B0H3PJ2QYR,SP-youqishua-1,SP-youqishua-1,图图,图图,16,10,5,B0H3PB736Q,油漆刷1,"Single Angled/Flat Paint Brush, Solid Wooden Handle Stain Brush, Premium Bristle Sash Brush for Wall Trim, Varnish, Furniture DIY Home Painting",SP-youqishua-1,1.99
FBA可售不一致,36,B0H2HJ6TYZ,KCC-YJD-2,KCC-YJD-2,凯旋,凯旋,39,8,2,B0H2HQPLDJ,眼镜带,"Adjustable Sports Glasses Lanyards, 13.78‑Inch Anti‑Slip Eyewear Straps For Running Basketball Swimming Daily Use",KCC-YJD-2,1.19
FBA可售不一致,37,B0H1W8RZ85,SP-yash-1,SP-yash-1,图图,图图,8,5,0,B0H1WRQK1W,压蒜器,"Press Garlic Chopper, Manual Garlic Cutter Mincer, Stainless Steel Blade Garlic Presser for Kitchen Cooking",SP-yash-1,4.59
FBA可售不一致,38,B0H1W4SSJY,SP-juanchi-2,SP-juanchi-2,图图,图图,8,12,0,B0H1WBL1W3,卷尺,"2Pcs Body Measuring Tape, 150cm/60inch Soft Sewing Tailor Ruler, Flexible Fabric Tape for Body Measurement",SP-juanchi-2,1.48
FBA可售不一致,39,B0H1HJGY6D,SP-doujianggl-2,SP-doujianggl-2,图图,图图,16,9,1,B0H1HMNP84,豆浆过滤,"2Pcs Nylon Filter Bags, Ultra Fine Mesh Strainer, Reusable Soymilk Juice Filter for Almond Milk Yogurt Wine Residue Food Prep",SP-doujianggl-2,1.99
FBA可售不一致,40,B0H116YWBF,SP-bingxiang04-zhi,SP-bingxiang04-zhi,图图,图图,8,4,0,B0GZVPL8WD,冰箱贴叶子,"6 PCS Pink Leaf Pattern Ceramic Fridge Magnets, Minimalist Flat Decorative Magnets Set for Home Kitchen Refrigerator Office Metal Surface Decor",SP-bingxiang04-zhi,2.99
FBA可售不一致,41,B0GZVD35D2,KCC-LSWJ-CHENG,KCC-LSWJ-CHENG,凯旋,凯旋,3,9,1,B0GZVCDD47,漏食玩具,"Adjustable Dog Treat Dispensing Toy, Interactive Wobble Slow Feeder Puzzle Toy for Small Dogs Daily Enrichment",KCC-LSWJ-CHENG,5.99
一致,42,B0GTLCHCRJ,SP-TUTU-SEQ-05,SP-TUTU-SEQ-05,图图,图图,15,15,0,B0GTLSHRJ9,宠物玩具,"Puppy Teething Rope Toys Set, Dog Rope Knot Chew Toys, Interactive Tug Toys for Small and Medium Dogs",SP-TUTU-SEQ-05,2.99
FBA可售不一致,43,B0GTLKTK5X,SP-TUTU-DEQ-03,SP-TUTU-DEQ-03,图图,图图,14,16,0,B0GTM367JY,宠物玩具,"Cotton Dog Rope Knots Set, Puppy Teething Chew Toys, Interactive Training Play Toys for Small & Medium Breeds",SP-TUTU-DEQ-03,2.99
负责人不一致；FBA可售不一致,44,B0GS8NN1KJ,KC-07-01,KC-07-01,图图,凯旋,10,5,4,B0GS8KFR4R,手机链,"Beaded Cell Phone Strap for Women, Stylish Bead Wrist Lanyard, Decorative Phone Accessory",KC-07-01,1.99
FBA可售不一致,45,B0H94LH1W4,SP-candian-ye,SP-candian-ye,图图,图图,18,0,0,B0H94M4GRJ,,"Golden Foil Leaf Placemat, Waterproof Non-Slip PVC Table Mat, Heat Resistant Leaf Shape Coaster for Dining Table Decor, Nordic Light Luxury Tableware Pad Single Pack",,3.76
FBA可售不一致,46,B0H4LC5J69,WESSP-shouyao02-duokuan,WESSP-shouyao02-duokuan,图图,图图,22,6,0,B0H4LHVZC1,收腰扣多款,"Multi-Style Alloy Waist Buckles, Adjustable Pants Waist Tightener Cinch Clips for Women 4 Pack",WESSP-shouyao02-duokuan,2.11
负责人不一致,47,B0H4GJBX2K,WESKCC-JLBH-B,WESKCC-JLBH-B,凯旋,cccady,4,4,0,B0H4GR6RDC,,"One Pair Ankle Support Brace, Adjustable Ankle Wrap, Ankle Stabilizer for Sports and Fitness Activities",,2.99
FBA可售不一致,48,B0GZBHJXWC,KFLZ-Y-White-68,KFLZ-Y-White-68,cccady,cccady,7,10,0,B0HBB92HG4,圆形咖啡滤纸-白色68mm,"100 Count Round Disposable Coffee Filters for Coffee Makers, Natural Wood Pulp Paper",KFLZ-Y-White-68,4.48
FBA可售不一致,49,B0H3P57B8V,SP-youqishua-2.25,SP-youqishua-2.25,图图,图图,17,11,3,B0H3PB736Q,油漆刷2.25,"Single Angled/Flat Paint Brush, Solid Wooden Handle Stain Brush, Premium Bristle Sash Brush for Wall Trim, Varnish, Furniture DIY Home Painting",SP-youqishua-2.25,2.47
FBA可售不一致,50,B0H3N96CPL,SP-zhuantou-1,SP-zhuantou-1,图图,图图,16,8,2,B0H3N6CJLD,紧固件驱动钻头,"105 Degree Right Angle Drill Adapter, 1/4 Inch Hex Shank Drill Bit Extension, Heavy Duty Angle Driver Attachment for Cordless Drill & Impact Screwdriver",SP-zhuantou-1,1.99
FBA可售不一致,51,B0H3MQGSPF,SP-niuniule-green,SP-niuniule-green,图图,图图,12,5,1,B0H3MWDZ44,扭扭解压绿色,"1PCS Colorful Sensory Twister, Silicone Stress Relief Gadget, Tactile Tool for Adult Office Relaxation",SP-niuniule-green,2.99
FBA可售不一致,52,B0H398M6PS,KCC-HWJJT-YIN,KCC-HWJJT-YIN,凯旋,凯旋,14,11,3,B0H38YNB8J,急救毯,"2 Pack Portable Outdoor Emergency Blanket, Waterproof Thermal Survival Blanket for Camping Hiking Backpacking First Aid Kit",KCC-JJT-YIN,1.99
FBA可售不一致,53,B0H1HP2BCJ,SP-guaigou-2,SP-guaigou-2,图图,图图,14,10,4,B0H1HKKBJB,挂钩,"2 Pack Adhesive Wall Hooks, No Drilling Heavy Duty Self Adhesive Hooks, Waterproof Transparent Hanger for Bathroom Kitchen Door Towel Coat Key",SP-guaigou-2,1.99
FBA可售不一致,54,B0H151BW7M,KCC-feipan-12cm,KCC-feipan-12cm,凯旋,凯旋,5,10,3,B0H151BW7M,飞盘,"Multi Size Woven Round Placemat Set, Heat Resistant Non Slip Rope Mats for Dining Table Kitchen Pot Holders",KCC-feipan-12cm,2.99
FBA可售不一致,55,B0GY8WCKK8,KCC-GGYF-LXL,KCC-GGYF-LXL,凯旋,凯旋,1,5,2,B0GY8SFB8H,狗狗衣服,"Cute Daisy Floral Dog Sundress, Breathable Lightweight Summer Pet Dress As Daily Casual Outfit for Small Puppy and Small Breed Dogs(XL)",KCC-GGYF-LXL,2.99
FBA可售不一致,56,B0GY2L764N,SP-XIE2-Z44/45,SP-XIE2-Z44/45,公司,公司,11,14,0,B0GY2YYSHW,溯溪沙滩鞋,"Comfortable Water Shoes for Women Men, Anti-Slip Quick Dry Aqua Socks for Pool Beach",SP-XIE2-Z44/45,4.99
FBA可售不一致,57,B0GXZ4CWV7,KCC-SZ-24,KCC-SZ-24,凯旋,凯旋,1,6,2,B0GXYRFYY6,手帐,"24 Pack Multi Pattern Journal Stencils, Reusable Planner Drawing Templates for Bullet Diary Notebook DIY Craft Decoration",KCC-SZ-24,4.48
FBA可售不一致,58,B0GVN55M1F,SP-shouyao01-zhenzhu,SP-shouyao01-zhenzhu,图图,图图,5,10,0,B0GVNB58BZ,收腰扣,"Waist Buckle Set for Women, Adjustable Pant Button Extender, Variety Styles Alloy Waist Cinch Clips, 4 Pieces Pack",SP-shouyao01-zhenzhu,1.99
FBA可售不一致,59,B0GTLNC3QV,SP-09-01,SP-09-01,图图,图图,10,14,0,B0GTLFQ6M1,勺子,"Espresso Coffee Spoons Set of 2, Gold & Silver Small Demitasse Spoons, Stainless Steel Tea Dessert Spoons",SP-09-01,1.55
工具未内置该 ASIN,60,B0HC469Y3C,TTCA-Towel-grey,,cccady,,8,,,B0HC46CXJ3,冷感运动毛巾-灰色,"Cooling Sports Towel, Quick Dry Fitness Towel for Gym Yoga Running Camping Golf Hiking Travel and Workouts, Gray",TTCA-Towel-grey,2.88
工具未内置该 ASIN,61,B0H9XV761M,KCC-XHYBJ-ZUO,,凯旋,,8,,,B0H9Y63FP1,小黄鸭摆件,"Angry Yellow Duck Figurine, 3D Printed Mini Desktop Duck Ornament, Funny Cartoon Desk Decoration, Sitting",KCC-XHYBJ-ZUO,1.37
工具未内置该 ASIN,62,B0H9XXXNYF,KCC-XHYBJ-ZHAN,,凯旋,,8,,,B0H9Y63FP1,小黄鸭摆件,"Angry Yellow Duck Figurine, 3D Printed Mini Desktop Duck Ornament, Funny Cartoon Desk Decoration, Standing",KCC-XHYBJ-ZHAN,1.37
工具未内置该 ASIN,63,B0H9WHHVRL,KCC-NMJT-1,,凯旋,,18,,,B0H94T31LX,纳米胶贴,"1 mm Thick x 3 cm Wide x 1 m Long, 3.8 cm Core，Clear Double Sided Nano Tape, Waterproof Removable Acrylic Mounting Tape, Trial Pack",KCC-NMJT-1,1.58
FBA可售不一致,64,B0H835M3SR,SP-tiezhi-l500,SP-tiezhi-l500,图图,图图,18,0,0,B0H82ZRD75,标签蓝色,"30 Sheets Blank Write-On Pantry Label Roll, Self Adhesive Blue Border Tags for Jars Canisters Food Containers",SP-tiezhi-l500,1.14
FBA可售不一致,65,B0H6FCBTFQ,SP-huaping-1,SP-huaping-1,图图,图图,10,5,0,B0H6FCDMJ7,,"Plant Propagation Station, Lid Hydroponic Plastic Planter Jars, Desktop Plant Propagator Vases for Home Office Table Decor, Gift for Plant Lovers (Transparent)",,3.99
FBA可售不一致,66,B0H4QRQG3B,SP-tuopan-y,SP-tuopan-y,图图,图图,2,4,0,B0H4R5Y4WB,托盘彩色,"Stainless Steel Nail Art Storage Tray, Metal Cosmetic Organizer, Multi-Use Beauty Accessories Holder",SP-tuopan-y,1.99
一致,67,B0H4R4D423,SP-sirong-red,SP-sirong-red,图图,图图,5,5,0,B0H4R5Y4WB,化妆包丝绒红,"Mini Travel Cosmetic Bag, Velvet Zipper Makeup Pouch with Embroidered Letter, Portable Toiletry Organizer for Women",SP-sirong-red,1.99
FBA可售不一致,68,B0H4QR33RZ,SP-suihua-blue,SP-suihua-blue,图图,图图,9,6,4,B0H4R5Y4WB,化妆包碎花蓝,"Floral Quilted Makeup Bag, Large Capacity Hair Dryer Storage Bag, Portable Multi-Functional Travel Organizer for Women",SP-suihua-blue,1.99
FBA可售不一致,69,B0H2HSQTGJ,KCC-KPBLYSK-3,KCC-KPBLYSK-3,凯旋,凯旋,10,20,0,B0H2HQ66B8,卡皮巴拉钥匙扣,"3Pcs Cute Capybara Keychains, Cartoon PVC Soft Rubber Animal Key Rings For Bag Purse Car Key Decor Gift",KCC-KPBLYSK-3,1.45
FBA可售不一致,70,B0H1WXDKYF,SP-feizao-1,SP-feizao-1,图图,图图,21,15,4,B0H1X7H5SV,肥皂盒,"Travel Soap Dish with Lid and Drain Tray, Plastic Soap Holder",SP-feizao-1,1.25
FBA可售不一致,71,B0H1VL2QFY,SP-youhu-1,SP-youhu-1,图图,图图,3,5,0,B0H1V452L4,油壶,"2 in 1 Glass Oil Sprayer Dispenser, 450ml Olive Oil Spray Bottle for Kitchen Cooking Air Fryer Grilling Salad Baking, Black",SP-youhu-1,5.58
FBA可售不一致,72,B0H1V7F452,SP-xiguashaozi-1,SP-xiguashaozi-1,图图,图图,13,7,1,B0H1VDF3G1,食物西瓜勺,"Stainless Steel Watermelon Scoop, Long Handle Fruit Baller, Ice Cream Melon Baller Cutter Kitchen Tool",SP-xiguashaozi-1,1.35
FBA可售不一致,73,B0GZYQQSBN,YQ-QWER-2026420-AMD-5,YQ-QWER-2026420-AMD-5,凯旋,凯旋,8,10,0,B0GZYYFCCC,硅胶洗脚垫,"Foot Scrubber Mat for Shower- Feet Scrubber Massager with Suction Cups, Silicone Shower Foots Cleaner for Bathroom Home Spa Travel (Yellow)",YQ-QWER-2026420-AMD-5,2.16
FBA可售不一致,74,B0GZ3B6QJ1,KCC-shengjie-1,KCC-shengjie-1,凯旋,凯旋,16,0,4,B0GZ35VK9P,宠物玩具,"Arm Dog Rope Toy, Interactive Multi Tug Chew Toy for Small Dogs, Teething Multi Direction Rope Toy for Pet Daily Play",KCC-shengjie-1,3.31
FBA可售不一致,75,B0GY2BQ5D4,SP-XIE1-F40/41,SP-XIE1-F40/41,公司,公司,1,4,0,B0GY2YYSHW,溯溪沙滩鞋,"Quick Dry Water Shoes for Men Women, Anti-Slip Lightweight Aqua Socks for Beach Swim Pool",SP-XIE1-F40/41,4.99
FBA可售不一致,76,B0GY2YZG8K,SP-XIE6-Q40/41,SP-XIE6-Q40/41,公司,公司,3,7,0,B0GY2YYSHW,溯溪沙滩鞋,"Aqua Socks Water Shoes for Men Women, Anti-Slip Quick Dry Swim Shoes for Pool",SP-XIE6-Q40/41,4.99
FBA可售不一致,77,B0GXZP9S32,SP-zhiwu-01,SP-zhiwu-01,图图,图图,9,6,1,B0GXZLR6FM,植物置物架,"Cute Frog Plant Stand, 5Pcs Reusable Plant Support Clips, Decorative Vine Holder for Potted Plants Succulents Garden Decor (Green)",SP-zhiwu-01,4.99
FBA可售不一致,78,B0GWLB7MST,SP-XIE-Z42/43,SP-XIE-Z42/43,公司,公司,7,11,0,B0GWL9YZNY,溯溪沙滩鞋,Men Women Water Shoes Quick Dry Non Slip Barefoot Shoes Lightweight Breathable Beach Swim Surf Yoga Outdoor Sports Aqua Socks,SP-XIE-Z42/43,4.99
FBA可售不一致,79,B0GWL2WLT3,SP-XIE-Z36/37,SP-XIE-Z36/37,公司,公司,9,11,0,B0GWL9YZNY,溯溪沙滩鞋,Men Women Water Shoes Quick Dry Non Slip Barefoot Shoes Lightweight Breathable Beach Swim Surf Yoga Outdoor Sports Aqua Socks,SP-XIE-Z36/37,4.99
FBA可售不一致,80,B0GWL7JD19,SP-XIE-H40/41,SP-XIE-H40/41,公司,公司,11,13,0,B0GWL9YZNY,溯溪沙滩鞋,Men Women Water Shoes Quick Dry Non Slip Barefoot Shoes Lightweight Breathable Beach Swim Surf Yoga Outdoor Sports Aqua Socks,SP-XIE-H40/41,4.99
FBA可售不一致,81,B0GWJ28VVZ,QS-084-44/45,QS-084-44/45,公司,公司,1,3,0,B0GQBP3SH9,溯溪沙滩鞋,"Snorkeling Water Shoes for Men Women, Non Slip Rubber Sole, Quick Dry Beach Shoes",QS-084-44/45,4.99
FBA可售不一致,82,B0GWH5KTSM,KCC-JSDK-L,KCC-JSDK-L,凯旋,凯旋,3,7,0,B0GWGP64SB,跑步紧身短裤,5 Pack Men's High Stretch Athletic Base Quick Dry Breathable Short Tights for Workout Gym Running Multicolor,KCC-JSDK-L,12.52
FBA可售不一致,83,B0GVS8NC5V,KCC-HW-1,KCC-HW-1,凯旋,凯旋,4,9,1,B0GVSFHY63,健身护腕,"Weightlifting Wrist Wraps, Adjustable Fitness Wrist Support, Compression Wrist Straps for Gym Workout Weight Lifting Training",KCC-HW-1,2.6
FBA可售不一致,84,B0GVR9M7BQ,SP-dengsan03-50,SP-dengsan03-50,图图,图图,12,9,1,B0GVQHM358,登山扣,"Multiuse Small Aluminum Carabiner Clips, Lightweight Locking Carabiner for Keys Water Bottles Camping Hiking and Outdoor Gear,10 Pack",SP-dengsan03-50,2.99
FBA可售不一致,85,B0GV317D7P,KCC-fangqiegeshoutao-XL,KCC-fangqiegeshoutao-XL,凯旋,凯旋,3,5,0,B0GV317D7P,防切割手套,"HPPE Nitrile Sandy Finish Cut Resistant Gloves, EN 388 Level 5 Protection, Safety Work Gloves for Kitchen, Gardening, Construction, Men & Women",KCC-fangqiegeshoutao-XL,2.16
FBA可售不一致,86,B0GTLZ8HH3,SP-TUTU-SLQ-04,SP-TUTU-SLQ-04,图图,图图,10,13,1,B0GTLSNPPB,宠物玩具,"Bone Shaped Dog Rope Toys, Heavy Duty Cotton Chew Toys, Teething & Interactive Play Set for Small to Medium Dogs",SP-TUTU-SLQ-04,3.99
负责人不一致；FBA可售不一致,87,B0GS8GKWH1,KC-26-01,KC-26-01,图图,凯旋,9,8,3,B0GS8GKWH1,手机链,"Kawaii Dopamine Beaded Phone Lanyard, Colorful Cute Phone Charm for Phone Case",KC-26-01,1.99
FBA可售不一致,88,B0GQBY72Q5,QS-029-42/43,QS-029-42/43,公司,公司,4,1,1,B0GQBP3SH9,溯溪沙滩鞋,"Snorkel Swim Water Shoes Unisex, Non Skid Rubber Sole, Stretch Fit Beach Shoes Black",QS-029-42/43,4.99
工具未内置该 ASIN,89,B0HC4GC85N,TTCA-Towel-pink,,cccady,,9,,,B0HC46CXJ3,冷感运动毛巾-粉色,"Cooling Sports Towel, Quick Dry Fitness Towel for Gym Yoga Running Camping Golf Hiking Travel and Workouts, Pink",TTCA-Towel-pink,2.88
工具未内置该 ASIN,90,B0HC48VRVJ,TTCA-Fishtail-Ribbon-Wit,,cccady,,9,,,B0HC4829W2,鱼尾纱花束包装纸-白色-无卷芯,"Fishtail Ribbon Trim, Aurora White Bouquet Wrap Tie for Floral Arrangements, Gift Packaging, DIY Craft Decor",TTCA-Fishtail-Ribbon-Wit,1.47
工具未内置该 ASIN,91,B0HBW1TV45,KCC-YJH-MTL,,凯旋,,9,,,B0H2HJTZ7S,眼镜盒,"Boho Mandala Print Neoprene Sunglasses Case, Soft Zipper Eyeglass Storage Pouch With Detachable Carabiner, Shock Resistant Travel Protective Glasses Bag For Optical & Sun Glasses",KCC-YJH-MTL,2.16
工具未内置该 ASIN,92,B0HB4QYX2H,KCC-SCGL-Y,,凯旋,,9,,,B0HB4NDTFT,水槽过滤,"Stainless Steel Sink Strainer Basket, Kitchen Sink Drain Filter Mesh Basket for Food Scraps, Reusable Drain Catcher, Stainless Steel Color, 4.33 Inch",KCC-SCGL-Y,1.88
FBA可售不一致,93,B0H94TD6Z6,KCC-JT-B,KCC-JT-B,凯旋,凯旋,8,0,0,B0H94XX8BN,胶贴,"Gray Self-Adhesive Window Screen Repair Tape, Fiberglass Mesh Patch Roll, 5cm x 2m for Window Door Screen Mesh Repair",KCC-JT-B,1.86
FBA可售不一致,94,B0H94T4PJR,SP-fajialian-2,SP-fajialian-2,图图,图图,22,0,0,B0H94SC7FS,,"Starfish Hair Clip Chain with Matching Starfish Hair Clip, Boho Ocean Beach Hair Accessory Set for Women Summer Hairstyle Decor",,1.85
FBA可售不一致,95,B0H8RPM3LR,WESSP-mianjiao-diao,WESSP-mianjiao-diao,图图,图图,15,7,0,B0H8RR7QB5,,"No Glue Required Fake Under Eyelashes, Natural Soft Reusable Bottom Lashes with Multiple Styles for Daily Makeup Look",,2.99
FBA可售不一致,96,B0H8NSQBGQ,WESSP-baosixietao-1,WESSP-baosixietao-1,图图,图图,13,5,0,B0H8P3C3Z8,,"Reusable Washable Silicone Foot Cover Socks, Soft Gel Lotion Holding Foot Spa Socks to Lock Skin Care Lotion for Daily Foot Care",,1.59
FBA可售不一致,97,B0H838LLMS,SP-tiezhi-lk500,SP-tiezhi-lk500,图图,图图,16,0,0,B0H82ZRD75,标签蓝空白色,"500 Sheets Blank Write-On Pantry Label Roll, Self Adhesive Blue Border Tags for Jars Canisters Food Containers",SP-tiezhi-lk500,1.35
FBA可售不一致,98,B0H7F9Y37Y,Slide-ZD-White-9,Slide-ZD-White-9,cccady,cccady,3,4,0,B0H7FN6981,,"Foldable EVA Slide Sandals, Pearl White, US Size 9",,4.49
FBA可售不一致,99,B0H75974GT,SP-diaokehua-1,SP-diaokehua-1,图图,图图,11,5,0,B0H74ZCLDL,,"2D Acrylic Fairy Mushroom Plant Stake, Butterfly Wing Elf Decorative Flower Pot Pick for Succulent Garden Balcony Yard Ornament",,1.6
FBA可售不一致,100,B0H5NQL47D,SP-xiangquan1-38-lan,SP-xiangquan1-38-lan,图图,图图,6,8,0,B0H5NQJPLY,猫咪项圈蓝色,"8-Month Long Lasting Pet Neck Collar for Dogs & Cats, Adjustable Waterproof Daily Wearing Collar, Skin Friendly Hypoallergenic Pet Accessory",SP-xiangquan1-38-lan,2.44
FBA可售不一致,101,B0H5NTRGC7,SP-xiangquan1-62-lan,SP-xiangquan1-62-lan,图图,图图,6,8,1,B0H5NQJPLY,狗狗项圈蓝色,"8-Month Long Lasting Pet Neck Collar for Dogs & Cats, Adjustable Waterproof Daily Wearing Collar, Skin Friendly Hypoallergenic Pet Accessory",SP-xiangquan1-62-lan,2.44
FBA可售不一致,102,B0H5J37TVL,SP-citouxi-hui,SP-citouxi-hui,图图,图图,6,8,1,B0H5HWXW1D,刺头玩具,"Suction Cup Cat Toy with Dual Feather Wands, Interactive Self-Play Cat Scratcher & Teething Toy for Indoor Cats",SP-citouxi-hui,4.66
FBA可售不一致,103,B0H4V7VCG7,SP-aixin2-whlite,SP-aixin2-whlite,图图,图图,8,9,1,B0H4TYGCLP,化妆包爱心白,"Plush Heart-Shaped Cosmetic Bag, Soft Square Makeup Pouch, Creative Quilted Toiletry Organizer for Women",SP-aixin2-whlite,1.99
FBA可售不一致,104,B0H4R3PZQY,SP-fanbu-xin,SP-fanbu-xin,图图,图图,11,5,0,B0H4R5Y4WB,化妆包帆布心,"Floral Print Canvas Cosmetic Bag, Multi-Use Zipper Pouch, Portable Travel Makeup Organizer for Women",SP-fanbu-xin,1.99
FBA可售不一致,105,B0H4LHWP8M,WESSP-dadan-1,WESSP-dadan-1,图图,图图,18,1,3,B0H4L5CLDP,打蛋器,"Handheld Double Hole Dough Mixer, Stainless Steel Manual Egg Beater Flour Stirrer for Baking & Cooking",WESSP-dadan-1,1.63
FBA可售不一致,106,B0H4H9FNNL,FlipFlops-ZD-MistGrey-8,FlipFlops-ZD-MistGrey-8,cccady,cccady,12,13,0,B0HB5DXJHK,,"Foldable Flip Flops for Men and Women Portable Lightweight Non-Slip Quick Dry Travel Sandals, Mist Grey, Size 8",,3.99
FBA可售不一致,107,B0H4HKW9ZM,FlipFlops-ZD-SunshineYellow-8,FlipFlops-ZD-SunshineYellow-8,cccady,cccady,12,14,0,B0HB5DXJHK,,"Foldable Flip Flops for Men and Women Portable Lightweight Non-Slip Quick Dry Travel Sandals, Sunshine Yellow, Size 8",,3.99
FBA可售不一致,108,B0H1BQ7NM6,LLD-FColor-5,LLD-FColor-5,cccady,cccady,16,10,0,B0HCBJP4X2,拉力片-五色套装,"Resistance Band Set for Workout and Stretching, 5 Levels, 5-Piece Set",LLD-FColor-5,6.49
FBA可售不一致,109,B0GZB4TZMX,KFLZ-Y-White-53,KFLZ-Y-White-53,cccady,cccady,9,10,0,B0HBB92HG4,圆形咖啡滤纸-白色53mm,"100 Count Round Disposable Coffee Filters for Coffee Makers, Natural Wood Pulp Paper",KFLZ-Y-White-53,4.48
FBA可售不一致,110,B0GZB52M4R,KFLZ-Y-Natural-68,KFLZ-Y-Natural-68,cccady,cccady,9,10,0,B0HBB92HG4,圆形咖啡滤纸-原色68mm,"100 Count Round Disposable Coffee Filters for Coffee Makers, Natural Wood Pulp Paper",KFLZ-Y-Natural-68,4.48
FBA可售不一致,111,B0GYQBXTQH,LLD-TPE-PINK,LLD-TPE-PINK,cccady,cccady,9,10,0,B0HC8JPL48,TPE拉力带-粉色,"Flat Resistance Band for Yoga, Pilates, Stretching and Home Workouts, Latex-Free Exercise Band",LLD-TPE-PINK,2.59
FBA可售不一致,112,B0H4FDW4MT,SP-gaoerfujia-grey,SP-gaoerfujia-grey,图图,图图,2,5,0,B0H4FD5SZR,高尔夫球夹灰色,"Portable Golf Ball Holder, Clip On Golf Ball Pouch, Practical Golf Accessories, Easy to Attach on Golf Bag & Cart, Novelty Gift for Golfers Men Women",SP-gaoerfujia-grey,2.45
FBA可售不一致,113,B0H4F3YK9F,KCC-NZ4JT-4,KCC-NZ4JT-4,凯旋,凯旋,3,5,0,B0H4F4XRFG,镊子4件套,"4Pcs Eyebrow Tweezers Set, Matte Pink Stainless Steel Precision Tweezers with Flat/Slant/Hook/Point Tips, Professional Facial Hair Plucking Kit with Storage Pouch for Makeup",KCC-NZ4JT-4,2.65
一致,114,B0H45H4SH5,SP-kaipingqi-1,SP-kaipingqi-1,图图,图图,6,6,4,B0HCZGM9BM,开瓶器,"Manual Hands‑Free Tin Cutter, Smooth Edge Manual Can Opener, Practical Kitchen Gadget for Daily Household Use",SP-kaipingqi-1,2.69
FBA可售不一致,115,B0H45924RR,KCC-STK-AE-XL,KCC-STK-AE-XL,凯旋,凯旋,1,2,0,B0HDB3X9SL,沙滩裤,"Mens Swim Trunks, Palm Tree Print Board Shorts with Drawstring Waist for Resort and Summer Casual Getaways",KCC-STK-AE-XL,6.99
一致,116,B0H3VBSMBX,KCC-WXZJ-1,KCC-WXZJ-1,凯旋,凯旋,29,29,3,B0H3TYVMDN,蚊香支架,"Single Stainless Steel Mosquito Coil Holder, Round Ventilated Cover Incense Burner, Fireproof Mesh Mosquito Repellent Coil Tray for Indoor Outdoor Home Patio Use",KCC-WXZJ-1,2.99
FBA可售不一致,117,B0H3PCLX9Q,SP-mojinghe1-3,SP-mojinghe1-3,图图,图图,8,3,0,B0H3S89CDJ,眼镜盒,"3 Slots Foldable Eyeglasses Storage Case, PU Leather Multiple Sunglasses Organizer, Portable Multi Glasses Box for Travel",SP-mojinghe1-3,5.99
FBA可售不一致,118,B0H3PF39X3,SP-panfa-2,SP-panfa-2,图图,图图,14,6,1,B0H3PHWPN3,发带卷头发,"Sponge Hair Bun Maker, Donut Hair Shaper Styling Tool, Quick Foam Hair Twist Curler for DIY Chignon Updo Hairstyle for Women Girls",SP-panfa-2,1.06
FBA可售不一致,119,B0H3NT3PBM,KCC-YSQ-1,KCC-YSQ-1,凯旋,凯旋,19,20,0,B0H3P458JF,压蒜器,"Single Stainless Steel Rocker Garlic Press, Ergonomic ABS Handle Garlic Mincer Squeezer, Easy Clean Curved Garlic Crusher Tool for Home Kitchen Cooking",KCC-YSQ-1,1.98
FBA可售不一致,120,B0H3MZGFC7,SP-niuniule-purple,SP-niuniule-purple,图图,图图,13,5,2,B0H3MWDZ44,扭扭解压紫色,"1PCS Colorful Sensory Twister, Silicone Stress Relief Gadget, Tactile Tool for Adult Office Relaxation",SP-niuniule-purple,2.99
FBA可售不一致,121,B0H2MKCY3R,QS-2706-40/41,QS-2706-40/41,公司,公司,1,2,0,B0GQBS64JX,溯溪沙滩鞋,"Water Shoes for Women Men, Quick Dry Swim Footwear for Beach Pool Resort River Cruise Lake Travel Pair, 2706, Adult Travel",QS-2706-40/41,4.99
FBA可售不一致,122,B0H2HSTH6Q,KCC-CD-4,KCC-CD-4,凯旋,凯旋,5,1,2,B0H2HWV8J6,餐垫,"4Pcs Boho Mandala Round Wooden Coasters, Heat‑Resistant Non‑Slip Trivets for Hot Pots Pans Table Kitchen Decor",KCC-CD-4,2.99
FBA可售不一致,123,B0H2HMTDFG,KCC-MTLQB-1,KCC-MTLQB-1,凯旋,凯旋,29,31,9,B0H2HSZ194,猫头零钱包,"Cute Cartoon Cat Print Kiss‑Lock Coin Purse, Mini PU Leather Clutch Pouch For Coins Keys Earbuds Small Accessories",KCC-MTLQB-1,1.56
FBA可售不一致,124,B0H2HBWW7R,KCC-FD6872SL-1,KCC-FD6872SL-1,凯旋,凯旋,7,10,1,B0H2HQ2GWQ,FD6872手链,"Natural Indian Agate 6mm Beaded Bracelet, Multi-Color Healing Energy Elastic Stone Bracelet for Women",KCC-FD6872SL-1,2.47
FBA可售不一致,125,B0H2H7VDQV,KCC-ZJSL-ZI,KCC-ZJSL-ZI,凯旋,凯旋,10,4,7,B0H2HC7PGB,紫晶手链,"Natural Purple Crystal Beaded Bracelet, 8mm Adjustable Elastic Healing Stone Bracelet For Women Men",KCC-ZJSL-ZI,1.72
FBA可售不一致,126,B0H2GQFK7P,SP-rongqigai-6,SP-rongqigai-6,图图,图图,5,7,1,B0H2HGT5T6,容器盖6,"Silicone Can Covers, Reusable Leak-Proof Beverage Lids, Universal Protective Caps for Soda Beer Juice Standard Cans",SP-rongqigai-6,1.99
FBA可售不一致,127,B0H2H2LQ64,SP-jiaobandadan-1,SP-jiaobandadan-1,图图,图图,11,12,1,B0H2GRTX7H,搅拌打蛋器,"Stainless Steel Handheld Whisk, a Versatile Metal Mixer Perfect for Egg Beating, Blending and Stirring in Kitchen Cooking and Baking",SP-jiaobandadan-1,1.85
FBA可售不一致,128,B0H25VH1KH,SP-TU-TTQ-04,SP-TU-TTQ-04,图图,图图,7,3,1,B0GYXBVR59,甜甜圈,"12cm Red White Color Dog Ring Rope Chew Toy, Durable Interactive Tug Toy, Non Slip Pet Teething Toy for Puppy Teeth Cleaning",SP-TU-TTQ-04,4.22
FBA可售不一致,129,B0H2413W96,QS-151-40/41,QS-151-40/41,公司,公司,2,3,0,B0GQBS64JX,溯溪沙滩鞋,"Beach Shoes for Women Men, Aqua Socks, Lightweight Water Footwear, River Dock Fishing Lake Travel Pair",QS-151-40/41,4.99
FBA可售不一致,130,B0H1W44MSZ,SP-qingjieshuang-2,SP-qingjieshuang-2,图图,图图,9,3,0,B0H1W7TT9M,清洁刷,"3Pcs Window Door Track Cleaning Brushes, Hard-to-Reach Gap Cleaner, Ergonomic Handle for Home Office Bathroom Kitchen",SP-qingjieshuang-2,4.98
FBA可售不一致,131,B0H1SBKXH8,QS-126-36/37,QS-126-36/37,公司,公司,3,4,0,B0GQBS64JX,溯溪沙滩鞋,"Beach Shoes for Women Men, Aqua Socks, Quick Dry Water Footwear, Pool Resort Cruise Beach Hotel Travel Pair",QS-126-36/37,4.99
FBA可售不一致,132,B0H1S3CGVF,QS-113-40/41,QS-113-40/41,公司,公司,2,3,0,B0GQBS64JX,溯溪沙滩鞋,"Aqua Socks for Women Men, Water Shoes, Lightweight Swim Footwear, Pool Beach Cruise River Vacation Pair",QS-113-40/41,4.99
FBA可售不一致,133,B0H1RZ84PF,QS-128-44/45,QS-128-44/45,公司,公司,1,2,0,B0GQBS64JX,溯溪沙滩鞋,"Pool Shoes for Women Men, Aqua Socks, Swim Footwear, Quick Dry Beach Lake Resort Cruise Summer Travel Pair",QS-128-44/45,4.99
FBA可售不一致,134,B0H1S44XPS,QS-138-40/41,QS-138-40/41,公司,公司,2,3,0,B0GQBS64JX,溯溪沙滩鞋,"Barefoot Water Socks for Women Men, Aqua Shoes, Swim Footwear, Beach Pool Resort Cruise Summer Travel Pair",QS-138-40/41,4.99
FBA可售不一致,135,B0H1RGRPPT,KCC-YSTBHT-3,KCC-YSTBHT-3,凯旋,凯旋,5,6,0,B0H1MBDTQS,牙刷头保护套,"3 Pack Cute Mushroom Toothbrush Covers, Portable Protective Cases With Clip For Travel Bathroom",KCC-YSTBHT-3,2.99
FBA可售不一致,136,B0H1QYJHCM,SP-hongbeidian-1,SP-hongbeidian-1,图图,图图,4,5,0,B0H1QZZ5MK,烘焙垫2,"2 Pack PTFE Oven Liners, Non-Stick Reusable Oven Bottom Mats, Heat Resistant Baking Mat for Gas Electric Oven",SP-hongbeidian-1,4.88
FBA可售不一致,137,B0H1PS5J84,KCC-DHGTZ-600,KCC-DHGTZ-600,凯旋,凯旋,4,5,0,B0H1PGVC1W,电焊管套组,"600Pcs Solder Seal Wire Connectors Kit, Heat Shrink Waterproof Electrical Terminals for AWG10‑24",KCC-DHGTZ-600,7.99
FBA可售不一致,138,B0H1HK4VMY,SP-tudouyani-1,SP-tudouyani-1,图图,图图,7,4,0,B0H1H7CZ1B,土豆压泥器,"Stainless Steel Potato Masher, Ergonomic Handle Wave Design, Heavy Duty Vegetable Bean Masher for Smooth Mashed Potatoes Baby Food",SP-tudouyani-1,3.98
FBA可售不一致,139,B0H1CGLVSZ,SP-qiepian-1,SP-qiepian-1,图图,图图,13,7,2,B0H1CQQDYS,切片器,"Lemon Tomato Food Tongs, Manual Fruit Slicer Holder, Round Fruit Cutting Stand, Kitchen Gadget for Lemon Lime Orange Tomato",SP-qiepian-1,3.66
FBA可售不一致,140,B0H1HKHR7K,SP-FPtaozu-12feng,SP-FPtaozu-12feng,图图,图图,4,5,0,B0H1HCTD7L,粉扑粉色,"14Pcs Makeup Sponge Puff Set, Beauty Blenders & Mini Puffs, Soft Cotton Foundation Blending Sponges for Powder Cream Liquid Makeup",SP-FPtaozu-12feng,3.89
FBA可售不一致,141,B0H1FL741V,KCC-CCQ-CHENG,KCC-CCQ-CHENG,凯旋,凯旋,3,5,0,B0H1FSPR6N,除草器,"Hand Weeder Tool With Ergonomic Handle, Aluminum Alloy Gardening Weed Puller For Planting Transplanting",KCC-CCQ-CHENG,4.32
FBA可售不一致,142,B0H1D5YFY2,QS-089-38/39,QS-089-38/39,公司,公司,3,7,1,B0GQBS64JX,,Comfort Foldable Beach Shoes Non Slip Water Shoes for Women Men,,4.99
FBA可售不一致,143,B0H1D8YQSX,QS-072-38/39,QS-072-38/39,公司,公司,6,7,0,B0GQBP3SH9,,"Water Shoes for Men Women, Anti Skid Rubber Sole, Slip On, for Rafting Kayak",,3.99
FBA可售不一致,144,B0H14XX9LN,SP-xiaojing1-hl,SP-xiaojing1-hl,图图,图图,5,2,5,B0H14Z7J9N,小镜子红色+绿色,"Compact Hair Brush with Mirror, 2-in-1 Foldable Pocket Comb, Mini Travel Hairbrush with Mirror for Girls Women, Portable On-the-Go Hair Styling Tool",SP-xiaojing1-hl,2.99
FBA可售不一致,145,B0H11KG7KB,KC-B21-L,KC-B21-L,图图,图图,2,3,0,B0HD6F5MYH,,Women Sexy Lightweight Triangle Bikini Top Adjustable Tie Back Bathing Suit Top,,6.64
一致,146,B0GZZVDFV3,SP-shouna-luzi,SP-shouna-luzi,图图,图图,8,8,0,B0GZZMTTF5,收纳包,"2 Pcs Mini Storage Bag, Portable Square Cosmetic Pouch, Lightweight Travel Organizer Bag Small Makeup Storage Pouch for Home Travel Daily Use Multicolor",SP-shouna-luzi,2.99
一致,147,B0GZZ2V719,YQ-QWER-2026420-AMD-2,YQ-QWER-2026420-AMD-2,凯旋,凯旋,22,22,5,B0GZYYFCCC,硅胶洗脚垫,"Foot Scrubber Mat for Shower- Feet Scrubber Massager with Suction Cups, Silicone Shower Foots Cleaner for Bathroom Home Spa Travel (Grey)",YQ-QWER-2026420-AMD-2,2.16
FBA可售不一致,148,B0GZY44LZR,SP-huanbao-xing,SP-huanbao-xing,图图,图图,8,4,0,B0GZYMCQXS,折叠环保包杏色,"Reusable Cotton Mesh Grocery Bag, Expandable Net Tote Bag for Fruits, Vegetables, Produce, Beach and Shopping",SP-huanbao-xing,2.99
FBA可售不一致,149,B0GZY62HQG,SP-huanbao-hei,SP-huanbao-hei,图图,图图,5,1,0,B0GZYMCQXS,折叠环保包黑色,"Reusable Cotton Mesh Grocery Bag, Expandable Net Tote Bag for Fruits, Vegetables, Produce, Beach and Shopping",SP-huanbao-hei,2.99
FBA可售不一致,150,B0GZVWBQ5B,SP-bingxiang02-hua,SP-bingxiang02-hua,图图,图图,4,6,0,B0GZVPL8WD,冰箱贴花2,"4 PCS Vintage Hand Painted Floral Ceramic Fridge Magnets Set, Retro Flower Decorative Magnets for Home Kitchen Refrigerator Whiteboard Ornament",SP-bingxiang02-hua,4.76
FBA可售不一致,151,B0GZV6CQ3K,KCC-XLYQ-LV,KCC-XLYQ-LV,凯旋,凯旋,22,8,2,B0GZVB5XMB,笑脸圆球,"Cartoon Dog Latex Squeaky Ball Toy, Textured Interactive Chew Ball for Small Dogs, Teething Fetch Toy for Pet Daily Play",KCC-XLYQ-LV,2.99
FBA可售不一致,152,B0GYXBTF5R,SP-TU-6SJ-01,SP-TU-6SJ-01,图图,图图,8,4,0,B0GYXBTF5R,6绳结,"Multi-Arm Cotton Rope Tug Toy, 30CM Interactive Chew Toy for Small/Medium Dogs, Teething, Training & Boredom Relief",SP-TU-6SJ-01,4.22
FBA可售不一致,153,B0GY2S3DSV,SP-XIE1-F36/37,SP-XIE1-F36/37,公司,公司,1,5,1,B0GY2YYSHW,溯溪沙滩鞋,"Quick Dry Water Shoes for Men Women, Anti-Slip Lightweight Aqua Socks for Beach Swim Pool",SP-XIE1-F36/37,3.99
FBA可售不一致,154,B0GY2PY8L2,SP-XIE4-L40/41,SP-XIE4-L40/41,公司,公司,6,8,0,B0GY2YYSHW,溯溪沙滩鞋,"Protective Water Shoes with Anti-Slip Sole, Quick Dry Aqua Socks for Women Men",SP-XIE4-L40/41,4.99
FBA可售不一致,155,B0GXYT9354,KCC-FJ-5,KCC-FJ-5,凯旋,凯旋,1,2,0,B0GXYV653D,发夹,"5 Pack Multi Style Decorative Hair Clips Set, Pearl Crystal Side Hair Barrettes As Daily Hairstyle Accessories For Women Outfit Styling",KCC-FJ-5,2.99
FBA可售不一致,156,B0GXHDDQHX,QS-015-44/45,QS-015-44/45,公司,公司,9,10,0,B0GQBS64JX,溯溪沙滩鞋,Breathable Water Shoes Non Slip Beach Shoes for Women Men Outdoor Sports,QS-015-44/45,4.99
FBA可售不一致,157,B0GXHMK7GF,QS-013-44/45,QS-013-44/45,公司,公司,1,2,0,B0GQBS64JX,溯溪沙滩鞋,"Rafting Water Shoes Unisex, Non Slip Rubber Sole, Stretch Fit Slip On Aqua Shoes",QS-013-44/45,4.99
FBA可售不一致,158,B0GX1BTTFX,QS-022-38/39,QS-022-38/39,公司,公司,7,9,0,B0GQBS64JX,溯溪沙滩鞋,Breathable Water Shoes Non Slip Quick Dry Shoes for Beach Swimming,QS-022-38/39,4.99
FBA可售不一致,159,B0GX1DF7ZK,QS-087-38/39,QS-087-38/39,公司,公司,1,2,0,B0GQBP3SH9,溯溪沙滩鞋,"Water Shoes Men Women, Non Slip Sole, Quick Dry, for Creek Hiking Beach Travel",QS-087-38/39,3.99
FBA可售不一致,160,B0GWM1MJGW,KCC-WSDJB-K,KCC-WSDJB-K,凯旋,凯旋,42,14,1,B0GWLZCV14,网纱单肩包,"Mesh Beach Tote Bag With Zipper, Quick Dry Waterproof Sand Free Bag For Travel, Pool, Gym, Weekend Getaway",KCC-WSDJB-K,2.99
FBA可售不一致,161,B0GWL9WD8Y,SP-XIE-F36/37,SP-XIE-F36/37,公司,公司,10,13,0,B0GWL9YZNY,溯溪沙滩鞋,Men Women Water Shoes Quick Dry Non Slip Barefoot Shoes Lightweight Breathable Beach Swim Surf Yoga Outdoor Sports Aqua Socks,SP-XIE-F36/37,3.99
FBA可售不一致,162,B0GWKS87BC,SP-XIE-S44/45,SP-XIE-S44/45,公司,公司,8,9,0,B0GWL9YZNY,溯溪沙滩鞋,Men Women Water Shoes Quick Dry Non Slip Barefoot Shoes Lightweight Breathable Beach Swim Surf Yoga Outdoor Sports Aqua Socks,SP-XIE-S44/45,4.99
FBA可售不一致,163,B0GWL3GRS9,SP-XIE-H38/39,SP-XIE-H38/39,公司,公司,12,14,0,B0GWL9YZNY,溯溪沙滩鞋,Men Women Water Shoes Quick Dry Non Slip Barefoot Shoes Lightweight Breathable Beach Swim Surf Yoga Outdoor Sports Aqua Socks,SP-XIE-H38/39,3.99
FBA可售不一致,164,B0GWL4ZKYM,SP-XIE-F42/43,SP-XIE-F42/43,公司,公司,10,11,0,B0GWL9YZNY,溯溪沙滩鞋,Men Women Water Shoes Quick Dry Non Slip Barefoot Shoes Lightweight Breathable Beach Swim Surf Yoga Outdoor Sports Aqua Socks,SP-XIE-F42/43,4.99
FBA可售不一致,165,B0GWL2KY5F,SP-XIE-S42/43,SP-XIE-S42/43,公司,公司,3,6,1,B0GWL9YZNY,溯溪沙滩鞋,Men Women Water Shoes Quick Dry Non Slip Barefoot Shoes Lightweight Breathable Beach Swim Surf Yoga Outdoor Sports Aqua Socks,SP-XIE-S42/43,4.99
FBA可售不一致,166,B0GWL9PP46,SP-XIE-F44/45,SP-XIE-F44/45,公司,公司,14,17,0,B0GWL9YZNY,溯溪沙滩鞋,Men Women Water Shoes Quick Dry Non Slip Barefoot Shoes Lightweight Breathable Beach Swim Surf Yoga Outdoor Sports Aqua Socks,SP-XIE-F44/45,4.99
FBA可售不一致,167,B0GWL24F3M,SP-XIE-Q42/43,SP-XIE-Q42/43,公司,公司,4,6,0,B0GWL9YZNY,溯溪沙滩鞋,Men Women Water Shoes Quick Dry Non Slip Barefoot Shoes Lightweight Breathable Beach Swim Surf Yoga Outdoor Sports Aqua Socks,SP-XIE-Q42/43,4.99
FBA可售不一致,168,B0GWL4RQQ1,SP-XIE-F38/39,SP-XIE-F38/39,公司,公司,9,10,0,B0GWL9YZNY,溯溪沙滩鞋,Men Women Water Shoes Quick Dry Non Slip Barefoot Shoes Lightweight Breathable Beach Swim Surf Yoga Outdoor Sports Aqua Socks,SP-XIE-F38/39,3.99
一致,169,B0GWL64S8S,SP-XIE-Z40/41,SP-XIE-Z40/41,公司,公司,8,8,0,B0GWL9YZNY,溯溪沙滩鞋,Men Women Water Shoes Quick Dry Non Slip Barefoot Shoes Lightweight Breathable Beach Swim Surf Yoga Outdoor Sports Aqua Socks,SP-XIE-Z40/41,3.99
FBA可售不一致,170,B0GWHWJ64G,QS-016-36/37,QS-016-36/37,公司,公司,5,7,0,B0GQBS64JX,溯溪沙滩鞋,"Surf Water Shoes for Men Women, Anti Slip Rubber Sole, Stretch Upper, Quick Dry",QS-016-36/37,4.99
FBA可售不一致,171,B0GWJ233SY,QS-029-44/45,QS-029-44/45,公司,公司,10,11,0,B0GQBP3SH9,溯溪沙滩鞋,"Snorkel Swim Water Shoes Unisex, Non Skid Rubber Sole, Stretch Fit Beach Shoes Black",QS-029-44/45,4.99
FBA可售不一致,172,B0GVJTGYMY,SP-mianjiao-diao,SP-mianjiao-diao,图图,图图,12,7,0,B0GVJZ98H4,免胶假睫毛,"Adhesive-Free Lower Eyelashes, Natural Look Fake Bottom Lashes, Reusable Multiple Styles Soft Under Lashes for Daily Makeup",SP-mianjiao-diao,2.99
FBA可售不一致,173,B0GVJKPCD3,KCC-mianqian-1,KCC-mianqian-1,凯旋,凯旋,16,17,3,B0GTL5WC9K,棉签,"Double Head Cotton Swabs, Wooden Stick Cotton Buds, Disposable Soft Cotton Tips for Ear Cleaning, Makeup, Pet Care and Daily Cleaning",KCC-mianqian-1,2.99
FBA可售不一致,174,B0GV337TG2,KCC-dingqingshoutao-L-honghei,KCC-dingqingshoutao-L-honghei,凯旋,凯旋,14,16,0,B0GV337TG2,丁晴手套,"3 Pairs Nylon Lined Nitrile Coated Work Gloves, Dipped Rubber Non-Slip Safety Gloves for Gardening, Construction, Household & Men",KCC-dingqingshoutao-L-honghei,3.99
FBA可售不一致,175,B0GTLYL3XB,SP-08-01,SP-08-01,图图,图图,5,7,0,B0GTLH8KVW,勺子,"Stainless Steel Demitasse Spoons Set of 2, Gold Silver Mini Espresso Coffee Spoons, Small Spoons for Tea Dessert",SP-08-01,1.55
FBA可售不一致,176,B0GTLT1HHF,SP-TUTU-DQ-02,SP-TUTU-DQ-02,图图,图图,15,18,0,B0GTLRDCTR,宠物玩具,"Durable Dog Rope Chew Toys, Bone Shape Teething Toys, Interactive Tug of War Rope Toys for Small to Medium Dogs",SP-TUTU-DQ-02,2.99
FBA可售不一致,177,B0GTLQPNTQ,SP-TUTU-YMB-07,SP-TUTU-YMB-07,图图,图图,10,8,1,B0GTLNLWP9,宠物玩具,"Dog Rope Knot Chew Toy Set, Teething Relief Toys, Interactive Tug of War Play Toys for Small & Medium Dogs",SP-TUTU-YMB-07,2.99
FBA可售不一致,178,B0GTKH6PCG,KCC-shoushishounahe-28,KCC-shoushishounahe-28,凯旋,凯旋,7,8,0,B0GTKB7C9R,首饰收纳盒,"28 Grid Jewelry Storage Box, Plastic Jewelry Organizer with Removable Dividers for Earrings, Rings, Necklaces, Bracelets, Portable Clear Jewelry Case for Home & Travel",KCC-shoushishounahe-28,2.7
负责人不一致；FBA可售不一致,179,B0GS8G6K68,KC-18-01,KC-18-01,图图,凯旋,10,9,4,B0GS8KFR4R,手机链,Keychain for Men Women - Durable Metal Key Chain with Key Ring Car Key Accessory,KC-18-01,1.99
负责人不一致；FBA可售不一致,180,B0GS89ZDRG,KC-23-03,KC-23-03,图图,凯旋,11,8,1,B0GS8KFR4R,手机链,Keychain for Men Women - Durable Metal Key Chain with Key Ring Car Key Accessory,KC-23-03,1.99
负责人不一致；FBA可售不一致,181,B0GS8M9LS3,KC-01-01,KC-01-01,图图,凯旋,7,0,2,B0GS8KFR4R,手机链,"2 Pcs Random Style Keychains for Men Women, Durable Key Chain with Key Ring, Car Key Accessories",KC-01-01,1.99
FBA可售不一致,182,B0GQBS5KJJ,QS-071-42/43,QS-071-42/43,公司,公司,3,4,0,B0GQBP3SH9,溯溪沙滩鞋,Quick Dry Foldable Water Shoes Comfort Non Slip Beach Walking Shoes,QS-071-42/43,4.69
FBA可售不一致,183,B0GQBNF49L,QS-015-42/43,QS-015-42/43,公司,公司,8,9,0,B0GQBS64JX,溯溪沙滩鞋,Breathable Water Shoes Non Slip Beach Shoes for Women Men Outdoor Sports,QS-015-42/43,4.99
FBA可售不一致,184,B0GQBT5JD9,QS-051-42/43,QS-051-42/43,公司,公司,3,4,0,B0GQBZY2T5,溯溪沙滩鞋,"Beach Aqua Shoes Unisex, Non Slip Rubber Sole, Comfortable Insole, for Ocean",QS-051-42/43,4.99
FBA可售不一致,185,B0GQBR7MKR,QS-084-40/41,QS-084-40/41,公司,公司,9,10,0,B0GQBP3SH9,溯溪沙滩鞋,"Snorkeling Water Shoes for Men Women, Non Slip Rubber Sole, Quick Dry Beach Shoes",QS-084-40/41,4.99
FBA可售不一致,186,B0GQBZ5217,QS-015-40/41,QS-015-40/41,公司,公司,4,6,0,B0GQBS64JX,溯溪沙滩鞋,Breathable Water Shoes Non Slip Beach Shoes for Women Men Outdoor Sports,QS-015-40/41,4.99
FBA可售不一致,187,B0GL916YJS,ZD003-White-7/8,ZD003-White-7/8,公司,公司,2,4,0,B0GL9J1BLX,折叠拖鞋002白,"Foldable EVA Flip Flops for Women Men, Wide Strap Non-Slip Travel Sandals, Lightweight Quick-Drying Beach Slippers for Vacation, Pool & Shower",ZD003-White-7/8,3.99
FBA可售不一致,188,B0H8C298PP,SP-shuqian-zi,SP-shuqian-zi,图图,图图,4,0,0,B0H8BS1F8F,书签,"1 Pack Purple Apple Slice Acrylic Bookmark, Transparent Fruit Page Marker for Book Lovers Reading Journal Gift",SP-shuqian-zi,1.89
FBA可售不一致,189,B0H77KVSJR,Spraybottle-Brown-cc1,Spraybottle-Brown-cc1,cccady,cccady,1,2,0,B0H77KVSJR,复古玻璃喷壶-200ml款式3-彩色,"Vintage Glass Plant Mister Spray Bottle, 200ml Decorative Water Sprayer for Indoor Plants, Brown",Spraybottle-Brown-cc1,5.49
一致,190,B0H757ZDDM,SP-diaokejianying-1,SP-diaokejianying-1,图图,图图,4,4,1,B0H74ZCLDL,,"Metal Mouse On Stool Plant Stake, Cute Silhouette Garden Art Decorative Flower Pot Marker for Succulent Potted Plants Yard",,1.99
FBA可售不一致,191,B0H5NRQYTL,SP-xiangquan1-38-hui,SP-xiangquan1-38-hui,图图,图图,5,6,0,B0H5NQJPLY,猫咪项圈灰色,"8-Month Long Lasting Pet Neck Collar for Dogs & Cats, Adjustable Waterproof Daily Wearing Collar, Skin Friendly Hypoallergenic Pet Accessory",SP-xiangquan1-38-hui,2.44
一致,192,B0H5CFKKXS,SP-chumao-hui,SP-chumao-hui,图图,图图,2,2,0,B0H5CGMQGD,除毛,"Dual-Sided Pet Hair Remover Brush, Large Surface Lint Cleaner for Cat Dog Fur on Couch, Clothes, Bedding",SP-chumao-hui,2.44
FBA可售不一致,193,B0H59X9G81,WESKCC-chuanwa-6se,WESKCC-chuanwa-6se,凯旋,凯旋,2,3,0,B0H5BBR3JR,,"6 Pairs Men's No Show Socks, Low Cut Liner Socks, Multicolor Invisible Socks For Daily Casual Wear",,5.4
FBA可售不一致,194,B0H4ZKSMFK,SP-yanjingqiang1-1,SP-yanjingqiang1-1,图图,图图,7,2,3,B0H4ZQZNNP,置物架眼镜盒,"Adhesive Wall Mount Eyeglasses Holder, Clear Acrylic Sunglasses Storage Organizer, No Drill Glasses Rack for Bathroom Vanity Bedroom Cabinet Wall",SP-yanjingqiang1-1,1.59
FBA可售不一致,195,B0H4T7JFNB,KCC-FHBWB-HEI,KCC-FHBWB-HEI,凯旋,凯旋,4,5,0,B0H4SNVS2K,户外保温杯,"30 Oz Non Slip Textured Travel Tumbler With Carry Handle And Flip Straw, Leakproof Stainless Steel Drink Mug For Driving Outdoor Use",KCC-FHBWB-HEI,12.84
FBA可售不一致,196,B0H4SPQF52,KCC-FHBWB-BAI,KCC-FHBWB-BAI,凯旋,凯旋,4,5,0,B0H4SNVS2K,户外保温杯,"30 Oz Non Slip Textured Travel Tumbler With Carry Handle And Flip Straw, Leakproof Stainless Steel Drink Mug For Driving Outdoor Use",KCC-FHBWB-BAI,12.84
FBA可售不一致,197,B0H4SWX2ZD,KCC-FHBWB-HUI,KCC-FHBWB-HUI,凯旋,凯旋,4,5,0,B0H4SNVS2K,户外保温杯,"30 Oz Non Slip Textured Travel Tumbler With Carry Handle And Flip Straw, Leakproof Stainless Steel Drink Mug For Driving Outdoor Use",KCC-FHBWB-HUI,12.84
FBA可售不一致,198,B0H4SNSQGY,KCC-QB1-1,KCC-QB1-1,凯旋,凯旋,4,5,0,B0H4T18PCH,钱包,"Mini Lock Clip Coin Purse, Genuine Leather Portable Storage Bag, Solid Color Small Wallet for Women",KCC-QB1-1,6.99
一致,199,B0H4R3VD5F,SP-tuopan-j,SP-tuopan-j,图图,图图,6,6,0,B0H4R5Y4WB,托盘金,"Stainless Steel Nail Art Storage Tray, Metal Cosmetic Organizer, Multi-Use Beauty Accessories Holder",SP-tuopan-j,1.99
FBA可售不一致,200,B0H4RBC8KS,SP-fanbu-hua,SP-fanbu-hua,图图,图图,12,4,1,B0H4R5Y4WB,化妆包帆布花,"Floral Print Canvas Cosmetic Bag, Multi-Use Zipper Pouch, Portable Travel Makeup Organizer for Women",SP-fanbu-hua,1.99
FBA可售不一致,201,B0H4LDKQJ4,WESSP-B14-L,WESSP-B14-L,图图,图图,1,2,0,B0H4L56X4Y,泳衣红色,String Bikini Tops for Women Sexy Triangle Bathing Suit Tops Adjustable Tie Back Swim Tops Black,WESSP-B14-L,6.66
FBA可售不一致,202,B0H4HFHXR2,FlipFlops-ZD-ClassicBlack-8,FlipFlops-ZD-ClassicBlack-8,cccady,cccady,13,14,0,B0HB4TD2TW,,"Foldable Flip Flops for Men and Women Portable Lightweight Non-Slip Quick Dry Travel Sandals, Classic Black, Size 8",,3.99
FBA可售不一致,203,B0H4H4DT9L,FlipFlops-ZD-RoseRed-9,FlipFlops-ZD-RoseRed-9,cccady,cccady,13,14,0,B0HB4TD2TW,,"Foldable Flip Flops for Men and Women Portable Lightweight Non-Slip Quick Dry Travel Sandals, Rose Red, Size 9",,3.99
FBA可售不一致,204,B0H4H6MHDJ,FlipFlops-ZD-LemonYellow-8,FlipFlops-ZD-LemonYellow-8,cccady,cccady,14,15,0,B0HB4TD2TW,,"Foldable Flip Flops for Men and Women Portable Lightweight Non-Slip Quick Dry Travel Sandals, Lemon Yellow, Size 8",,3.99
负责人不一致,205,B0H4GK35YG,WESKCC-JSDK-L,WESKCC-JSDK-L,凯旋,cccady,6,6,0,B0H4GS8LB8,,"5 Pack Men's Boxer Briefs, Pocket Long Leg Underwear, Multipack Daily Wear Boxers for Male Daily and Travel Scenes Multicolor",,12.99
FBA可售不一致,206,B0H45TL91Y,XXB-Reed-Sticks-Natural,XXB-Reed-Sticks-Natural,cccady,cccady,9,10,0,B0H45TL91Y,香薰挥发棒-原色藤条50支,Generic Diffuser Replacement Sticks 22cm Natural Fiber 50 Count,XXB-Reed-Sticks-Natural,3.29
一致,207,B0H2SHMV95,Sock-5-S-White,Sock-5-S-White,cccady,cccady,5,5,0,B0HBL686YK,防滑五指瑜伽袜-白色,"Women's Non-Slip Five-Toe Yoga Grip Socks, Cotton Pilates Barre Low Cut Socks, White",Sock-5-S-White,4.49
一致,208,B0H2FSBZ4Z,KFLZ-Y-White-58,KFLZ-Y-White-58,cccady,cccady,9,9,1,B0HBB92HG4,,"100 Pack Disposable Coffee Filters, Round Paper Filters for Coffee Makers, Natural Wood Pulp Filter Paper",,4.48
FBA可售不一致,209,B0GWZX4VNF,Pet-Ldq-Brown,Pet-Ldq-Brown,cccady,cccady,4,5,0,B0HB5YC4VY,猫咪铃铛项圈-深棕色,"Velvet Pet Collar with Bell, Adjustable Collar for Cats and Small Dogs, Daily Wear and Indoor Outdoor Use, Dark Brown",Pet-Ldq-Brown,7.99
一致,210,B0H21Y6GCJ,Coffee-LZ-SV02-100,Coffee-LZ-SV02-100,cccady,cccady,3,3,1,B0HBKCQD8V,咖啡滤纸-V02-100片,"Unbleached V Shape Coffee Filters V02, 100 Count, Disposable Paper Filters for Drip Coffee Makers",Coffee-LZ-SV02-100,4.59
FBA可售不一致,211,B0GXFJJCJH,Pet-XQ-ReW65,Pet-XQ-ReW65,cccady,cccady,10,0,0,B0HBMV3966,舒缓宠物项圈-白色,"Pet Collar for Dogs & Cats 65cm, Adjustable Waterproof Collar for Daily Wear",Pet-XQ-ReW65,2.79
一致,212,B0GXF9M547,Pet-XQ-ReG38-4,Pet-XQ-ReG38-4,cccady,cccady,2,2,0,B0HBMS9LGN,舒缓项圈4条装-猫款38cm,"Pet Collar for Cats 38cm, Adjustable Waterproof Collar, 4 Pack",Pet-XQ-ReG38-4,4.29
一致,213,B0H2S9D5YP,Sock-5-S-Blue,Sock-5-S-Blue,cccady,cccady,5,5,0,B0HBL686YK,防滑五指瑜伽袜-蓝色,"Women's Non-Slip Five-Toe Yoga Grip Socks, Cotton Pilates Barre Low Cut Socks, Blue",Sock-5-S-Blue,4.49
FBA可售不一致,214,B0GZB23F6H,KFLZ-Y-Natural-60,KFLZ-Y-Natural-60,cccady,cccady,9,10,0,B0HBB92HG4,圆形咖啡滤纸-原色60mm,"100 Count Round Disposable Coffee Filters for Coffee Makers, Natural Wood Pulp Paper",KFLZ-Y-Natural-60,4.48
FBA可售不一致,215,B0H2S9MR7T,Sock-5-L-Green,Sock-5-L-Green,cccady,cccady,4,5,0,B0HBLJ4MK2,,"Women's Non-Slip Five-Toe Yoga Grip Socks, Cotton Pilates Barre Crew Socks, Green",,4.79
一致,216,B0H2S8R3P1,Sock-5-S-Purple,Sock-5-S-Purple,cccady,cccady,4,4,0,B0HBL686YK,防滑五指瑜伽袜-紫色,"Women's Non-Slip Five-Toe Yoga Grip Socks, Cotton Pilates Barre Low Cut Socks, Purple",Sock-5-S-Purple,4.49
FBA可售不一致,217,B0H2FGHVXD,YJQ-Ball-CloudPink,YJQ-Ball-CloudPink,cccady,cccady,2,3,0,B0HBK3P2R6,普拉提小球-云彩粉,"Small Exercise Ball, Mini Pilates Ball for Yoga, Core Training, Cloud Pink",YJQ-Ball-CloudPink,5.99
FBA可售不一致,218,B0GZB6CTDS,KFLZ-Y-White-60,KFLZ-Y-White-60,cccady,cccady,9,10,0,B0HBB92HG4,圆形咖啡滤纸-白色60mm,"100 Count Round Disposable Coffee Filters for Coffee Makers, Natural Wood Pulp Paper",KFLZ-Y-White-60,4.48
FBA可售不一致,219,B0H2S9T917,Sock-5-S-Green,Sock-5-S-Green,cccady,cccady,4,5,0,B0HBL686YK,防滑五指瑜伽袜-草绿,"Women's Non-Slip Five-Toe Yoga Grip Socks, Cotton Pilates Barre Low Cut Socks, Green",Sock-5-S-Green,4.49
一致,220,B0GZRN9RMR,Coffee-FH-51,Coffee-FH-51,cccady,cccady,3,3,0,B0HBGDL165,咖啡接粉环-银色,"Magnetic Espresso Dosing Ring for 51mm Portafilter, Mess-Reducing Coffee Funnel",Coffee-FH-51,8.99
一致,221,B0GZRX9M9C,Coffee-FH-58,Coffee-FH-58,cccady,cccady,4,4,0,B0HBGDL165,咖啡接粉环-银色,"Magnetic Espresso Dosing Ring for 58mm Portafilter, Mess-Reducing Coffee Funnel",Coffee-FH-58,8.99
一致,222,B0GWZWDLC3,Pet-Ldq-Green,Pet-Ldq-Green,cccady,cccady,4,4,0,B0HB5YC4VY,猫咪铃铛项圈-苹果绿,"Velvet Pet Collar with Bell, Adjustable Collar for Cats and Small Dogs, Daily Wear and Indoor Outdoor Use, Light Green",Pet-Ldq-Green,7.99
FBA可售不一致,223,B0H45F4ZLP,KCC-STK-AM-XL,KCC-STK-AM-XL,凯旋,凯旋,1,2,0,B0HDB3X9SL,沙滩裤,"Mens Swim Trunks, Mini Pineapple Print Board Shorts with Drawstring Waist for Resort and Summer Casual Trips",KCC-STK-AM-XL,6.99
FBA可售不一致,224,B0H457GMLL,KCC-STK-AP-L,KCC-STK-AP-L,凯旋,凯旋,1,2,0,B0HDB3X9SL,沙滩裤,"Mens Swim Trunks, Banana Print Board Shorts with Drawstring Waist for Resort and Summer Casual Outings",KCC-STK-AP-L,6.99
一致,225,B0H457B86X,KCC-STK-A5-L,KCC-STK-A5-L,凯旋,凯旋,2,2,0,B0HDB3X9SL,沙滩裤,"Mens Swim Trunks, Patriotic Flag Print Board Shorts with Drawstring Waist for Holiday and Resort Casual Activities",KCC-STK-A5-L,6.99
一致,226,B0H3TW3M4Z,KCC-YZBKMJ-LAN,KCC-YZBKMJ-LAN,凯旋,凯旋,7,7,0,B0H3V18TV1,圆柱冰块磨具,"Single Round Plastic Toothpick Holder, Smooth PP Toothpick Dispenser Container, Compact Desktop Toothpick Storage Jar for Home Kitchen Restaurant Table Decor",KCC-YZBKMJ-LAN,2.99
FBA可售不一致,227,B0H3PHPN27,SP-huazhuang2tou-2,SP-huazhuang2tou-2,图图,图图,6,5,0,B0H3PJ2HB3,化妆刷 2 头,"2 Pack Dual End Makeup Brushes, 2-in-1 Foundation Concealer Brush Set, Synthetic Vegan Blush Contour Brush for Liquid Cream Powder Cosmetics",SP-huazhuang2tou-2,2.99
FBA可售不一致,228,B0H3P6GLC5,SP-youqishua-2kuan,SP-youqishua-2kuan,图图,图图,26,15,0,B0H3PB736Q,油漆刷2宽,"Single Angled/Flat Paint Brush, Solid Wooden Handle Stain Brush, Premium Bristle Sash Brush for Wall Trim, Varnish, Furniture DIY Home Painting",SP-youqishua-2kuan,1.99
一致,229,B0H3NH4FJC,SP-baojiaozi-1,SP-baojiaozi-1,图图,图图,4,4,0,B0H3NNMSTQ,包饺子工具,"Dumpling Maker Mold, Manual Empanada Pierogi Press Wrapper Mold, Quick Dumpling Wrapper Cutter & Sealer Tool for Home Kitchen Making Dumplings",SP-baojiaozi-1,6.99
FBA可售不一致,230,B0H3NCR6DS,SP-mopan-1,SP-mopan-1,图图,图图,13,8,2,B0H3N5M16J,调味料磨盘,"Manual Pepper Grinder, Stainless Steel Top Spice Mill with Clear Glass Bottle, Adjustable Coarseness Salt Pepper Shaker for Kitchen Cooking, BBQ & Dining",SP-mopan-1,4.29
FBA可售不一致,231,B0H3N85YXB,SP-luoyedai-1,SP-luoyedai-1,图图,图图,2,3,0,B0H3N1959R,落叶袋,"79 Gallon Reusable Garden Leaf Bags, Heavy Duty Yard Waste Bags with Reinforced Handles, Collapsible Lawn Bags for Leaves, Grass Clippings, Gardening",SP-luoyedai-1,8.32
FBA可售不一致,232,B0H3N7FMYW,KCC-FZMD-BAI,KCC-FZMD-BAI,凯旋,凯旋,25,8,3,B0H3MWTSLF,仿真牡丹,"Single Artificial Peony Bouquet, 11.8 Inch Faux Ranunculus Flower Bush with Buds & Green Leaves, Fake Silk Flowers for Vase Centerpiece Wedding Home Table Decor",KCC-FZMD-BAI,5.59
一致,233,B0H2VN8CKS,QCGS-EMJLH-JIANBIAN,QCGS-EMJLH-JIANBIAN,凯旋,凯旋,2,2,0,B0H2VS5ZDY,,"2 Pack Devil‑Horn Heart Car Pull Ring, Universal Interior Hanging Ornament Strap for Automotive Modification",,3.99
负责人不一致,234,B0H2MFTBDY,QC-DB-CHUNTANHEI-6,QC-DB-CHUNTANHEI-6,公司,未分配,1,1,0,B0H2MDQ1Y3,,"6 Speed Carbon Fiber Shift Knob Kit, Universal Manual Gear Shifter with Multi‑Thread Adapters for Automotive Interior Modification",,12.99
负责人不一致,235,B0H2M6HRV1,QC-DB-H-black,QC-DB-H-black,公司,未分配,1,1,0,B0H2MKR6M2,,"Universal 6 Speed Knurled Aluminum Alloy Gear Shift Knob with 4 Adapters, Racing Shifter Head for Car & Sim Racing",,6.99
一致,236,B0H2MFGQQN,QS-2623-42/43,QS-2623-42/43,公司,公司,1,1,0,B0GQBS64JX,溯溪沙滩鞋,"Water Shoes for Women Men, Barefoot Water Footwear for Pool Beach Cruise River Dock Vacation Pair, 2623, Adult Travel",QS-2623-42/43,4.99
一致,237,B0H2MBV8ST,QS-C115-40/41,QS-C115-40/41,公司,公司,1,1,1,B0GQBS64JX,溯溪沙滩鞋,"Water Shoes for Women Men, Lightweight Swim Shoes for Beach Hotel Pool Lake Marina Resort Travel Pair, C115, Adult Travel",QS-C115-40/41,4.99
FBA可售不一致,238,B0H2MHXM9M,QS-2624-38/39,QS-2624-38/39,公司,公司,1,2,0,B0GQBS64JX,溯溪沙滩鞋,"Water Shoes for Women Men, Slip On Pool Shoes for Beach Resort Shower Cruise Dock Travel Footwear, 2624, Adult Travel",QS-2624-38/39,4.99
一致,239,B0H2MGVWTN,QS-2529-42/43,QS-2529-42/43,公司,公司,1,1,0,B0GQBS64JX,溯溪沙滩鞋,"Water Shoes for Women Men, Aqua Socks, Foldable Water Shoes for Beach Pool River Lake Cruise Trip Pair, 2529, Adult Travel",QS-2529-42/43,4.99
FBA可售不一致,240,B0H2MD7CG1,QS-2629-38/39,QS-2629-38/39,公司,公司,1,2,0,B0GQBS64JX,溯溪沙滩鞋,"Water Shoes for Women Men, Aqua Socks, Slip On Swim Shoes for Beach Pool Lake Boat Resort Travel Pair, 2629, Adult Travel",QS-2629-38/39,4.99
FBA可售不一致,241,B0H2MD3LW2,QS-C119-38/39,QS-C119-38/39,公司,公司,1,2,0,B0GQBS64JX,溯溪沙滩鞋,"Water Shoes for Women Men, Lightweight Swim Shoes for Beach Hotel Pool Lake Marina Resort Travel Pair, C119, Adult Travel",QS-C119-38/39,4.99
一致,242,B0H2MC4Y7S,QS-2610-40/41,QS-2610-40/41,公司,公司,1,1,0,B0GQBS64JX,溯溪沙滩鞋,"Water Shoes for Women Men, Lightweight Swim Shoes for Beach Hotel Pool Lake Marina Resort Travel Pair, 2610, Adult Travel",QS-2610-40/41,4.99
FBA可售不一致,243,B0H2M95J21,QS-2515-38/39,QS-2515-38/39,公司,公司,1,2,0,B0GQBS64JX,溯溪沙滩鞋,"Water Shoes for Women Men, Lightweight Swim Shoes for Beach Hotel Pool Lake Marina Resort Travel Pair, 2515, Adult Travel",QS-2515-38/39,4.99
FBA可售不一致,244,B0H2MBYWXT,QS-2624-40/41,QS-2624-40/41,公司,公司,1,2,0,B0GQBS64JX,溯溪沙滩鞋,"Water Shoes for Women Men, Slip On Pool Shoes for Beach Resort Shower Cruise Dock Travel Footwear, 2624, Adult Travel",QS-2624-40/41,4.99
一致,245,B0H2M8N5N5,QS-2623-40/41,QS-2623-40/41,公司,公司,1,1,0,B0GQBS64JX,溯溪沙滩鞋,"Water Shoes for Women Men, Barefoot Water Footwear for Pool Beach Cruise River Dock Vacation Pair, 2623, Adult Travel",QS-2623-40/41,4.99
FBA可售不一致,246,B0H2MLTH4V,QS-2561-38/39,QS-2561-38/39,公司,公司,1,2,0,B0GQBS64JX,溯溪沙滩鞋,"Water Shoes for Women Men, Aqua Socks, Slip On Swim Shoes for Beach Pool Lake Boat Resort Travel Pair, 2561, Adult Travel",QS-2561-38/39,4.99
一致,247,B0H2MG3BCQ,QS-2618-40/41,QS-2618-40/41,公司,公司,1,1,0,B0GQBS64JX,溯溪沙滩鞋,"Water Shoes for Women Men, Quick Dry Swim Footwear for Beach Pool Resort River Cruise Lake Travel Pair, 2618, Adult Travel",QS-2618-40/41,4.99
一致,248,B0H2MD3LL8,QS-2610-38/39,QS-2610-38/39,公司,公司,2,2,0,B0GQBS64JX,溯溪沙滩鞋,"Water Shoes for Women Men, Lightweight Swim Shoes for Beach Hotel Pool Lake Marina Resort Travel Pair, 2610, Adult Travel",QS-2610-38/39,4.99
FBA可售不一致,249,B0H2MJMTB8,QS-2532-40/41,QS-2532-40/41,公司,公司,1,2,0,B0GQBS64JX,溯溪沙滩鞋,"Water Shoes for Women Men, Slip On Pool Shoes for Beach Resort Shower Cruise Dock Travel Footwear, 2532, Adult Travel",QS-2532-40/41,4.99
一致,250,B0H2MLB1P1,QS-2624-42/43,QS-2624-42/43,公司,公司,2,2,0,B0GQBS64JX,溯溪沙滩鞋,"Water Shoes for Women Men, Slip On Pool Shoes for Beach Resort Shower Cruise Dock Travel Footwear, 2624, Adult Travel",QS-2624-42/43,4.99
一致,251,B0H2M5TFDK,SP-luosi1-19,SP-luosi1-19,图图,图图,4,4,0,B0H2LVLBWZ,螺丝19,"100PCS Pack of 8 Screws, Available in 5/8 inch and 3/4 inch Lengths, Sufficient for DIY, Furniture Assembly and Metal Repair.",SP-luosi1-19,4.55
FBA可售不一致,252,B0H2LMCW2K,SP-pukeshoula-1,SP-pukeshoula-1,图图,图图,15,13,4,B0H2LDYSGY,收纳盒扑克,"Transparent Plastic Card Storage Box, Portable Game Card Organizer, Desktop Holder for Playing Cards Business Cards",SP-pukeshoula-1,1.98
FBA可售不一致,253,B0H2LFLQ5J,SP-jingangshua-1,SP-jingangshua-1,图图,图图,4,5,0,B0H2LG4WYZ,金刚刷,"Nano Emery Sponge Cleaning Block, Abrasive Scrub Pad, Heavy Duty Kitchen Cleaner for Pots, Pans and Surfaces",SP-jingangshua-1,1.99
一致,254,B0H2LL95CG,SP-baoxianhe-2,SP-baoxianhe-2,图图,图图,4,4,0,B0H2LHQLV1,保鲜盒,"2 Pack Divided Bento Lunch Box, 4 Compartment Snack Storage Container with Clear Lid for Office Travel Use",SP-baoxianhe-2,5.58
一致,255,B0H2HQ8GVK,KCC-HDYSK-1,KCC-HDYSK-1,凯旋,凯旋,3,3,1,B0H2HPZ32Y,蝴蝶钥匙扣,"Inspirational Heart Butterfly Keychain, Stainless Steel Engraved Positive Quote Keyring Encouragement Gift For Women Girls",KCC-HDYSK-1,2.49
一致,256,B0H2HFTW3W,KCC-BXMYFZZM-1,KCC-BXMYFZZM-1,凯旋,凯旋,3,3,0,B0H2HFNFLF,波西米亚风针织帽,"Boho Floral Printed Slouchy Beanie for Women, Soft Stretch Ethnic Pattern Chemo Cap 20.47-23.62 Inch Head Circumference Multicolor",KCC-BXMYFZZM-1,3.99
一致,257,B0H2GV9CB2,SP-jiyagao-w,SP-jiyagao-w,图图,图图,3,3,0,B0H2GW2WP7,挤牙膏工具白色,"Cute Cartoon Toothpaste Squeezer, Plastic Tube Dispenser, Multi-Functional Bathroom Kitchen Gadget for Home Decor",SP-jiyagao-w,1.71
FBA可售不一致,258,B0H2GQ6QV7,SP-magicruler-22,SP-magicruler-22,图图,图图,19,18,0,B0H2GSYWJC,玩具游戏,"Magic Ruler, Scratch Art Kit, 22 Pcs Drawing Stencil Set for Creative Activities and Travel Play",SP-magicruler-22,3.86
一致,259,B0H2GMKXRM,SP-jiyagao-b,SP-jiyagao-b,图图,图图,4,4,0,B0H2GW2WP7,挤牙膏工具棕色,"Cute Cartoon Toothpaste Squeezer, Plastic Tube Dispenser, Multi-Functional Bathroom Kitchen Gadget for Home Decor",SP-jiyagao-b,1.71
一致,260,B0H2DJ8SD6,KCC-ZDSJZJ-1,KCC-ZDSJZJ-1,凯旋,凯旋,5,5,0,B0H2DLJBKS,手机架,"Adjustable Foldable Aluminum Phone Stand, Multi Angle Desktop Holder for Smartphone Tablet Hands Free Viewing",KCC-SJJ-1,4.99
FBA可售不一致,261,B0H2841KB6,KCC-GGQYS-HEI,KCC-GGQYS-HEI,凯旋,凯旋,9,11,0,B0H27TRCTG,狗狗牵引绳,"Reflective No Pull Dog Harness with Leash, Adjustable Breathable Pet Vest for Small Medium Dogs",KCC-GGQYS-1,4.29
FBA可售不一致,262,B0H1W7PVDR,KCC-MYSSL-1,KCC-MYSSL-1,凯旋,凯旋,4,5,0,B0H1W5BP2G,猫眼石手链,"Cat's Eye Beaded Stretch Bracelet With Butterfly Charm, Adjustable Fashion Jewelry For Women Daily Wear",KCC-MYSSL-1,1.89
一致,263,B0H1W56GH9,SP-huazhuangshua-5,SP-huazhuangshua-5,图图,图图,4,4,0,B0H1W932ZM,化妆刷,"5Pcs Portable Makeup Brush Set with Mirror Box, Mini Travel Cosmetic Brushes for Powder Blush Foundation Eyeshadow",SP-huazhuangshua-5,3.58
一致,264,B0H1W2B6YM,SP-yuanpaosi-1,SP-yuanpaosi-1,图图,图图,7,7,1,B0H1W9Y249,圆刨丝器,"Multi-Functional Kitchen Spiral Grater, Rotating Vegetable Peeler Slicer, Manual Spiralizer for Carrot Cucumber Potato",SP-yuanpaosi-1,4.58
FBA可售不一致,265,B0H1VY6PW8,KCC-M8PZLS-10TAO,KCC-M8PZLS-10TAO,凯旋,凯旋,3,4,1,B0H1VK8V8G,M8膨胀螺丝,"10Sets M8 Metal Wall Anchors with M5 Screws, Heavy‑Duty Expansion Bolt Kits for Concrete Drywall Brick",KCC-M8PZLS-10TAO,1.45
FBA可售不一致,266,B0H1VFBVL9,KCC-LBWG-10GE,KCC-LBWG-10GE,凯旋,凯旋,25,14,0,B0H1VHTD8P,铝箔碗盖,"10Pcs Disposable Aluminum Foil Elastic Bowl Covers, Universal Stretch‑Fit Food Storage Lids For Kitchen Fresh‑Keeping",KCC-LBWG-10GE,3.99
一致,267,B0H1S2QJLX,QS-039-38/39,QS-039-38/39,公司,公司,1,1,0,B0GQBW741V,,"Protective Water Shoes Unisex, Non Slip Rubber Outsole, for Reef Ocean Beach",,4.99
一致,268,B0H1RZKT11,QS-039-44/45,QS-039-44/45,公司,公司,1,1,0,B0GQBW741V,,"Protective Water Shoes Unisex, Non Slip Rubber Outsole, for Reef Ocean Beach",,4.99
FBA可售不一致,269,B0H1S214DJ,QS-039-36/37,QS-039-36/37,公司,公司,1,2,0,B0GQBW741V,,"Protective Water Shoes Unisex, Non Slip Rubber Outsole, for Reef Ocean Beach",,4.99
一致,270,B0H1RWN2FG,QS-122-36/37,QS-122-36/37,公司,公司,1,1,1,B0GQBS64JX,溯溪沙滩鞋,"Swim Shoes for Women Men, Water Shoes, Aqua Socks, Slip On Boat Lake Camping Shower Beach Travel Footwear Pair",QS-122-36/37,4.99
FBA可售不一致,271,B0H1S5V6VT,QS-123-40/41,QS-123-40/41,公司,公司,2,3,0,B0GQBS64JX,溯溪沙滩鞋,"Beach Shoes for Women Men, Aqua Socks, Water Shoes, Quick Dry Pool River Lake Cruise Resort Travel Pair",QS-123-40/41,4.99
一致,272,B0H1S6XY2Q,QS-139-40/41,QS-139-40/41,公司,公司,1,1,0,B0GQBS64JX,溯溪沙滩鞋,"Barefoot Water Socks for Women Men, Aqua Shoes, Pool Footwear, River Lake Beach Resort Summer Travel Pair",QS-139-40/41,4.99
一致,273,B0H1S1FMNC,QS-136-44/45,QS-136-44/45,公司,公司,1,1,0,B0GQBS64JX,溯溪沙滩鞋,"Surf Shoes for Women Men, Aqua Socks, Water Footwear, Quick Dry Beach Pool Resort Summer Vacation Travel Pair",QS-136-44/45,4.99
一致,274,B0H1S17WKN,QS-133-38/39,QS-133-38/39,公司,公司,1,1,1,B0GQBS64JX,溯溪沙滩鞋,"River Shoes for Women Men, Aqua Socks, Swim Footwear, Lightweight Kayaking Dock Beach Summer Travel Pair",QS-133-38/39,4.99
一致,275,B0H1RSSMLQ,QS-134-40/41,QS-134-40/41,公司,公司,1,1,0,B0GQBS64JX,溯溪沙滩鞋,"Lake Shoes for Women Men, Aqua Socks, Water Footwear, Quick Dry Beach Pool Cruise Summer Vacation Travel Pair",QS-134-40/41,4.99
一致,276,B0H1RLRRRB,QS-138-36/37,QS-138-36/37,公司,公司,1,1,0,B0GQBS64JX,溯溪沙滩鞋,"Barefoot Water Socks for Women Men, Aqua Shoes, Swim Footwear, Beach Pool Resort Cruise Summer Travel Pair",QS-138-36/37,4.99
一致,277,B0H1RV2MCX,QS-112-38/39,QS-112-38/39,公司,公司,1,1,0,B0GQBS64JX,溯溪沙滩鞋,"Aqua Socks for Women Men, Water Shoes, Barefoot Swim Footwear, Resort Pool Lake Yoga Beach Travel Pair",QS-112-38/39,4.99
一致,278,B0H1RYTWPG,QS-102-36/37,QS-102-36/37,公司,公司,1,1,0,B0GQBS64JX,溯溪沙滩鞋,"Water Shoes for Women Men, Aqua Socks, Quick Dry Swim Shoes, Slip On Beach Pool River Lake Cruise Travel Footwear",QS-102-36/37,4.99
一致,279,B0H1S34VJZ,QS-138-38/39,QS-138-38/39,公司,公司,1,1,0,B0GQBS64JX,溯溪沙滩鞋,"Barefoot Water Socks for Women Men, Aqua Shoes, Swim Footwear, Beach Pool Resort Cruise Summer Travel Pair",QS-138-38/39,4.99
FBA可售不一致,280,B0H1RZFY8J,QS-139-42/43,QS-139-42/43,公司,公司,2,3,0,B0GQBS64JX,溯溪沙滩鞋,"Barefoot Water Socks for Women Men, Aqua Shoes, Pool Footwear, River Lake Beach Resort Summer Travel Pair",QS-139-42/43,4.99
一致,281,B0H1RYPY1X,QS-111-38/39,QS-111-38/39,公司,公司,1,1,0,B0GQBS64JX,溯溪沙滩鞋,"Aqua Socks for Women Men, Water Shoes, Quick Dry Swim Footwear, Beach Pool River Lake Cruise Summer Travel Pair",QS-111-38/39,4.99
一致,282,B0H1S1PV5J,QS-123-44/45,QS-123-44/45,公司,公司,1,1,1,B0GQBS64JX,溯溪沙滩鞋,"Beach Shoes for Women Men, Aqua Socks, Water Shoes, Quick Dry Pool River Lake Cruise Resort Travel Pair",QS-123-44/45,4.99
一致,283,B0H1RZ37F3,QS-123-38/39,QS-123-38/39,公司,公司,1,1,0,B0GQBS64JX,溯溪沙滩鞋,"Beach Shoes for Women Men, Aqua Socks, Water Shoes, Quick Dry Pool River Lake Cruise Resort Travel Pair",QS-123-38/39,4.99
一致,284,B0H1RZRM2H,QS-118-42/43,QS-118-42/43,公司,公司,2,2,0,B0GQBS64JX,溯溪沙滩鞋,"Swim Shoes for Women Men, Water Shoes, Aqua Socks, Quick Dry Beach Pool River Lake Cruise Travel Footwear",QS-118-42/43,4.99
一致,285,B0H1RZ5T4W,QS-119-38/39,QS-119-38/39,公司,公司,1,1,1,B0GQBS64JX,溯溪沙滩鞋,"Swim Shoes for Women Men, Water Shoes, Aqua Socks, Barefoot Lake Cruise Resort Pool Vacation Footwear",QS-119-38/39,4.99
一致,286,B0H1S3V7KC,QS-135-40/41,QS-135-40/41,公司,公司,2,2,1,B0GQBS64JX,溯溪沙滩鞋,"Lake Shoes for Women Men, Aqua Socks, Swim Footwear, Slip On River Dock Boat Ramp Travel Vacation Pair",QS-135-40/41,4.99
FBA可售不一致,287,B0H1S5RS6F,QS-123-36/37,QS-123-36/37,公司,公司,1,2,0,B0GQBS64JX,溯溪沙滩鞋,"Beach Shoes for Women Men, Aqua Socks, Water Shoes, Quick Dry Pool River Lake Cruise Resort Travel Pair",QS-123-36/37,4.99
FBA可售不一致,288,B0H1S2H9YV,QS-127-40/41,QS-127-40/41,公司,公司,1,2,0,B0GQBS64JX,溯溪沙滩鞋,"Beach Shoes for Women Men, Aqua Socks, Lightweight Water Footwear, River Dock Fishing Summer Travel Pair",QS-127-40/41,4.99
一致,289,B0H1RC5THC,KCC-ZC-HONG,KCC-ZC-HONG,凯旋,凯旋,4,4,0,B0H1HKJPLD,直尺,"Precision Marking Ruler with Sliding Stops, 30cm Aluminum Measuring Rule for Woodworking Layout",KCC-ZC-1,6.38
一致,290,B0H1R5TF4Y,KCC-YHDZ-30CM,KCC-YHDZ-30CM,凯旋,凯旋,13,13,0,B0H1CHWTLH,印花垫子,"Shelf and Drawer Liner for Kitchen Cabinets, Non Adhesive Waterproof PVC Cabinet Liner, Non Slip Floral Drawer Mat for Cupboards Dresser Refrigerator Shelves, White, 11.81 x 39.37 in",KCC-YHDZ-30CM,2.99
一致,291,B0H1RLHDJ4,KCC-SJC-HONG,KCC-SJC-HONG,凯旋,凯旋,3,3,0,B0H1CL3S4D,三角尺,"7 Inch Aluminum Rafter Square, Red Anodized Speed Square for Woodworking Carpentry Layout Measuring",KCC-SJC-HONG,4.99
FBA可售不一致,292,B0H1QXNB3K,SP-beizishuazi-1,SP-beizishuazi-1,图图,图图,13,9,0,B0H2GNJXCP,杯子刷子,"Long Handle Silicone Bottle Brush, Flexible Cup Cleaning Brush for Bottles Mugs Tumblers, Gray",SP-beizishuazi-1,1.98
一致,293,B0H1R4H5SB,SP-tanglidai-1,SP-tanglidai-1,图图,图图,4,4,1,B0H1QY8GYB,弹力带,"5 Pack Silicone Resistance Bands Set, Non-Latex Elastic Exercise Bands for Butt Legs Yoga Pilates Strength Training",SP-tanglidai-1,4.58
FBA可售不一致,294,B0H1Q75SDV,KCC-BXMT-100,KCC-BXMT-100,凯旋,凯旋,9,10,0,B0H1Q2DRY7,保鲜膜套,"100Pcs Disposable Elastic Food Storage Covers, Stretchable PE Plastic Bowl Covers For Kitchen Fresh Keeping",KCC-BXMT-100,4.99
FBA可售不一致,295,B0H1Q18J7L,KCC-STYSK-1,KCC-STYSK-1,凯旋,凯旋,43,50,0,B0H1PW4BTT,水豚钥匙扣,"Cute Capybara Keychain With Little Turtle, Kawaii Resin Animal Bag Charm For Backpack Purse",KCC-STYSK-1,1.33
一致,296,B0H1Q6CLRL,KCC-JG-10,KCC-JG-10,凯旋,凯旋,3,3,1,B0H1PW84WX,角钢,"This 10‑Pack 90‑Degree L‑Shaped Stainless Steel Angle Brackets Each Measure 1.57 × 1.57 × 0.63 inches, weigh 0.26 lbs (120g) Total, with Package Dimensions of 4.33 × 3.15 × 0.79 inches.",KCC-JG-10,2.99
一致,297,B0H1MC2K77,KCC-DGNYJ-2,KCC-DGNYJ-2,凯旋,凯旋,9,9,1,B0H1M333CD,多功能衣架,"2 Pack Multi Hole Space Saving Clothes Hangers, 360° Rotating Plastic Hangers for Closet Organization",KCC-DGNYJ-2,1.99
一致,298,B0H1MFBMCW,KCC-ZXB-27,KCC-ZXB-27,凯旋,凯旋,3,3,0,B0H1MFW3HF,针线包,"27 Piece Portable Sewing Kit, Mini Travel Needle and Thread Set with Scissors Tape Measure",KCC-ZXB-27,2.61
一致,299,B0H1HS69WZ,KCC-PGDKQ-1,KCC-PGDKQ-1,凯旋,凯旋,4,4,0,B0H1HRKYGT,皮革打孔器,"Revolving Leather Hole Punch Plier, 9 Inch Multi Size Punch Tool for Belts Straps Fabric Crafts",KCC-PGDKQ-1,5.71
FBA可售不一致,300,B0H1HZWT58,SP-zhuajia-4,SP-zhuajia-4,图图,图图,2,1,2,B0H1HWLYLR,抓夹,"4 Pack Large Claw Clips for Thick Long Hair, Matte Non-Slip Rectangle Jaw Clips, Strong Hold Big Hair Clips Neutral Colors for Women",SP-zhuajia-4,4.95
FBA可售不一致,301,B0H1HHCW4X,SP-tiaoliao-2,SP-tiaoliao-2,图图,图图,4,5,0,B0H1HDYV2J,调料瓶2,"2 Pack 4oz Glass Salt and Pepper Shakers Set, Stainless Steel Lid Spice Jars, Refillable Seasoning Containers for Kitchen Table RV Camp BBQ",SP-tiaoliao-2,5.58
一致,302,B0H1H8B7RQ,KCC-LLD-1,KCC-LLD-1,凯旋,凯旋,7,7,0,B0H1GXLKT3,拉力带,"Heavy Duty Resistance Band, 50-125 Lbs Pull Up Assist Band for Strength Training Crossfit Stretching",KCC-LLD-1,6.49
FBA可售不一致,303,B0H1H427RM,KCC-GJH-1,KCC-GJH-1,凯旋,凯旋,1,3,0,B0H1H5XH8M,工具盒,"32 Grids Clear Plastic Bead Storage Organizer, Compartment Container Box For Jewelry Small Parts Crafts",KCC-GJH-1,6.99
FBA可售不一致,304,B0H1FBXM72,SP-guolvgui-lv,SP-guolvgui-lv,图图,图图,10,4,0,B0H1FQJ948,过滤网绿色,"Silicone Bathroom Drain Hair Catcher, Stainless Steel Sink Strainer, Irregular Pattern Bathtub Drain Filter Stopper for Kitchen Bathroom",SP-guolvgui-lv,1.99
FBA可售不一致,305,B0H1FG6JJN,SP-guolvgui-huang,SP-guolvgui-huang,图图,图图,10,5,0,B0H1FQJ948,过滤网黄色,"Silicone Bathroom Drain Hair Catcher, Stainless Steel Sink Strainer, Irregular Pattern Bathtub Drain Filter Stopper for Kitchen Bathroom",SP-guolvgui-huang,1.99
一致,306,B0H1FGFPSK,SP-kaiguan-1,SP-kaiguan-1,图图,图图,8,8,1,B0H1FTWD8V,开罐器,"Adjustable Jar Bottle Opener, Stainless Steel Multifunctional Can Opener, Labor Saving Manual Lid Gripper for Kitchen Weak Hands Seniors",SP-kaiguan-1,1.99
一致,307,B0H1D42V5C,QS-079-36/37,QS-079-36/37,公司,公司,3,3,0,B0GQBP3SH9,,Slip On Beach Shoes Quick Dry Water Shoes for Travel Vacation Outdoor,,3.99
一致,308,B0H1CZKZYS,QS-057-36/37,QS-057-36/37,公司,公司,2,2,0,B0GQBP3SH9,,Portable Beach Shoes Foldable Design Water Shoes for Outdoor Activities,,4.69
FBA可售不一致,309,B0H1DC9KJX,QS-010-38/39,QS-010-38/39,公司,公司,1,2,0,B0GQBS64JX,,"Diving Water Shoes for Men Women, Non Skid Rubber Sole, Quick Dry Swim Shoes",,4.99
一致,310,B0H1DCLF2N,QS-072-44/45,QS-072-44/45,公司,公司,4,4,1,B0GQBP3SH9,,"Water Shoes for Men Women, Anti Skid Rubber Sole, Slip On, for Rafting Kayak",,4.69
FBA可售不一致,311,B0H1D1K841,QS-089-44/45,QS-089-44/45,公司,公司,6,7,1,B0GQBS64JX,,Comfort Foldable Beach Shoes Non Slip Water Shoes for Women Men,,4.99
一致,312,B0H1D8532V,QS-057-38/39,QS-057-38/39,公司,公司,4,4,0,B0GQBP3SH9,,Portable Beach Shoes Foldable Design Water Shoes for Outdoor Activities,,4.69
一致,313,B0H1D3BBNS,QS-020-44/45,QS-020-44/45,公司,公司,1,1,0,B0GQBS64JX,,Foldable Beach Shoes Lightweight Water Shoes for Travel Outdoor Sports Pink Camo,,4.99
FBA可售不一致,314,B0H1D82X4M,QS-089-36/37,QS-089-36/37,公司,公司,3,5,1,B0GQBS64JX,,Comfort Foldable Beach Shoes Non Slip Water Shoes for Women Men,,4.99
一致,315,B0H1D56MML,QS-037-36/37,QS-037-36/37,公司,公司,1,1,0,B0GQBS64JX,,"Unisex Water Shoes, Quick Dry Beach Shoes, Anti Skid Rubber Sole, for Travel",,4.99
一致,316,B0H1CJ4HR2,KCC-PCQ-YIN,KCC-PCQ-YIN,凯旋,凯旋,2,2,0,B0H1CCP516,破窗器,"Car Safety Escape Tool, Emergency Window Breaker And Seatbelt Cutter For Vehicle Rescue",KCC-PCQ-YIN,1.86
FBA可售不一致,317,B0H1CQ4K7Z,SP-yarou-1,SP-yarou-1,图图,图图,11,13,1,B0H1CHWDHQ,压肉器,"Press for Griddle, Burger Press Grill Weight with Handle, Rectangular BBQ Bacon Steak Press for Smash Burgers, Panini and Outdoor Cooking",SP-yarou-1,5.66
一致,318,B0H1CMHLS4,KCC-PYH-LV,KCC-PYH-LV,凯旋,凯旋,2,2,0,B0H1CK1PJ5,喷油壶,"2 In 1 Oil Dispenser And Sprayer, 470ml Glass Olive Oil Bottle For Kitchen Cooking Air Fryer",KCC-PYH-LV,4.5
FBA可售不一致,319,B0H1CG6HHT,SP-mojing-2,SP-mojing-2,图图,图图,12,6,0,B0H1CJ5M4X,眼镜袋,"2 Pack Soft Eyeglasses Case, PU Leather Sunglasses Pouch, Portable Squeeze Glasses Bag, Pocket Eyewear Holder for Women Men",SP-mojing-2,1.99
FBA可售不一致,320,B0H19XM86Y,KCC-mianqiu-M,KCC-mianqiu-M,凯旋,凯旋,10,0,2,B0GYXY2RDQ,宠物玩具,"Natural Color Dog Rope Ball Toy, Interactive Tug Chew Ball for Small Dogs, Teething Knot Rope Toy for Pet Daily Play",KCC-mianqiu-1,2.99
一致,321,B0H1534Q23,QS-068-36/37,QS-068-36/37,公司,公司,1,1,0,B0GQBS64JX,,Summer Beach Shoes Lightweight Water Shoes for Women Men Daily Sports,,4.99
FBA可售不一致,322,B0H159L2TH,QS-088-36/37,QS-088-36/37,公司,公司,1,0,1,B0GQBP3SH9,,"Unisex Printed Water Shoes, Anti Skid Rubber Sole, Lightweight Slip On Beach Shoes",,3.99
一致,323,B0H152DKNL,QS-043-36/37,QS-043-36/37,公司,公司,1,1,0,B0GQBS64JX,,"River Shoes Unisex, Non Slip Sole, Quick Dry Water Shoes for Creek Trekking",,4.99
一致,324,B0H157QSTX,QS-058-36/37,QS-058-36/37,公司,公司,1,1,1,B0GQBS64JX,,"Water Shoes Men Women, Non Slip Sole, Cushion Insole, for Beach Snorkeling",,4.99
FBA可售不一致,325,B0H156VMR6,QS-014-36/37,QS-014-36/37,公司,公司,1,0,0,B0GQBS64JX,,"Pool Water Shoes for Men Women, Anti Skid Sole, Quick Dry, Lightweight Swim Shoes",,4.99
一致,326,B0H1567MWM,QS-074-36/37,QS-074-36/37,公司,公司,4,4,0,B0GQBS64JX,,"Diving Beach Water Shoes Men Women, Non Slip Rubber Sole, Quick Dry Swim Shoes",,4.99
FBA可售不一致,327,B0H14PTMQT,SP-xiaojing1-hz,SP-xiaojing1-hz,图图,图图,9,5,5,B0H14Z7J9N,小镜子黄+紫色,"Compact Hair Brush with Mirror, 2-in-1 Foldable Pocket Comb, Mini Travel Hairbrush with Mirror for Girls Women, Portable On-the-Go Hair Styling Tool",SP-xiaojing1-hz,2.99
一致,328,B0H14L7J7M,KC-B22-L,KC-B22-L,图图,图图,3,3,0,B0HD6F5MYH,比基尼,String Triangle Bikini Top for Women Sexy Self Tie Back Bathing Suit Swim Top Black,KC-B22-L,6.64
一致,329,B0H11GJHH1,KC-B21-M,KC-B21-M,图图,图图,3,3,0,B0HD6F5MYH,比基尼,Women Sexy Lightweight Triangle Bikini Top Adjustable Tie Back Bathing Suit Top,KC-B21-M,6.64
负责人不一致,330,B0H11D5GH5,KC-B20-L,KC-B20-L,图图,凯旋,3,3,1,B0HD6F5MYH,比基尼,String Bikini Tops for Women Sexy Triangle Bathing Suit Tops Adjustable Tie Back Swim Tops,KC-B20-L,6.64
FBA可售不一致,331,B0GZZT7QR1,SP-shouna-hh,SP-shouna-hh,图图,图图,10,9,1,B0GZZMTTF5,收纳包,"2 Pcs Mini Storage Bag, Portable Square Cosmetic Pouch, Lightweight Travel Organizer Bag Small Makeup Storage Pouch for Home Travel Daily Use Multicolor",SP-shouna-hh,2.99
一致,332,B0GZZHXLG1,SP-TU-DX-02,SP-TU-DX-02,图图,图图,7,7,0,B0GYXBVR59,大象,"Elephant Rope Chew Toy, 13cm Cotton Teething & Anxiety Relief Toy for Small/Medium Dogs, Durable Interactive Play Toy",SP-TU-DX-02,4.99
FBA可售不一致,333,B0GZYVZPQB,YQ-QWER-2026423-SJQ,YQ-QWER-2026423-SJQ,凯旋,凯旋,3,4,0,B0GZYVZPQB,水晶球,"Glass Crystal Ball for Women-3D Inner Carved Glass Ball Decor with Stand, Sculpture Decor for Desk Shelf Mantel Office Bedroom (Rose)",YQ-QWER-2026423-SJQ,5.5
一致,334,B0GZYSZW1Y,YQ-QWER-2026424-SJQ,YQ-QWER-2026424-SJQ,凯旋,凯旋,4,4,0,B0GZYSZW1Y,水晶球,"Glass Crystal Ball for Women-3D Inner Carved Glass Ball Decor with Stand, Sculpture Decor for Desk Shelf Mantel Office Bedroom (Seahorse)",YQ-QWER-2026424-SJQ,5.5
一致,335,B0GZZ54L5N,YQ-QWER-2026429-SJQ,YQ-QWER-2026429-SJQ,凯旋,凯旋,9,9,0,B0GZZ54L5N,水晶球,"Glass Crystal Ball for Women-3D Inner Carved Glass Ball Decor with Stand, Sculpture Decor for Desk Shelf Mantel Office Bedroom (Starry Sky)",YQ-QWER-2026429-SJQ,5.5
FBA可售不一致,336,B0GZYW21CF,YQ-QWER-2026420-AMD-1,YQ-QWER-2026420-AMD-1,凯旋,凯旋,2,3,1,B0GZYYFCCC,硅胶洗脚垫,"Foot Scrubber Mat for Shower- Feet Scrubber Massager with Suction Cups, Silicone Shower Foots Cleaner for Bathroom Home Spa Travel (Blue)",YQ-QWER-2026420-AMD-1,2.16
一致,337,B0GZYYD6F5,YQ-QWER-2026420-MGZJJ-3,YQ-QWER-2026420-MGZJJ-3,凯旋,凯旋,2,2,1,B0GZYT7X7W,指甲钳套装,"Nail Clipper for Women 7Pcs- Manicure Pedicure Kit with Travel Case, Fingernail Toenail Clippers, Cuticle Trimmer for Home Travel (Red)",YQ-QWER-2026420-MGZJJ-3,2.99
FBA可售不一致,338,B0GZYZM23C,YQ-QWER-2026426-SJQ,YQ-QWER-2026426-SJQ,凯旋,凯旋,3,2,1,B0GZYZM23C,水晶球,"Glass Crystal Ball for Women-3D Inner Carved Glass Ball Decor with Stand, Sculpture Decor for Desk Shelf Mantel Office Bedroom (Cat-Butterfly)",YQ-QWER-2026426-SJQ,5.5
一致,339,B0GZYW4MK1,YQ-QWER-2026420-AMD-3,YQ-QWER-2026420-AMD-3,凯旋,凯旋,9,9,1,B0GZYYFCCC,硅胶洗脚垫,"Foot Scrubber Mat for Shower- Feet Scrubber Massager with Suction Cups, Silicone Shower Foots Cleaner for Bathroom Home Spa Travel (Pink)",YQ-QWER-2026420-AMD-3,2.16
FBA可售不一致,340,B0GZYW33K7,YQ-QWER-2026425-SJQ,YQ-QWER-2026425-SJQ,凯旋,凯旋,3,2,0,B0GZYW33K7,水晶球,"Glass Crystal Ball for Women-3D Inner Carved Glass Ball Decor with Stand, Sculpture Decor for Desk Shelf Mantel Office Bedroom (Cat-Flower)",YQ-QWER-2026425-SJQ,5.5
一致,341,B0GZYGQW3S,SP-huanbao-zhe-ka,SP-huanbao-zhe-ka,图图,图图,4,4,1,B0GZY8JYQ8,折叠环保包卡其,"Foldable Reusable Tote Bag, No-Hole Textured Shopping Bag for Small Items, Gift Box Cover, Travel Storage",SP-huanbao-zhe-ka,2.99
一致,342,B0GZYM97HV,SP-huanbao-zhe-hui,SP-huanbao-zhe-hui,图图,图图,6,6,1,B0GZY8JYQ8,折叠环保包灰色,"Foldable Reusable Tote Bag, No-Hole Textured Shopping Bag for Small Items, Gift Box Cover, Travel Storage",SP-huanbao-zhe-hui,2.99
一致,343,B0GZYJ7CT4,SP-huanbao-zhe-hei,SP-huanbao-zhe-hei,图图,图图,6,6,0,B0GZY8JYQ8,折叠环保包黑色,"Foldable Reusable Tote Bag, No-Hole Textured Shopping Bag for Small Items, Gift Box Cover, Travel Storage",SP-huanbao-zhe-hei,2.99
FBA可售不一致,344,B0GZYFJCLF,SP-huanbao-zhe-lu,SP-huanbao-zhe-lu,图图,图图,6,4,3,B0GZY8JYQ8,折叠环保包绿色,"Foldable Reusable Tote Bag, No-Hole Textured Shopping Bag for Small Items, Gift Box Cover, Travel Storage",SP-huanbao-zhe-lu,2.99
一致,345,B0GZVW5WLH,SP-bingxiang03-hua,SP-bingxiang03-hua,图图,图图,8,8,0,B0GZVPL8WD,冰箱贴花3,"4 PCS Floral Ceramic Fridge Magnets Set, Ins Style Cute Flower Decorative Magnets for Home Kitchen Refrigerator DIY Decoration",SP-bingxiang03-hua,4.76
FBA可售不一致,346,B0GZVK79NP,KCC-YSK-MU,KCC-YSK-MU,凯旋,凯旋,18,19,1,B0H25VDZ2H,钥匙扣,"Blank Brown Resin Keychain with Faux Leather Strap and Metal Key Ring, Rectangular DIY Engraving Key Fob",KCC-YSK-MU,1.56
一致,347,B0GZVQQQ69,SP-zhengjia-1,SP-zhengjia-1,图图,图图,9,9,0,B0GZV4PNTZ,蒸架,"Stainless Steel Steamer Rack, Multifunction Pot Insert Trivet for Vegetables, Dumplings, Eggs, Fish, Woks, Pans",SP-zhengjia-1,2.99
FBA可售不一致,348,B0GZV4XSSY,KCC-YYB-CHENG,KCC-YYB-CHENG,凯旋,凯旋,5,6,0,B0GZVHTPL5,咬牙棒,"Textured Dog Chew Stick Toy, Teething Dental Cleaning Molar Toy for Small Dogs, Gum Massage Chew Stick for Pet Daily Play",KCC-YYB-CHENG,2.99
一致,349,B0GZNYY63D,QS-527-A110-26-27,QS-527-A110-26-27,公司,公司,1,1,1,B0GYX16S5J,,"Kids Water Shoes, Cute Starfish Print Quick-Dry Aqua Socks for Toddler Boys Girls, Non-Slip Swim Shoes for Beach, Pool, Water Park, River Trekking, and Indoor Activities",,4.99
FBA可售不一致,350,B0GZNT9XSH,QS-529-A96-28-29,QS-529-A96-28-29,公司,公司,1,0,2,B0GYX16S5J,,"Kids Water Shoes, Cute Shark Print Quick-Dry Aqua Socks for Toddler Boys Girls, Non-Slip Swim Shoes for Beach, Pool, Water Park, River Trekking, and Indoor Activities",,4.99
FBA可售不一致,351,B0GZNY98XJ,QS-101-36/37,QS-090-36/37 / QS-101-36/37 / QS-098-36/37,公司,公司,1,8,0,B0GQBS64JX,,"Beach Water Shoes Unisex, Anti Slip Pattern Sole, Quick Dry Swim Shoes for Ocean",,4.99
一致,352,B0GZNYDJWW,QS-528-A95-28-29,QS-528-A95-28-29,公司,公司,2,2,1,B0GYX16S5J,,"Kids Water Shoes, Cute Dolphin Print Quick-Dry Aqua Socks for Toddler Boys Girls, Non-Slip Swim Shoes for Beach, Pool, Water Park, River Trekking, and Indoor Activities",,4.99
一致,353,B0GZNZPSH6,QS-012-36/37,QS-012-36/37,公司,公司,3,3,0,B0GQBS64JX,,Quick Dry Water Shoes Slip On Comfort Beach Shoes for Pool Surfing,,4.99
FBA可售不一致,354,B0GZNY98XJ,QS-098-36/37,QS-090-36/37 / QS-101-36/37 / QS-098-36/37,公司,公司,7,8,0,B0GQBS64JX,,"Beach Water Shoes Unisex, Anti Slip Pattern Sole, Quick Dry Swim Shoes for Ocean",,4.99
一致,355,B0GZNY3NTM,QS-046-44/45,QS-046-44/45,公司,公司,4,4,1,B0GQBS64JX,,"Beach Water Shoes Unisex, Anti Slip Pattern Sole, Quick Dry Swim Shoes for Ocean",,4.99
一致,356,B0GZ1D4XTY,ZD003-Green-9/10,ZD003-Green-9/10,公司,公司,3,3,0,B0GL9J1BLX,人字拖,"Foldable EVA Flip Flops for Women Men, Wide Strap Non-Slip Travel Sandals, Lightweight Quick-Drying Beach Slippers for Vacation, Pool & Shower",ZD003-Green-9/10,3.99
FBA可售不一致,357,B0GZ1P4Q1B,ZD003-White-9/10,ZD003-White-9/10,公司,公司,2,0,1,B0GL9J1BLX,人字拖,"Foldable EVA Flip Flops for Women Men, Wide Strap Non-Slip Travel Sandals, Lightweight Quick-Drying Beach Slippers for Vacation, Pool & Shower",ZD003-White-9/10,3.99
FBA可售不一致,358,B0GZ18CCWR,ZD003-Black-10/11,ZD003-Black-10/11,公司,公司,2,0,0,B0GL9J1BLX,人字拖,"Foldable EVA Flip Flops for Women Men, Wide Strap Non-Slip Travel Sandals, Lightweight Quick-Drying Beach Slippers for Vacation, Pool & Shower",ZD003-Black-10/11,3.99
FBA可售不一致,359,B0GZ2GFSFL,ZD003-White-10/11,ZD003-White-10/11,公司,公司,3,2,0,B0GL9J1BLX,人字拖,"Foldable EVA Flip Flops for Women Men, Wide Strap Non-Slip Travel Sandals, Lightweight Quick-Drying Beach Slippers for Vacation, Pool & Shower",ZD003-White-10/11,3.99
一致,360,B0GZ131G57,ZD003-Green-10/11,ZD003-Green-10/11,公司,公司,2,2,0,B0GL9J1BLX,人字拖,"Foldable EVA Flip Flops for Women Men, Wide Strap Non-Slip Travel Sandals, Lightweight Quick-Drying Beach Slippers for Vacation, Pool & Shower",ZD003-Green-10/11,3.99
负责人不一致；FBA可售不一致,361,B0GZ213HB8,ZD003-Yellow-9/10,ZD003-Yellow-9/10,凯旋,公司,4,2,0,B0GL9J1BLX,人字拖,"Foldable EVA Flip Flops for Women Men, Wide Strap Non-Slip Travel Sandals, Lightweight Quick-Drying Beach Slippers for Vacation, Pool & Shower",ZD003-Yellow-9/10,3.99
一致,362,B0GZ1KN54G,ZD003-Black-9/10,ZD003-Black-9/10,公司,公司,2,2,0,B0GL9J1BLX,人字拖,"Foldable EVA Flip Flops for Women Men, Wide Strap Non-Slip Travel Sandals, Lightweight Quick-Drying Beach Slippers for Vacation, Pool & Shower",ZD003-Black-9/10,3.99
FBA可售不一致,363,B0GYZBXR4B,SP-TU-6JT-01,SP-TU-6JT-01,图图,图图,8,7,3,B0GYXBKG5T,6件套,"Dog Rope Toys Set of 6, Cotton Interactive Chew Toys for Small/Medium Dogs, Teething & Training Variety Pack",SP-TU-6JT-01,9.89
FBA可售不一致,364,B0GYYL9J3D,KCC-SDshengjie-1,KCC-SDshengjie-1,凯旋,凯旋,8,9,0,B0GYXX7NM4,宠物玩具,"Cross Shaped Dog Rope Toy, Interactive Multi Tug Chew Toy for Small Dogs, Teething Four Way Rope Toy for Pet Daily Play",KCC-SDshengjie-1,3.37
FBA可售不一致,365,B0GYYSZY4F,SP-TU-BZQ-01,SP-TU-BZQ-01,图图,图图,8,7,2,B0GYXBVR59,辫子球,"Dog Braided Rope Ball Toy, 38CM Cotton Tug & Fetch Toy for Medium Dogs, Durable Teething & Training Toy",SP-TU-BZQ-01,4.66
一致,366,B0GYXQDM4Z,QS-529-A96-34-35,QS-529-A96-34-35,公司,公司,1,1,2,B0GYX16S5J,潜水溯溪鞋,"Kids Water Shoes, Cute Shark Print Quick-Dry Aqua Socks for Toddler Boys Girls, Non-Slip Swim Shoes for Beach, Pool, Water Park, River Trekking, and Indoor Activities",QS-529-A96-34-35,4.99
FBA可售不一致,367,B0GYXQ38YM,QS-527-A110-34-35,QS-527-A110-34-35,公司,公司,2,3,0,B0GYX16S5J,潜水溯溪鞋,"Kids Water Shoes, Cute Starfish Print Quick-Dry Aqua Socks for Toddler Boys Girls, Non-Slip Swim Shoes for Beach, Pool, Water Park, River Trekking, and Indoor Activities",QS-527-A110-34-35,4.99
FBA可售不一致,368,B0GYXQN6CV,KCC-xiaoshizi-h,KCC-xiaoshizi-h,凯旋,凯旋,18,5,4,B0GYZ941PY,宠物玩具,"Lion Shaped Dog Rope Toy, Interactive Tug Chew Toy for Small Dogs, Teething Rope Knot Toy for Pet Daily Play",KCC-xiaoshizi-h,3.73
一致,369,B0GYXY2NGY,KCC-feipan-15cm,KCC-feipan-15cm,凯旋,凯旋,10,10,0,B0GYXPM866,宠物玩具,"Multi Size Woven Round Placemat Set, Heat Resistant Non Slip Rope Mats for Dining Table Kitchen Pot Holders",KCC-feipan-15cm,2.99
FBA可售不一致,370,B0GYYLMR8G,KCC-mahuaquan-1,KCC-mahuaquan-1,凯旋,凯旋,8,6,2,B0GYYM1WG2,宠物玩具,"Natural Color Dog Ring Rope Toy, Interactive Tug Chew Ring for Small Dogs, Teething Knot Rope Toy for Pet Daily Play",KCC-mahuaquan-1,3.69
一致,371,B0GYYL9DL5,QS-528-A95-34-35,QS-528-A95-34-35,公司,公司,3,3,0,B0GYX16S5J,潜水溯溪鞋,"Kids Water Shoes, Cute Dolphin Print Quick-Dry Aqua Socks for Toddler Boys Girls, Non-Slip Swim Shoes for Beach, Pool, Water Park, River Trekking, and Indoor Activities",QS-528-A95-34-35,4.99
一致,372,B0GYYRYDVP,SP-TU-XXDQ-01,SP-TU-XXDQ-01,图图,图图,8,8,0,B0GYXBVR59,星星吊球,"Dog Star Rope Chew Toy, 38CM Durable Cotton Puppy Teething Toy for Small Breeds, Interactive Tug Toy",SP-TU-XXDQ-01,4.44
FBA可售不一致,373,B0GYXXN95W,KCC-shouhuantangguo-cai,KCC-shouhuantangguo-cai,凯旋,凯旋,4,6,0,B0GYXQJ7WV,宠物玩具,"Ring Shaped Dog Rope Toy, Interactive Tug Chew Toy for Small Dogs, Teething Rope Knot Toy for Pet Daily Play",KCC-shouhuantangguo-cai,3.31
FBA可售不一致,374,B0GYZ28MV2,QS-526-B17-34-35,QS-526-B17-34-35,公司,公司,2,3,0,B0GYX16S5J,潜水溯溪鞋,"Kids Water Shoes, Cute Whale & Seahorse Print Quick-Dry Aqua Socks for Toddler Boys Girls, Non-Slip Swim Shoes for Beach, Pool, Water Park, River Trekking, and Indoor Activities",QS-526-B17-34-35,4.99
FBA可售不一致,375,B0GYYM96PX,SP-TU-STYQ-01,SP-TU-STYQ-01,图图,图图,12,11,0,B0GYXBVR59,双太阳球,"Dog Ring Rope Chew Toy, 35CM Heavy Duty Cotton Tug Toy for Medium Dogs, Durable Teething & Training Toy",SP-TU-STYQ-01,4.78
FBA可售不一致,376,B0GYY96ZG6,QS-528-A95-30-31,QS-528-A95-30-31,公司,公司,1,2,0,B0GYX16S5J,潜水溯溪鞋,"Kids Water Shoes, Cute Dolphin Print Quick-Dry Aqua Socks for Toddler Boys Girls, Non-Slip Swim Shoes for Beach, Pool, Water Park, River Trekking, and Indoor Activities",QS-528-A95-30-31,4.99
FBA可售不一致,377,B0GYX5XS6L,QS-528-A95-32-33,QS-528-A95-32-33,公司,公司,2,3,0,B0GYX16S5J,潜水溯溪鞋,"Kids Water Shoes, Cute Dolphin Print Quick-Dry Aqua Socks for Toddler Boys Girls, Non-Slip Swim Shoes for Beach, Pool, Water Park, River Trekking, and Indoor Activities",QS-528-A95-32-33,4.99
FBA可售不一致,378,B0GYX5VS9F,QS-527-A110-32-33,QS-527-A110-32-33,公司,公司,2,1,0,B0GYX16S5J,潜水溯溪鞋,"Kids Water Shoes, Cute Starfish Print Quick-Dry Aqua Socks for Toddler Boys Girls, Non-Slip Swim Shoes for Beach, Pool, Water Park, River Trekking, and Indoor Activities",QS-527-A110-32-33,4.99
一致,379,B0GYX67LD6,QS-526-B17-32-33,QS-526-B17-32-33,公司,公司,2,2,0,B0GYX16S5J,潜水溯溪鞋,"Kids Water Shoes, Cute Whale & Seahorse Print Quick-Dry Aqua Socks for Toddler Boys Girls, Non-Slip Swim Shoes for Beach, Pool, Water Park, River Trekking, and Indoor Activities",QS-526-B17-32-33,4.99
一致,380,B0GYWTTCFM,QS-529-A96-30-31,QS-529-A96-30-31,公司,公司,1,1,0,B0GYX16S5J,潜水溯溪鞋,"Kids Water Shoes, Cute Shark Print Quick-Dry Aqua Socks for Toddler Boys Girls, Non-Slip Swim Shoes for Beach, Pool, Water Park, River Trekking, and Indoor Activities",QS-529-A96-30-31,4.99
一致,381,B0GYWRTYQ8,QS-501-D10-30/31,QS-501-D10-30/31,公司,公司,1,1,0,B0GYWSYXZ5,新款大童溯溪鞋,"Big Kids Water Shoes, Polar Bear Print Quick Dry Aqua Socks for Big Kids Beach Swim Pool Slip On",QS-501-D10-30/31,4.99
FBA可售不一致,382,B0GYRPC9GF,QS-098-44/45,QS-098-44/45,公司,公司,3,1,1,B0GQBS64JX,潜水溯溪鞋,"Beach Water Shoes Unisex, Anti Slip Pattern Sole, Quick Dry Swim Shoes for Ocean",QS-098-44/45,4.99
FBA可售不一致,383,B0GYRCZGGD,QS-048-38/39,QS-048-38/39,公司,公司,2,4,0,B0GQBS64JX,潜水溯溪鞋,"Diving Swim Water Shoes for Men Women, Non Skid Sole, Stretch Fit Slip On",QS-048-38/39,4.99
一致,384,B0GYRJWY6H,QS-081-38/39,QS-081-38/39,公司,公司,1,1,0,B0GQBP3SH9,潜水溯溪鞋,"Water Shoes Unisex, Anti Slip Sole, Printed Design, for Beach Swimming Rafting",QS-081-38/39,3.99
一致,385,B0GYRLDY1X,QS-011-44/45,QS-011-44/45,公司,公司,2,2,0,B0GQBS64JX,潜水溯溪鞋,"Water Shoes for Men Women, Durable Rubber Outsole, Soft Stretch Upper, for Pool",QS-011-44/45,4.99
FBA可售不一致,386,B0GYRBQVX4,QS-098-38/39,QS-098-38/39,公司,公司,5,7,0,B0GQBS64JX,潜水溯溪鞋,"Beach Water Shoes Unisex, Anti Slip Pattern Sole, Quick Dry Swim Shoes for Ocean",QS-098-38/39,4.99
FBA可售不一致,387,B0GYRCHGWX,QS-078-44/45,QS-078-44/45,公司,公司,1,0,1,B0GQBP3SH9,潜水溯溪鞋,"Unisex Aqua Shoes, Non Skid Rubber Sole, Stretch Fit, for Ocean Reef Walk",QS-078-44/45,4.69
一致,388,B0GYR6R1H4,QS-081-44/45,QS-081-44/45,公司,公司,1,1,0,B0GQBP3SH9,潜水溯溪鞋,"Water Shoes Unisex, Anti Slip Sole, Printed Design, for Beach Swimming Rafting",QS-081-44/45,3.99
一致,389,B0GYRNP2KJ,QS-051-44/45,QS-051-44/45,公司,公司,1,1,0,B0GQBZY2T5,潜水溯溪鞋,"Beach Aqua Shoes Unisex, Non Slip Rubber Sole, Comfortable Insole, for Ocean",QS-051-44/45,4.99
FBA可售不一致,390,B0GYRF77GC,QS-051-38/39,QS-051-38/39,公司,公司,4,5,0,B0GQBZY2T5,潜水溯溪鞋,"Beach Aqua Shoes Unisex, Non Slip Rubber Sole, Comfortable Insole, for Ocean",QS-051-38/39,4.99
一致,391,B0GYRV2BKW,QS-061-44/45,QS-061-44/45,公司,公司,1,1,0,B0GQBP3SH9,潜水溯溪鞋,"Ocean Swim Water Shoes Unisex, Anti Slip Rubber Sole, Stretch Fit Beach Shoes",QS-061-44/45,3.99
FBA可售不一致,392,B0GYRH3DZF,QS-006-44/45,QS-006-44/45,公司,公司,1,2,0,B0GQBS64JX,潜水溯溪鞋,"Pool Water Shoes for Men Women, Anti Skid Sole, Quick Dry, Lightweight Swim Shoes",QS-006-44/45,4.99
FBA可售不一致,393,B0GYRNCBCN,QS-063-44/45,QS-063-44/45,公司,公司,1,2,0,B0GQBP3SH9,潜水溯溪鞋,"Diving Beach Water Shoes Men Women, Non Slip Rubber Sole, Quick Dry Swim Shoes",QS-063-44/45,4.69
FBA可售不一致,394,B0GYRHBF5C,QS-059-44/45,QS-059-44/45,公司,公司,1,2,0,B0GQBP3SH9,潜水溯溪鞋,"Water Shoes Men Women, Non Slip Sole, Cushion Insole, for Beach Snorkeling",QS-059-44/45,4.69
一致,395,B0GYRL8261,QS-011-38/39,QS-011-38/39,公司,公司,4,4,0,B0GQBS64JX,潜水溯溪鞋,"Water Shoes for Men Women, Durable Rubber Outsole, Soft Stretch Upper, for Pool",QS-011-38/39,4.99
FBA可售不一致,396,B0GYRBVN9R,QS-006-38/39,QS-006-38/39,公司,公司,1,0,1,B0GQBS64JX,潜水溯溪鞋,"Pool Water Shoes for Men Women, Anti Skid Sole, Quick Dry, Lightweight Swim Shoes",QS-006-38/39,4.99
一致,397,B0GYRR45JW,QS-063-38/39,QS-063-38/39,公司,公司,4,4,0,B0GQBP3SH9,潜水溯溪鞋,"Diving Beach Water Shoes Men Women, Non Slip Rubber Sole, Quick Dry Swim Shoes",QS-063-38/39,3.99
FBA可售不一致,398,B0GYRQXF74,QS-012-38/39,QS-012-38/39,公司,公司,11,9,0,B0GQBS64JX,潜水溯溪鞋,Quick Dry Water Shoes Slip On Comfort Beach Shoes for Pool Surfing,QS-012-38/39,4.99
FBA可售不一致,399,B0GYRP5V9P,QS-012-44/45,QS-012-44/45,公司,公司,5,2,1,B0GQBS64JX,潜水溯溪鞋,Quick Dry Water Shoes Slip On Comfort Beach Shoes for Pool Surfing,QS-012-44/45,4.99
一致,400,B0GYRLPJHD,QS-100-38/39,QS-100-38/39,公司,公司,2,2,0,B0GQBP3SH9,潜水溯溪鞋,"Beach Water Shoes Unisex, Anti Slip Pattern Sole, Quick Dry Swim Shoes for Ocean",QS-100-38/39,3.99
FBA可售不一致,401,B0GY8NTN5G,KCC-XGYF-L,KCC-XGYF-L,凯旋,凯旋,3,6,0,B0GY8X1TF6,小狗衣服,"Breathable Mesh Summer Dog Vest, Cute Printed Lightweight Tank Top As Daily Casual Apparel for Small Puppy and Small Breed Dogs",KCC-XGYF-L,2.99
FBA可售不一致,402,B0GY8VM6JW,KCC-XGYF-M,KCC-XGYF-M,凯旋,凯旋,6,7,0,B0GY8X1TF6,小狗衣服,"Breathable Mesh Summer Dog Vest, Cute Printed Lightweight Tank Top As Daily Casual Apparel for Small Puppy and Small Breed Dogs",KCC-XGYF-M,2.99
FBA可售不一致,403,B0GXYWJK13,SP-kai-01,SP-kai-01,图图,图图,8,11,0,B0GXYNCN33,开瓶器,"2Pcs Plastic Magnetic Bottle Openers, Fridge Adsorbable Beer Bottle Openers for Home Kitchen Bar Party Daily Use",SP-kai-01,1.99
FBA可售不一致,404,B0GXZ1VM7Y,SP-qingjied1-01,SP-qingjied1-01,图图,图图,2,3,0,B0GXZHBF7W,清洁果蔬,"4 Pcs PP Material Single-Sided Vegetable Brush, Flexible Fruit and Vegetable Cleaning Brush for Crevice & Kitchen Cleaning",SP-qingjied1-01,2.99
FBA可售不一致,405,B0GY3LWRLR,KCC-MJ-M,KCC-MJ-M,凯旋,凯旋,1,0,2,B0GY36F254,美甲,"Handmade Nude French Press On Nails, Reusable Glossy Full Set False Nails As Daily Manicure Accessory For Women Styling",KCC-MJ-M,1.99
FBA可售不一致,406,B0GY2T6R4H,SP-XIE5-H38/39,SP-XIE5-H38/39,公司,公司,4,3,1,B0GY2YYSHW,溯溪沙滩鞋,"Sport Water Shoes for Men Women, Anti-Slip Quick Dry Swim Shoes for Pool Beach Black",SP-XIE5-H38/39,3.99
FBA可售不一致,407,B0GY2K7LS6,SP-XIE6-Q36/37,SP-XIE6-Q36/37,公司,公司,10,13,0,B0GY2YYSHW,溯溪沙滩鞋,"Aqua Socks Water Shoes for Men Women, Anti-Slip Quick Dry Swim Shoes for Pool",SP-XIE6-Q36/37,3.99
FBA可售不一致,408,B0GY2SCDKB,SP-XIE2-Z42/43,SP-XIE2-Z42/43,公司,公司,10,9,0,B0GY2YYSHW,溯溪沙滩鞋,"Comfortable Water Shoes for Women Men, Anti-Slip Quick Dry Aqua Socks for Pool Beach",SP-XIE2-Z42/43,4.99
一致,409,B0GY2MZ4BN,SP-XIE5-H42/43,SP-XIE5-H42/43,公司,公司,7,7,0,B0GY2YYSHW,溯溪沙滩鞋,"Sport Water Shoes for Men Women, Anti-Slip Quick Dry Swim Shoes for Pool Beach Black",SP-XIE5-H42/43,4.99
一致,410,B0GY2HQ392,SP-XIE4-L44/45,SP-XIE4-L44/45,公司,公司,4,4,0,B0GY2YYSHW,溯溪沙滩鞋,"Protective Water Shoes with Anti-Slip Sole, Quick Dry Aqua Socks for Women Men",SP-XIE4-L44/45,4.99
一致,411,B0GY2GY78Z,SP-XIE5-H44/45,SP-XIE5-H44/45,公司,公司,3,3,1,B0GY2YYSHW,溯溪沙滩鞋,"Sport Water Shoes for Men Women, Anti-Slip Quick Dry Swim Shoes for Pool Beach Black",SP-XIE5-H44/45,4.99
一致,412,B0GY2P2895,SP-XIE3-S38/39,SP-XIE3-S38/39,公司,公司,9,9,0,B0GY2YYSHW,溯溪沙滩鞋,"Lightweight Foldable Water Shoes, Anti-Slip Quick Dry Aqua Socks for Travel Beach",SP-XIE3-S38/39,3.99
一致,413,B0GY2NG2N1,SP-XIE3-S44/45,SP-XIE3-S44/45,公司,公司,6,6,0,B0GY2YYSHW,溯溪沙滩鞋,"Lightweight Foldable Water Shoes, Anti-Slip Quick Dry Aqua Socks for Travel Beach",SP-XIE3-S44/45,4.99
一致,414,B0GY2KPJL8,SP-XIE3-S36/37,SP-XIE3-S36/37,公司,公司,6,6,0,B0GY2YYSHW,溯溪沙滩鞋,"Lightweight Foldable Water Shoes, Anti-Slip Quick Dry Aqua Socks for Travel Beach",SP-XIE3-S36/37,4.99
一致,415,B0GY2YKY2G,SP-XIE5-H36/37,SP-XIE5-H36/37,公司,公司,5,5,0,B0GY2YYSHW,溯溪沙滩鞋,"Sport Water Shoes for Men Women, Anti-Slip Quick Dry Swim Shoes for Pool Beach Black",SP-XIE5-H36/37,3.99
一致,416,B0GY2KQBZB,SP-XIE3-S40/41,SP-XIE3-S40/41,公司,公司,8,8,0,B0GY2YYSHW,溯溪沙滩鞋,"Lightweight Foldable Water Shoes, Anti-Slip Quick Dry Aqua Socks for Travel Beach",SP-XIE3-S40/41,4.99
FBA可售不一致,417,B0GY2BP78J,SP-XIE6-Q44/45,SP-XIE6-Q44/45,公司,公司,10,11,1,B0GY2YYSHW,溯溪沙滩鞋,"Aqua Socks Water Shoes for Men Women, Anti-Slip Quick Dry Swim Shoes for Pool",SP-XIE6-Q44/45,4.99
一致,418,B0GY2VMQBX,SP-XIE5-H40/41,SP-XIE5-H40/41,公司,公司,8,8,0,B0GY2YYSHW,溯溪沙滩鞋,"Sport Water Shoes for Men Women, Anti-Slip Quick Dry Swim Shoes for Pool Beach Black",SP-XIE5-H40/41,3.99
一致,419,B0GY2L5CBX,SP-XIE1-F42/43,SP-XIE1-F42/43,公司,公司,11,11,0,B0GY2YYSHW,溯溪沙滩鞋,"Quick Dry Water Shoes for Men Women, Anti-Slip Lightweight Aqua Socks for Beach Swim Pool",SP-XIE1-F42/43,4.99
一致,420,B0GY2NWDMQ,SP-XIE3-S42/43,SP-XIE3-S42/43,公司,公司,4,4,0,B0GY2YYSHW,溯溪沙滩鞋,"Lightweight Foldable Water Shoes, Anti-Slip Quick Dry Aqua Socks for Travel Beach",SP-XIE3-S42/43,4.99
FBA可售不一致,421,B0GY2R68P8,SP-XIE6-Q38/39,SP-XIE6-Q38/39,公司,公司,7,8,0,B0GY2YYSHW,溯溪沙滩鞋,"Aqua Socks Water Shoes for Men Women, Anti-Slip Quick Dry Swim Shoes for Pool",SP-XIE6-Q38/39,3.99
一致,422,B0GY2GP4FX,SP-XIE4-L38/39,SP-XIE4-L38/39,公司,公司,4,4,0,B0GY2YYSHW,溯溪沙滩鞋,"Protective Water Shoes with Anti-Slip Sole, Quick Dry Aqua Socks for Women Men",SP-XIE4-L38/39,3.99
一致,423,B0GY2VH8H9,SP-XIE2-Z40/41,SP-XIE2-Z40/41,公司,公司,7,7,0,B0GY2YYSHW,溯溪沙滩鞋,"Comfortable Water Shoes for Women Men, Anti-Slip Quick Dry Aqua Socks for Pool Beach",SP-XIE2-Z40/41,4.99
FBA可售不一致,424,B0GY2N1MN9,SP-XIE2-Z38/39,SP-XIE2-Z38/39,公司,公司,11,12,0,B0GY2YYSHW,溯溪沙滩鞋,"Comfortable Water Shoes for Women Men, Anti-Slip Quick Dry Aqua Socks for Pool Beach",SP-XIE2-Z38/39,3.99
一致,425,B0GY2GZMNN,SP-XIE4-L36/37,SP-XIE4-L36/37,公司,公司,3,3,0,B0GY2YYSHW,溯溪沙滩鞋,"Protective Water Shoes with Anti-Slip Sole, Quick Dry Aqua Socks for Women Men",SP-XIE4-L36/37,3.99
一致,426,B0GY2LZ1N6,SP-XIE4-L42/43,SP-XIE4-L42/43,公司,公司,11,11,0,B0GY2YYSHW,溯溪沙滩鞋,"Protective Water Shoes with Anti-Slip Sole, Quick Dry Aqua Socks for Women Men",SP-XIE4-L42/43,4.99
FBA可售不一致,427,B0GY2VPH55,SP-XIE2-Z36/37,SP-XIE2-Z36/37,公司,公司,7,8,0,B0GY2YYSHW,溯溪沙滩鞋,"Comfortable Water Shoes for Women Men, Anti-Slip Quick Dry Aqua Socks for Pool Beach",SP-XIE2-Z36/37,3.99
一致,428,B0GY2K6HK9,SP-XIE1-F38/39,SP-XIE1-F38/39,公司,公司,9,9,0,B0GY2YYSHW,溯溪沙滩鞋,"Quick Dry Water Shoes for Men Women, Anti-Slip Lightweight Aqua Socks for Beach Swim Pool",SP-XIE1-F38/39,3.99
一致,429,B0GXYX911P,SP-shibian8c-01,SP-shibian8c-01,图图,图图,5,5,1,B0GXZ1PSZR,宠物拾便袋,"Dog Poop Bags 8 Rolls, 1.2mm Thick Durable Leak-Proof Pet Waste Bags for Dogs, Large Unscented Pet Poop Bags",SP-shibian8c-01,4.99
一致,430,B0GXYXJQSD,SP-shibian5c-01,SP-shibian5c-01,图图,图图,2,2,0,B0GXZ1PSZR,宠物拾便袋,"Dog Poop Bags 5 Counts with Dispenser, Durable Lightweight Pet Waste Bags for Daily Dog Walking",SP-shibian5c-01,4.99
FBA可售不一致,431,B0GXZ2K3DK,SP-shibian8g-01,SP-shibian8g-01,图图,图图,2,3,0,B0GXZ1PSZR,宠物拾便袋,"8 Rolls Thick Dog Poop Bags 1.2mm, Strong Leak-Proof Pet Waste Bags for Outdoor Walking, Large Disposable Dog Waste Bags",SP-shibian8g-01,4.99
FBA可售不一致,432,B0GXYRXTFX,KCC-SL-YF,KCC-SL-YF,凯旋,凯旋,13,14,5,B0GXYH5HX3,手链,"Pearl Crystal Bracelet For Women, Sparkling Pearl Chain Accessory For Wedding Date And Evening Outfit Decoration",KCC-SL-YF,3.99
FBA可售不一致,433,B0GXV19V2S,QS-074-44/45,QS-074-44/45,公司,公司,3,5,0,B0GQBS64JX,溯溪沙滩鞋,"Diving Beach Water Shoes Men Women, Non Slip Rubber Sole, Quick Dry Swim Shoes",QS-074-44/45,4.99
一致,434,B0GXTSZ4L9,QS-050-38/39,QS-050-38/39,公司,公司,1,1,0,B0GQBS64JX,溯溪沙滩鞋,"Beach Aqua Shoes Unisex, Non Slip Rubber Sole, Comfortable Insole, for Ocean",QS-050-38/39,4.99
一致,435,B0GXV1CP9Z,QS-082-38/39,QS-082-38/39,公司,公司,1,1,1,B0GQBP3SH9,溯溪沙滩鞋,"Unisex Aqua Shoes, Non Skid Rubber Sole, Stretch Fit, for Ocean Reef Walk",QS-082-38/39,3.99
一致,436,B0GXTVTPYX,QS-049-44/45,QS-049-44/45,公司,公司,2,2,1,B0GQBS64JX,溯溪沙滩鞋,"Diving Swim Water Shoes for Men Women, Non Skid Sole, Stretch Fit Slip On",QS-049-44/45,4.99
一致,437,B0GXTWCQDC,QS-090-44/45,QS-090-44/45,公司,公司,1,1,0,B0GQBS64JX,溯溪沙滩鞋,"Beach Water Shoes Unisex, Anti Slip Pattern Sole, Quick Dry Swim Shoes for Ocean",QS-090-44/45,4.99
FBA可售不一致,438,B0GXTYMGDK,QS-058-44/45,QS-058-44/45,公司,公司,1,2,1,B0GQBS64JX,溯溪沙滩鞋,"Water Shoes Men Women, Non Slip Sole, Cushion Insole, for Beach Snorkeling",QS-058-44/45,4.99
一致,439,B0GXTXNV3Y,QS-068-38/39,QS-068-38/39,公司,公司,1,1,1,B0GQBS64JX,溯溪沙滩鞋,Summer Beach Shoes Lightweight Water Shoes for Women Men Daily Sports,QS-068-38/39,4.99
FBA可售不一致,440,B0GXTYH56S,QS-014-44/45,QS-014-44/45,公司,公司,2,3,0,B0GQBS64JX,溯溪沙滩鞋,"Pool Water Shoes for Men Women, Anti Skid Sole, Quick Dry, Lightweight Swim Shoes",QS-014-44/45,4.99
一致,441,B0GXV83YWP,QS-002-38/39,QS-002-38/39,公司,公司,4,4,0,B0GQBS64JX,溯溪沙滩鞋,Water Shoes for Women Men Quick Dry Barefoot Beach Swim Pool Walking Shoes,QS-002-38/39,4.99
一致,442,B0GXTYYJL3,QS-043-38/39,QS-043-38/39,公司,公司,2,2,0,B0GQBS64JX,溯溪沙滩鞋,"River Shoes Unisex, Non Slip Sole, Quick Dry Water Shoes for Creek Trekking",QS-043-38/39,4.99
一致,443,B0GXTVQ1JW,QS-088-38/39,QS-088-38/39,公司,公司,2,2,0,B0GQBP3SH9,溯溪沙滩鞋,"Unisex Printed Water Shoes, Anti Skid Rubber Sole, Lightweight Slip On Beach Shoes",QS-088-38/39,4.69
一致,444,B0GXV172NT,QS-050-44/45,QS-050-44/45,公司,公司,1,1,0,B0GQBS64JX,溯溪沙滩鞋,"Beach Aqua Shoes Unisex, Non Slip Rubber Sole, Comfortable Insole, for Ocean",QS-050-44/45,4.99
一致,445,B0GXV24DB5,QS-044-44/45,QS-044-44/45,公司,公司,2,2,0,B0GQH38Y4J,溯溪沙滩鞋,Lightweight Foldable Water Shoes Comfort Beach Shoes for Pool Travel,QS-044-44/45,4.99
一致,446,B0GXVC1MV2,QS-082-44/45,QS-082-44/45,公司,公司,3,3,0,B0GQBP3SH9,溯溪沙滩鞋,"Unisex Aqua Shoes, Non Skid Rubber Sole, Stretch Fit, for Ocean Reef Walk",QS-082-44/45,4.99
一致,447,B0GXTQ8LY6,QS-024-44/45,QS-024-44/45,公司,公司,2,2,0,B0GQBS64JX,溯溪沙滩鞋,"Beach Shoes for Men Women, Non Slip Rubber Sole, Quick Dry Printed Aqua Shoes",QS-024-44/45,4.99
一致,448,B0GXTVP4L8,QS-002-44/45,QS-002-44/45,公司,公司,3,3,0,B0GQBS64JX,溯溪沙滩鞋,Water Shoes for Women Men Quick Dry Barefoot Beach Swim Pool Walking Shoes,QS-002-44/45,4.99
一致,449,B0GZP4G8W6,QS-068-44/45,QS-073-44/45 / QS-068-44/45,公司,公司,2,2,0,B0GQBS64JX,溯溪沙滩鞋,Summer Beach Shoes Lightweight Water Shoes for Women Men Daily Sports,QS-068-44/45,4.99
FBA可售不一致,450,B0GXVC1MV4,QS-090-38/39,QS-090-38/39,公司,公司,1,2,0,B0GQBS64JX,溯溪沙滩鞋,"Beach Water Shoes Unisex, Anti Slip Pattern Sole, Quick Dry Swim Shoes for Ocean",QS-090-38/39,4.99
一致,451,B0GXTZTGXD,QS-069-38/39,QS-069-38/39,公司,公司,1,1,0,B0GQBP3SH9,溯溪沙滩鞋,"Ocean Swim Water Shoes Unisex, Anti Slip Rubber Sole, Stretch Fit Beach Shoes",QS-069-38/39,4.69
一致,452,B0GXV3C6N3,QS-074-38/39,QS-074-38/39,公司,公司,4,4,0,B0GQBS64JX,溯溪沙滩鞋,"Diving Beach Water Shoes Men Women, Non Slip Rubber Sole, Quick Dry Swim Shoes",QS-074-38/39,4.99
一致,453,B0GXV6NHDY,QS-069-44/45,QS-069-44/45,公司,公司,1,1,0,B0GQBP3SH9,溯溪沙滩鞋,"Ocean Swim Water Shoes Unisex, Anti Slip Rubber Sole, Stretch Fit Beach Shoes",QS-069-44/45,4.69
一致,454,B0GXHT1DCC,QS-040-38/39,QS-040-38/39,公司,公司,4,4,0,B0GQBS64JX,溯溪沙滩鞋,"Lightweight Beach Water Shoes for Men Women, Anti Slip Sole, Quick Dry Swim",QS-040-38/39,4.99
一致,455,B0GXHJNQHM,QS-071-36/37,QS-071-36/37,公司,公司,4,4,0,B0GQBP3SH9,溯溪沙滩鞋,Quick Dry Foldable Water Shoes Comfort Non Slip Beach Walking Shoes,QS-071-36/37,3.99
一致,456,B0GXHHVSXG,QS-045-44/45,QS-045-44/45,公司,公司,1,1,0,B0GQBS64JX,溯溪沙滩鞋,"Water Shoes Unisex, Anti Skid Sole, Thick Cushion Insole, for Kayak Rafting",QS-045-44/45,4.99
一致,457,B0GXHMSZ5J,QS-047-44/45,QS-047-44/45,公司,公司,4,4,1,B0GQBS64JX,溯溪沙滩鞋,"Printed Beach Water Shoes Unisex, Non Slip Rubber Sole, Lightweight Swim Shoes",QS-047-44/45,4.99
FBA可售不一致,458,B0GXHGC89T,QS-015-38/39,QS-015-38/39,公司,公司,12,13,0,B0GQBS64JX,溯溪沙滩鞋,Breathable Water Shoes Non Slip Beach Shoes for Women Men Outdoor Sports,QS-015-38/39,4.99
一致,459,B0GXJ3MPVV,QS-031-44/45,QS-031-44/45,公司,公司,2,2,0,B0GQBS64JX,溯溪沙滩鞋,Soft Water Shoes Lightweight Quick Dry Shoes for Beach Surfing Yoga,QS-031-44/45,4.99
一致,460,B0GXHT83ZQ,QS-031-38/39,QS-031-38/39,公司,公司,4,4,1,B0GQBS64JX,溯溪沙滩鞋,Soft Water Shoes Lightweight Quick Dry Shoes for Beach Surfing Yoga,QS-031-38/39,4.99
一致,461,B0GXHQLLTC,QS-062-38/39,QS-062-38/39,公司,公司,1,1,0,B0GQBS64JX,溯溪沙滩鞋,"Non Slip Aqua Shoes Men Women, Rubber Sole, Quick Dry Slip On for Swimming",QS-062-38/39,4.99
一致,462,B0GXHHGSVV,QS-040-36/37,QS-040-36/37,公司,公司,2,2,0,B0GQBS64JX,溯溪沙滩鞋,"Lightweight Beach Water Shoes for Men Women, Anti Slip Sole, Quick Dry Swim",QS-040-36/37,4.99
一致,463,B0GXHTP7GF,QS-005-44/45,QS-005-44/45,公司,公司,1,1,0,B0GQBS64JX,溯溪沙滩鞋,"Unisex Swim Shoes, Rubber Outsole Anti Slip, Soft Stretch Upper, for Beach Snorkel",QS-005-44/45,4.99
一致,464,B0GXHVXC4T,QS-005-38/39,QS-005-38/39,公司,公司,3,3,0,B0GQBS64JX,溯溪沙滩鞋,"Unisex Swim Shoes, Rubber Outsole Anti Slip, Soft Stretch Upper, for Beach Snorkel",QS-005-38/39,4.99
一致,465,B0GXHMKTHV,QS-015-36/37,QS-015-36/37,公司,公司,4,4,0,B0GQBS64JX,溯溪沙滩鞋,Breathable Water Shoes Non Slip Beach Shoes for Women Men Outdoor Sports,QS-015-36/37,4.99
一致,466,B0GXHP4P3S,QS-009-38/39,QS-009-38/39,公司,公司,9,9,0,B0GQBP3SH9,溯溪沙滩鞋,Foldable Beach Shoes Slip On Water Shoes for Pool Beach Travel Outdoor,QS-009-38/39,3.99
FBA可售不一致,467,B0GXHPJX87,QS-032-38/39,QS-032-38/39,公司,公司,6,7,1,B0GQBS64JX,溯溪沙滩鞋,"Beach Shoes for Men Women, Non Slip Rubber Sole, Quick Dry Printed Aqua Shoes",QS-032-38/39,4.99
一致,468,B0GXHNXSGS,QS-009-36/37,QS-009-36/37,公司,公司,5,5,0,B0GQBP3SH9,溯溪沙滩鞋,Foldable Beach Shoes Slip On Water Shoes for Pool Beach Travel Outdoor,QS-009-36/37,3.99
FBA可售不一致,469,B0GXHJQM2G,QS-008-38/39,QS-008-38/39,公司,公司,10,13,0,B0GQBS64JX,溯溪沙滩鞋,"Slip On Water Shoes for Men Women, Non Slip Sole, Lightweight Travel Beach Shoes",QS-008-38/39,4.99
一致,470,B0GXHHYDK7,QS-071-38/39,QS-071-38/39,公司,公司,2,2,0,B0GQBP3SH9,溯溪沙滩鞋,Quick Dry Foldable Water Shoes Comfort Non Slip Beach Walking Shoes,QS-071-38/39,4.99
一致,471,B0GXHJJTRC,QS-077-36/37,QS-077-36/37,公司,公司,4,4,0,B0GQBP3SH9,溯溪沙滩鞋,"Water Shoes Men Women, Anti Slip Rubber Outsole, Lightweight, for Surf Snorkel",QS-077-36/37,4.69
一致,472,B0GXHVHRM9,QS-031-36/37,QS-031-36/37,公司,公司,6,6,0,B0GQBS64JX,溯溪沙滩鞋,Soft Water Shoes Lightweight Quick Dry Shoes for Beach Surfing Yoga,QS-031-36/37,4.99
一致,473,B0GXHK72ZF,QS-085-36/37,QS-085-36/37,公司,公司,1,1,0,B0GQBP3SH9,溯溪沙滩鞋,"Rafting River Shoes Unisex, Non Skid Sole, Durable Rubber Outsole, Quick Dry",QS-085-36/37,4.69
FBA可售不一致,474,B0GXHJS7N8,QS-032-44/45,QS-032-44/45,公司,公司,5,4,2,B0GQBS64JX,溯溪沙滩鞋,"Beach Shoes for Men Women, Non Slip Rubber Sole, Quick Dry Printed Aqua Shoes",QS-032-44/45,4.99
一致,475,B0GXHY1RN3,QS-095-36/37,QS-095-36/37,公司,公司,2,2,0,B0GQBS64JX,溯溪沙滩鞋,"Beach Swim Water Shoes for Men Women, Non Slip Sole, Printed Quick Dry Slip On",QS-095-36/37,4.99
FBA可售不一致,476,B0GXHNGY1D,QS-008-44/45,QS-008-44/45,公司,公司,7,4,4,B0GQBS64JX,溯溪沙滩鞋,"Slip On Water Shoes for Men Women, Non Slip Sole, Lightweight Travel Beach Shoes",QS-008-44/45,4.99
一致,477,B0GXHJ86QW,QS-021-36/37,QS-021-36/37,公司,公司,4,4,0,B0GQBS64JX,溯溪沙滩鞋,"Unisex Reef Shoes, Non Slip Rubber Sole, Protective Water Shoes for Beach Ocean",QS-021-36/37,4.99
一致,478,B0GXHVNVX1,QS-047-38/39,QS-047-38/39,公司,公司,7,7,0,B0GQBS64JX,溯溪沙滩鞋,"Printed Beach Water Shoes Unisex, Non Slip Rubber Sole, Lightweight Swim Shoes",QS-047-38/39,4.99
一致,479,B0GXHKGMK1,QS-093-44/45,QS-093-44/45,公司,公司,1,1,0,B0GQBS64JX,溯溪沙滩鞋,"Diving Snorkel Shoes Men Women, Non Slip Rubber Sole, Quick Dry Water Shoes",QS-093-44/45,4.99
FBA可售不一致,480,B0GXHNTB1B,QS-008-36/37,QS-008-36/37,公司,公司,6,7,0,B0GQBS64JX,溯溪沙滩鞋,"Slip On Water Shoes for Men Women, Non Slip Sole, Lightweight Travel Beach Shoes",QS-008-36/37,4.99
一致,481,B0GXJ3L8RT,QS-005-36/37,QS-005-36/37,公司,公司,2,2,0,B0GQBS64JX,溯溪沙滩鞋,"Unisex Swim Shoes, Rubber Outsole Anti Slip, Soft Stretch Upper, for Beach Snorkel",QS-005-36/37,4.99
一致,482,B0GXHQVRGF,QS-013-38/39,QS-013-38/39,公司,公司,2,2,0,B0GQBS64JX,溯溪沙滩鞋,"Rafting Water Shoes Unisex, Non Slip Rubber Sole, Stretch Fit Slip On Aqua Shoes",QS-013-38/39,4.99
FBA可售不一致,483,B0GXHTM2VG,QS-077-38/39,QS-077-38/39,公司,公司,1,0,1,B0GQBP3SH9,溯溪沙滩鞋,"Water Shoes Men Women, Anti Slip Rubber Outsole, Lightweight, for Surf Snorkel",QS-077-38/39,3.99
一致,484,B0GXHMNVVM,QS-085-38/39,QS-085-38/39,公司,公司,3,3,1,B0GQBP3SH9,溯溪沙滩鞋,"Rafting River Shoes Unisex, Non Skid Sole, Durable Rubber Outsole, Quick Dry",QS-085-38/39,3.99
一致,485,B0GXHP959H,QS-047-36/37,QS-047-36/37,公司,公司,7,7,0,B0GQBS64JX,溯溪沙滩鞋,"Printed Beach Water Shoes Unisex, Non Slip Rubber Sole, Lightweight Swim Shoes",QS-047-36/37,4.99
一致,486,B0GXHF83LP,QS-042-44/45,QS-042-44/45,公司,公司,2,2,0,B0GQBS64JX,溯溪沙滩鞋,"Unisex Swim Shoes, Non Skid Rubber Sole, Packable Quick Dry Beach Shoes",QS-042-44/45,4.99
一致,487,B0GXHVWPMF,QS-040-44/45,QS-040-44/45,公司,公司,6,6,0,B0GQBS64JX,溯溪沙滩鞋,"Lightweight Beach Water Shoes for Men Women, Anti Slip Sole, Quick Dry Swim",QS-040-44/45,4.99
一致,488,B0GXHG4JJ4,QS-083-38/39,QS-083-38/39,公司,公司,3,3,1,B0GQBP3SH9,溯溪沙滩鞋,Lightweight Aqua Shoes Quick Dry Water Shoes for Beach Pool Activities,QS-083-38/39,3.99
一致,489,B0GXHJPRNZ,QS-083-44/45,QS-083-44/45,公司,公司,3,3,0,B0GQBP3SH9,溯溪沙滩鞋,Lightweight Aqua Shoes Quick Dry Water Shoes for Beach Pool Activities,QS-083-44/45,4.69
FBA可售不一致,490,B0GXHF7SXG,QS-042-38/39,QS-042-38/39,公司,公司,1,2,0,B0GQBS64JX,溯溪沙滩鞋,"Unisex Swim Shoes, Non Skid Rubber Sole, Packable Quick Dry Beach Shoes",QS-042-38/39,4.99
FBA可售不一致,491,B0GXHMNQ4K,QS-032-36/37,QS-032-36/37,公司,公司,4,5,0,B0GQBS64JX,溯溪沙滩鞋,"Beach Shoes for Men Women, Non Slip Rubber Sole, Quick Dry Printed Aqua Shoes",QS-032-36/37,4.99
FBA可售不一致,492,B0GXHMZ7NC,QS-021-38/39,QS-021-38/39,公司,公司,5,6,0,B0GQBS64JX,溯溪沙滩鞋,"Unisex Reef Shoes, Non Slip Rubber Sole, Protective Water Shoes for Beach Ocean",QS-021-38/39,4.99
一致,493,B0GXHLQPL1,QS-077-44/45,QS-077-44/45,公司,公司,2,2,0,B0GQBP3SH9,溯溪沙滩鞋,"Water Shoes Men Women, Anti Slip Rubber Outsole, Lightweight, for Surf Snorkel",QS-077-44/45,4.69
FBA可售不一致,494,B0GXCYL5NF,SP-NZ-X01,SP-NZ-X01,图图,图图,1,7,0,B0GXD26CK5,镊子,"Anti-Static Tweezers, 4 Styles: Straight, Curved, Round & Fine Point, Precision Stainless Steel for Electronics & Crafts",SP-NZ-X01,2.99
FBA可售不一致,495,B0GX9Z8DK7,KCC-LSTTJL-30PCS,KCC-LSTTJL-30PCS,凯旋,凯旋,3,5,1,B0GXB58BWF,30件螺丝批套筒棘轮组套,"30-Piece Ratchet Screwdriver Set with Socket Sleeves, Multi-Bit Home Repair Tool Kit with Storage Case, Phillips Slotted Torx Hex Bits for Furniture, Appliance, Electronics and DIY Projects",KCC-LSTTJL-30PCS,12.89
一致,496,B0GX67CX5C,KCC-NK1-2XL,KCC-NK1-2XL,凯旋,凯旋,6,6,0,B0GX5YLD4W,男士内裤,"4 Pack Men's Underwear, Soft Breathable Boxer Briefs, Stretch Comfortable Moisture Wicking Underwear for Men Daily Wear Multicolor",KCC-NK-2XL,11.5
FBA可售不一致,497,B0GX3N743B,KCC-ST-HEI,KCC-ST-HEI,凯旋,凯旋,5,4,0,B0GX378BT9,健身手套,"Weight Lifting Gym Grips Pads, Heavy Duty Suede Leather Hand Grips for Weightlifting, Deadlift, Pull Up, Strength Training",KCC-JSST-HEI,2.99
一致,498,B0GX373Q2W,KCC-ST-LV,KCC-ST-LV,凯旋,凯旋,3,3,0,B0GX378BT9,健身手套,"Weight Lifting Gym Grips Pads, Heavy Duty Suede Leather Hand Grips for Weightlifting, Deadlift, Pull Up, Strength Training",KCC-JSST-LV,2.99
FBA可售不一致,499,B0GX36B5MY,KCC-ST-HUI,KCC-ST-HUI,凯旋,凯旋,6,4,0,B0GX378BT9,健身手套,"Weight Lifting Gym Grips Pads, Heavy Duty Suede Leather Hand Grips for Weightlifting, Deadlift, Pull Up, Strength Training",KCC-JSST-HUI,2.99
一致,500,B0GX33N93M,KCC-ST-HONG,KCC-ST-HONG,凯旋,凯旋,4,4,0,B0GX378BT9,健身手套,"Weight Lifting Gym Grips Pads, Heavy Duty Suede Leather Hand Grips for Weightlifting, Deadlift, Pull Up, Strength Training",KCC-JSST-HONG,2.99
FBA可售不一致,501,B0GX38ZRG9,KCC-ST-ZONG,KCC-ST-ZONG,凯旋,凯旋,8,5,0,B0GX378BT9,健身手套,"Weight Lifting Gym Grips Pads, Heavy Duty Suede Leather Hand Grips for Weightlifting, Deadlift, Pull Up, Strength Training",KCC-JSST-ZONG,2.99
一致,502,B0GX1BDR68,QS-096-38/39,QS-096-38/39,公司,公司,6,6,0,B0GQBP3SH9,溯溪沙滩鞋,"Aqua Shoes Unisex, Anti Slip Rubber Sole, Quick Dry, for Surf Pool Ocean Beach",QS-096-38/39,4.99
一致,503,B0GX1GNS3Q,QS-096-36/37,QS-096-36/37,公司,公司,3,3,0,B0GQBP3SH9,溯溪沙滩鞋,"Aqua Shoes Unisex, Anti Slip Rubber Sole, Quick Dry, for Surf Pool Ocean Beach",QS-096-36/37,4.99
一致,504,B0GX1D7FFH,QS-0961-42/43,QS-0961-42/43,公司,公司,2,2,0,B0GVYWN441,溯溪沙滩鞋,"Water Shoes for Women Men, Aqua Socks, Swim Footwear, Pool Gym Shower Beach Resort Summer Travel Pair",QS-0961-42/43,4.99
一致,505,B0GX1HSQJ7,QS-087-44/45,QS-087-44/45,公司,公司,4,4,0,B0GQBP3SH9,溯溪沙滩鞋,"Water Shoes Men Women, Non Slip Sole, Quick Dry, for Creek Hiking Beach Travel",QS-087-44/45,4.99
一致,506,B0GX1GNSCB,QS-0531-42/43,QS-0531-42/43,公司,公司,1,1,0,B0GVYWN441,溯溪沙滩鞋,"River Shoes for Women Men, Aqua Socks, Barefoot Swim Footwear, Kayaking Beach Dock Summer Travel Pair",QS-0531-42/43,4.99
一致,507,B0GX18WT9V,QS-0961-40/41,QS-0961-40/41,公司,公司,3,3,0,B0GVYWN441,溯溪沙滩鞋,"Water Shoes for Women Men, Aqua Socks, Swim Footwear, Pool Gym Shower Beach Resort Summer Travel Pair",QS-0961-40/41,4.99
FBA可售不一致,508,B0GX15M3T7,QS-053-36/37,QS-053-36/37,公司,公司,2,3,0,B0GQBP3SH9,溯溪沙滩鞋,"Slip On Beach Shoes Men Women, Non Skid Sole, Quick Dry Water Shoes",QS-053-36/37,4.99
一致,509,B0GX1B2PYW,QS-053-38/39,QS-053-38/39,公司,公司,4,4,0,B0GQBP3SH9,溯溪沙滩鞋,"Slip On Beach Shoes Men Women, Non Skid Sole, Quick Dry Water Shoes",QS-053-38/39,4.99
FBA可售不一致,510,B0GX1BB6G8,QS-096-44/45,QS-096-44/45,公司,公司,2,3,0,B0GQBP3SH9,溯溪沙滩鞋,"Aqua Shoes Unisex, Anti Slip Rubber Sole, Quick Dry, for Surf Pool Ocean Beach",QS-096-44/45,4.99
FBA可售不一致,511,B0GX1H4VZ6,QS-022-44/45,QS-022-44/45,公司,公司,12,14,0,B0GQBS64JX,溯溪沙滩鞋,Breathable Water Shoes Non Slip Quick Dry Shoes for Beach Swimming,QS-022-44/45,4.99
FBA可售不一致,512,B0GX1G5PCM,QS-066-36/37,QS-066-36/37,公司,公司,2,3,0,B0GQBS64JX,溯溪沙滩鞋,"Slip On Swim Shoes Unisex, Non Slip Rubber Sole, Lightweight Quick Dry Aqua Shoes",QS-066-36/37,4.99
一致,513,B0GX16DFNQ,QS-0961-44/45,QS-0961-44/45,公司,公司,3,3,0,B0GVYWN441,溯溪沙滩鞋,"Water Shoes for Women Men, Aqua Socks, Swim Footwear, Pool Gym Shower Beach Resort Summer Travel Pair",QS-0961-44/45,4.99
一致,514,B0GX1K9SBW,QS-066-44/45,QS-066-44/45,公司,公司,2,2,0,B0GQBS64JX,溯溪沙滩鞋,"Slip On Swim Shoes Unisex, Non Slip Rubber Sole, Lightweight Quick Dry Aqua Shoes",QS-066-44/45,4.99
一致,515,B0GX1C498C,QS-022-36/37,QS-022-36/37,公司,公司,14,14,1,B0GQBS64JX,溯溪沙滩鞋,Breathable Water Shoes Non Slip Quick Dry Shoes for Beach Swimming,QS-022-36/37,4.99
一致,516,B0GX18FZNP,QS-087-36/37,QS-087-36/37,公司,公司,4,4,1,B0GQBP3SH9,溯溪沙滩鞋,"Water Shoes Men Women, Non Slip Sole, Quick Dry, for Creek Hiking Beach Travel",QS-087-36/37,3.99
一致,517,B0GX15TYTL,QS-053-44/45,QS-053-44/45,公司,公司,2,2,1,B0GQBP3SH9,溯溪沙滩鞋,"Slip On Beach Shoes Men Women, Non Skid Sole, Quick Dry Water Shoes",QS-053-44/45,4.99
一致,518,B0GX1649KX,QS-0221-38/39,QS-0221-38/39,公司,公司,1,1,0,B0GVYWN441,溯溪沙滩鞋,"Beach Shoes for Women Men, Aqua Socks, Lightweight Water Footwear, Boardwalk Pool Resort Travel Pair",QS-0221-38/39,3.99
FBA可售不一致,519,B0GX1KG5YS,QS-066-38/39,QS-066-38/39,公司,公司,8,9,0,B0GQBS64JX,溯溪沙滩鞋,"Slip On Swim Shoes Unisex, Non Slip Rubber Sole, Lightweight Quick Dry Aqua Shoes",QS-066-38/39,4.99
一致,520,B0GWM7MSX6,SP-MT01-chun,SP-MT01-chun,图图,图图,1,1,0,B0GWMK62TD,马桶垫,"Adhesive Toilet Seat Cover, Reusable Sticky Toilet Seat Cushion, Universal Four-Season Toilet Seat Pad (Multiple Patterns)",SP-MT01-chun,4.44
一致,521,B0GWPBGMCG,SP-WZ-chuan01,SP-WZ-chuan01,图图,图图,5,5,1,B0GWPDNKBC,袜子,"No Show Liner Socks for Women & Men, Breathable Cooling Summer Boat Socks, Invisible Non-Slip Casual Socks,5 Pairs",SP-WZ-chuan01,5.99
一致,522,B0GWM1N71D,SP-SJ70,SP-SJ70,图图,图图,1,1,0,B0GWPRJBLQ,丝巾,"27.56 Inch Silk Feeling Scarf for Women, Square Satin Head Scarf, Fashion Hair Wrap Bandana for All Occasions",SP-SJ70,5.79
一致,523,B0GWPF8SFK,KCC-FSD-W20,KCC-FSD-W20,凯旋,凯旋,7,7,0,B0GWPBRJCH,防水袋,"20L Waterproof Dry Bag, Roll Top Sack for Kayaking, Boating, Fishing, Camping, Hiking, Beach, Swimming, Keep Gear Dry",KCC-FSD-W20,9.99
FBA可售不一致,524,B0GWP6YC9B,KCC-FSD-B20,KCC-FSD-B20,凯旋,凯旋,4,5,0,B0GWPBRJCH,防水袋,"20L Waterproof Dry Bag, Roll Top Sack for Kayaking, Boating, Fishing, Camping, Hiking, Beach, Swimming, Keep Gear Dry",KCC-FSD-B20,9.99
FBA可售不一致,525,B0GWMD6H3X,KCC-CKYSK-1,KCC-CKYSK-1,凯旋,凯旋,8,23,1,B0GWM6Q395,卡通钥匙扣,"Highland Cow Keychain, Cow Keychain, Keychain For Women, Bag Charm Keychain, Purse Keychain",KCC-CKYSK-1,1.16
FBA可售不一致,526,B0GWMFQCCF,KCC-YTGS-R,KCC-YTGS-R,凯旋,凯旋,19,23,0,B0GWMG7S58,樱桃挂饰,"Cherry Keychain, Cute Leather Key Ring Charm for Car Keys, Bag, Purse, Backpack, Gift for Women, Mom, Wife, Daily Use",KCC-YTGS-R,1.56
FBA可售不一致,527,B0GWMFLZ51,SP-WZ-si01,SP-WZ-si01,图图,图图,14,6,0,B0GWMBJGRQ,袜子,"Women's Ice Silk Crew Socks 5 Pairs, Thin Breathable Cool Socks, Lightweight Soft Summer Socks",SP-WZ-si01,2.99
一致,528,B0GWLZX8QN,SP-FSD-hong,SP-FSD-hong,图图,图图,1,1,0,B0GWLZDX4Q,防水袋,"1 Pack Waterproof Phone Pouch, IPX8 Underwater Dry Bag Case for Phones Up to 7.5"", Compatible with iPhone Samsung Multiple Colors Red",SP-FSD-hong,4.48
一致,529,B0GWLNYC12,SP-FSD-huang,SP-FSD-huang,图图,图图,6,6,0,B0GWLZDX4Q,防水袋,"1 Pack Waterproof Phone Pouch, IPX8 Underwater Dry Bag Case for Phones Up to 7.5"", Compatible with iPhone Samsung Multiple Colors Yellow",SP-FSD-huang,4.48
FBA可售不一致,530,B0GWLWGMLQ,SP-FSD-lu,SP-FSD-lu,图图,图图,1,2,0,B0GWLZDX4Q,防水袋,"1 Pack Waterproof Phone Pouch, IPX8 Underwater Dry Bag Case for Phones Up to 7.5"", Compatible with iPhone Samsung Multiple Colors Green",SP-FSD-lu,4.48
一致,531,B0GWLL3JXX,SP-FSD-hei,SP-FSD-hei,图图,图图,6,6,0,B0GWLZDX4Q,防水袋,"1 Pack Waterproof Phone Pouch, IPX8 Underwater Dry Bag Case for Phones Up to 7.5"", Compatible with iPhone Samsung Multiple Colors Black",SP-FSD-hei,4.48
一致,532,B0GWLW27RB,SP-FSD-bai,SP-FSD-bai,图图,图图,5,5,0,B0GWLZDX4Q,防水袋,"1 Pack Waterproof Phone Pouch, IPX8 Underwater Dry Bag Case for Phones Up to 7.5"", Compatible with iPhone Samsung Multiple Colors White",SP-FSD-bai,4.48
一致,533,B0GWLYK233,SP-FSD-shenlan,SP-FSD-shenlan,图图,图图,5,5,0,B0GWLZDX4Q,防水袋,"1 Pack Waterproof Phone Pouch, IPX8 Underwater Dry Bag Case for Phones Up to 7.5"", Compatible with iPhone Samsung Multiple Colors",SP-FSD-shenlan,4.48
一致,534,B0GWLNH6VJ,SP-FSD-feng,SP-FSD-feng,图图,图图,3,3,0,B0GWLZDX4Q,防水袋,"1 Pack Waterproof Phone Pouch, IPX8 Underwater Dry Bag Case for Phones Up to 7.5"", Compatible with iPhone Samsung Multiple Colors Pink",SP-FSD-feng,4.48
一致,535,B0GWLMTMSB,SP-FSD-hui,SP-FSD-hui,图图,图图,5,5,0,B0GWLZDX4Q,防水袋,"1 Pack Waterproof Phone Pouch, IPX8 Underwater Dry Bag Case for Phones Up to 7.5"", Compatible with iPhone Samsung Multiple Colors Gray",SP-FSD-hui,4.48
一致,536,B0GWM2XZR9,SP-FSD-lan,SP-FSD-lan,图图,图图,4,4,0,B0GWLZDX4Q,防水袋,"1 Pack Waterproof Phone Pouch, IPX8 Underwater Dry Bag Case for Phones Up to 7.5"", Compatible with iPhone Samsung Multiple Colors Blue",SP-FSD-lan,4.48
FBA可售不一致,537,B0GWLJ7XGS,SP-XIE-F40/41,SP-XIE-F40/41,公司,公司,4,2,0,B0GWL9YZNY,溯溪沙滩鞋,Men Women Water Shoes Quick Dry Non Slip Barefoot Shoes Lightweight Breathable Beach Swim Surf Yoga Outdoor Sports Aqua Socks,SP-XIE-F40/41,4.99
FBA可售不一致,538,B0GWLF5MPL,SP-XIE-S40/41,SP-XIE-S40/41,公司,公司,7,8,1,B0GWL9YZNY,溯溪沙滩鞋,Men Women Water Shoes Quick Dry Non Slip Barefoot Shoes Lightweight Breathable Beach Swim Surf Yoga Outdoor Sports Aqua Socks,SP-XIE-S40/41,4.99
一致,539,B0GWL7PP57,SP-XIE-L40/41,SP-XIE-L40/41,公司,公司,15,15,0,B0GWL9YZNY,溯溪沙滩鞋,Men Women Water Shoes Quick Dry Non Slip Barefoot Shoes Lightweight Breathable Beach Swim Surf Yoga Outdoor Sports Aqua Socks,SP-XIE-L40/41,4.99
一致,540,B0GWLLLBGM,SP-XIE-Z44/45,SP-XIE-Z44/45,公司,公司,8,8,0,B0GWL9YZNY,溯溪沙滩鞋,Men Women Water Shoes Quick Dry Non Slip Barefoot Shoes Lightweight Breathable Beach Swim Surf Yoga Outdoor Sports Aqua Socks,SP-XIE-Z44/45,4.99
一致,541,B0GWLBM2DW,SP-XIE-L42/43,SP-XIE-L42/43,公司,公司,4,4,0,B0GWL9YZNY,溯溪沙滩鞋,Men Women Water Shoes Quick Dry Non Slip Barefoot Shoes Lightweight Breathable Beach Swim Surf Yoga Outdoor Sports Aqua Socks,SP-XIE-L42/43,4.99
一致,542,B0GWL4Y318,SP-XIE-Q38/39,SP-XIE-Q38/39,公司,公司,10,10,0,B0GWL9YZNY,溯溪沙滩鞋,Men Women Water Shoes Quick Dry Non Slip Barefoot Shoes Lightweight Breathable Beach Swim Surf Yoga Outdoor Sports Aqua Socks,SP-XIE-Q38/39,3.99
一致,543,B0GWL5BCKV,SP-XIE-H44/45,SP-XIE-H44/45,公司,公司,18,18,1,B0GWL9YZNY,溯溪沙滩鞋,Men Women Water Shoes Quick Dry Non Slip Barefoot Shoes Lightweight Breathable Beach Swim Surf Yoga Outdoor Sports Aqua Socks,SP-XIE-H44/45,4.99
一致,544,B0GWL7LLPX,SP-XIE-L36/37,SP-XIE-L36/37,公司,公司,7,7,0,B0GWL9YZNY,溯溪沙滩鞋,Men Women Water Shoes Quick Dry Non Slip Barefoot Shoes Lightweight Breathable Beach Swim Surf Yoga Outdoor Sports Aqua Socks,SP-XIE-L36/37,4.99
一致,545,B0GWL8SQ8L,SP-XIE-S36/37,SP-XIE-S36/37,公司,公司,7,7,0,B0GWL9YZNY,溯溪沙滩鞋,Men Women Water Shoes Quick Dry Non Slip Barefoot Shoes Lightweight Breathable Beach Swim Surf Yoga Outdoor Sports Aqua Socks,SP-XIE-S36/37,4.99
一致,546,B0GWLCC48L,SP-XIE-Z38/39,SP-XIE-Z38/39,公司,公司,11,11,0,B0GWL9YZNY,溯溪沙滩鞋,Men Women Water Shoes Quick Dry Non Slip Barefoot Shoes Lightweight Breathable Beach Swim Surf Yoga Outdoor Sports Aqua Socks,SP-XIE-Z38/39,3.99
一致,547,B0GWKYJ6CF,SP-XIE-L38/39,SP-XIE-L38/39,公司,公司,9,9,1,B0GWL9YZNY,溯溪沙滩鞋,Men Women Water Shoes Quick Dry Non Slip Barefoot Shoes Lightweight Breathable Beach Swim Surf Yoga Outdoor Sports Aqua Socks,SP-XIE-L38/39,4.99
一致,548,B0GWL9W5YR,SP-XIE-Q36/37,SP-XIE-Q36/37,公司,公司,7,7,0,B0GWL9YZNY,溯溪沙滩鞋,Men Women Water Shoes Quick Dry Non Slip Barefoot Shoes Lightweight Breathable Beach Swim Surf Yoga Outdoor Sports Aqua Socks,SP-XIE-Q36/37,3.99
一致,549,B0GWL7TJTT,SP-XIE-S38/39,SP-XIE-S38/39,公司,公司,8,8,1,B0GWL9YZNY,溯溪沙滩鞋,Men Women Water Shoes Quick Dry Non Slip Barefoot Shoes Lightweight Breathable Beach Swim Surf Yoga Outdoor Sports Aqua Socks,SP-XIE-S38/39,3.99
FBA可售不一致,550,B0GWLBJPCN,SP-XIE-H42/43,SP-XIE-H42/43,公司,公司,14,15,1,B0GWL9YZNY,溯溪沙滩鞋,Men Women Water Shoes Quick Dry Non Slip Barefoot Shoes Lightweight Breathable Beach Swim Surf Yoga Outdoor Sports Aqua Socks,SP-XIE-H42/43,4.99
一致,551,B0GWL148VJ,SP-XIE-H36/37,SP-XIE-H36/37,公司,公司,7,7,0,B0GWL9YZNY,溯溪沙滩鞋,Men Women Water Shoes Quick Dry Non Slip Barefoot Shoes Lightweight Breathable Beach Swim Surf Yoga Outdoor Sports Aqua Socks,SP-XIE-H36/37,3.99
一致,552,B0GWL7SRKH,SP-XIE-Q44/45,SP-XIE-Q44/45,公司,公司,6,6,0,B0GWL9YZNY,溯溪沙滩鞋,Men Women Water Shoes Quick Dry Non Slip Barefoot Shoes Lightweight Breathable Beach Swim Surf Yoga Outdoor Sports Aqua Socks,SP-XIE-Q44/45,4.99
FBA可售不一致,553,B0GWKV7SVD,SP-XIE-L44/45,SP-XIE-L44/45,公司,公司,10,11,0,B0GWL9YZNY,溯溪沙滩鞋,Men Women Water Shoes Quick Dry Non Slip Barefoot Shoes Lightweight Breathable Beach Swim Surf Yoga Outdoor Sports Aqua Socks,SP-XIE-L44/45,4.99
一致,554,B0GWL7LH7Q,SP-XIE-Q40/41,SP-XIE-Q40/41,公司,公司,5,5,0,B0GWL9YZNY,溯溪沙滩鞋,Men Women Water Shoes Quick Dry Non Slip Barefoot Shoes Lightweight Breathable Beach Swim Surf Yoga Outdoor Sports Aqua Socks,SP-XIE-Q40/41,4.99
一致,555,B0GWHTK83K,QS-0941-44/45,QS-0941-44/45,公司,公司,2,2,0,B0GVYWN441,溯溪沙滩鞋,"Beach Footwear for Women Men, Aqua Socks, Slip On Water Shoes, Pool Lake Cruise Summer Vacation Pair",QS-0941-44/45,4.99
一致,556,B0GWJKY6B3,QS-035-44/45,QS-035-44/45,公司,公司,10,10,0,B0GQBP3SH9,溯溪沙滩鞋,"Rafting Beach Water Shoes Unisex, Anti Slip Rubber Sole, Quick Dry Slip On",QS-035-44/45,4.99
一致,557,B0GWHQQCYG,QS-084-36/37,QS-084-36/37,公司,公司,6,6,0,B0GQBP3SH9,溯溪沙滩鞋,"Snorkeling Water Shoes for Men Women, Non Slip Rubber Sole, Quick Dry Beach Shoes",QS-084-36/37,4.99
FBA可售不一致,558,B0GWJ1Z6PV,QS-035-36/37,QS-035-36/37,公司,公司,4,6,0,B0GQBP3SH9,溯溪沙滩鞋,"Rafting Beach Water Shoes Unisex, Anti Slip Rubber Sole, Quick Dry Slip On",QS-035-36/37,4.69
一致,559,B0GWHVDKQ4,QS-004-36/37,QS-004-36/37,公司,公司,5,5,0,B0GQBP3SH9,溯溪沙滩鞋,"Beach Water Shoes Unisex, Printed Design, Anti Slip Sole, Quick Dry Shoes for Pool Ocean",QS-004-36/37,4.99
FBA可售不一致,560,B0GWHM2CFD,QS-097-44/45,QS-097-44/45,公司,公司,1,4,0,B0GQBS64JX,溯溪沙滩鞋,Flexible Water Shoes Barefoot Slippers for Beach Pool Surfing Sports,QS-097-44/45,4.99
FBA可售不一致,561,B0GWHYY58F,QS-003-36/37,QS-003-36/37,公司,公司,24,19,0,B0GQBP3SH9,溯溪沙滩鞋,"Water Shoes for Men Women, Non Skid Sole, Stretch Fit, Snorkeling Surf Swim Shoes",QS-003-36/37,3.99
一致,562,B0GWHRZ4HZ,QS-060-36/37,QS-060-36/37,公司,公司,7,7,0,B0GQBS64JX,溯溪沙滩鞋,Non Slip Water Shoes Quick Dry Comfort Beach Shoes for Swimming Walking,QS-060-36/37,4.99
一致,563,B0GWHX5PC7,QS-004-38/39,QS-004-38/39,公司,公司,3,3,0,B0GQBP3SH9,溯溪沙滩鞋,"Beach Water Shoes Unisex, Printed Design, Anti Slip Sole, Quick Dry Shoes for Pool Ocean",QS-004-38/39,3.99
一致,564,B0GWHKXK8X,QS-094-36/37,QS-094-36/37,公司,公司,6,6,0,B0GQBS64JX,溯溪沙滩鞋,"Unisex River Trek Water Shoes, Anti Skid Sole, Durable Outsole, Quick Dry",QS-094-36/37,4.99
一致,565,B0GWHP69MV,QS-092-36/37,QS-092-36/37,公司,公司,1,1,0,B0GQBS64JX,溯溪沙滩鞋,All Terrain Water Shoes Lightweight Quick Dry Beach Swim Shoes,QS-092-36/37,4.99
一致,566,B0GWHP9JTG,QS-060-44/45,QS-060-44/45,公司,公司,4,4,0,B0GQBS64JX,溯溪沙滩鞋,Non Slip Water Shoes Quick Dry Comfort Beach Shoes for Swimming Walking,QS-060-44/45,4.99
FBA可售不一致,567,B0GWHLR3YX,QS-067-44/45,QS-067-44/45,公司,公司,4,5,0,B0GQBS64JX,溯溪沙滩鞋,"Water Shoes Unisex, Anti Slip Pattern Sole, Thick Insole, for Creek River Beach",QS-067-44/45,4.99
一致,568,B0GWHR9J54,QS-038-36/37,QS-038-36/37,公司,公司,2,2,0,B0GQBS64JX,溯溪沙滩鞋,"Slip On Aqua Water Shoes Men Women, Non Slip Sole, Printed Beach Swim Shoes",QS-038-36/37,4.99
FBA可售不一致,569,B0GWHQMP8N,QS-004-44/45,QS-004-44/45,公司,公司,4,3,0,B0GQBP3SH9,溯溪沙滩鞋,"Beach Water Shoes Unisex, Printed Design, Anti Slip Sole, Quick Dry Shoes for Pool Ocean",QS-004-44/45,4.99
一致,570,B0GWHZ5CH4,QS-091-44/45,QS-091-44/45,公司,公司,3,3,0,B0GQBS64JX,溯溪沙滩鞋,"Pool Beach Aqua Shoes Men Women, Non Skid Rubber Sole, Lightweight Quick Dry",QS-091-44/45,4.99
FBA可售不一致,571,B0GWHYCBNT,QS-029-36/37,QS-029-36/37,公司,公司,8,10,0,B0GQBP3SH9,溯溪沙滩鞋,"Snorkel Swim Water Shoes Unisex, Non Skid Rubber Sole, Stretch Fit Beach Shoes Black",QS-029-36/37,4.99
一致,572,B0GWJ2BYYK,QS-067-36/37,QS-067-36/37,公司,公司,2,2,0,B0GQBS64JX,溯溪沙滩鞋,"Water Shoes Unisex, Anti Slip Pattern Sole, Thick Insole, for Creek River Beach",QS-067-36/37,4.99
一致,573,B0GWHLSZGN,QS-092-44/45,QS-092-44/45,公司,公司,1,1,1,B0GQBS64JX,溯溪沙滩鞋,All Terrain Water Shoes Lightweight Quick Dry Beach Swim Shoes,QS-092-44/45,4.99
一致,574,B0GWHSBV7R,QS-035-38/39,QS-035-38/39,公司,公司,8,8,0,B0GQBP3SH9,溯溪沙滩鞋,"Rafting Beach Water Shoes Unisex, Anti Slip Rubber Sole, Quick Dry Slip On",QS-035-38/39,4.69
一致,575,B0GWHX8BBZ,QS-091-36/37,QS-091-36/37,公司,公司,4,4,0,B0GQBS64JX,溯溪沙滩鞋,"Pool Beach Aqua Shoes Men Women, Non Skid Rubber Sole, Lightweight Quick Dry",QS-091-36/37,4.99
一致,576,B0GWHR91C8,QS-099-36/37,QS-099-36/37,公司,公司,6,6,0,B0GQBP3SH9,溯溪沙滩鞋,"Creek River Water Shoes Men Women, Non Slip Rubber Sole, Quick Dry Slip On Shoes",QS-099-36/37,4.99
一致,577,B0GWHQ96FG,QS-016-44/45,QS-016-44/45,公司,公司,7,7,1,B0GQBS64JX,溯溪沙滩鞋,"Surf Water Shoes for Men Women, Anti Slip Rubber Sole, Stretch Upper, Quick Dry",QS-016-44/45,4.99
一致,578,B0GWHYB74S,QS-038-44/45,QS-038-44/45,公司,公司,2,2,0,B0GQBS64JX,溯溪沙滩鞋,"Slip On Aqua Water Shoes Men Women, Non Slip Sole, Printed Beach Swim Shoes",QS-038-44/45,4.99
一致,579,B0GWHLRHS3,QS-099-44/45,QS-099-44/45,公司,公司,1,1,0,B0GQBP3SH9,溯溪沙滩鞋,"Creek River Water Shoes Men Women, Non Slip Rubber Sole, Quick Dry Slip On Shoes",QS-099-44/45,4.99
一致,580,B0GWHX49PK,QS-003-44/45,QS-003-44/45,公司,公司,13,13,0,B0GQBP3SH9,溯溪沙滩鞋,"Water Shoes for Men Women, Non Skid Sole, Stretch Fit, Snorkeling Surf Swim Shoes",QS-003-44/45,4.99
一致,581,B0GWH2G47V,KCC-JSDK-XL,KCC-JSDK-XL,凯旋,凯旋,5,5,0,B0GWGP64SB,跑步紧身短裤,5 Pack Men's High Stretch Athletic Base Quick Dry Breathable Short Tights for Workout Gym Running Multicolor,KCC-JSDK-XL,12.52
一致,582,B0GWGWJQZJ,KCC-JSDK-S,KCC-JSDK-S,凯旋,凯旋,4,4,0,B0GWGP64SB,跑步紧身短裤,5 Pack Men's High Stretch Athletic Base Quick Dry Breathable Short Tights for Workout Gym Running Multicolor,KCC-JSDK-S,12.52
一致,583,B0GWGPVW5D,KCC-JSDK-M,KCC-JSDK-M,凯旋,凯旋,3,3,0,B0GWGP64SB,跑步紧身短裤,5 Pack Men's High Stretch Athletic Base Quick Dry Breathable Short Tights for Workout Gym Running Multicolor,KCC-JSDK-M,12.52
一致,584,B0GVZ5YD8H,QS-0941-42/43,QS-0941-42/43,公司,公司,3,3,0,B0GVYWN441,溯溪沙滩鞋,"Beach Footwear for Women Men, Aqua Socks, Slip On Water Shoes, Pool Lake Cruise Summer Vacation Pair",QS-0941-42/43,4.99
一致,585,B0GVZ3KF33,QS-0991-40/41,QS-0991-40/41,公司,公司,1,1,0,B0GVYWN441,溯溪沙滩鞋,"Pool Footwear for Women Men, Aqua Socks, Lightweight Swim Shoes, Spa Resort Beach Cruise Summer Pair",QS-0991-40/41,4.99
一致,586,B0GVYS2DQ1,QS-0971-38/39,QS-0971-38/39,公司,公司,1,1,0,B0GVYWN441,溯溪沙滩鞋,"Water Footwear for Women Men, Aqua Socks, Foldable Swim Shoes, Resort Beach Boat Dock Travel Pair",QS-0971-38/39,4.99
FBA可售不一致,587,B0GVYW6Y73,QS-0161-38/39,QS-0161-38/39,公司,公司,1,2,0,B0GVYWN441,溯溪沙滩鞋,"Barefoot Water Shoes, Quick-Dry Aqua Socks for Diving, Snorkeling, Surfing, Hiking, Beach, Non-Slip Breathable Footwear for Men Women",QS-0161-38/39,4.99
一致,588,B0GVYY1M4N,QS-060-38/39,QS-060-38/39,公司,公司,7,7,0,B0GQBS64JX,溯溪沙滩鞋,Non Slip Water Shoes Quick Dry Comfort Beach Shoes for Swimming Walking,QS-060-38/39,4.99
一致,589,B0GVYZTYT9,QS-003-38/39,QS-003-38/39,公司,公司,9,9,0,B0GQBP3SH9,溯溪沙滩鞋,"Water Shoes for Men Women, Non Skid Sole, Stretch Fit, Snorkeling Surf Swim Shoes",QS-003-38/39,4.99
一致,590,B0GVXW57L9,QS-067-38/39,QS-067-38/39,公司,公司,6,6,0,B0GQBS64JX,溯溪沙滩鞋,"Water Shoes Unisex, Anti Slip Pattern Sole, Thick Insole, for Creek River Beach",QS-067-38/39,4.99
一致,591,B0GVXLDPZT,ZD002-White-9/10,ZD002-White-9/10,公司,公司,1,1,0,B0GVXLDPZT,拖鞋,"Foldable EVA Travel Slippers for Women Men, Lightweight Quick Drying Non Slip Shower Sandals, Portable Flip Flops for Bathroom, Hotel, Beach, Pool & Cruise",ZD002-White-9/10,4.3
一致,592,B0GVXC2467,ZD002-White-6/7,ZD002-White-6/7,公司,公司,2,2,0,B0GVXC2467,拖鞋,"Foldable EVA Travel Slippers for Women Men, Lightweight Quick Drying Non Slip Shower Sandals, Portable Flip Flops for Bathroom, Hotel, Beach, Pool & Cruise",ZD002-White-6/7,3.99
FBA可售不一致,593,B0GVY271R9,QS-084-38/39,QS-084-38/39,公司,公司,1,2,0,B0GQBP3SH9,溯溪沙滩鞋,"Snorkeling Water Shoes for Men Women, Non Slip Rubber Sole, Quick Dry Beach Shoes",QS-084-38/39,4.99
FBA可售不一致,594,B0GVY41X9X,QS-016-38/39,QS-016-38/39,公司,公司,7,8,0,B0GQBS64JX,溯溪沙滩鞋,"Surf Water Shoes for Men Women, Anti Slip Rubber Sole, Stretch Upper, Quick Dry",QS-016-38/39,4.99
FBA可售不一致,595,B0GVXQ5Y8L,QS-029-38/39,QS-029-38/39,公司,公司,9,10,2,B0GQBP3SH9,溯溪沙滩鞋,"Snorkel Swim Water Shoes Unisex, Non Skid Rubber Sole, Stretch Fit Beach Shoes Black",QS-029-38/39,4.99
一致,596,B0GVXMF45F,QS-034-38/39,QS-034-38/39,公司,公司,3,3,0,B0GQBS64JX,溯溪沙滩鞋,"Swim Water Shoes for Men Women, Non Slip Sole, Comfortable Fit, for Beach Pool",QS-034-38/39,4.99
一致,597,B0GVXTRB9Q,ZD002-Grey-9/10,ZD002-Grey-9/10,公司,公司,4,4,1,B0GVXTRB9Q,拖鞋,"Foldable EVA Travel Slippers for Women Men, Lightweight Quick Drying Non Slip Shower Sandals, Portable Flip Flops for Bathroom, Hotel, Beach, Pool & Cruise",ZD002-Grey-9/10,4.3
一致,598,B0GVXQGDM9,ZD002-Blue-9/10,ZD002-Blue-9/10,公司,公司,4,4,0,B0GL91XJMF,拖鞋,"Foldable EVA Travel Slippers for Women Men, Lightweight Quick Drying Non Slip Shower Sandals, Portable Flip Flops for Bathroom, Hotel, Beach, Pool & Cruise",ZD002-Blue-9/10,4.3
一致,599,B0GVXBZSBK,QS-097-38/39,QS-097-38/39,公司,公司,2,2,0,B0GQBS64JX,溯溪沙滩鞋,Flexible Water Shoes Barefoot Slippers for Beach Pool Surfing Sports,QS-097-38/39,4.99
一致,600,B0GVX7K8MW,QS-094-38/39,QS-094-38/39,公司,公司,7,7,0,B0GQBS64JX,溯溪沙滩鞋,"Unisex River Trek Water Shoes, Anti Skid Sole, Durable Outsole, Quick Dry",QS-094-38/39,4.99
一致,601,B0GVXQXG2F,QS-092-38/39,QS-092-38/39,公司,公司,3,3,0,B0GQBS64JX,溯溪沙滩鞋,All Terrain Water Shoes Lightweight Quick Dry Beach Swim Shoes,QS-092-38/39,4.99
一致,602,B0GVXKCJ82,ZD002-Blue-10/11,ZD002-Blue-10/11,公司,公司,1,1,0,B0GL91XJMF,拖鞋,"Foldable EVA Travel Slippers for Women Men, Lightweight Quick Drying Non Slip Shower Sandals, Portable Flip Flops for Bathroom, Hotel, Beach, Pool & Cruise",ZD002-Blue-10/11,4.3
一致,603,B0GVXH7C28,QS-099-38/39,QS-099-38/39,公司,公司,4,4,1,B0GQBP3SH9,溯溪沙滩鞋,"Creek River Water Shoes Men Women, Non Slip Rubber Sole, Quick Dry Slip On Shoes",QS-099-38/39,4.99
一致,604,B0GVXS9JV9,QS-091-38/39,QS-091-38/39,公司,公司,1,1,1,B0GQBS64JX,溯溪沙滩鞋,"Pool Beach Aqua Shoes Men Women, Non Skid Rubber Sole, Lightweight Quick Dry",QS-091-38/39,4.99
FBA可售不一致,605,B0GVXCPVKZ,ZD002-Grey-10/11,ZD002-Grey-10/11,公司,公司,2,3,0,B0GVXCPVKZ,拖鞋,"Foldable EVA Travel Slippers for Women Men, Lightweight Quick Drying Non Slip Shower Sandals, Portable Flip Flops for Bathroom, Hotel, Beach, Pool & Cruise",ZD002-Grey-10/11,4.3
FBA可售不一致,606,B0GVWFTT8G,QS-001-38/39,QS-001-38/39,公司,公司,1,0,1,B0GQBS64JX,溯溪沙滩鞋,Water Shoes for Women Men Quick Dry Barefoot Beach Swim Pool Walking Shoes,QS-001-38/39,4.99
一致,607,B0GVW7W5ZM,ZD001-Blue-6/7,ZD001-Blue-6/7,公司,公司,1,1,0,B0GL92S6S4,人字拖,"Foldable Flip Flops for Travel, Lightweight Portable Silicone Slippers, Compact Non-Slip Sandals for Home/Hotel/Beach, Comfortable Flexible Footwear for Women & Men",ZD001-Blue-6/7,3.99
一致,608,B0GVWT526W,ZD001-Grey-6/7,ZD001-Grey-6/7,公司,公司,2,2,0,B0GL92S6S4,人字拖,"Foldable Flip Flops for Travel, Lightweight Portable Silicone Slippers, Compact Non-Slip Sandals for Home/Hotel/Beach, Comfortable Flexible Footwear for Women & Men",ZD001-Grey-6/7,3.99
一致,609,B0GVWDDMF4,ZD001-Grey-10/11,ZD001-Grey-10/11,公司,公司,1,1,0,B0GL92S6S4,人字拖,"Foldable Flip Flops for Travel, Lightweight Portable Silicone Slippers, Compact Non-Slip Sandals for Home/Hotel/Beach, Comfortable Flexible Footwear for Women & Men",ZD001-Grey-10/11,4.3
一致,610,B0GVWP71TS,ZD001-Blue-9/10,ZD001-Blue-9/10,公司,公司,1,1,0,B0GL92S6S4,人字拖,"Foldable Flip Flops for Travel, Lightweight Portable Silicone Slippers, Compact Non-Slip Sandals for Home/Hotel/Beach, Comfortable Flexible Footwear for Women & Men",ZD001-Blue-9/10,4.3
FBA可售不一致,611,B0GVW9B1XZ,ZD001-Grey-9/10,ZD001-Grey-9/10,公司,公司,2,0,0,B0GL92S6S4,人字拖,"Foldable Flip Flops for Travel, Lightweight Portable Silicone Slippers, Compact Non-Slip Sandals for Home/Hotel/Beach, Comfortable Flexible Footwear for Women & Men",ZD001-Grey-9/10,4.3
FBA可售不一致,612,B0GVS9KJ3R,SP-huwan-dahei,SP-huwan-dahei,图图,图图,4,5,1,B0GVSBFMFQ,护腕,"2 Pack Wrist Rest with Thumb Support, Compression Sleeve for Tendonitis & Carpal Tunnel, Joint Stabilizer for Wrist Pain Relief",SP-huwan-dahei,5.99
一致,613,B0GVSDXVFP,SP-huwan-dahui,SP-huwan-dahui,图图,图图,5,5,0,B0GVSBFMFQ,护腕,"2 Pack Wrist Rest with Thumb Support, Compression Sleeve for Tendonitis & Carpal Tunnel, Joint Stabilizer for Wrist Pain Relief",SP-huwan-dahui,5.99
一致,614,B0GVSDW25R,SP-huwan-dafu,SP-huwan-dafu,图图,图图,6,6,0,B0GVSBFMFQ,护腕,"2 Pack Wrist Rest with Thumb Support, Compression Sleeve for Tendonitis & Carpal Tunnel, Joint Stabilizer for Wrist Pain Relief",SP-huwan-dafu,5.99
FBA可售不一致,615,B0GVSG76VT,KCC-TLD-7.5,KCC-TLD-7.5 / KCC-TLD-5,凯旋,凯旋,20,25,0,B0GVSPL81C,弹力带,"Self Adhesive Elastic Training Bands, Reusable Compression Stretch Bands for Muscle Support, Fitness Training, Sports Wrap",KCC-TLD-7.5,1.99
FBA可售不一致,616,B0GVSG76VT,KCC-TLD-5,KCC-TLD-7.5 / KCC-TLD-5,凯旋,凯旋,2,25,0,B0GVSPL81C,弹力带,"Self Adhesive Elastic Training Bands, Reusable Compression Stretch Bands for Muscle Support, Fitness Training, Sports Wrap",KCC-TLD-5,1.99
一致,617,B0GVS9PFFJ,KCC-DK-40,KCC-DK-40,凯旋,凯旋,22,22,0,B0GVSKRL8T,搭扣,"S Shape Spring Snap Hook, Quick Release Buckle Clip, Heavy Duty Spring Loaded Fastener for Outdoor Camping Backpack Keychain",KCC-DK-40,2.26
一致,618,B0GVRCK4S3,SP-maojin-lu,SP-maojin-lu,图图,图图,2,2,0,B0GVR5WKNS,挂件毛巾,"Fuzzy Ball Chenille Hanging Hand Towels 2 Pack, Soft Absorbent Fast Drying Towels with Hanging Loop for Bathroom Kitchen",SP-maojin-lu,5.25
一致,619,B0GVRBVJ5Z,SP-maojin-gui,SP-maojin-gui,图图,图图,13,13,0,B0GVR5WKNS,挂件毛巾,"Fuzzy Ball Chenille Hanging Hand Towels 2 Pack, Soft Absorbent Fast Drying Towels with Hanging Loop for Bathroom Kitchen",SP-maojin-gui,5.25
FBA可售不一致,620,B0GVRKCLTK,SP-maojin-you,SP-maojin-you,图图,图图,6,7,0,B0GVR5WKNS,挂件毛巾,"Fuzzy Ball Chenille Hanging Hand Towels 2 Pack, Soft Absorbent Fast Drying Towels with Hanging Loop for Bathroom Kitchen",SP-maojin-you,5.25
一致,621,B0GVRNG9FW,SP-maojin-hai,SP-maojin-hai,图图,图图,8,8,0,B0GVR5WKNS,挂件毛巾,"Fuzzy Ball Chenille Hanging Hand Towels 2 Pack, Soft Absorbent Fast Drying Towels with Hanging Loop for Bathroom Kitchen",SP-maojin-hai,5.25
FBA可售不一致,622,B0GVRNK67N,SP-maojin-feng,SP-maojin-feng,图图,图图,7,11,0,B0GVR5WKNS,挂件毛巾,"Fuzzy Ball Chenille Hanging Hand Towels 2 Pack, Soft Absorbent Fast Drying Towels with Hanging Loop for Bathroom Kitchen",SP-maojin-feng,5.25
一致,623,B0GVRJYPKY,KCC-JSDK-2XL,KCC-JSDK-2XL,凯旋,凯旋,7,7,0,B0GWGP64SB,跑步紧身短裤,5 Pack Men's High Stretch Athletic Base Quick Dry Breathable Short Tights for Workout Gym Running Multicolor,KCC-JSDK-2XL,12.52
FBA可售不一致,624,B0GVR7TJCT,SP-dengsan01-32,SP-dengsan01-32,图图,图图,15,10,2,B0GVQHM358,登山扣,"Multifunctional Aluminum Alloy Carabiner Clip, Heavy Duty D-Ring Locking Carabiner for Outdoor Hiking Camping Backpack Keychain,10 Pack",SP-dengsan01-32,2.99
一致,625,B0GVQMRL8X,SP-dengsan05-8zi,SP-dengsan05-8zi,图图,图图,7,7,0,B0GVQHM358,登山扣,"Portable Aluminum Alloy Carabiner Keychain Clip, Multifunctional D Ring Locking Carabiner for Outdoor Sports Daily Use,10 Pack",SP-dengsan05-8zi,2.99
FBA可售不一致,626,B0GVQN38YH,KCC-QXDK-XL,KCC-QXDK-XL,凯旋,凯旋,1,4,0,B0GVQN38YH,骑行短裤,"5 Pack Men's Cycling Shorts, Quick Dry Breathable Athletic Shorts, Lightweight High Stretch Sports Shorts for Running Cycling Workout Multicolor",KCC-QXDK-XL,13.99
FBA可售不一致,627,B0GVNR46S6,KCC-xieba-5se,KCC-xieba-5se,凯旋,凯旋,9,12,0,B0GVNVVXW4,鞋拔子,"6 Pcs Plastic Shoehorn Set, Portable Travel Shoe Horns, Lightweight Shoe Helper for Men Women Kids Seniors, 6 Assorted Colors",KCC-xieba-5se,1.99
FBA可售不一致,628,B0GVNCK43B,SP-shouyao01-xingyun,SP-shouyao01-xingyun,图图,图图,9,10,3,B0GVNB58BZ,收腰扣,"Waist Buckle Set for Women, Adjustable Pant Button Extender, Variety Styles Alloy Waist Cinch Clips, 4 Pieces Pack",SP-shouyao01-xingyun,1.99
FBA可售不一致,629,B0GVN3C9Q1,SP-shouyao02-zhenzhu,SP-shouyao02-zhenzhu,图图,图图,9,3,1,B0GVNB58BZ,收腰扣,"4 Pack Adjustable Waist Buckles for Pants, Multiple Styles Alloy Waist Cinch Clips, Clothing Waist Tightener for Women",SP-shouyao02-zhenzhu,1.99
一致,630,B0GVJQCVMM,SP-BINGXIU-hui01,SP-BINGXIU-hui01,图图,图图,3,3,0,B0GVN3TTBB,冰袖,"Gradient Color Cooling Arm Sleeves for Men Women, 2 Pairs Ice Silk UV Sun Protection Arm Covers.",SP-BINGXIU-hui01,2.99
一致,631,B0GVJP23VT,SP-BINGXIU-binchuan01,SP-BINGXIU-binchuan01,图图,图图,8,8,0,B0GVN8F5C7,冰袖,"UV Sun Protection Arm Sleeves for Men Women, Cooling Ice Silk Arm Sleeves, Non Slip Sports Arm Covers,",SP-BINGXIU-binchuan01,2.66
FBA可售不一致,632,B0GVJQ1PC3,SP-BINGXIU-lan02,SP-BINGXIU-lan02,图图,图图,4,6,0,B0GVN3TTBB,冰袖,"Gradient Color Ice Silk UV Protection Arm Sleeves, 2 Pairs Cooling Sun Protection Arm Covers for Men Women Outdoor Sports",SP-BINGXIU-lan02,2.99
一致,633,B0GVJNLQHM,SP-mianjiao-bei,SP-mianjiao-bei,图图,图图,6,6,2,B0GVJZ98H4,免胶假睫毛,"Adhesive-Free Lower Eyelashes, Natural Look Fake Bottom Lashes, Reusable Multiple Styles Soft Under Lashes for Daily Makeup",SP-mianjiao-bei,2.99
一致,634,B0GV226T4F,SP-underwear -sancan-M,SP-underwear -sancan-M,图图,图图,1,1,0,B0GWHY8GZ7,内裤-冰丝,"3 Pack Women's Ice Silk Breathable Underwear, Lightweight Cooling Hip Enhancing Panties for Summer, Assorted Colors",SP-underwear-sancan-M,8.99
FBA可售不一致,635,B0GV2ZZBN9,KCC-fangqiegeshoutao-M,KCC-fangqiegeshoutao-M,凯旋,凯旋,2,5,0,B0GV2ZZBN9,防切割手套,"HPPE Nitrile Sandy Finish Cut Resistant Gloves, EN 388 Level 5 Protection, Safety Work Gloves for Kitchen, Gardening, Construction, Men & Women",KCC-fangqiegeshoutao-M,2.16
FBA可售不一致,636,B0GV35X3PV,KCC-dingqingshoutao-L-bailan,KCC-dingqingshoutao-L-bailan,凯旋,凯旋,1,7,0,B0GZ2FSRT5,丁晴手套,"3 Pairs Nylon Lined Nitrile Coated Work Gloves, Dipped Rubber Non-Slip Safety Gloves for Gardening, Construction, Household & Men",KCC-dingqingshoutao-L-bailan,3.99
FBA可售不一致,637,B0GV33DSMP,KCC-Pushoutao-M,KCC-Pushoutao-M,凯旋,凯旋,5,7,0,B0GZ2JYPV1,防切割手套,"HPPE Lined Cut Resistant Gloves with PU & Nitrile Sandy Coating, EN 388 Level 5 Safety Work Gloves for Construction, Gardening, Industrial Work",KCC-Pushoutao-M,2.99
一致,638,B0GV3DYY68,KCC-Pushoutao-L,KCC-Pushoutao-L,凯旋,凯旋,6,6,0,B0GZ2JYPV1,防切割手套,"HPPE Lined Cut Resistant Gloves with PU & Nitrile Sandy Coating, EN 388 Level 5 Safety Work Gloves for Construction, Gardening, Industrial Work",KCC-Pushoutao-L,2.99
FBA可售不一致,639,B0GV36GVDZ,KCC-dingqingshoutao-L-heihei,KCC-dingqingshoutao-L-heihei,凯旋,凯旋,1,8,1,B0GZ2FSRT5,丁晴手套,"3 Pairs Nylon Lined Nitrile Coated Work Gloves, Dipped Rubber Non-Slip Safety Gloves for Gardening, Construction, Household & Men",KCC-dingqingshoutao-L-heihei,3.99
一致,640,B0GV3H6N3C,KCC-Pushoutao-XL,KCC-Pushoutao-XL,凯旋,凯旋,8,8,0,B0GZ2JYPV1,防切割手套,"HPPE Lined Cut Resistant Gloves with PU & Nitrile Sandy Coating, EN 388 Level 5 Safety Work Gloves for Construction, Gardening, Industrial Work",KCC-Pushoutao-XL,2.99
一致,641,B0GV39Q43P,KCC-fangqiegeshoutao-L,KCC-fangqiegeshoutao-L,凯旋,凯旋,4,4,2,B0GV39Q43P,防切割手套,"HPPE Nitrile Sandy Finish Cut Resistant Gloves, EN 388 Level 5 Protection, Safety Work Gloves for Kitchen, Gardening, Construction, Men & Women",KCC-fangqiegeshoutao-L,2.16
一致,642,B0GV2GH9JV,SP-fadai-hudie-01,SP-fadai-hudie-01,图图,图图,1,1,0,B0GV2JH67X,发带,"Extra Wide Headbands for Women, Large Size Thick Turban Head Wrap, Boho Printed",SP-fadai-hudie-01,5.99
FBA可售不一致,643,B0GTZ8DVR3,KCC-wangyanwa-7se,KCC-wangyanwa-7se,凯旋,凯旋,3,8,1,B0GTZ8DVR3,网眼袜,"7 Pairs Men's Summer Thin Boat Socks, Breathable Mesh Low Cut Ankle Socks, Non-Slip Lightweight Invisible Liner Socks for Daily & Sports",KCC-wangyanwa-7se,5.4
FBA可售不一致,644,B0GTZGBVFC,KCC-chuanwa-6se,KCC-chuanwa-6se,凯旋,凯旋,8,9,1,B0GVN3WCSS,船袜,"6 Pairs Men's Pure Cotton Non-Slip Boat Socks, Anti-Slip No Show Low Cut Invisible Socks for Sneakers & Daily Wear",KCC-chuanwa-6se,5.4
FBA可售不一致,645,B0GTNKLTT3,SP-10-01,SP-10-01,图图,图图,7,0,4,B0GTNLDNKW,勺子,"Square Wooden Handle Silver Flatware Set, Food Grade Stainless Steel Cutlery Set, 1 Dinner Fork & 2 Teaspoon, Mirror Polished Dishwasher Safe Silverware",SP-10-01,2.1
一致,646,B0GTLWC1GL,SP-07-01,SP-07-01,图图,图图,7,7,0,B0GTLXQL4S,勺子,"Coffee Set of 2, Stainless Steel Demitasse Espresso Spoons, Gold Silver Small Spoons for Tea Dessert",SP-07-01,1.55
FBA可售不一致,647,B0GTLTFHCL,SP-TUTU-TGJ-06,SP-TUTU-TGJ-06,图图,图图,10,6,0,B0GTLNNXR1,宠物玩具,"Premium Cotton Dog Rope Toys, Bone Chew Toys for Teething, Interactive Play & Training Toys for Small to Medium Dogs",SP-TUTU-TGJ-06,2.99
一致,648,B0GTBG5CDB,YQ-YUNYU-2026317-GUOLVQI-7,YQ-YUNYU-2026317-GUOLVQI-7,公司,公司,12,12,0,B0GT1K8L8Q,过滤器,"2 Pack Drain Hair Catcher-Sink Strainer, Shower Drain Cover, Drains Filter Cover for Kitchen Sink Bathroom Shower(Blue)",YQ-YUNYU-2026317-GUOLVQI-7,2.99
FBA可售不一致,649,B0GTBPDYC5,YQ-YUNYU-2026317-GUOLVQI-9,YQ-YUNYU-2026317-GUOLVQI-9,公司,公司,14,13,0,B0GT1K8L8Q,过滤器,"2 Pack Drain Hair Catcher-Sink Strainer, Shower Drain Cover, Drains Filter Cover for Kitchen Sink Bathroom Shower(Gray)",YQ-YUNYU-2026317-GUOLVQI-9,2.99
一致,650,B0GT1C8L3G,YQ-YUNYU-2026317-FADAI-21,YQ-YUNYU-2026317-FADAI-21,公司,公司,12,12,0,B0GSX41MVT,发带-粉色-2,"Skincare Headband For Face Washing-Spa Headband, Makeup Headbands With Bow And Wrist Wash Bands Facial Routine Spa For Women(Pink)",YQ-YUNYU-2026317-2,2.86
FBA可售不一致,651,B0GSXB1R4L,YQ-YUNYU-2026317-FADAI-3,YQ-YUNYU-2026317-FADAI-3,公司,公司,7,11,0,B0GSX41MVT,发带-白色-3,"Skincare Headband For Face Washing-Spa Headband, Makeup Headbands With Bow And Wrist Wash Bands Facial Routine Spa For Women(White)",YQ-YUNYU-2026317-3,2.86
一致,652,B0GSXB13R1,YQ-YUNYU-2026317-FADAI-1,YQ-YUNYU-2026317-FADAI-1,公司,公司,8,8,0,B0GSX41MVT,发带-紫色-1,"Skincare Headband For Face Washing-Spa Headband, Makeup Headbands With Bow And Wrist Wash Bands Facial Routine Spa For Women(Purple)",YQ-YUNYU-2026317-1,2.86
FBA可售不一致,653,B0GSX65TMY,YQ-YUNYU-2026317-FADAI-5,YQ-YUNYU-2026317-FADAI-5,公司,公司,10,9,1,B0GSX41MVT,发带-绿色-5,"Skincare Headband For Face Washing-Spa Headband, Makeup Headbands With Bow And Wrist Wash Bands Facial Routine Spa For Women(Green)",YQ-YUNYU-2026317-5,2.86
一致,654,B0GSXJG97D,YQ-YUNYU-2026317-FADAI-4,YQ-YUNYU-2026317-FADAI-4,凯旋,凯旋,5,5,0,B0GSX41MVT,发带-黑色-4,"Skincare Headband For Face Washing-Spa Headband, Makeup Headbands With Bow And Wrist Wash Bands Facial Routine Spa For Women(Black)",YQ-YUNYU-2026317-4,2.86
FBA可售不一致,655,B0GSVKBZSV,KC-B9-L,KC-B9-L,图图,图图,2,3,0,B0HD6F5MYH,比基尼,Womens Two Piece Bikini Set Vintage Print Swimwear Halter String Triangle Swimsuit Back Self Tie Spaghetti Strap Bathing Suit,KC-B9-L,6.64
FBA可售不一致,656,B0GSVLB176,KB-B5-L,KB-B5-L,图图,图图,4,5,0,B0HD6F5MYH,比基尼,Buauty Bikini Sets for Women Two Piece Swimsuits Halter String Triangle Bathing Suit Sexy Tie Side Bottom Swimwear,KB-B5-L,6.64
一致,657,B0GSVS7P4F,KC-B3-L,KC-B3-L,图图,图图,5,5,0,B0HD6F5MYH,比基尼,Women's Two Piece Bikini Set Halter Triangle Tops Sexy Thong Bottom Cheeky Swimsuit Bathing Suit,KC-B3-L,6.64
FBA可售不一致,658,B0GSVJQJJJ,KC-B15-M,KC-B15-M,图图,图图,1,2,0,B0HD6F5MYH,比基尼,Women's String Triangle Bikini Top Sexy Self Tie Back Bathing Suit Swim Top,KC-B15-M,6.64
FBA可售不一致,659,B0GSVLSHCG,KC-B15-L,KC-B15-L,图图,图图,3,4,0,B0HD6F5MYH,比基尼,Women's String Triangle Bikini Top Sexy Self Tie Back Bathing Suit Swim Top,KC-B15-L,6.64
一致,660,B0GSVJ12RX,KC-B12-M,KC-B12-M,图图,图图,1,1,0,B0HD6F5MYH,比基尼,Halter String Triangle Bikini Set Women Vintage Print Two Piece Back Self Tie Swimsuit,KC-B12-M,6.64
FBA可售不一致,661,B0GSVPQZ4D,KC-B10-L,KC-B10-L,图图,图图,12,13,0,B0HD6R23RJ,比基尼,Women Vintage Print Two Piece Bikini Set Halter String Triangle Swimsuit Back Self Tie Spaghetti Strap Swimwear Multicolor,KC-B10-L,6.99
负责人不一致,662,B0GSVW46L8,KC-B14-M,KC-B14-M,图图,凯旋,25,25,1,B0HD6F5MYH,比基尼,String Bikini Tops for Women Sexy Triangle Bathing Suit Tops Adjustable Tie Back Swim Tops Black,KC-B14-M,6.64
一致,663,B0GSVPJF2G,KC-B4-L,KC-B4-L,图图,图图,4,4,0,B0HD6F5MYH,比基尼,Halter Triangle Bikini Set Women Sexy Two Piece Cheeky Thong Bathing Suit Swimsuit,KC-B4-L,6.64
FBA可售不一致,664,B0GSVPCRB7,KC-B8-M,KC-B8-M,图图,图图,6,7,0,B0HD6F5MYH,比基尼,Sexy Two Piece Bikini Sets for Women Halter Triangle Swimsuit Tie Side Bottom Bathing Suit,KC-B8-M,6.64
一致,665,B0GSVQQ9G6,KC-B13-M,KC-B13-M,图图,图图,7,7,0,B0HD6F5MYH,比基尼,Women Two Piece Vintage Print Bikini Set Halter String Triangle Swimsuit Back Self Tie Spaghetti Strap Bathing Suit,KC-B13-M,6.64
一致,666,B0GSVPZYZW,KC-B3-M,KC-B3-M,图图,图图,8,8,0,B0HD6F5MYH,比基尼,Women's Two Piece Bikini Set Halter Triangle Tops Sexy Thong Bottom Cheeky Swimsuit Bathing Suit,KC-B3-M,6.64
一致,667,B0GSVQYWGV,KC-B11-M,KC-B11-M,图图,图图,11,11,0,B0HD6F5MYH,比基尼,Womens Vintage Print Two Piece Bikini Set by SEAFORM Halter String Triangle Top Back Self Tie Spaghetti Strap Swimsuit,KC-B11-M,6.64
一致,668,B0GSVS86G7,KC-B11-L,KC-B11-L,图图,图图,4,4,0,B0HD6F5MYH,比基尼,Womens Vintage Print Two Piece Bikini Set by SEAFORM Halter String Triangle Top Back Self Tie Spaghetti Strap Swimsuit,KC-B11-L,6.64
一致,669,B0GSVM7M86,KC-B7-L,KC-B7-L,图图,图图,1,1,0,B0HD6F5MYH,比基尼,Halter String Triangle Bikini Set for Women Two Piece Sexy Tie Side Bottom Bathing Suit Swimwear,KC-B7-L,6.64
一致,670,B0GSVMNYX4,KC-B1--M,KC-B1--M,图图,图图,1,1,0,B0HD6F5MYH,比基尼,Women Bikini Set Two Piece Swimsuit Sexy Thong Bathing Suit Halter Triangle Tops Cheeky Bikini for Women,KC-B1--M,6.64
一致,671,B0GSVHL6NR,KB-B5-M,KB-B5-M,图图,图图,3,3,0,B0HD6F5MYH,比基尼,Buauty Bikini Sets for Women Two Piece Swimsuits Halter String Triangle Bathing Suit Sexy Tie Side Bottom Swimwear,KB-B5-M,6.64
一致,672,B0GSVQ2P5P,KC-B13-L,KC-B13-L,图图,图图,5,5,1,B0HD6F5MYH,比基尼,Women Two Piece Vintage Print Bikini Set Halter String Triangle Swimsuit Back Self Tie Spaghetti Strap Bathing Suit,KC-B13-L,6.64
FBA可售不一致,673,B0GSVMWX93,KC-B10-M,KC-B10-M,图图,图图,5,7,0,B0GSVMWX93,比基尼,Women Vintage Print Two Piece Bikini Set Halter String Triangle Swimsuit Back Self Tie Spaghetti Strap Swimwear Multicolor,KC-B10-M,6.99
FBA可售不一致,674,B0GSVS38SN,KC-B4-M,KC-B4-M,图图,图图,3,4,0,B0HD6F5MYH,比基尼,Halter Triangle Bikini Set Women Sexy Two Piece Cheeky Thong Bathing Suit Swimsuit,KC-B4-M,6.64
一致,675,B0GSVJZ9M4,KC-B9-M,KC-B9-M,图图,图图,3,3,0,B0HD6F5MYH,比基尼,Womens Two Piece Bikini Set Vintage Print Swimwear Halter String Triangle Swimsuit Back Self Tie Spaghetti Strap Bathing Suit,KC-B9-M,6.64
一致,676,B0GSVNCBBW,KC-B8-L,KC-B8-L,图图,图图,5,5,1,B0HD6F5MYH,比基尼,Sexy Two Piece Bikini Sets for Women Halter Triangle Swimsuit Tie Side Bottom Bathing Suit,KC-B8-L,6.64
一致,677,B0GSVSSNF3,KC-B2-M,KC-B2-M,图图,图图,8,8,0,B0HD6F5MYH,比基尼,Sexy Halter Triangle Bikini Set for Women Two Piece Cheeky Thong Swimsuit Bathing Suit,KC-B2-M,6.64
一致,678,B0GSVQ7Q83,KC-B14-L,KC-B14-L,图图,图图,13,13,0,B0HD6F5MYH,比基尼,String Bikini Tops for Women Sexy Triangle Bathing Suit Tops Adjustable Tie Back Swim Tops Black,KC-B14-L,6.64
FBA可售不一致,679,B0GS91TM1D,QS-115-42/43,QS-115-42/43,公司,公司,2,1,1,B0GQBS64JX,溯溪沙滩鞋,"Aqua Socks for Women Men, Water Shoes, Slip On Swim Footwear, Resort Pool Beach Water Park Cruise Summer Pair",QS-115-42/43,4.99
负责人不一致,680,B0GS8JQNW8,KC-10-01,KC-10-01,图图,凯旋,3,3,0,B0GS8KFR4R,手机链,Keychain for Men Women - Durable Metal Key Chain with Key Ring Car Key Accessory,KC-10-01,1.99
负责人不一致；FBA可售不一致,681,B0GS8227R4,KC-16-01,KC-16-01,图图,凯旋,1,3,0,B0GS8KFR4R,手机链,Keychain for Men Women - Durable Metal Key Chain with Key Ring Car Key Accessory,KC-16-01,1.99
负责人不一致,682,B0GS8LKMSS,KC-20-01,KC-20-01,图图,凯旋,7,7,3,B0GS8KFR4R,手机链,Keychain for Men Women - Durable Metal Key Chain with Key Ring Car Key Accessory,KC-20-01,1.99
负责人不一致；FBA可售不一致,683,B0GS8R1ZZF,KC-27-01,KC-27-01,图图,凯旋,8,1,5,B0GS8KFR4R,,"Beaded Cell Phone Strap for Women, Stylish Bead Wrist Lanyard, Decorative Phone Accessory",,1.99
负责人不一致；FBA可售不一致,684,B0GS8KPF9V,KC-04-01,KC-04-01,图图,凯旋,1,3,1,B0GS8KFR4R,手机链,Keychain for Men Women - Durable Metal Key Chain with Key Ring Car Key Accessory,KC-04-01,1.99
负责人不一致,685,B0GS8NPN13,KC-24-01,KC-24-01,图图,凯旋,2,2,1,B0GS8NPN13,手机链,"Cute Bow & Pearl Beaded Keychain, Minimalist Dainty Key Chain for Women Girls Daily Use",KC-24-01,1.99
FBA可售不一致,686,B0GRTXTK2L,QS-101-40/41,QS-101-40/41,公司,公司,1,2,0,B0GQBS64JX,溯溪沙滩鞋,"Beach Water Shoes Unisex, Anti Slip Pattern Sole, Quick Dry Swim Shoes for Ocean",QS-101-40/41,4.99
一致,687,B0GRTQVTR2,QS-101-42/43,QS-101-42/43,公司,公司,3,3,0,B0GQBS64JX,溯溪沙滩鞋,"Beach Water Shoes Unisex, Anti Slip Pattern Sole, Quick Dry Swim Shoes for Ocean",QS-101-42/43,4.99
一致,688,B0GQH3BVXR,QS-044-40/41,QS-044-40/41,公司,公司,2,2,0,B0GQH38Y4J,溯溪沙滩鞋,Lightweight Foldable Water Shoes Comfort Beach Shoes for Pool Travel,QS-044-40/41,4.99
一致,689,B0GQGVFBBJ,QS-044-42/43,QS-044-42/43,公司,公司,2,2,0,B0GQH38Y4J,溯溪沙滩鞋,Lightweight Foldable Water Shoes Comfort Beach Shoes for Pool Travel,QS-044-42/43,4.99
一致,690,B0GQGRZX1G,QS-064-42/43,QS-064-42/43,公司,公司,1,1,0,B0GQBP3SH9,溯溪沙滩鞋,Flexible Water Shoes Slip On Breathable Beach Shoes for Pool Surfing,QS-064-42/43,4.99
一致,691,B0GQC99H4C,QS-089-40/41,QS-089-40/41,公司,公司,6,6,0,B0GQBS64JX,溯溪沙滩鞋,Comfort Foldable Beach Shoes Non Slip Water Shoes for Women Men,QS-089-40/41,4.99
一致,692,B0GQC8MP9V,QS-050-40/41,QS-050-40/41,公司,公司,4,4,0,B0GQBS64JX,溯溪沙滩鞋,"Beach Aqua Shoes Unisex, Non Slip Rubber Sole, Comfortable Insole, for Ocean",QS-050-40/41,4.99
一致,693,B0GQBWG246,QS-062-40/41,QS-062-40/41,公司,公司,6,6,0,B0GQBS64JX,溯溪沙滩鞋,"Non Slip Aqua Shoes Men Women, Rubber Sole, Quick Dry Slip On for Swimming",QS-062-40/41,4.99
一致,694,B0GQBMQ8WS,QS-090-40/41,QS-090-40/41,公司,公司,2,2,0,B0GQBS64JX,溯溪沙滩鞋,"Beach Water Shoes Unisex, Anti Slip Pattern Sole, Quick Dry Swim Shoes for Ocean",QS-090-40/41,4.99
一致,695,B0GQBW7429,QS-082-40/41,QS-082-40/41,公司,公司,4,4,0,B0GQBP3SH9,溯溪沙滩鞋,"Unisex Aqua Shoes, Non Skid Rubber Sole, Stretch Fit, for Ocean Reef Walk",QS-082-40/41,4.69
FBA可售不一致,696,B0GQBR6QKZ,QS-083-42/43,QS-083-42/43,公司,公司,3,5,0,B0GQBP3SH9,溯溪沙滩鞋,Lightweight Aqua Shoes Quick Dry Water Shoes for Beach Pool Activities,QS-083-42/43,4.69
一致,697,B0GQC1CD7Y,QS-087-40/41,QS-087-40/41,公司,公司,10,10,1,B0GQBP3SH9,溯溪沙滩鞋,"Water Shoes Men Women, Non Slip Sole, Quick Dry, for Creek Hiking Beach Travel",QS-087-40/41,4.99
FBA可售不一致,698,B0GQBLYKWM,QS-008-40/41,QS-008-40/41,公司,公司,10,11,1,B0GQBS64JX,溯溪沙滩鞋,"Slip On Water Shoes for Men Women, Non Slip Sole, Lightweight Travel Beach Shoes",QS-008-40/41,4.99
一致,699,B0GQC3LH69,QS-032-42/43,QS-032-42/43,公司,公司,2,2,0,B0GQBS64JX,溯溪沙滩鞋,"Beach Shoes for Men Women, Non Slip Rubber Sole, Quick Dry Printed Aqua Shoes",QS-032-42/43,4.99
FBA可售不一致,700,B0GQBR61BP,QS-053-42/43,QS-053-42/43,公司,公司,5,8,0,B0GQBP3SH9,溯溪沙滩鞋,"Slip On Beach Shoes Men Women, Non Skid Sole, Quick Dry Water Shoes",QS-053-42/43,4.99
一致,701,B0GQC578G9,QS-100-42/43,QS-100-42/43,公司,公司,3,3,0,B0GQBP3SH9,溯溪沙滩鞋,"Beach Water Shoes Unisex, Anti Slip Pattern Sole, Quick Dry Swim Shoes for Ocean",QS-100-42/43,4.69
一致,702,B0GQBZ7JYK,QS-076-42/43,QS-076-42/43,公司,公司,2,2,0,B0GQBP3SH9,溯溪沙滩鞋,"Unisex Swim Water Shoes, Non Skid Sole, Soft Stretch Upper, for Beach Pool",QS-076-42/43,3.99
一致,703,B0GQBP5G6M,QS-001-40/41,QS-001-40/41,公司,公司,3,3,0,B0GQBS64JX,溯溪沙滩鞋,Water Shoes for Women Men Quick Dry Barefoot Beach Swim Pool Walking Shoes,QS-001-40/41,4.99
一致,704,B0GQBS7HJW,QS-046-40/41,QS-046-40/41,公司,公司,1,1,0,B0GQBS64JX,溯溪沙滩鞋,"Beach Water Shoes Unisex, Anti Slip Pattern Sole, Quick Dry Swim Shoes for Ocean",QS-046-40/41,4.99
FBA可售不一致,705,B0GQC8X8K6,QS-045-40/41,QS-045-40/41,公司,公司,8,9,0,B0GQBS64JX,溯溪沙滩鞋,"Water Shoes Unisex, Anti Skid Sole, Thick Cushion Insole, for Kayak Rafting",QS-045-40/41,4.99
一致,706,B0GQBTQTGP,QS-084-42/43,QS-084-42/43,公司,公司,6,6,0,B0GQBP3SH9,溯溪沙滩鞋,"Snorkeling Water Shoes for Men Women, Non Slip Rubber Sole, Quick Dry Beach Shoes",QS-084-42/43,4.99
一致,707,B0GQC3CTF1,QS-016-40/41,QS-016-40/41,公司,公司,13,13,0,B0GQBS64JX,溯溪沙滩鞋,"Surf Water Shoes for Men Women, Anti Slip Rubber Sole, Stretch Upper, Quick Dry",QS-016-40/41,4.99
一致,708,B0GQBLY4M7,QS-042-42/43,QS-042-42/43,公司,公司,4,4,0,B0GQBS64JX,溯溪沙滩鞋,"Unisex Swim Shoes, Non Skid Rubber Sole, Packable Quick Dry Beach Shoes",QS-042-42/43,4.99
一致,709,B0GQBY1K5X,QS-036-42/43,QS-036-42/43,公司,公司,2,2,0,B0GQBS64JX,溯溪沙滩鞋,Summer Water Shoes for Women Men Comfort Quick Dry Beach Walking Shoes,QS-036-42/43,4.69
一致,710,B0GQBSKR9C,QS-004-42/43,QS-004-42/43,公司,公司,13,13,0,B0GQBP3SH9,溯溪沙滩鞋,"Beach Water Shoes Unisex, Printed Design, Anti Slip Sole, Quick Dry Shoes for Pool Ocean",QS-004-42/43,4.99
一致,711,B0GQC613XT,QS-056-40/41,QS-056-40/41,公司,公司,2,2,0,B0GQBP3SH9,溯溪沙滩鞋,"Pool Beach Water Shoes Unisex, Non Slip Rubber Sole, Printed Quick Dry Shoes",QS-056-40/41,4.69
一致,712,B0GQBWTWT5,QS-073-40/41,QS-073-40/41,公司,公司,2,2,0,B0GQBWTWT5,溯溪沙滩鞋,Summer Beach Shoes Lightweight Water Shoes for Women Men Daily Sports,QS-073-40/41,4.99
一致,713,B0GQBWK8VT,QS-077-42/43,QS-077-42/43,公司,公司,5,5,0,B0GQBP3SH9,溯溪沙滩鞋,"Water Shoes Men Women, Anti Slip Rubber Outsole, Lightweight, for Surf Snorkel",QS-077-42/43,4.69
一致,714,B0GQC5374T,QS-043-42/43,QS-043-42/43,公司,公司,1,1,0,B0GQBS64JX,溯溪沙滩鞋,"River Shoes Unisex, Non Slip Sole, Quick Dry Water Shoes for Creek Trekking",QS-043-42/43,4.99
一致,715,B0GQBQ7W8M,QS-035-42/43,QS-035-42/43,公司,公司,8,8,0,B0GQBP3SH9,溯溪沙滩鞋,"Rafting Beach Water Shoes Unisex, Anti Slip Rubber Sole, Quick Dry Slip On",QS-035-42/43,4.69
一致,716,B0GQBSPD65,QS-068-42/43,QS-068-42/43,公司,公司,3,3,0,B0GQBS64JX,溯溪沙滩鞋,Summer Beach Shoes Lightweight Water Shoes for Women Men Daily Sports,QS-068-42/43,4.99
FBA可售不一致,717,B0GQCBNBL7,QS-047-42/43,QS-047-42/43,公司,公司,6,7,0,B0GQBS64JX,溯溪沙滩鞋,"Printed Beach Water Shoes Unisex, Non Slip Rubber Sole, Lightweight Swim Shoes",QS-047-42/43,4.99
一致,718,B0GQBTXJHD,QS-055-42/43,QS-055-42/43,公司,公司,2,2,2,B0GQBP3SH9,溯溪沙滩鞋,"Creek Trekking Water Shoes for Men Women, Anti Slip Sole, Durable Outsole",QS-055-42/43,4.69
FBA可售不一致,719,B0GQC8Z8DF,QS-003-42/43,QS-003-42/43,公司,公司,25,21,1,B0GQBP3SH9,溯溪沙滩鞋,"Water Shoes for Men Women, Non Skid Sole, Stretch Fit, Snorkeling Surf Swim Shoes",QS-003-42/43,4.99
一致,720,B0GQBX3RTX,QS-074-40/41,QS-074-40/41,公司,公司,6,6,0,B0GQBS64JX,溯溪沙滩鞋,"Diving Beach Water Shoes Men Women, Non Slip Rubber Sole, Quick Dry Swim Shoes",QS-074-40/41,4.99
一致,721,B0GQC7CQFQ,QS-009-40/41,QS-009-40/41,公司,公司,7,7,0,B0GQBP3SH9,溯溪沙滩鞋,Foldable Beach Shoes Slip On Water Shoes for Pool Beach Travel Outdoor,QS-009-40/41,4.69
FBA可售不一致,722,B0GQC6B87W,QS-099-42/43,QS-099-42/43,公司,公司,5,6,0,B0GQBP3SH9,溯溪沙滩鞋,"Creek River Water Shoes Men Women, Non Slip Rubber Sole, Quick Dry Slip On Shoes",QS-099-42/43,4.99
一致,723,B0GQC5YZBF,QS-040-40/41,QS-040-40/41,公司,公司,6,6,0,B0GQBS64JX,溯溪沙滩鞋,"Lightweight Beach Water Shoes for Men Women, Anti Slip Sole, Quick Dry Swim",QS-040-40/41,4.99
一致,724,B0GQBGJYQW,QS-088-40/41,QS-088-40/41,公司,公司,5,5,0,B0GQBP3SH9,溯溪沙滩鞋,"Unisex Printed Water Shoes, Anti Skid Rubber Sole, Lightweight Slip On Beach Shoes",QS-088-40/41,4.69
一致,725,B0GQC2V635,QS-047-40/41,QS-047-40/41,公司,公司,7,7,1,B0GQBS64JX,溯溪沙滩鞋,"Printed Beach Water Shoes Unisex, Non Slip Rubber Sole, Lightweight Swim Shoes",QS-047-40/41,4.99
一致,726,B0GQBV6DX2,QS-031-40/41,QS-031-40/41,公司,公司,6,6,0,B0GQBS64JX,溯溪沙滩鞋,Soft Water Shoes Lightweight Quick Dry Shoes for Beach Surfing Yoga,QS-031-40/41,4.99
一致,727,B0GQBVTDQF,QS-097-42/43,QS-097-42/43,公司,公司,7,7,1,B0GQBS64JX,溯溪沙滩鞋,Flexible Water Shoes Barefoot Slippers for Beach Pool Surfing Sports,QS-097-42/43,4.99
FBA可售不一致,728,B0GQCBKRNM,QS-049-40/41,QS-049-40/41,公司,公司,2,3,0,B0GQBS64JX,溯溪沙滩鞋,"Diving Swim Water Shoes for Men Women, Non Skid Sole, Stretch Fit Slip On",QS-049-40/41,4.99
一致,729,B0GQC28Z8Y,QS-091-40/41,QS-091-40/41,公司,公司,4,4,1,B0GQBS64JX,溯溪沙滩鞋,"Pool Beach Aqua Shoes Men Women, Non Skid Rubber Sole, Lightweight Quick Dry",QS-091-40/41,4.99
一致,730,B0GQBM48RH,QS-072-40/41,QS-072-40/41,公司,公司,6,6,0,B0GQBP3SH9,溯溪沙滩鞋,"Water Shoes for Men Women, Anti Skid Rubber Sole, Slip On, for Rafting Kayak",QS-072-40/41,3.99
一致,731,B0GQC37X5Z,QS-073-42/43,QS-073-42/43,公司,公司,5,5,0,B0GQC37X5Z,溯溪沙滩鞋,Summer Beach Shoes Lightweight Water Shoes for Women Men Daily Sports,QS-073-42/43,4.99
FBA可售不一致,732,B0GQBT7L7K,QS-093-40/41,QS-093-40/41,公司,公司,5,6,0,B0GQBS64JX,溯溪沙滩鞋,"Diving Snorkel Shoes Men Women, Non Slip Rubber Sole, Quick Dry Water Shoes",QS-093-40/41,4.99
一致,733,B0GQBT7L6P,QS-037-42/43,QS-037-42/43,公司,公司,2,2,0,B0GQBS64JX,溯溪沙滩鞋,"Unisex Water Shoes, Quick Dry Beach Shoes, Anti Skid Rubber Sole, for Travel",QS-037-42/43,4.99
一致,734,B0GQC2ZH9Z,QS-035-40/41,QS-035-40/41,公司,公司,9,9,0,B0GQBP3SH9,溯溪沙滩鞋,"Rafting Beach Water Shoes Unisex, Anti Slip Rubber Sole, Quick Dry Slip On",QS-035-40/41,4.69
一致,735,B0GQBWXWQP,QS-062-42/43,QS-062-42/43,公司,公司,6,6,0,B0GQBS64JX,溯溪沙滩鞋,"Non Slip Aqua Shoes Men Women, Rubber Sole, Quick Dry Slip On for Swimming",QS-062-42/43,4.99
一致,736,B0GQBWV6V8,QS-031-42/43,QS-031-42/43,公司,公司,4,4,0,B0GQBWV6V8,溯溪沙滩鞋,Soft Water Shoes Lightweight Quick Dry Shoes for Beach Surfing Yoga,QS-031-42/43,4.99
一致,737,B0GQBRK2R9,QS-096-40/41,QS-096-40/41,公司,公司,3,3,1,B0GQBP3SH9,溯溪沙滩鞋,"Aqua Shoes Unisex, Anti Slip Rubber Sole, Quick Dry, for Surf Pool Ocean Beach",QS-096-40/41,4.99
FBA可售不一致,738,B0GQBR8VD8,QS-045-42/43,QS-045-42/43,公司,公司,3,4,0,B0GQBS64JX,溯溪沙滩鞋,"Water Shoes Unisex, Anti Skid Sole, Thick Cushion Insole, for Kayak Rafting",QS-045-42/43,4.99
一致,739,B0GQBV7VZT,QS-074-42/43,QS-074-42/43,公司,公司,5,5,0,B0GQBS64JX,溯溪沙滩鞋,"Diving Beach Water Shoes Men Women, Non Slip Rubber Sole, Quick Dry Swim Shoes",QS-074-42/43,4.99
一致,740,B0GQBNDGJN,QS-096-42/43,QS-096-42/43,公司,公司,3,3,0,B0GQBP3SH9,溯溪沙滩鞋,"Aqua Shoes Unisex, Anti Slip Rubber Sole, Quick Dry, for Surf Pool Ocean Beach",QS-096-42/43,4.99
一致,741,B0GQBZZYVL,QS-072-42/43,QS-072-42/43,公司,公司,7,7,0,B0GQBP3SH9,溯溪沙滩鞋,"Water Shoes for Men Women, Anti Skid Rubber Sole, Slip On, for Rafting Kayak",QS-072-42/43,4.69
一致,742,B0GQC79SSS,QS-050-42/43,QS-050-42/43,公司,公司,5,5,0,B0GQBS64JX,溯溪沙滩鞋,"Beach Aqua Shoes Unisex, Non Slip Rubber Sole, Comfortable Insole, for Ocean",QS-050-42/43,4.99
一致,743,B0GQC144C7,QS-011-42/43,QS-011-42/43,公司,公司,5,5,0,B0GQBS64JX,溯溪沙滩鞋,"Water Shoes for Men Women, Durable Rubber Outsole, Soft Stretch Upper, for Pool",QS-011-42/43,4.69
FBA可售不一致,744,B0GQBS6VFM,QS-082-42/43,QS-082-42/43,公司,公司,1,2,0,B0GQBP3SH9,溯溪沙滩鞋,"Unisex Aqua Shoes, Non Skid Rubber Sole, Stretch Fit, for Ocean Reef Walk",QS-082-42/43,4.99
FBA可售不一致,745,B0GQBS3LM6,QS-012-42/43,QS-012-42/43,公司,公司,6,2,1,B0GQBS64JX,溯溪沙滩鞋,Quick Dry Water Shoes Slip On Comfort Beach Shoes for Pool Surfing,QS-012-42/43,4.99
一致,746,B0GQBSY4CS,QS-059-42/43,QS-059-42/43,公司,公司,4,4,0,B0GQBP3SH9,溯溪沙滩鞋,"Water Shoes Men Women, Non Slip Sole, Cushion Insole, for Beach Snorkeling",QS-059-42/43,4.69
FBA可售不一致,747,B0GQC6BT3K,QS-049-42/43,QS-049-42/43,公司,公司,2,3,0,B0GQBS64JX,溯溪沙滩鞋,"Diving Swim Water Shoes for Men Women, Non Skid Sole, Stretch Fit Slip On",QS-049-42/43,4.99
一致,748,B0GQBNJKXL,QS-004-40/41,QS-004-40/41,公司,公司,11,11,0,B0GQBP3SH9,溯溪沙滩鞋,"Beach Water Shoes Unisex, Printed Design, Anti Slip Sole, Quick Dry Shoes for Pool Ocean",QS-004-40/41,3.99
一致,749,B0GQBGHBNV,QS-016-42/43,QS-016-42/43,公司,公司,11,11,1,B0GQBS64JX,溯溪沙滩鞋,"Surf Water Shoes for Men Women, Anti Slip Rubber Sole, Stretch Upper, Quick Dry",QS-016-42/43,4.99
一致,750,B0GQC24PK6,QS-024-40/41,QS-024-40/41,公司,公司,1,1,0,B0GQBS64JX,溯溪沙滩鞋,"Beach Shoes for Men Women, Non Slip Rubber Sole, Quick Dry Printed Aqua Shoes",QS-024-40/41,4.99
一致,751,B0GQBVRN6W,QS-066-40/41,QS-066-40/41,公司,公司,2,2,0,B0GQBS64JX,溯溪沙滩鞋,"Slip On Swim Shoes Unisex, Non Slip Rubber Sole, Lightweight Quick Dry Aqua Shoes",QS-066-40/41,4.99
一致,752,B0GQC17L8V,QS-032-40/41,QS-032-40/41,公司,公司,7,7,0,B0GQBS64JX,溯溪沙滩鞋,"Beach Shoes for Men Women, Non Slip Rubber Sole, Quick Dry Printed Aqua Shoes",QS-032-40/41,4.99
FBA可售不一致,753,B0GQC25XMX,QS-014-40/41,QS-014-40/41,公司,公司,1,2,0,B0GQBS64JX,溯溪沙滩鞋,"Pool Water Shoes for Men Women, Anti Skid Sole, Quick Dry, Lightweight Swim Shoes",QS-014-40/41,4.69
一致,754,B0GQC8G6FL,QS-060-40/41,QS-060-40/41,公司,公司,3,3,0,B0GQBS64JX,溯溪沙滩鞋,Non Slip Water Shoes Quick Dry Comfort Beach Shoes for Swimming Walking,QS-060-40/41,4.99
一致,755,B0GQBR7BY7,QS-093-42/43,QS-093-42/43,公司,公司,1,1,0,B0GQBS64JX,溯溪沙滩鞋,"Diving Snorkel Shoes Men Women, Non Slip Rubber Sole, Quick Dry Water Shoes",QS-093-42/43,4.99
一致,756,B0GQC9762Y,QS-021-42/43,QS-021-42/43,公司,公司,7,7,0,B0GQBS64JX,溯溪沙滩鞋,"Unisex Reef Shoes, Non Slip Rubber Sole, Protective Water Shoes for Beach Ocean",QS-021-42/43,4.99
一致,757,B0GQC22DFX,QS-098-40/41,QS-098-40/41,公司,公司,6,6,0,B0GQBNHWM7,溯溪沙滩鞋,"Beach Water Shoes Unisex, Anti Slip Pattern Sole, Quick Dry Swim Shoes for Ocean",QS-098-40/41,4.99
一致,758,B0GQC6FDKZ,QS-071-40/41,QS-071-40/41,公司,公司,3,3,0,B0GQBP3SH9,溯溪沙滩鞋,Quick Dry Foldable Water Shoes Comfort Non Slip Beach Walking Shoes,QS-071-40/41,4.69
一致,759,B0GQBY4XQZ,QS-057-40/41,QS-057-40/41,公司,公司,3,3,0,B0GQBP3SH9,溯溪沙滩鞋,Portable Beach Shoes Foldable Design Water Shoes for Outdoor Activities,QS-057-40/41,4.69
一致,760,B0GQBWPKVW,QS-002-40/41,QS-002-40/41,公司,公司,4,4,0,B0GQBS64JX,溯溪沙滩鞋,Water Shoes for Women Men Quick Dry Barefoot Beach Swim Pool Walking Shoes,QS-002-40/41,4.99
一致,761,B0GQBKZW9D,QS-081-40/41,QS-081-40/41,公司,公司,3,3,0,B0GQBP3SH9,溯溪沙滩鞋,"Water Shoes Unisex, Anti Slip Sole, Printed Design, for Beach Swimming Rafting",QS-081-40/41,4.69
一致,762,B0GQBSKW2K,QS-019-42/43,QS-019-42/43,公司,公司,4,4,0,B0GQBYRX2R,溯溪沙滩鞋,Lightweight Foldable Water Shoes Comfort Beach Shoes for Pool Travel Multicolor,QS-019-42/43,4.36
FBA可售不一致,763,B0GQBGRKQB,QS-083-40/41,QS-083-40/41,公司,公司,2,3,0,B0GQBP3SH9,溯溪沙滩鞋,Lightweight Aqua Shoes Quick Dry Water Shoes for Beach Pool Activities,QS-083-40/41,4.69
FBA可售不一致,764,B0GQBRNH2V,QS-006-42/43,QS-006-42/43,公司,公司,1,2,0,B0GQBS64JX,溯溪沙滩鞋,"Pool Water Shoes for Men Women, Anti Skid Sole, Quick Dry, Lightweight Swim Shoes",QS-006-42/43,4.99
一致,765,B0GQC6H3FW,QS-038-42/43,QS-038-42/43,公司,公司,3,3,0,B0GQBS64JX,溯溪沙滩鞋,"Slip On Aqua Water Shoes Men Women, Non Slip Sole, Printed Beach Swim Shoes",QS-038-42/43,4.99
一致,766,B0GQC3JK3Y,QS-040-42/43,QS-040-42/43,公司,公司,5,5,0,B0GQBS64JX,溯溪沙滩鞋,"Lightweight Beach Water Shoes for Men Women, Anti Slip Sole, Quick Dry Swim",QS-040-42/43,4.99
一致,767,B0GQBS3LN5,QS-097-40/41,QS-097-40/41,公司,公司,3,3,0,B0GQBS64JX,溯溪沙滩鞋,Flexible Water Shoes Barefoot Slippers for Beach Pool Surfing Sports,QS-097-40/41,4.99
FBA可售不一致,768,B0GQC56WJS,QS-095-42/43,QS-095-42/43,公司,公司,4,5,0,B0GQBS64JX,溯溪沙滩鞋,"Beach Swim Water Shoes for Men Women, Non Slip Sole, Printed Quick Dry Slip On",QS-095-42/43,4.99
FBA可售不一致,769,B0GQBYCJKK,QS-022-40/41,QS-022-40/41,公司,公司,14,15,0,B0GQBS64JX,溯溪沙滩鞋,Breathable Water Shoes Non Slip Quick Dry Shoes for Beach Swimming,QS-022-40/41,4.99
FBA可售不一致,770,B0GQBX6NNV,QS-022-42/43,QS-022-42/43,公司,公司,20,21,0,B0GQBS64JX,溯溪沙滩鞋,Breathable Water Shoes Non Slip Quick Dry Shoes for Beach Swimming,QS-022-42/43,4.99
FBA可售不一致,771,B0GQBW11VQ,QS-063-40/41,QS-063-40/41,公司,公司,2,3,1,B0GQBP3SH9,溯溪沙滩鞋,"Diving Beach Water Shoes Men Women, Non Slip Rubber Sole, Quick Dry Swim Shoes",QS-063-40/41,4.69
FBA可售不一致,772,B0GQBSKW29,QS-003-40/41,QS-003-40/41,公司,公司,18,21,3,B0GQBP3SH9,溯溪沙滩鞋,"Water Shoes for Men Women, Non Skid Sole, Stretch Fit, Snorkeling Surf Swim Shoes",QS-003-40/41,3.99
一致,773,B0GQBXDLBL,QS-028-40/41,QS-028-40/41,公司,公司,1,1,0,B0GQBVW8YY,溯溪沙滩鞋,"Creek Water Shoes for Men Women, Anti Slip Sole, Quick Dry, for River Walking",QS-028-40/41,4.99
一致,774,B0GQBLYYT5,QS-067-40/41,QS-067-40/41,公司,公司,4,4,0,B0GQBS64JX,溯溪沙滩鞋,"Water Shoes Unisex, Anti Slip Pattern Sole, Thick Insole, for Creek River Beach",QS-067-40/41,4.99
一致,775,B0GQBY2SY7,QS-058-40/41,QS-058-40/41,公司,公司,2,2,1,B0GQBS64JX,溯溪沙滩鞋,"Water Shoes Men Women, Non Slip Sole, Cushion Insole, for Beach Snorkeling",QS-058-40/41,4.99
一致,776,B0GQBZYVWQ,QS-060-42/43,QS-060-42/43,公司,公司,5,5,0,B0GQBS64JX,溯溪沙滩鞋,Non Slip Water Shoes Quick Dry Comfort Beach Shoes for Swimming Walking,QS-060-42/43,4.99
FBA可售不一致,777,B0GQBSMZ3L,QS-034-42/43,QS-034-42/43,公司,公司,1,2,0,B0GQBS64JX,溯溪沙滩鞋,"Swim Water Shoes for Men Women, Non Slip Sole, Comfortable Fit, for Beach Pool",QS-034-42/43,4.69
一致,778,B0GQCBNBLC,QS-067-42/43,QS-067-42/43,公司,公司,6,6,0,B0GQBS64JX,溯溪沙滩鞋,"Water Shoes Unisex, Anti Slip Pattern Sole, Thick Insole, for Creek River Beach",QS-067-42/43,4.99
一致,779,B0GQBNBXGY,QS-095-40/41,QS-095-40/41,公司,公司,3,3,0,B0GQBS64JX,溯溪沙滩鞋,"Beach Swim Water Shoes for Men Women, Non Slip Sole, Printed Quick Dry Slip On",QS-095-40/41,4.99
FBA可售不一致,780,B0GQC8Z8DJ,QS-008-42/43,QS-008-42/43,公司,公司,6,2,1,B0GQBS64JX,溯溪沙滩鞋,"Slip On Water Shoes for Men Women, Non Slip Sole, Lightweight Travel Beach Shoes",QS-008-42/43,4.99
一致,781,B0GQC6H3FM,QS-012-40/41,QS-012-40/41,公司,公司,8,8,1,B0GQBS64JX,溯溪沙滩鞋,Quick Dry Water Shoes Slip On Comfort Beach Shoes for Pool Surfing,QS-012-40/41,4.99
一致,782,B0GQBNCPMD,QS-006-40/41,QS-006-40/41,公司,公司,1,1,0,B0GQBS64JX,溯溪沙滩鞋,"Pool Water Shoes for Men Women, Anti Skid Sole, Quick Dry, Lightweight Swim Shoes",QS-006-40/41,4.69
FBA可售不一致,783,B0GQBYR7Z7,QS-089-42/43,QS-089-42/43,公司,公司,5,6,1,B0GQBS64JX,溯溪沙滩鞋,Comfort Foldable Beach Shoes Non Slip Water Shoes for Women Men,QS-089-42/43,4.99
一致,784,B0GQC98VY2,QS-053-40/41,QS-053-40/41,公司,公司,3,3,0,B0GQBP3SH9,溯溪沙滩鞋,"Slip On Beach Shoes Men Women, Non Skid Sole, Quick Dry Water Shoes",QS-053-40/41,4.99
一致,785,B0GQBP2K8L,QS-029-40/41,QS-029-40/41,公司,公司,10,10,2,B0GQBP3SH9,溯溪沙滩鞋,"Snorkel Swim Water Shoes Unisex, Non Skid Rubber Sole, Stretch Fit Beach Shoes Black",QS-029-40/41,4.99
FBA可售不一致,786,B0GQC99BYJ,QS-076-40/41,QS-076-40/41,公司,公司,1,0,0,B0GQBP3SH9,溯溪沙滩鞋,"Unisex Swim Water Shoes, Non Skid Sole, Soft Stretch Upper, for Beach Pool",QS-076-40/41,3.99
一致,787,B0GQBNHWM5,QS-021-40/41,QS-021-40/41,公司,公司,6,6,1,B0GQBS64JX,溯溪沙滩鞋,"Unisex Reef Shoes, Non Slip Rubber Sole, Protective Water Shoes for Beach Ocean",QS-021-40/41,4.99
一致,788,B0GQC34WF7,QS-005-42/43,QS-005-42/43,公司,公司,6,6,0,B0GQBS64JX,溯溪沙滩鞋,"Unisex Swim Shoes, Rubber Outsole Anti Slip, Soft Stretch Upper, for Beach Snorkel",QS-005-42/43,4.99
一致,789,B0GQBY1K6V,QS-094-42/43,QS-094-42/43,公司,公司,1,1,0,B0GQBS64JX,溯溪沙滩鞋,"Unisex River Trek Water Shoes, Anti Skid Sole, Durable Outsole, Quick Dry",QS-094-42/43,4.99
一致,790,B0GQBR6ZMH,QS-005-40/41,QS-005-40/41,公司,公司,3,3,0,B0GQBR6ZMH,溯溪沙滩鞋,"Unisex Swim Shoes, Rubber Outsole Anti Slip, Soft Stretch Upper, for Beach Snorkel",QS-005-40/41,4.69
FBA可售不一致,791,B0GQBYW8CQ,QS-085-40/41,QS-085-40/41,公司,公司,2,3,0,B0GQBP3SH9,溯溪沙滩鞋,"Rafting River Shoes Unisex, Non Skid Sole, Durable Rubber Outsole, Quick Dry",QS-085-40/41,4.69
一致,792,B0GQBV623G,QS-059-40/41,QS-059-40/41,公司,公司,5,5,0,B0GQBP3SH9,溯溪沙滩鞋,"Water Shoes Men Women, Non Slip Sole, Cushion Insole, for Beach Snorkeling",QS-059-40/41,4.69
一致,793,B0GQC144C9,QS-020-42/43,QS-020-42/43,公司,公司,2,2,0,B0GQBS64JX,溯溪沙滩鞋,Foldable Beach Shoes Lightweight Water Shoes for Travel Outdoor Sports Pink Camo,QS-020-42/43,4.99
一致,794,B0GQC3L819,QS-048-40/41,QS-048-40/41,公司,公司,4,4,0,B0GQBS64JX,溯溪沙滩鞋,"Diving Swim Water Shoes for Men Women, Non Skid Sole, Stretch Fit Slip On",QS-048-40/41,4.99
一致,795,B0GQC4C3ZF,QS-033-40/41,QS-033-40/41,公司,公司,4,4,0,B0GQBS64JX,溯溪沙滩鞋,"Water Shoes Unisex, Anti Skid Pattern Sole, Soft Stretch Upper, for Wet Rocks",QS-033-40/41,4.99
一致,796,B0GQBT8SZJ,QS-100-40/41,QS-100-40/41,公司,公司,4,4,0,B0GQBP3SH9,溯溪沙滩鞋,"Beach Water Shoes Unisex, Anti Slip Pattern Sole, Quick Dry Swim Shoes for Ocean",QS-100-40/41,4.69
一致,797,B0GQBT34DP,QS-077-40/41,QS-077-40/41,公司,公司,1,1,0,B0GQBP3SH9,溯溪沙滩鞋,"Water Shoes Men Women, Anti Slip Rubber Outsole, Lightweight, for Surf Snorkel",QS-077-40/41,4.99
一致,798,B0GQC13DJC,QS-033-42/43,QS-033-42/43,公司,公司,3,3,1,B0GQBS64JX,溯溪沙滩鞋,"Water Shoes Unisex, Anti Skid Pattern Sole, Soft Stretch Upper, for Wet Rocks",QS-033-42/43,4.99
一致,799,B0GQC36J9N,QS-013-42/43,QS-013-42/43,公司,公司,1,1,0,B0GQBS64JX,溯溪沙滩鞋,"Rafting Water Shoes Unisex, Non Slip Rubber Sole, Stretch Fit Slip On Aqua Shoes",QS-013-42/43,4.99
一致,800,B0GQBSQNVW,QS-087-42/43,QS-087-42/43,公司,公司,2,2,2,B0GQBP3SH9,溯溪沙滩鞋,"Water Shoes Men Women, Non Slip Sole, Quick Dry, for Creek Hiking Beach Travel",QS-087-42/43,4.99
一致,801,B0GQBMPPTB,QS-098-42/43,QS-098-42/43,公司,公司,7,7,0,B0GQBS64JX,溯溪沙滩鞋,"Beach Water Shoes Unisex, Anti Slip Pattern Sole, Quick Dry Swim Shoes for Ocean",QS-098-42/43,4.99
一致,802,B0GQBQ3GQN,QS-034-40/41,QS-034-40/41,公司,公司,2,2,0,B0GQBS64JX,溯溪沙滩鞋,"Swim Water Shoes for Men Women, Non Slip Sole, Comfortable Fit, for Beach Pool",QS-034-40/41,4.69
一致,803,B0GQBMYP7T,QS-002-42/43,QS-002-42/43,公司,公司,7,7,0,B0GQBS64JX,溯溪沙滩鞋,Water Shoes for Women Men Quick Dry Barefoot Beach Swim Pool Walking Shoes,QS-002-42/43,4.99
一致,804,B0GQBWYNMN,QS-066-42/43,QS-066-42/43,公司,公司,4,4,0,B0GQBS64JX,溯溪沙滩鞋,"Slip On Swim Shoes Unisex, Non Slip Rubber Sole, Lightweight Quick Dry Aqua Shoes",QS-066-42/43,4.99
一致,805,B0GQBTVKL9,QS-091-42/43,QS-091-42/43,公司,公司,9,9,0,B0GQBS64JX,溯溪沙滩鞋,"Pool Beach Aqua Shoes Men Women, Non Skid Rubber Sole, Lightweight Quick Dry",QS-091-42/43,4.99
一致,806,B0GQC92YY7,QS-068-40/41,QS-068-40/41,公司,公司,1,1,0,B0GQBS64JX,溯溪沙滩鞋,Summer Beach Shoes Lightweight Water Shoes for Women Men Daily Sports,QS-068-40/41,4.99
FBA可售不一致,807,B0GQBSD76W,QS-014-42/43,QS-014-42/43,公司,公司,5,6,0,B0GQBS64JX,溯溪沙滩鞋,"Pool Water Shoes for Men Women, Anti Skid Sole, Quick Dry, Lightweight Swim Shoes",QS-014-42/43,4.99
FBA可售不一致,808,B0GQBRLZB9,QS-055-40/41,QS-055-40/41,公司,公司,7,5,1,B0GQBP3SH9,溯溪沙滩鞋,"Creek Trekking Water Shoes for Men Women, Anti Slip Sole, Durable Outsole",QS-055-40/41,4.69
一致,809,B0GQBR61BG,QS-042-40/41,QS-042-40/41,公司,公司,7,7,0,B0GQBS64JX,溯溪沙滩鞋,"Unisex Swim Shoes, Non Skid Rubber Sole, Packable Quick Dry Beach Shoes",QS-042-40/41,4.99
一致,810,B0GQBV4N7R,QS-088-42/43,QS-088-42/43,公司,公司,7,7,0,B0GQBP3SH9,溯溪沙滩鞋,"Unisex Printed Water Shoes, Anti Skid Rubber Sole, Lightweight Slip On Beach Shoes",QS-088-42/43,4.69
一致,811,B0GQC8P36C,QS-079-40/41,QS-079-40/41,公司,公司,5,5,0,B0GQBP3SH9,溯溪沙滩鞋,Slip On Beach Shoes Quick Dry Water Shoes for Travel Vacation Outdoor,QS-079-40/41,4.69
负责人不一致；FBA可售不一致,812,B0GL918DQV,ZD001-White-8/9,ZD001-White-8/9,凯旋,公司,3,1,2,B0GL92S6S4,折叠拖鞋001白,"Foldable Flip Flops for Travel, Lightweight Portable Silicone Slippers, Compact Non-Slip Sandals for Home/Hotel/Beach, Comfortable Flexible Footwear for Women & Men",ZD001-White-8/9,3.99
一致,813,B0GL9B194G,ZD003-Yellow-7/8,ZD003-Yellow-7/8,公司,公司,2,2,0,B0GL9J1BLX,折叠拖鞋003黄,"Foldable EVA Flip Flops for Women Men, Wide Strap Non-Slip Travel Sandals, Lightweight Quick-Drying Beach Slippers for Vacation, Pool & Shower",ZD003-Yellow-7/8,3.99
FBA可售不一致,814,B0GL91XJMV,ZD003-Yellow-8/9,ZD003-Yellow-8/9,公司,公司,4,2,1,B0GL9J1BLX,折叠拖鞋003黄,"Foldable EVA Flip Flops for Women Men, Wide Strap Non-Slip Travel Sandals, Lightweight Quick-Drying Beach Slippers for Vacation, Pool & Shower",ZD003-Yellow-8/9,3.44
FBA可售不一致,815,B0GL8XRPM9,ZD003-Black-7/8,ZD003-Black-7/8,公司,公司,2,0,2,B0GL9J1BLX,折叠拖鞋003黑,"Foldable EVA Flip Flops for Women Men, Wide Strap Non-Slip Travel Sandals, Lightweight Quick-Drying Beach Slippers for Vacation, Pool & Shower",ZD003-Black-7/8,3.99
一致,816,B0GL8ZMT5M,ZD002-White-8/9,ZD002-White-8/9,公司,公司,1,1,0,B0GL8ZMT5M,折叠拖鞋002白,"Foldable EVA Travel Slippers for Women Men, Lightweight Quick Drying Non Slip Shower Sandals, Portable Flip Flops for Bathroom, Hotel, Beach, Pool & Cruise",ZD002-White-8/9,3.99
一致,817,B0GL9CYBSR,ZD003-Red-8/9,ZD003-Red-8/9,公司,公司,1,1,0,B0GL9J1BLX,折叠拖鞋003红,"Foldable EVA Flip Flops for Women Men, Wide Strap Non-Slip Travel Sandals, Lightweight Quick-Drying Beach Slippers for Vacation, Pool & Shower",ZD003-Red-8/9,3.99
FBA可售不一致,818,B0GL94NNFY,ZD003-Black-8/9,ZD003-Black-8/9,公司,公司,2,0,0,B0GL9J1BLX,折叠拖鞋003黑,"Foldable EVA Flip Flops for Women Men, Wide Strap Non-Slip Travel Sandals, Lightweight Quick-Drying Beach Slippers for Vacation, Pool & Shower",ZD003-Black-8/9,3.99
一致,819,B0GL8VT3QN,ZD002-Grey-7/8,ZD002-Grey-7/8,公司,公司,3,3,0,B0GL8VT3QN,折叠拖鞋002灰,"Foldable EVA Travel Slippers for Women Men, Lightweight Quick Drying Non Slip Shower Sandals, Portable Flip Flops for Bathroom, Hotel, Beach, Pool & Cruise",ZD002-Grey-7/8,3.99
FBA可售不一致,820,B0GL94ZZDQ,ZD002-Pink-7/8,ZD002-Pink-7/8,公司,公司,4,3,1,B0GL91XJMF,折叠拖鞋002粉,"Foldable EVA Travel Slippers for Women Men, Lightweight Quick Drying Non Slip Shower Sandals, Portable Flip Flops for Bathroom, Hotel, Beach, Pool & Cruise",ZD002-Pink-7/8,3.99
一致,821,B0GL94GS9D,ZD003-Green-8/9,ZD003-Green-8/9,公司,公司,3,3,0,B0GL9J1BLX,折叠拖鞋003绿,"Foldable EVA Flip Flops for Women Men, Wide Strap Non-Slip Travel Sandals, Lightweight Quick-Drying Beach Slippers for Vacation, Pool & Shower",ZD003-Green-8/9,3.99
一致,822,B0GL8WWC5C,ZD003-Red-7/8,ZD003-Red-7/8,公司,公司,2,2,0,B0GL9J1BLX,折叠拖鞋003红,"Foldable EVA Flip Flops for Women Men, Wide Strap Non-Slip Travel Sandals, Lightweight Quick-Drying Beach Slippers for Vacation, Pool & Shower",ZD003-Red-7/8,3.99
一致,823,B0GL961T22,ZD003-White-8/9,ZD003-White-8/9,公司,公司,2,2,0,B0GL9J1BLX,折叠拖鞋003白,"Foldable EVA Flip Flops for Women Men, Wide Strap Non-Slip Travel Sandals, Lightweight Quick-Drying Beach Slippers for Vacation, Pool & Shower",ZD003-White-8/9,3.99
一致,824,B0GL8ZD27K,ZD003-Green-7/8,ZD003-Green-7/8,公司,公司,3,3,0,B0GL9J1BLX,折叠拖鞋003绿,"Foldable EVA Flip Flops for Women Men, Wide Strap Non-Slip Travel Sandals, Lightweight Quick-Drying Beach Slippers for Vacation, Pool & Shower",ZD003-Green-7/8,3.44
一致,825,B0GL8W559L,ZD002-Pink-8/9,ZD002-Pink-8/9,公司,公司,2,2,0,B0GL91XJMF,折叠拖鞋002粉,"Foldable EVA Travel Slippers for Women Men, Lightweight Quick Drying Non Slip Shower Sandals, Portable Flip Flops for Bathroom, Hotel, Beach, Pool & Cruise",ZD002-Pink-8/9,4.3
一致,826,B0GL937PXW,ZD002-Blue-7/8,ZD002-Blue-7/8,公司,公司,3,3,0,B0GL91XJMF,折叠拖鞋002蓝,"Foldable EVA Travel Slippers for Women Men, Lightweight Quick Drying Non Slip Shower Sandals, Portable Flip Flops for Bathroom, Hotel, Beach, Pool & Cruise",ZD002-Blue-7/8,3.99
一致,827,B0GL94DJQC,ZD002-Grey-8/9,ZD002-Grey-8/9,公司,公司,2,2,0,B0GL94DJQC,折叠拖鞋002灰,"Foldable EVA Travel Slippers for Women Men, Lightweight Quick Drying Non Slip Shower Sandals, Portable Flip Flops for Bathroom, Hotel, Beach, Pool & Cruise",ZD002-Grey-8/9,3.99
一致,828,B0GL93DVDW,ZD001-Blue-8/9,ZD001-Blue-8/9,公司,公司,1,1,0,B0GL92S6S4,折叠拖鞋001蓝,"Foldable Flip Flops for Travel, Lightweight Portable Silicone Slippers, Compact Non-Slip Sandals for Home/Hotel/Beach, Comfortable Flexible Footwear for Women & Men",ZD001-Blue-8/9,3.44
一致,829,B0GL9D1TT1,ZD001-Grey-8/9,ZD001-Grey-8/9,公司,公司,7,7,0,B0GL9D1TT1,折叠拖鞋001灰,"Foldable Flip Flops for Travel, Lightweight Portable Silicone Slippers, Compact Non-Slip Sandals for Home/Hotel/Beach, Comfortable Flexible Footwear for Women & Men",ZD001-Grey-8/9,4.3
一致,830,B0GL987GNW,ZD001-Pink-8/9,ZD001-Pink-8/9,公司,公司,1,1,0,B0GL92S6S4,折叠拖鞋001粉,"Foldable Flip Flops for Travel, Lightweight Portable Silicone Slippers, Compact Non-Slip Sandals for Home/Hotel/Beach, Comfortable Flexible Footwear for Women & Men",ZD001-Pink-8/9,3.99
一致,831,B0GL93DVF4,ZD001-White-7/8,ZD001-White-7/8,公司,公司,2,2,0,B0GL92S6S4,折叠拖鞋001白,"Foldable Flip Flops for Travel, Lightweight Portable Silicone Slippers, Compact Non-Slip Sandals for Home/Hotel/Beach, Comfortable Flexible Footwear for Women & Men",ZD001-White-7/8,4.3
一致,832,B0GL91L477,ZD001-Blue-7/8,ZD001-Blue-7/8,公司,公司,2,2,0,B0GL92S6S4,折叠拖鞋001蓝,"Foldable Flip Flops for Travel, Lightweight Portable Silicone Slippers, Compact Non-Slip Sandals for Home/Hotel/Beach, Comfortable Flexible Footwear for Women & Men",ZD001-Blue-7/8,4.3
一致,833,B0GL9JCN53,ZD001-Pink-7/8,ZD001-Pink-7/8,公司,公司,2,2,0,B0GL92S6S4,折叠拖鞋001粉,"Foldable Flip Flops for Travel, Lightweight Portable Silicone Slippers, Compact Non-Slip Sandals for Home/Hotel/Beach, Comfortable Flexible Footwear for Women & Men",ZD001-Pink-7/8,3.99
FBA可售不一致,834,B0GL95J33J,ZD001-Yellow-8/9,ZD001-Yellow-8/9,公司,公司,3,1,0,B0GL92S6S4,折叠拖鞋001黄,"Foldable Flip Flops for Travel, Lightweight Portable Silicone Slippers, Compact Non-Slip Sandals for Home/Hotel/Beach, Comfortable Flexible Footwear for Women & Men",ZD001-Yellow-8/9,3.99
工具未内置该 ASIN,835,B0HCJFJKB8,TTCA-Pet-XQ-Airtag-Blue,,,,2,,,B0HCJ92929,,"Tracker Holder Pet Collar, Adjustable Dog and Cat Collar with Buckle, M Size Sky Blue for Outdoor Walking and Daily Wear",,4.47
工具未内置该 ASIN,836,B0HCJD8736,TTCA-Petchewtoy-bird,,,,10,,,B0HDLLWN8B,,"Cat Parrot Toy, Interactive Pet Chew Toy for Indoor Play and Activity, Parrot Shape, Natural Small Style",,2.76
工具未内置该 ASIN,837,B0HCJGM7R2,TTCA-Pettoy-Sisal,,,,5,,,B0HCJGM7R2,,"Cat Wobble Toy with Textured Body, Self-Righting Tumbler Toy for Indoor Cats, Battery-Free Solo Play, Small Natural",,3.44
工具未内置该 ASIN,838,B0HCJBPRZ3,TTCA-Pettoy-Feather,,,,5,,,B0HCJBPRZ3,,"Cat Wobble Toy with Feather Teaser, Self-Righting Tumbler Toy for Indoor Cats, Battery-Free Solo Play, Small Multicolor",,3.44
工具未内置该 ASIN,839,B0HCBBZT8S,KCC-ZWBD-20MM,,凯旋,,10,,,B0H1VK6P8V,植物绑带,"Plant Tie Tape Roll 0.79 in x 9.84 ft, Reusable Adjustable Plant Securing Tape, Cut‑to‑Length Stem Bundling Strap For Houseplant, Patio & Garden Branch Fixing Vine Shaping",KCC-ZWBD-20MM,1.95
工具未内置该 ASIN,840,B0HCBHQJZT,KCC-MTTZ-CAT,,凯旋,,10,,,B0HCBHQJZT,垃圾桶贴纸,"Rectangular Throw Pillow Cover, Funny Black Cat Printed Cushion Sleeve with Humorous Quote, Envelope Closure Decorative Pillow Case for Sofa and Bedroom Indoor Space",KCC-MTTZ-CAT,2.6
工具未内置该 ASIN,841,B0HCBC3KXJ,KCC-SQQJS1-BAI,,凯旋,,30,,,B0H4F84574,神奇清洁刷,"Reusable Rubber Rust Remover Eraser, Multipurpose Stain Limescale Eraser for Faucet Sink Iron Metal Surface Cleaning",KCC-SQQJS1-BAI,1.58
工具未内置该 ASIN,842,B0HCB96BSC,KCC-SQQJS1-LAN,,凯旋,,30,,,B0H4F84574,神奇清洁刷,"Reusable Rubber Rust Remover Eraser, Multipurpose Stain Limescale Eraser for Faucet Sink Iron Metal Surface Cleaning",KCC-SQQJS1-LAN,1.58
工具未内置该 ASIN,843,B0HC6MWL5L,KCC-JBPK-J,,凯旋,,10,,,B0HC6KRM4N,金箔扑克,"Gold Foil Playing Cards, Rose Back Poker Deck, Gold Color Variant for Parties, Travel Card Games, 3.74 X 2.17 Inch",KCC-JBPK-J,2.16
工具未内置该 ASIN,844,B0HC6SR8TN,KCC-MJCT-H-V1,,凯旋,,20,,,B0HB5463QH,美甲锉条,"2 Pcs Nail Files, Black 50 Count Double Sided 100/180 Grit Manicure Files for Shaping Buffing Salon and Home Use",KCC-MJCT-H-V1,2.56
工具未内置该 ASIN,845,B0HC6NSFC2,TTCA-RepotMat-Green-50-R,,cccady,,10,,,B0HC6NHLPF,,"Repotting Mat for Indoor Gardening, Green Square Plant Transplanting Pad with Snap Corners, Potting Work Surface",,1.99
工具未内置该 ASIN,846,B0HC5WX6KQ,KCC-YXMQ-W,,凯旋,,20,,,B0HC5PNQYC,眼线棉签,"Pointed Makeup Swabs, White Precision Tip Applicators for Eyeliner Cleanup, Brow Shaping, Nail Art Touch Ups, 2.76 Inch",KCC-YXMQ-W,2.16
工具未内置该 ASIN,847,B0HC3ZH22D,TTCA-Towel-green,,cccady,,10,,,B0HC46CXJ3,冷感运动毛巾-绿色,"Cooling Sports Towel, Quick Dry Fitness Towel for Gym Yoga Running Camping Golf Hiking Travel and Workouts, Green",TTCA-Towel-green,2.88
工具未内置该 ASIN,848,B0HC3ZWK92,TTCA-Fishtail-Ribbon-Purp,,cccady,,10,,,B0HC3ZWK92,,"Fishtail Ribbon Trim, Purple Bouquet Wrap Tie for Floral Arrangements, Gift Packaging, DIY Craft Decor",,1.47
工具未内置该 ASIN,849,B0HC3ZPC6H,TTCA-Fishtail-Ribbon-Pik,,cccady,,10,,,B0HC3ZPC6H,鱼尾纱花束包装纸-粉色-无卷芯,"Fishtail Ribbon Trim, Pink Bouquet Wrap Tie for Floral Arrangements, Gift Packaging, DIY Craft Decor",TTCA-Fishtail-Ribbon-Pik,1.47
工具未内置该 ASIN,850,B0HC4BHN2H,TTCA-Shakerbottle-Green,,cccady,,10,,,B0HC4BHN2H,,"Protein Shaker Bottle 350 ML, Leak Proof Fitness Mixer Cup for Gym Workout Smoothies and Meal Prep, Green",,4.99
工具未内置该 ASIN,851,B0HC3Z7M1X,TTCA-Shakerbottle-Black,,cccady,,10,,,B0HC3Z7M1X,,"Protein Shaker Bottle 350 ML, Leak Proof Fitness Mixer Cup for Gym Workout Smoothies and Meal Prep, Black",,4.99
工具未内置该 ASIN,852,B0HC4CCJX8,TTCA-Shakerbottle-Pink,,cccady,,10,,,B0HC4CCJX8,,"Protein Shaker Bottle 350 ML, Leak Proof Fitness Mixer Cup for Gym Workout Smoothies and Meal Prep, Pink",,4.99
工具未内置该 ASIN,853,B0HC4C269F,TTCA-Clips-Brown-50,,cccady,,10,,,B0HC4C269F,,"Garden Plant Clips, Brown Orchid Stem Support Clamps for Vine Training, Flower Stake Holders, 50 Count Pack",,1.44
工具未内置该 ASIN,854,B0HC4C99XC,TTCA-Clips-Green-50,,cccady,,10,,,B0HC4C99XC,,"Garden Plant Clips, Green Orchid Stem Support Clamps for Vine Training, Flower Stake Holders, 50 Count Pack",,1.44
工具未内置该 ASIN,855,B0HC48FQDN,TTCA-Clips-White-50,,cccady,,10,,,B0HC48FQDN,,"Garden Plant Clips, White Orchid Stem Support Clamps for Vine Training, Flower Stake Holders, 50 Count Pack",,1.52
工具未内置该 ASIN,856,B0HC426YLT,TTCA-PetXQ-Airlight-WHITE,,cccady,,10,,,B0HC426YLT,,"Luminous Pet Collar with Tracker Holder, Breakaway Cat Collar for Small Pets, Night Visibility, Daily Wear, White",,3.14
工具未内置该 ASIN,857,B0HC42KHMP,TTCA-PetXQ-Airlight-PINK,,cccady,,10,,,B0HC42KHMP,,"Luminous Pet Collar with Tracker Holder, Breakaway Cat Collar for Small Pets, Night Visibility, Daily Wear, Pink",,3.14
工具未内置该 ASIN,858,B0HC3LRX15,TTCA-Sperators-Pearl,,cccady,,10,,,B0HC3RND7T,,"Toe Separators for Pedicure, Pearl Toe Spacers, Reusable Nail Care Tool for Foot Grooming and Polish",,1.86
工具未内置该 ASIN,859,B0HC3DJTF1,TTCA-Sperators-Flower-Pik,,cccady,,10,,,B0HC3RND7T,,"Toe Separators for Pedicure, Orange Flower Toe Spacers, Reusable Nail Care Tool for Foot Grooming and Polish",,1.86
工具未内置该 ASIN,860,B0HC3J2F63,TTCA-PetToy-Feather-R,,cccady,,9,,,B0HC3J2F63,,"Cat Feather Toy, Interactive Pet Chew Item for Indoor Play and Activity, Feather Style, Beige Small Style",,1.62
工具未内置该 ASIN,861,B0HC3B175R,TTCA-Washbag-Grey,,cccady,,10,,,B0HC3BQX2D,防水洗漱包-灰色-大号,"Waterproof Toiletry Bag, Large Travel Makeup Organizer Pouch for Gym, Swimming, Beach, Bathroom Storage, Transparent Gray",TTCA-Washbag-Grey,3.99
工具未内置该 ASIN,862,B0HC3FKH5W,TTCA-Washbag-White,,cccady,,10,,,B0HC3BQX2D,防水洗漱包-白色-大号,"Waterproof Toiletry Bag, Large Travel Makeup Organizer Pouch for Gym, Swimming, Beach, Bathroom Storage, Transparent White",TTCA-Washbag-White,3.99
工具未内置该 ASIN,863,B0HC2V5GCS,SP-huaben-mi,,图图,,10,,,B0HC2WNV33,,"Secret Garden Adult Coloring Book, Intricate Floral Pattern Colouring Pages, Stress Relief Anxiety Calming Art Drawing Book for Relaxation",,3.24
工具未内置该 ASIN,864,B0HC2J31HX,SP-xiedai-cai,,图图,,10,,,B0HBWN8JGN,,"12 Pack No Tie Silicone Shoe Laces, Quick Lock Elastic Lazy Shoelaces, Replacement Laces for Sneakers Canvas Casual Shoes",,1.87
工具未内置该 ASIN,865,B0H94G5KPB,SP-FDB-1,,图图,,6,,,B0H94NK69W,,"Interlocking Silver Mirror Wind Sequin Wall Panels, DIY Splicable Shiny Decor Tiles for Home Wall, Wedding Photo Backdrop Party Background",,6.56
工具未内置该 ASIN,866,B0HBWX6FX1,SP-xiedai-bai,,图图,,10,,,B0HBWN8JGN,,"12 Pack No Tie Silicone Shoe Laces, Quick Lock Elastic Lazy Shoelaces, Replacement Laces for Sneakers Canvas Casual Shoes",,1.87
工具未内置该 ASIN,867,B0HBWRHXFD,SP-fangtangjia-1hong,,图图,,10,,,B0H1QP7PPS,,"3 in 1 Anti-Scald Plate Clip, Multifunctional Kitchen Bowl Gripper with Bottle Opener, Non Slip Heat Resistant Dish Lifter",,4.19
工具未内置该 ASIN,868,B0HBWQ2R9B,CA-Sock-S5-Green-R2,,cccady,,5,,,B0HBWLJMSK,,"Women's Non-Slip Five-Toe Yoga Grip Socks for Pilates Barre Dance, Low Cut Studio Toe Socks, One Pair, Green",,3.72
工具未内置该 ASIN,869,B0HBWSQ1YW,CA-Sock-S5-Purple-R2,,cccady,,5,,,B0HBWLJMSK,,"Women's Non-Slip Five-Toe Yoga Grip Socks for Pilates Barre Dance, Low Cut Studio Toe Socks, One Pair, Purple",,3.72
工具未内置该 ASIN,870,B0HBVDJCH3,KCC-DGNBXQ-1,,凯旋,,5,,,B0HBVCXLJ5,多功能剥线器,"Multi Function Wire Stripper Pliers, Spring Loaded Generic Electrician Tool For Wire Stripping Cutting Crimping Household Circuit Repair",KCC-DGNBXQ-1,3.42
工具未内置该 ASIN,871,B0HBBP7ZRS,KCC-DBJLLSD-B,,凯旋,,10,,,B0H94PTFMM,短柄棘轮螺丝刀,"13-in-1 Short Handle Ratchet Screwdriver Set, Black Mini Magnetic Screwdriver with 12 Bits and Magnetizer, 6mm Bit Holder",KCC-DBJLLSD-B,2.99
工具未内置该 ASIN,872,B0HB8XWH14,SP-motuochanrao-1,,图图,,6,,,B0HB8YQ8Z7,,"Motorcycle Handlebar Wrap Grips, Anti-Slip Breathable Hand Grip Tape for Motorcycles, Scooters, Bikes, 1/2 Pack Universal Handlebar Covers",,1.66
工具未内置该 ASIN,873,B0HB9CYXZR,SP-motuochanrao-2,,图图,,6,,,B0HB8YQ8Z7,,"Motorcycle Handlebar Wrap Grips, Anti-Slip Breathable Hand Grip Tape for Motorcycles, Scooters, Bikes, 1/2 Pack Universal Handlebar Covers",,2.45
工具未内置该 ASIN,874,B0HB8Q4WQG,SP-juanfacao-6,,图图,,6,,,B0HB8YXNJW,,"6 Pack Strawberry Sponge Hair Curlers, No Heat Sleep-in Foam Rollers for Big Wavy Hair",,5.46
工具未内置该 ASIN,875,B0HB8WFKVH,SP-juanfacao-1,,图图,,6,,,B0HB8YXNJW,,"1 Pack Strawberry Sponge Hair Curler, No Heat Sleep-in Foam Roller for Big Wavy Hair",,1.67
工具未内置该 ASIN,876,B0HB4LWQZ9,SP-kaipijiu-1,,图图,,6,,,B0HD79BH6P,,"2 Pack Ace of Spades Bottle Openers, Stainless Steel Credit Card Style Beer Opener, Portable Poker Card Shaped Bottle Opener for Bar Kitchen Party",,1.67
工具未内置该 ASIN,877,B0HB4TXXNR,SP-zhijiaci-hei2,,图图,,5,,,B0H9YDPSPX,,"Foldable Silicone Phone Stand, Adjustable Portable Cell Phone Holder with Random Lanyard, Roll Up Pocket Mount for Travel Home Office Video Call",,2.87
工具未内置该 ASIN,878,B0HB4SFQYB,SP-maojin-dae,,图图,,6,,,B0GVR5WKNS,,"2 Pack Cute Duck Hanging Hand Towels, Ultra Absorbent Quick Dry Microfiber Towels, Soft Cartoon Cloth for Kitchen Bathroom Sink Home Decor",,5.25
工具未内置该 ASIN,879,B0HB48JQCY,KCC-BXTJ-5,,凯旋,,10,,,B0HB49JPCY,冰箱贴夹,"Multicolor Magnetic Bag Sealer, 5 Pack Fridge Magnet Clips, 30 x 75 mm",KCC-BXTJ-5,1.99
工具未内置该 ASIN,880,B0H9Y9SYT6,SP-kaidan-huang21,,图图,,6,,,B0H94TYLWT,,"Manual Egg Cracker Tool With Matching Silicone Egg Poacher Cups, Multicolor Kitchen Egg Cooking Gadget Set For Breakfast Baking",,1.76
工具未内置该 ASIN,881,B0H9YG76P6,KCC-BXGQJS-Y,,凯旋,,19,,,B0H9Y6VC4L,不锈钢清洁刷,"Stainless Steel Pot Cleaning Brush, Long Handle Wire Scrub Brush for Kitchen Pans, Durable Rust Resistant Dish Scrubber, Silver, 7.9 Inch",KCC-BXGQJS-Y,1.88
工具未内置该 ASIN,882,B0H9YC58LD,SP-qingjieduocen-1,,图图,,6,,,B0HB4KVWBG,,"2-in-1 Kitchen Cleaning Cloth Set, Peelable Rainbow Layer Sponge Wipe & Metal Wire Cleaning Cloth for Pots, Sinks & Tabletops",,1.86
工具未内置该 ASIN,883,B0H9YBTZFY,SP-zhijiaci-fen2,,图图,,5,,,B0H9YDPSPX,,"Foldable Silicone Phone Stand, Adjustable Portable Cell Phone Holder with Random Lanyard, Roll Up Pocket Mount for Travel Home Office Video Call",,2.87
工具未内置该 ASIN,884,B0H9WK3DTW,KCC-LXQ-B,,凯旋,,19,,,B0H94TT4GW,理线器,"Adhesive Cable Organizer Ties, 10 Pack Black 3M Backed Hook and Loop Cable Management Straps, 30 x 90 mm",KCC-LXQ-B,1.68
工具未内置该 ASIN,885,B0H9WLXF2K,KCC-NMJT-10,,凯旋,,20,,,B0H94T31LX,纳米胶贴,"1 mm Thick x 3 cm Wide x 5 m Long, 3.8 cm Core，Clear Double Sided Nano Tape, Waterproof Removable Acrylic Mounting Tape, Regular Pack",KCC-NMJT-10,3.89
工具未内置该 ASIN,886,B0H9WP8QXB,KCC-SJWB-Black,,凯旋,,19,,,B0H9WGMWB1,,"Generic Multifunctional Ergonomic Phone Grip, Pinky Finger Support, Stress Relief Ring Grip Phone Holder, Black",,1.99
工具未内置该 ASIN,887,B0H9RF8V1Q,KCC-FPhei-11,,凯旋,,10,,,B0H9RF8V1Q,,"2 Pack White Caulk Tape, Toilet Seal Strip with Black Tool for Bathroom Base, Sink, Shower, Bathtub Edge and Countertop",,1.46
工具未内置该 ASIN,888,B0H9RJLTQW,KCC-FPfen-1,,凯旋,,10,,,B0H9RJLTQW,,"2 Pack Powder Puff, Makeup Sponge, Sample Size Face Applicator for Loose Powder, Foundation, Travel And Vanity Routines",,1.46
工具未内置该 ASIN,889,B0H9LCRG1W,SP-fashua-3,,图图,,6,,,B0H9LG9BSZ,,"Wide Tooth Styling Comb, Anti Static Detangling Hair Comb for Curly Thick Wavy Hair, Salon Home Hair Care Accessory",,1.87
工具未内置该 ASIN,890,B0H9L6XDLW,SP-fashua-1,,图图,,6,,,B0H9LG9BSZ,,"Wide Tooth Styling Comb, Anti Static Detangling Hair Comb for Curly Thick Wavy Hair, Salon Home Hair Care Accessory",,0.99
工具未内置该 ASIN,891,B0H9KTC2GL,WESSP-shouzhibaohu-1,,图图,,5,,,B0H9KQD27V,2店手指保护套6,"Ergonomic Silicone Thumb Picking Sleeve, Non-Slip Finger Guard for Garden Fruit Vegetable Harvesting",WESSP-shouzhibaohu-1,2.44
FBA可售不一致,892,B0H94VBS47,KCC-HWSS-1,KCC-HWSS-1,凯旋,凯旋,12,0,0,B0H94GZCMQ,户外绳索,"Silver Outdoor Rope Tightener with 3m Nylon Rope, Zinc Alloy Tent Rope Tensioner Hook",KCC-HWSS-1,3.26
FBA可售不一致,893,B0H94J45BK,KCC-JLBS-B,KCC-JLBS-B,凯旋,凯旋,20,0,0,B0H94M75FV,棘轮扳手,"Multifunctional Self-Tightening Ratchet Wrench, 45# Steel Heat-Treated Bicycle Repair Tool, Black, 5.91 Inch",KCC-JLBS-B,1.88
FBA可售不一致,894,B0H94H59HV,KCC-GD-O,KCC-GD-O,凯旋,凯旋,10,0,0,B0H94RCJKV,刮刀,Orange Retractable Razor Scraper Tool Set with 10 Metal Blades and 3 Wire Brushes,KCC-GD-O,2.66
FBA可售不一致,895,B0H94RF212,SP-zhankouhu-4,SP-zhankouhu-4,图图,图图,10,0,0,B0H94KN6QT,,"Butterfly Wall Hooks with Sponge Cleaning Pad, 4 Pack Self-Adhesive Hanging Hooks with 1PCS Water Absorbent Sponge for Kitchen Bathroom Organization",,3.13
FBA可售不一致,896,B0H94GR825,SP-haimianjia-gui,SP-haimianjia-gui,图图,图图,5,0,0,B0H94HJV8Q,,"Horror Ghost Face Sponge Holder, Funny Kitchen Sink Dish Sponge Drain Rack, Halloween Decor Dish Scrubber Storage Caddy",,6.32
FBA可售不一致,897,B0H94HLDQ8,SP-safen-1,SP-safen-1,图图,图图,6,0,0,B0H94XQT8C,,"Food Grade 304 Stainless Steel Powder Sugar Shaker Duster, One Hand Spring Operated Mini Mesh Sieve Dispenser for Baking, Cocoa, Matcha, Coffee Latte Decor",,2.64
FBA可售不一致,898,B0H94L3FGK,SP-huayiwang-2,SP-huayiwang-2,图图,图图,12,0,0,B0H94NNS7F,,"2 Pack Honeycomb Mesh Decor Film, DIY Vase Pebble Texture Molding Tape, Reusable Hex Grid Stencil for Home Ceramic Craft Decor",,1.78
FBA可售不一致,899,B0H94H27C2,SP-kaidan-fen2,SP-kaidan-fen2,图图,图图,6,0,0,B0H94TYLWT,,"Manual Egg Cracker Tool With Matching Silicone Egg Poacher Cups, Multicolor Kitchen Egg Cooking Gadget Set For Breakfast Baking",,1.76
FBA可售不一致,900,B0H94T18DW,SP-zhanmaoqi-2,SP-zhanmaoqi-2,图图,图图,6,0,0,B0H94M4CPQ,,"2 Pack Reusable Washable Lint Roller with Dust Cover & Hook, Portable Waterproof Pet Hair Remover for Clothes Sofa Car, White & Green",,2.56
FBA可售不一致,901,B0H94KM8XQ,SP-kaidan-hong2,SP-kaidan-hong2,图图,图图,6,0,0,B0H94TYLWT,,"Manual Egg Cracker Tool With Matching Silicone Egg Poacher Cups, Multicolor Kitchen Egg Cooking Gadget Set For Breakfast Baking",,1.76
FBA可售不一致,902,B0H8WRTHCN,KCC-GYXCSQ-1,KCC-GYXCSQ-1,凯旋,凯旋,5,0,0,B0H8WFLQB8,高压吸水枪,"Long Wand Foam Spray Gun with Detergent Soap Bottle, Adjustable Pattern Hose Attachment Sprayer for Car Wash and Garden Irrigation",KCC-GYXCSQ-1,8.59
FBA可售不一致,903,B0H8WYSL4R,WESSP-kaipingqi-1,WESSP-kaipingqi-1,图图,图图,4,0,0,B0H8WP6VP2,,"One-Touch Electric Hands-Free Can Opener, Battery Operated Kitchen Tool with Smooth Cut Edge for Daily Cans",,5.13
FBA可售不一致,904,B0H8S9YQP7,WESSP-doumaotihuan-mi,WESSP-doumaotihuan-mi,图图,图图,7,0,0,B0H8S9VYG3,2店逗猫棒替换头蜜蜂,"Single Bug Cat Wand Refill Attachment, Interchangeable Feather Teaser WESSPare with Bell, Snap On Replacement Head for Indoor Kitten Interactive Play",WESSP-doumaotihuan-mi,1.99
FBA可售不一致,905,B0H8SH9K6C,WESSP-doumaotihuan-hu,WESSP-doumaotihuan-hu,图图,图图,7,0,0,B0H8S9VYG3,2店逗猫棒替换头蝴蝶,"Single Bug Cat Wand Refill Attachment, Interchangeable Feather Teaser WESSPare with Bell, Snap On Replacement Head for Indoor Kitten Interactive Play",WESSP-doumaotihuan-hu,1.99
FBA可售不一致,906,B0H8SJXZM9,WESSP-doumaotihuan-fei,WESSP-doumaotihuan-fei,图图,图图,7,0,0,B0H8S9VYG3,2店逗猫棒替换头小飞虫,"Single Bug Cat Wand Refill Attachment, Interchangeable Feather Teaser WESSPare with Bell, Snap On Replacement Head for Indoor Kitten Interactive Play",WESSP-doumaotihuan-fei,1.99
FBA可售不一致,907,B0H8SD17Y2,SP-FP-dan02,SP-FP-dan02,图图,图图,10,0,0,B0H6ZW72SY,,"1Pcs Black Pink Makeup Puff Kit, Powder Cushion Beauty Sponge & Mini Finger Puffs for All Makeup Steps",,1.24
FBA可售不一致,908,B0H8SBSQLN,SP-FP-dingzhuang02,SP-FP-dingzhuang02,图图,图图,10,0,0,B0H6BD6LT4,,"2Pcs Black Pink Makeup Puff Kit, Powder Cushion Beauty Sponge & Mini Finger Puffs for All Makeup Steps",,1.24
FBA可售不一致,909,B0H8S6WLF4,SP-FP-tao01,SP-FP-tao01,图图,图图,5,0,0,B0H6BDX73N,,"10Pcs Powder Puff Set, Cloud Diamond Square Triangle Puffs for Loose Pressed Powder Touch Up",,2.68
负责人不一致；FBA可售不一致,910,B0H8PZN871,Pet-XQ-RePur65,Pet-XQ-RePur65,cccady,未分配,10,0,0,B0HBMV3966,舒缓宠物项圈-紫色,"Pet Collar for Dogs & Cats 65cm, Adjustable Waterproof Collar for Daily Wear",Pet-XQ-RePur65,2.79
FBA可售不一致,911,B0H8NXW7RV,SP-doumaotihuan-hu,SP-doumaotihuan-hu,图图,图图,7,0,0,B0H8NYTS5W,逗猫棒替换头蝴蝶,"Single Bug Cat Wand Refill Attachment, Interchangeable Feather Teaser Spare with Bell, Snap On Replacement Head for Indoor Kitten Interactive Play",SP-doumaotihuan-hu,1.76
FBA可售不一致,912,B0H8NVTHWY,SP-doumaotihuan-fei,SP-doumaotihuan-fei,图图,图图,7,0,0,B0H8NYTS5W,逗猫棒替换头小飞虫,"Single Bug Cat Wand Refill Attachment, Interchangeable Feather Teaser Spare with Bell, Snap On Replacement Head for Indoor Kitten Interactive Play",SP-doumaotihuan-fei,1.76
FBA可售不一致,913,B0H8NZD7H3,SP-doumaotihuan-mi,SP-doumaotihuan-mi,图图,图图,7,0,0,B0H8NYTS5W,逗猫棒替换头蜜蜂,"Single Bug Cat Wand Refill Attachment, Interchangeable Feather Teaser Spare with Bell, Snap On Replacement Head for Indoor Kitten Interactive Play",SP-doumaotihuan-mi,1.76
FBA可售不一致,914,B0H8NS4XQD,SP-FP-quan02,SP-FP-quan02,图图,图图,10,0,0,B0H6B7MB9X,,"2Pcs Black Pink Makeup Puff Kit, Powder Cushion Beauty Sponge & Mini Finger Puffs for All Makeup Steps",,1.24
FBA可售不一致,915,B0H8N37Q9H,SP-jiroutie-x6,SP-jiroutie-x6,图图,图图,9,0,0,B0H8CQM5JZ,肌肉贴x6,"6 Pack Assorted Color Kinesiology Tape, 3X X-Shaped & 3X Wide Y-Shaped Elastic Athletic Muscle Support Tape for Sports & Sedentary Soreness Relief",SP-jiroutie-x6,2.88
一致,916,B0H8N596PD,SP-xiangquan1-62-hui,SP-xiangquan1-62-hui,图图,图图,5,5,0,B0H5NQJPLY,,"8-Month Long Lasting Pet Neck Collar for Dogs & Cats, Adjustable Waterproof Daily Wearing Collar, Skin Friendly Hypoallergenic Pet Accessory",,2.44
FBA可售不一致,917,B0H8N2WFMC,SP-jiroutie-y6,SP-jiroutie-y6,图图,图图,9,0,0,B0H8CQM5JZ,肌肉贴y6,"6 Pack Assorted Color Kinesiology Tape, 3X X-Shaped & 3X Wide Y-Shaped Elastic Athletic Muscle Support Tape for Sports & Sedentary Soreness Relief",SP-jiroutie-y6,2.88
一致,918,B0H8CW83FM,SP-rongqigaixi-fen,SP-rongqigaixi-fen,图图,图图,5,5,0,B0H2HGT5T6,容器盖带吸管2粉色,"Silicone Soda Can Lids with 2 Straws, Multicolor Reusable Dust Leak Proof Can Sealers for Outdoor Beverage Storage",SP-rongqigaixi-fen,2.66
一致,919,B0H8CLFCHY,SP-rongqigaixi-hui,SP-rongqigaixi-hui,图图,图图,5,5,0,B0H2HGT5T6,容器盖带吸管2灰色,"Silicone Soda Can Lids with 2 Straws, Multicolor Reusable Dust Leak Proof Can Sealers for Outdoor Beverage Storage",SP-rongqigaixi-hui,2.66
一致,920,B0H87SMLPN,SP-shouzhibaohu-1,SP-shouzhibaohu-1,图图,图图,5,5,0,B0H8BHDW1C,手指保护套6,"Ergonomic Silicone Thumb Picking Sleeve, Non-Slip Finger Guard for Garden Fruit Vegetable Harvesting",SP-shouzhibaohu-1,2.44
FBA可售不一致,921,B0H87Q24K7,SP-lixianqi-si,SP-lixianqi-si,图图,图图,7,0,0,B0H87LG4GP,理线器可撕款,"196.85In Reusable Cuttable Hook and Loop Cable Strap, Dark Gray Adjustable Cord Organizer Wrap for Desktop Charging Wire, Home Office Electronic Cable Sorting Supply",SP-lixianqi-si,1.99
FBA可售不一致,922,B0H87N9L4R,WESSP-diguan-1,WESSP-diguan-1,图图,图图,7,0,0,B0H87NRH3R,2店滴灌小鸟,"Bird Self Watering Plant Stake, Transparent Light Green Auto Slow Release Irrigation Spike, Water Insert for Indoor Outdoor Potted Flower Succulent Garden",WESSP-diguan-1,1.99
FBA可售不一致,923,B0H87PX6S8,SP-lixianqi-cai,SP-lixianqi-cai,图图,图图,7,0,0,B0H87LG4GP,理线器裁剪款,"196.85In Reusable Cuttable Hook and Loop Cable Strap, Dark Gray Adjustable Cord Organizer Wrap for Desktop Charging Wire, Home Office Electronic Cable Sorting Supply",SP-lixianqi-cai,1.99
一致,924,B0H85YZ2SH,SP-fanguangwei1-6,SP-fanguangwei1-6,图图,图图,5,5,0,B0H86D47N3,,"Triangular Bike Saddle Reflector, High Vis TPU Safety Tag, Tool-Free Hook, Night Riding Accessory for Mountain Road Folding Bikes, 6 Colors",,1.6
FBA可售不一致,925,B0H83M8XCT,KCC-DZFZQ-1,KCC-DZFZQ-1,凯旋,凯旋,10,0,0,B0H83F9RNX,钉子辅助器,"Finger Protection Nail Holding Safety Plier, Multi Size Plastic Nail Positioning Tool For Diy Woodworking And Household Renovation",KCC-DZFZQ-1,2.56
FBA可售不一致,926,B0H839HNWC,SP-diguan-1,SP-diguan-1,图图,图图,7,0,0,B0H8386RRZ,滴灌小鸟,"Bird Self Watering Plant Stake, Transparent Light Green Auto Slow Release Irrigation Spike, Water Insert for Indoor Outdoor Potted Flower Succulent Garden",SP-diguan-1,1.99
FBA可售不一致,927,B0H837CPQJ,SP-tiezhi-h500,SP-tiezhi-h500,图图,图图,18,0,0,B0H82ZRD75,标签红色,"500 Sheets Blank Write-On Pantry Label Roll, Self Adhesive Blue Border Tags for Jars Canisters Food Containers",SP-tiezhi-h500,1.35
FBA可售不一致,928,B0H835R6L8,SP-tiezhi-hk500,SP-tiezhi-hk500,图图,图图,19,0,0,B0H82ZRD75,标签红空白色,"500 Sheets Blank Write-On Pantry Label Roll, Self Adhesive Blue Border Tags for Jars Canisters Food Containers",SP-tiezhi-hk500,1.35
一致,929,B0H74YH9L7,SP-pingzi-2,SP-pingzi-2,图图,图图,4,4,0,B0H754J2J5,,"2 Pack Mini Capsule Travel Makeup Spatulas, Portable Reusable Cosmetic Spoon for Cream Lotion Skincare TSA Carry-On Approved",,1.6
一致,930,B0H7Q765FK,Slide-ZD-Blue-9-R,Slide-ZD-Blue-9-R,cccady,cccady,2,2,0,B0H7FN6981,,"Foldable EVA Slide Sandals, Ocean Blue, US Size 9",,4.49
一致,931,B0H7FW5NBH,Slide-ZD-Grey-8,Slide-ZD-Grey-8,cccady,cccady,4,4,0,B0H7FN6981,,"Foldable EVA Slide Sandals, Mist Grey, US Size 8",,4.49
一致,932,B0H7F95XRJ,Slide-ZD-Grey-9,Slide-ZD-Grey-9,cccady,cccady,4,4,0,B0H7FN6981,,"Foldable EVA Slide Sandals, Mist Grey, US Size 9",,4.49
一致,933,B0H7FPGHCT,Slide-ZD-White-8,Slide-ZD-White-8,cccady,cccady,5,5,0,B0H7FN6981,,"Foldable EVA Slide Sandals, Pearl White, US Size 8",,4.49
一致,934,B0H7FSW3S8,Slide-ZD-Blue-8,Slide-ZD-Blue-8,cccady,cccady,5,5,0,B0H7FN6981,,"Foldable EVA Slide Sandals, Ocean Blue, US Size 8",,4.49
一致,935,B0H7FFYG66,Slide-ZD-Pink-9,Slide-ZD-Pink-9,cccady,cccady,5,5,0,B0H7FN6981,,"Foldable EVA Slide Sandals, Blush Pink, US Size 9",,4.49
一致,936,B0H7FG7CRQ,Slide-ZD-Pink-8,Slide-ZD-Pink-8,cccady,cccady,5,5,0,B0H7FN6981,,"Foldable EVA Slide Sandals, Blush Pink, US Size 8",,4.49
一致,937,B0H7BX9LX4,SP-fanguangxiang-M,SP-fanguangxiang-M,图图,图图,5,5,0,B0H7BX4XBV,,"Reflective Nylon Dog Collar, Adjustable Safety Collar with Metal D-Ring, High Vis Night Walking Collar for Medium Large Dogs, Multi Sizes & Colors",,2.44
一致,938,B0H7BZDVPX,SP-fanguangxiang-L,SP-fanguangxiang-L,图图,图图,5,5,0,B0H7BX4XBV,,"Reflective Nylon Dog Collar, Adjustable Safety Collar with Metal D-Ring, High Vis Night Walking Collar for Medium Large Dogs, Multi Sizes & Colors",,2.44
一致,939,B0H77JXNHM,Sandal-Black-cc,Sandal-Black-cc,cccady,cccady,3,3,0,B0HBR99JR6,果冻鞋花配饰-黑色,"Women's Jelly Slide Sandals with Flower Charms, Plastic Slip On Summer Flats, Size 7, Black",Sandal-Black-cc,8.99
一致,940,B0H77HK1TK,Sandal-Transp-cc,Sandal-Transp-cc,图图,图图,3,3,0,B0HBR99JR6,果冻鞋花配饰-透明,"Women's Jelly Slide Sandals with Flower Charms, Plastic Slip On Summer Flats, Size 7, Clear",Sandal-Transp-cc,8.99
一致,941,B0H76ZNHT5,Sandal-Golden-cc,Sandal-Golden-cc,cccady,cccady,3,3,0,B0HBR99JR6,果冻鞋花配饰-金色,"Women's Jelly Slide Sandals with Flower Charms, Plastic Slip On Summer Flats, Size 7, Gold",Sandal-Golden-cc,8.99
一致,942,B0H77KLHW4,Spraybottle-Purple-cc1,Spraybottle-Purple-cc1,cccady,cccady,2,2,0,B0HDJSVM7C,复古玻璃喷壶-200ml款式2-彩色,"Vintage Glass Plant Mister Spray Bottle, 200ml Decorative Water Sprayer for Indoor Plants, Purple",Spraybottle-Purple-cc1,5.49
一致,943,B0H776FBN6,Spraybottle-Yellow-cc1,Spraybottle-Yellow-cc1,cccady,cccady,2,2,0,B0H776FBN6,复古玻璃喷壶-200ml款式4-彩色,"Vintage Glass Plant Mister Spray Bottle, 200ml Decorative Water Sprayer for Indoor Plants, Yellow",Spraybottle-Yellow-cc1,5.49
一致,944,B0H758QZ82,SP-guashi-1,SP-guashi-1,图图,图图,5,5,0,B0H756WL7J,,7 Chakra Crystal Suncatcher Rainbow Maker Hanging Prism Ornament for Window Home Garden Wedding Boho Decor Gift,,2.99
FBA可售不一致,945,B0H6ZSB7QT,SP-FP-dan01,SP-FP-dan01,图图,图图,5,0,0,B0H6ZW72SY,,"4Pcs Beauty Sponge Set, Makeup Blenders for Foundation Concealer Loose Setting Powder Under Eye Touch Up",,4.16
FBA可售不一致,946,B0H6WFG56M,KCC-FPhei-6,KCC-FPhei-6,凯旋,凯旋,5,0,0,B0H6W3F8Y5,,"Set With 4 Triangle And 2 Cloud Shape Powder Puffs, Makeup Puff For Loose Powder And Cosmetic Foundation Use",,4.99
FBA可售不一致,947,B0H6W9TCGF,KCC-FPFH-6,KCC-FPFH-6,凯旋,凯旋,5,0,0,B0H6W517ZG,,"Set With 2 Triangle, 2 Diamond And 2 Cloud Shape Powder Puffs, Makeup Puff For Loose Powder Cosmetic Foundation Contouring",,4.99
FBA可售不一致,948,B0H6G4SYKL,KCC-SKJ-1,KCC-SKJ-1,凯旋,凯旋,1,0,0,B0H6FW2G5F,烧烤架,"Camping Grill Rack, Folding Campfire Grill for Picnic, Patio, and Travel Cooking With Portable Tabletop Stand.",KCC-SKJ-1,4.99
一致,949,B0H6FR5LLR,KCC-FQLSS-1,KCC-FQLSS-1,凯旋,凯旋,10,10,0,B0H6FYDML2,防撬螺栓锁,"Door Latch, Flip Door Latch, 90 180 Degree Swing Hook for Barn Door, Cabinet, Gate, and Suite Room Use.",KCC-FQLSS-1,4.99
FBA可售不一致,950,B0H6FSY7JW,KCC-AMS-1,KCC-AMS-1,凯旋,凯旋,10,0,0,B0H6FS8PK7,按摩刷,"Beard Brush, Pocket Grooming Brush With Case, Is a Palm Fit Styling Tool for Travel, Desk, And Daily Touch Ups.",KCC-AMS-1,2.56
FBA可售不一致,951,B0H6B94W5W,SP-FP-dingzhuang01,SP-FP-dingzhuang01,图图,图图,5,0,0,B0H6BD6LT4,,"10Pcs Powder Puff Set, Cloud Bite Shape Makeup Puffs for Loose Pressed Powder Face Touch Up",,2.63
工具未内置该 ASIN,952,B0H6BHRJ3D,SP-FP-tao02,,,,10,,,B0H6BDX73N,,"2 Pcs Powder Puff Set, Cloud Diamond Square Triangle Puffs for Loose Pressed Powder Touch Up",,1.15
FBA可售不一致,953,B0H6B52MGC,SP-FP-quan01,SP-FP-quan01,图图,图图,5,0,0,B0H6B7MB9X,,"14Pcs Black Pink Makeup Puff Kit, Powder Cushion Beauty Sponge & Mini Finger Puffs for All Makeup Steps",,4.91
一致,954,B0H6B9PRMQ,SP-TX-9,SP-TX-9,图图,图图,1,1,0,B0H6B8LW5W,短袖9,"Premium Women's Solid Crew Neck Shirt, Casual Short Sleeve Lightweight Regular Fit Basic Tee Multicolor",SP-TX-9,3.99
一致,955,B0H6B3WSKS,SP-TX-7,SP-TX-7,图图,图图,1,1,0,B0H6B8LW5W,短袖7,"Premium Women's Solid Crew Neck Shirt, Casual Short Sleeve Lightweight Regular Fit Basic Tee Multicolor",SP-TX-7,3.99
一致,956,B0H6BF9B7G,SP-TX-8,SP-TX-8,图图,图图,1,1,0,B0H6B8LW5W,短袖8,"Premium Women's Solid Crew Neck Shirt, Casual Short Sleeve Lightweight Regular Fit Basic Tee Multicolor",SP-TX-8,3.99
一致,957,B0H6B3N6X9,SP-TX-1,SP-TX-1,图图,图图,1,1,0,B0H6B8LW5W,短袖1,"Premium Women's Solid Crew Neck Shirt, Casual Short Sleeve Lightweight Regular Fit Basic Tee Multicolor",SP-TX-1,3.99
一致,958,B0H6BFTPY8,SP-TX-5,SP-TX-5,图图,图图,1,1,0,B0H6B8LW5W,短袖5,"Premium Women's Solid Crew Neck Shirt, Casual Short Sleeve Lightweight Regular Fit Basic Tee Multicolor",SP-TX-5,3.99
一致,959,B0H6B287TN,SP-TX-4,SP-TX-4,图图,图图,1,1,0,B0H6B8LW5W,短袖4,"Premium Women's Solid Crew Neck Shirt, Casual Short Sleeve Lightweight Regular Fit Basic Tee Multicolor",SP-TX-4,3.99
一致,960,B0H69YSSQJ,SP-TX-2,SP-TX-2,图图,图图,1,1,0,B0H6B8LW5W,短袖2,"Premium Women's Solid Crew Neck Shirt, Casual Short Sleeve Lightweight Regular Fit Basic Tee Multicolor",SP-TX-2,3.99
一致,961,B0H69TV1D7,SP-TX-3,SP-TX-3,图图,图图,1,1,0,B0H6B8LW5W,短袖3,"Premium Women's Solid Crew Neck Shirt, Casual Short Sleeve Lightweight Regular Fit Basic Tee Multicolor",SP-TX-3,3.99
一致,962,B0H6B9TY3B,SP-TX-10,SP-TX-10,图图,图图,1,1,0,B0H6B8LW5W,短袖10,"Premium Women's Solid Crew Neck Shirt, Casual Short Sleeve Lightweight Regular Fit Basic Tee Multicolor",SP-TX-10,3.99
一致,963,B0H6B1QRLZ,SP-TX-6,SP-TX-6,图图,图图,1,1,0,B0H6B8LW5W,短袖6,"Premium Women's Solid Crew Neck Shirt, Casual Short Sleeve Lightweight Regular Fit Basic Tee Multicolor",SP-TX-6,3.99
一致,964,B0H5NHDKDB,SP-xiangquan1-62-zi,SP-xiangquan1-62-zi,图图,图图,1,1,0,B0H5NQJPLY,狗狗项圈紫色,"8-Month Long Lasting Pet Neck Collar for Dogs & Cats, Adjustable Waterproof Daily Wearing Collar, Skin Friendly Hypoallergenic Pet Accessory",SP-xiangquan1-62-zi,2.44
一致,965,B0H5JJV254,SP-shounafenge-tou,SP-shounafenge-tou,图图,图图,5,5,0,B0H5J4P51X,,"8 Compartments Clear Acrylic Tea Bag Organizer, Multi-Purpose Tea Packet Storage Holder for Kitchen Drawer, Countertop, Cabinet & Pantry (Compartment)",,3.99
一致,966,B0H5CDB2LZ,SP-chumaodian-bai,SP-chumaodian-bai,图图,图图,3,3,0,B0H5CKYDZM,顺毛白色,"Electric Spray Pet Grooming Brush, Rechargeable 3-in-1 Cat Dog Hair Brush with Massage Comb, Water Spray Dematting Tool",SP-chumaodian-bai,4.66
一致,967,B0H5CNW9WC,SP-chumaodian-huang,SP-chumaodian-huang,图图,图图,3,3,0,B0H5CKYDZM,顺毛白色,"Electric Spray Pet Grooming Brush, Rechargeable 3-in-1 Cat Dog Hair Brush with Massage Comb, Water Spray Dematting Tool",SP-chumaodian-huang,4.66
负责人不一致,968,B0H5B96D8Q,WESKCC-wangyanwa-7se,WESKCC-wangyanwa-7se,凯旋,cccady,3,3,0,B0H5B4QW8C,,"7 Pairs Men's Ankle Socks, Mesh Short Crew Socks, Multicolor Casual Socks For Daily Wear",,5.6
一致,969,B0H4ZNP896,KCC-YJHXD1-2,KCC-YJHXD1-2,凯旋,凯旋,5,5,0,B0H4ZLTJ4B,瑜伽,"Single Flower Shaped Yoga Knee Pad, 7.87 Inch Soft NBR Foam Knee Cushion, Non-Slip Thick Kneeling Mat for Yoga Pilates Gardening House Cleaning",KCC-YJHXD1-2,6.25
一致,970,B0H4SXF1R1,SP-shuibei01-bai,SP-shuibei01-bai,图图,图图,5,5,0,B0H4SNVS2K,水杯白色,"30oz Multicolor Stainless Steel Tumbler with Handle, Lid & Straw, Double Wall Insulated Outdoor Travel Mug for Hot Cold Drinks",SP-shuibei01-bai,12.84
一致,971,B0H4TJ1G99,SP-shuibei01-hui,SP-shuibei01-hui,图图,图图,5,5,0,B0H4SNVS2K,水杯灰色,"30oz Multicolor Stainless Steel Tumbler with Handle, Lid & Straw, Double Wall Insulated Outdoor Travel Mug for Hot Cold Drinks",SP-shuibei01-hui,12.84
一致,972,B0H4SVJ41D,SP-shuibei01-hei,SP-shuibei01-hei,图图,图图,5,5,0,B0H4SNVS2K,水杯黑色,"30oz Multicolor Stainless Steel Tumbler with Handle, Lid & Straw, Double Wall Insulated Outdoor Travel Mug for Hot Cold Drinks",SP-shuibei01-hei,12.84
一致,973,B0H4SMX71P,KCC-FHBWB-LAN,KCC-FHBWB-LAN,凯旋,凯旋,5,5,0,B0H4SNVS2K,户外保温杯,"30 Oz Non Slip Textured Travel Tumbler With Carry Handle And Flip Straw, Leakproof Stainless Steel Drink Mug For Driving Outdoor Use",KCC-FHBWB-LAN,12.84
一致,974,B0H4SW6DPR,KCC-QB4-1,KCC-QB4-1,凯旋,凯旋,3,3,0,B0H4S9WYMC,钱包,"Genuine Leather, Three-Fold Men Wallet with 13 Card Slots, Anti-Theft Design",KCC-QB4-1,9.99
一致,975,B0H4SVBH74,KCC-QB5-1,KCC-QB5-1,凯旋,凯旋,5,5,0,B0H4SRLK1G,钱包,PU Leather Unisex Zippered Business Card Holder with 22 Cards Capacity for Credit Debit Bank Cards,KCC-QB5-1,1.99
一致,976,B0H4SRKMC3,KCC-QB6-1,KCC-QB6-1,凯旋,凯旋,5,5,0,B0H4SR78KK,钱包,"Vintage Casual, Patchwork Color-Blocked Men's Short Wallet, 1pc Classic Bifold Design",KCC-QB6-1,2.99
一致,977,B0H4SVBD6G,KCC-QB2-1,KCC-QB2-1,凯旋,凯旋,5,5,0,B0H4SRY4PD,钱包,"Vintage Korean Style Long Wallet, Multi-Card Holder, Slim Envelope Design Ladies Purse",KCC-QB2-1,2.99
一致,978,B0H4SLS337,KCC-QB7-1,KCC-QB7-1,凯旋,凯旋,3,3,0,B0H4SYNRHM,钱包,"Vintage Leather Trifold Wallet, Large Capacity Purse with Snap Closure and Zippered Pocket for Women",KCC-QB7-1,6.99
一致,979,B0H4S7LX2X,KCC-QB3-1,KCC-QB3-1,凯旋,凯旋,3,3,0,B0H4SSSTKY,钱包,"Black Carbon Fiber, Orange Aluminum Pop-Up Wallet, Credit Card Holder with RFID Blocking",KCC-QB3-1,14.99
一致,980,B0H4R1FTF4,SP-shuibei02-bai,SP-shuibei02-bai,图图,图图,5,5,0,B0H4SNVS2K,水杯渐变莓红色,"27.05 oz Stainless Steel Tumbler with Handle, Lid & Straw, Double Wall Insulated Travel Cup, Outdoor Reusable Drinking Mug for Cold Hot Drinks",SP-shuibei02-bai,12.84
一致,981,B0H4QWWNG8,SP-shuibei02-hui,SP-shuibei02-hui,图图,图图,5,5,0,B0H4SNVS2K,水杯渐变本色,"27.05 oz Stainless Steel Tumbler with Handle, Lid & Straw, Double Wall Insulated Travel Cup, Outdoor Reusable Drinking Mug for Cold Hot Drinks",SP-shuibei02-hui,12.84
一致,982,B0H4R4M57L,SP-shuibei01-fen,SP-shuibei01-fen,图图,图图,5,5,0,B0H4SNVS2K,水杯粉色,"30oz Multicolor Stainless Steel Tumbler with Handle, Lid & Straw, Double Wall Insulated Outdoor Travel Mug for Hot Cold Drinks",SP-shuibei01-fen,12.84
一致,983,B0H4R5F255,SP-dabao-lv,SP-dabao-lv,图图,图图,5,5,0,B0H4R5Y4WB,化妆包大绿,"Striped Color-Block Hanging Travel Makeup Bag, Foldable Multi-Compartment Cosmetic Organizer for Women",SP-dabao-lv,9.89
一致,984,B0H4L4JGC6,WESSP-B14-M,WESSP-B14-M,图图,图图,5,5,0,B0H4L56X4Y,泳衣红色,String Bikini Tops for Women Sexy Triangle Bathing Suit Tops Adjustable Tie Back Swim Tops Black,WESSP-B14-M,6.66
一致,985,B0H4LBBZ3B,WESSP-B13-L,WESSP-B13-L,图图,图图,2,2,0,B0H4L56X4Y,泳衣条纹蓝白,Women Two Piece Vintage Print Bikini Set Halter String Triangle Swimsuit Back Self Tie Spaghetti Strap Bathing Suit,WESSP-B13-L,6.66
一致,986,B0H4LFFD16,WESSP-B13-M,WESSP-B13-M,图图,图图,5,5,0,B0H4L56X4Y,泳衣条纹蓝白,Women Two Piece Vintage Print Bikini Set Halter String Triangle Swimsuit Back Self Tie Spaghetti Strap Bathing Suit,WESSP-B13-M,6.66
一致,987,B0H4L3KMG4,WESSP-BINGXIU-binchuan01,WESSP-BINGXIU-binchuan01,图图,图图,6,6,0,B0H4L3D191,冰袖冰川,"Ice Silk Cooling Arm Sleeves, UV Sun Protection Non-Slip Arm Covers for Men Women Outdoor Sports",WESSP-BINGXIU-binchuan01,2.25
一致,988,B0H4L7B6GC,WESSP-shouyao01-zhenzhu,WESSP-shouyao01-zhenzhu,图图,图图,5,5,0,B0H4LDZN9X,收腰扣针扣,"4Pcs Adjustable Waist Buckle Set, Alloy Pant Button Extender Fashion Waist Cinch Clips for Women",WESSP-shouyao01-zhenzhu,2.11
一致,989,B0H4LHG1VR,WESSP-maojin-feng,WESSP-maojin-feng,图图,图图,4,4,0,B0H4L5YJ73,挂件毛巾,"Fuzzy Ball Chenille Hanging Hand Towels 2 Pack, Soft Absorbent Fast Drying Towels with Hanging Loop for Bathroom Kitchen",WESSP-maojin-feng,5.25
一致,990,B0H4LBGLNM,WESSP-shouyao01-xingyun,WESSP-shouyao01-xingyun,图图,图图,5,5,0,B0H4LDZN9X,收腰扣幸运,"4Pcs Adjustable Waist Buckle Set, Alloy Pant Button Extender Fashion Waist Cinch Clips for Women",WESSP-shouyao01-xingyun,2.11
一致,991,B0H4JHVR62,SP-jiaobandadan3-1,SP-jiaobandadan3-1,图图,图图,5,5,0,B0H4JBC65Y,半自动打蛋器,"Semi Automatic Hand Push Egg Whisk, Stainless Steel Rotary Egg Beater, Manual Mixer for Egg Cream Batter, Home Baking Kitchen Gadget",SP-jiaobandadan3-1,4.69
一致,992,B0H4HDVS6Z,FlipFlops-ZD-ClassicBlack-9,FlipFlops-ZD-ClassicBlack-9,cccady,cccady,12,12,0,B0HB4TD2TW,,"Foldable Flip Flops for Men and Women Portable Lightweight Non-Slip Quick Dry Travel Sandals, Classic Black, Size 9",,3.99
一致,993,B0H4HK6L56,FlipFlops-ZD-SunshineYellow-9,FlipFlops-ZD-SunshineYellow-9,cccady,cccady,12,12,0,B0HB5DXJHK,,"Foldable Flip Flops for Men and Women Portable Lightweight Non-Slip Quick Dry Travel Sandals, Sunshine Yellow, Size 9",,3.99
一致,994,B0H4H77K18,FlipFlops-ZD-MintGreen-8,FlipFlops-ZD-MintGreen-8,cccady,cccady,13,13,0,B0HB4TD2TW,,"Foldable Flip Flops for Men and Women Portable Lightweight Non-Slip Quick Dry Travel Sandals, Mint Green, Size 8",,3.99
一致,995,B0H4H6L1FM,FlipFlops-ZD-CloudWhite-9,FlipFlops-ZD-CloudWhite-9,cccady,cccady,13,13,0,B0HB4TD2TW,,"Foldable Flip Flops for Men and Women Portable Lightweight Non-Slip Quick Dry Travel Sandals, Cloud White, Size 9",,3.99
一致,996,B0H4HB219T,FlipFlops-ZD-OceanBlue-9,FlipFlops-ZD-OceanBlue-9,cccady,cccady,10,10,0,B0HB5DXJHK,,"Foldable Flip Flops for Men and Women Portable Lightweight Non-Slip Quick Dry Travel Sandals, Ocean Blue, Size 9",,3.99
一致,997,B0H4H8FXTT,FlipFlops-ZD-RoseRed-8,FlipFlops-ZD-RoseRed-8,cccady,cccady,11,11,0,B0HB4TD2TW,,"Foldable Flip Flops for Men and Women Portable Lightweight Non-Slip Quick Dry Travel Sandals, Rose Red, Size 8",,3.99
一致,998,B0H4H1Z4N4,FlipFlops-ZD-LemonYellow-9,FlipFlops-ZD-LemonYellow-9,cccady,cccady,14,14,0,B0HB4TD2TW,,"Foldable Flip Flops for Men and Women Portable Lightweight Non-Slip Quick Dry Travel Sandals, Lemon Yellow, Size 9",,3.99
一致,999,B0H4H7SS6W,FlipFlops-ZD-PearlWhite-9,FlipFlops-ZD-PearlWhite-9,cccady,cccady,15,15,0,B0HB5DXJHK,,"Foldable Flip Flops for Men and Women Portable Lightweight Non-Slip Quick Dry Travel Sandals, Pearl White, Size 9",,3.99
一致,1000,B0H4H49FTB,FlipFlops-ZD-PearlWhite-8,FlipFlops-ZD-PearlWhite-8,cccady,cccady,10,10,0,B0HB5DXJHK,,"Foldable Flip Flops for Men and Women Portable Lightweight Non-Slip Quick Dry Travel Sandals, Pearl White, Size 8",,3.99
一致,1001,B0H4HJHHL5,FlipFlops-ZD-MistGrey-9,FlipFlops-ZD-MistGrey-9,cccady,cccady,12,12,0,B0HB5DXJHK,,"Foldable Flip Flops for Men and Women Portable Lightweight Non-Slip Quick Dry Travel Sandals, Mist Grey, Size 9",,3.99
一致,1002,B0H4H3Y47J,FlipFlops-ZD-CloudWhite-8,FlipFlops-ZD-CloudWhite-8,cccady,cccady,10,10,0,B0HB4TD2TW,,"Foldable Flip Flops for Men and Women Portable Lightweight Non-Slip Quick Dry Travel Sandals, Cloud White, Size 8",,3.99
一致,1003,B0H4HDZTJ6,FlipFlops-ZD-BlushPink-8,FlipFlops-ZD-BlushPink-8,cccady,cccady,7,7,0,B0HB5DXJHK,,"Foldable Flip Flops for Men and Women Portable Lightweight Non-Slip Quick Dry Travel Sandals, Blush Pink, Size 8",,3.99
一致,1004,B0H4H7P4MT,FlipFlops-ZD-OceanBlue-8,FlipFlops-ZD-OceanBlue-8,cccady,cccady,14,14,0,B0HB5DXJHK,,"Foldable Flip Flops for Men and Women Portable Lightweight Non-Slip Quick Dry Travel Sandals, Ocean Blue, Size 8",,3.99
一致,1005,B0H4H8L9LB,FlipFlops-ZD-BlushPink-9,FlipFlops-ZD-BlushPink-9,cccady,cccady,10,10,0,B0HB5DXJHK,,"Foldable Flip Flops for Men and Women Portable Lightweight Non-Slip Quick Dry Travel Sandals, Blush Pink, Size 9",,3.99
一致,1006,B0H4HG4T67,FlipFlops-ZD-MintGreen-9,FlipFlops-ZD-MintGreen-9,cccady,cccady,15,15,0,B0HB4TD2TW,,"Foldable Flip Flops for Men and Women Portable Lightweight Non-Slip Quick Dry Travel Sandals, Mint Green, Size 9",,3.99
负责人不一致,1007,B0H4GMMZF3,WESKCC-JSDK-S,WESKCC-JSDK-S,凯旋,cccady,3,3,0,B0H4GS8LB8,,"5 Pack Men's Boxer Briefs, Pocket Long Leg Underwear, Multipack Daily Wear Boxers for Male Daily and Travel Scenes Multicolor",,12.99
负责人不一致,1008,B0H4GKPBRT,WESKCC-JSDK-M,WESKCC-JSDK-M,凯旋,cccady,3,3,0,B0H4GS8LB8,,"5 Pack Men's Boxer Briefs, Pocket Long Leg Underwear, Multipack Daily Wear Boxers for Male Daily and Travel Scenes Multicolor",,12.99
负责人不一致,1009,B0H4GGWXT6,WESKCC-JSDK-2XL,WESKCC-JSDK-2XL,凯旋,cccady,3,3,0,B0H4GS8LB8,,"5 Pack Men's Boxer Briefs, Pocket Long Leg Underwear, Multipack Daily Wear Boxers for Male Daily and Travel Scenes Multicolor",,12.99
负责人不一致,1010,B0H4GPLQQT,WESKCC-JSDK-XL,WESKCC-JSDK-XL,凯旋,cccady,3,3,0,B0H4GS8LB8,,"5 Pack Men's Boxer Briefs, Pocket Long Leg Underwear, Multipack Daily Wear Boxers for Male Daily and Travel Scenes Multicolor",,12.99
负责人不一致,1011,B0H4GM7HZM,WESKCC-DK-40,WESKCC-DK-40,凯旋,cccady,5,5,0,B0H4GJG5W6,,"20 Pcs Dual Carabiner Clip, S Shaped Double Ended Clip, Small Keychain Hook For Daily And Outdoor Use",,2.99
负责人不一致,1012,B0H4GLZ5VJ,WESKCC-FSD-W20,WESKCC-FSD-W20,凯旋,cccady,3,3,0,B0H4GQVGPR,,"Waterproof Dry Bag, Ocean Pack Floating Dry Sack, 20L Storage Bag For Beach And Outdoor Activities（White）",,9.99
负责人不一致,1013,B0H4GHKBZ3,WESKCC-FSD-B20,WESKCC-FSD-B20,凯旋,cccady,3,3,0,B0H4GQVGPR,,"Waterproof Dry Bag, Ocean Pack Floating Dry Sack, 20L Storage Bag For Beach And Outdoor Activities(Black",,9.99
负责人不一致,1014,B0H4GK1P4L,WESKCC-CCQ-CHENG,WESKCC-CCQ-CHENG,凯旋,cccady,5,5,0,B0H4GJ5ZSP,,"Hand Weeder Tool, Garden Root Remover, Weed Puller with Non Slip Handle for Gardening, Yard Use",,4.32
一致,1015,B0GWZQMF9W,Pet-Ldq-White,Pet-Ldq-White,cccady,cccady,5,5,0,B0HB5YC4VY,猫咪铃铛项圈-米白色,"Velvet Pet Collar with Bell, Adjustable Collar for Cats and Small Dogs, Daily Wear and Indoor Outdoor Use, Off-White",Pet-Ldq-White,7.99
一致,1016,B0GZB82M9W,KFLZ-Y-White-64,KFLZ-Y-White-64,cccady,cccady,10,10,0,B0HBB92HG4,圆形咖啡滤纸-白色64mm,"100 Count Round Disposable Coffee Filters for Coffee Makers, Natural Wood Pulp Paper",KFLZ-Y-White-64,4.48
一致,1017,B0GZB6FF1D,KFLZ-Y-White-56,KFLZ-Y-White-56,cccady,cccady,10,10,0,B0HBB92HG4,圆形咖啡滤纸-白色56mm,"100 Count Round Disposable Coffee Filters for Coffee Makers, Natural Wood Pulp Paper",KFLZ-Y-White-56,4.48
一致,1018,B0H3V3D889,Stripper-Red,Stripper-Red,cccady,cccady,3,3,0,B0HBX8J1M6,玫瑰去刺钳-红色,"Rose Thorn Stripper Tool, Red Iron Leaf Thorn Remover for Roses, Floral Stem Cleaner for Gardening and Flower Arrangements",Stripper-Red,4.99
一致,1019,B0H2FPNHRF,YJQ-Ball-CloudBlue,YJQ-Ball-CloudBlue,cccady,cccady,3,3,0,B0HBK3P2R6,普拉提小球-云彩蓝,"Small Exercise Ball, Mini Pilates Ball for Yoga, Core Training, Cloud Blue",YJQ-Ball-CloudBlue,5.99
一致,1020,B0GZTXGMMT,Coffee-FW-58-DB,Coffee-FW-58-DB,cccady,cccady,5,5,0,B0HCKZ4B5B,咖啡粉碗-58MM单杯单层,58mm Single Cup Single Wall Espresso Filter Basket,Coffee-FW-58-DB,6.99
一致,1021,B0GXF64BPG,Pet-XQ-ReG63-4,Pet-XQ-ReG63-4,cccady,cccady,3,3,0,B0HBMS9LGN,舒缓项圈4条装-狗款63.5cm,"Pet Collar for Dogs 63.5cm, Adjustable Waterproof Collar, 4 Pack",Pet-XQ-ReG63-4,4.89
一致,1022,B0H2SJWRF3,Sock-5-L-White,Sock-5-L-White,cccady,cccady,5,5,0,B0HBLJ4MK2,,"Women's Non-Slip Five-Toe Yoga Grip Socks, Cotton Pilates Barre Crew Socks, White",,4.79
一致,1023,B0H49ZB5PH,GardenGlove-Gray-BlackGrip,GardenGlove-Gray-BlackGrip,cccady,cccady,3,3,0,B0HC7X84YK,园艺手套-灰黑胶,"Gardening Gloves for Women and Men, Breathable Latex Coated Garden Work Gloves with Grip, Medium Size, Gray Elastic Black Grip, 1 Pair",GardenGlove-Gray-BlackGrip,4.99
一致,1024,B0GZVHKQKC,Coffee-FW-51-DB,Coffee-FW-51-DB,cccady,cccady,5,5,0,B0HCKZ4B5B,咖啡粉碗-51MM单杯双层,51mm Single Cup Double Wall Espresso Filter Basket,Coffee-FW-51-DB,6.99
一致,1025,B0GZ9WKD2X,KFLZ-Y-Natural-53,KFLZ-Y-Natural-53,cccady,cccady,10,10,0,B0HBB92HG4,圆形咖啡滤纸-原色53mm,"100 Count Round Disposable Coffee Filters for Coffee Makers, Natural Wood Pulp Paper",KFLZ-Y-Natural-53,4.48
一致,1026,B0H1SHJRGH,XXB-Aroma-Black,XXB-Aroma-Black,cccady,cccady,10,10,0,B0HDJJBX1N,香薰挥发棒-黑色纤维50支,Generic Diffuser Replacement Sticks 22cm Black Fiber 50 Count,XXB-Aroma-Black,3.29
一致,1027,B0H223B95G,Coffee-LZ-SV02-200,Coffee-LZ-SV02-200,cccady,cccady,5,5,0,B0HBKCQD8V,咖啡滤纸-V02-200片,"Unbleached V Shape Coffee Filters V02, 200 Count, Disposable Paper Filters for Drip Coffee Makers",Coffee-LZ-SV02-200,6.99
一致,1028,B0GZB1BJR5,KFLZ-Y-Natural-51,KFLZ-Y-Natural-51,cccady,cccady,10,10,0,B0HBB92HG4,圆形咖啡滤纸-原色51mm,"100 Count Round Disposable Coffee Filters for Coffee Makers, Natural Wood Pulp Paper",KFLZ-Y-Natural-51,4.48
一致,1029,B0GXYVF7V4,8LLQ-80g-Purple,8LLQ-80g-Purple,cccady,cccady,5,5,0,B0HCL3XW3X,8字拉力器-紫色,"Purple Figure 8 Resistance Band for Workout, Stretching, Yoga, Pilates, Physical Therapy and Home Fitness, TPE Exercise Band",8LLQ-80g-Purple,6.49
一致,1030,B0GWZSYN8M,Pet-Ldq-Blue,Pet-Ldq-Blue,cccady,cccady,5,5,0,B0HB5YC4VY,猫咪铃铛项圈-湖蓝色,"Velvet Pet Collar with Bell, Adjustable Collar for Cats and Small Dogs, Daily Wear and Indoor Outdoor Use, Lake Blue",Pet-Ldq-Blue,7.99
一致,1031,B0H1S45D7J,XXB-Aroma-White,XXB-Aroma-White,cccady,cccady,10,10,0,B0H1S45D7J,香薰挥发棒-白色纤维50支,Generic Diffuser Replacement Sticks 22cm White Fiber 50 Count,XXB-Aroma-White,3.29
一致,1032,B0GZTXFN51,Coffee-FW-54-SB,Coffee-FW-54-SB,cccady,cccady,5,5,0,B0HCKZ4B5B,咖啡粉碗-54MM双杯单层,54mm Double Cup Single Wall Espresso Filter Basket,Coffee-FW-54-SB,6.99
一致,1033,B0H3TX3FBL,Stripper-Pink,Stripper-Pink,cccady,cccady,3,3,0,B0HBX8J1M6,玫瑰去刺钳-粉色,"Rose Thorn Stripper Tool, Pink Iron Leaf Thorn Remover for Roses, Floral Stem Cleaner for Gardening and Flower Arrangements",Stripper-Pink,4.99
一致,1034,B0H3V4PKMH,Stripper-Green,Stripper-Green,cccady,cccady,3,3,0,B0HBX8J1M6,玫瑰去刺钳-绿色,"Rose Thorn Stripper Tool, Green Iron Leaf Thorn Remover for Roses, Floral Stem Cleaner for Gardening and Flower Arrangements",Stripper-Green,4.99
一致,1035,B0H2FKBKFP,YJQ-Ball-CloudPurple,YJQ-Ball-CloudPurple,cccady,cccady,3,3,0,B0HBK3P2R6,普拉提小球-云彩紫,"Small Exercise Ball, Mini Pilates Ball for Yoga, Core Training, Cloud Purple",YJQ-Ball-CloudPurple,5.99
一致,1036,B0H4B7483Q,GardenGlove-Green-Hibiscus,GardenGlove-Green-Hibiscus,cccady,cccady,3,3,0,B0HC7X84YK,园艺手套-绿色木槿,"Gardening Gloves for Women and Men, Breathable Latex Coated Garden Work Gloves with Grip, Medium Size, Green Hibiscus Foam Latex Coated, 1 Pair",GardenGlove-Green-Hibiscus,4.99
一致,1037,B0GXZ6HYVY,8LLQ-80g-Pink,8LLQ-80g-Pink,cccady,cccady,5,5,0,B0GXZ6HYVY,8字拉力器-粉色,"Pink Figure 8 Resistance Band for Workout, Stretching, Yoga, Pilates, Physical Therapy and Home Fitness, TPE Exercise Band",8LLQ-80g-Pink,5.49
一致,1038,B0GXYZCJ5T,8LLQ-80g-Green,8LLQ-80g-Green,cccady,cccady,5,5,0,B0HCL3XW3X,8字拉力器-绿色,"Green Figure 8 Resistance Band for Workout, Stretching, Yoga, Pilates, Physical Therapy and Home Fitness, TPE Exercise Band",8LLQ-80g-Green,5.99
一致,1039,B0GZTXGB6Z,Coffee-FW-58-MW,Coffee-FW-58-MW,cccady,cccady,5,5,0,B0HCL45XMR,咖啡粉碗-58MM盲碗,58mm Blind Espresso Backflush Basket,Coffee-FW-58-MW,5.99
一致,1040,B0H4B6G8G1,GardenGlove-Purple-Violet,GardenGlove-Purple-Violet,cccady,cccady,3,3,0,B0HC7X84YK,园艺手套-紫色罗兰,"Gardening Gloves for Women and Men, Breathable Latex Coated Garden Work Gloves with Grip, Medium Size, Purple Violet Foam Latex Coated, 1 Pair",GardenGlove-Purple-Violet,4.99
FBA可售不一致,1041,B0GY4XSHVF,Pet-WD-DeepBlue,Pet-WD-DeepBlue,cccady,cccady,2,5,0,B0HBCZN7V3,宠物生日围兜-深蓝色,Pet Birthday Bandana Bib Deep Blue,Pet-WD-DeepBlue,4.99
FBA可售不一致,1042,B0H269DYNM,Cycleglass-Black,Cycleglass-Black,cccady,cccady,20,100,0,B0H269DYNM,,"Shield Cycling Sunglasses with Carrying Case, Mirror Lens, Adult Unisex, Black Frame",,7.49
一致,1043,B0H2FPKFBW,YJQ-Ball-Blue,YJQ-Ball-Blue,cccady,cccady,3,3,0,B0HBK3P2R6,普拉提小球-蓝色,"Small Exercise Ball, Mini Pilates Ball for Yoga, Core Training, Blue",YJQ-Ball-Blue,4.99
一致,1044,B0GZB2W47K,KFLZ-Y-Natural-56,KFLZ-Y-Natural-56,cccady,cccady,10,10,0,B0HBB92HG4,圆形咖啡滤纸-原色56mm,"100 Count Round Disposable Coffee Filters for Coffee Makers, Natural Wood Pulp Paper",KFLZ-Y-Natural-56,4.48
一致,1045,B0GZ9Z7S29,KFLZ-Y-Natural-64,KFLZ-Y-Natural-64,cccady,cccady,10,10,0,B0HBB92HG4,圆形咖啡滤纸-原色64mm,"100 Count Round Disposable Coffee Filters for Coffee Makers, Natural Wood Pulp Paper",KFLZ-Y-Natural-64,4.48
一致,1046,B0H22189H2,Coffee-LZ-SU04-100,Coffee-LZ-SU04-100,cccady,cccady,5,5,0,B0HBKCQD8V,咖啡滤纸-扇形04-100片,"Unbleached Fan Shape Coffee Filters 04, 100 Count, Disposable Paper Filters for Drip Coffee Makers",Coffee-LZ-SU04-100,4.99
FBA可售不一致,1047,B0GZVL2BTT,Pet-XQ-Re-W48,Pet-XQ-Re-W48,cccady,cccady,5,0,0,B0HBMV3966,舒缓宠物项圈-白色,"Pet Collar for Dogs & Cats 48cm, Adjustable Waterproof Collar for Daily Wear",Pet-XQ-Re-W48,2.59
一致,1048,B0GZTZXSC8,Coffee-FW-58-SB,Coffee-FW-58-SB,cccady,cccady,5,5,0,B0HCKZ4B5B,咖啡粉碗-58MM双杯单层,58mm Double Cup Single Wall Espresso Filter Basket,Coffee-FW-58-SB,7.49
一致,1049,B0H21Z7L3R,Coffee-LZ-SU02-200,Coffee-LZ-SU02-200,cccady,cccady,5,5,0,B0HBKCQD8V,咖啡滤纸-U02-200片,"Unbleached Fan Shape Coffee Filters 02, 200 Count, Disposable Paper Filters for Drip Coffee Makers",Coffee-LZ-SU02-200,6.99
一致,1050,B0GXYYNRZ8,8LLQ-80g-Blue,8LLQ-80g-Blue,cccady,cccady,5,5,0,B0HCL3XW3X,8字拉力器-蓝色,"Blue Figure 8 Resistance Band for Workout, Stretching, Yoga, Pilates, Physical Therapy and Home Fitness, TPE Exercise Band",8LLQ-80g-Blue,5.49
一致,1051,B0GZRRPC47,Coffee-FH-53,Coffee-FH-53,cccady,cccady,5,5,0,B0HBGDL165,咖啡接粉环-银色,"Magnetic Espresso Dosing Ring for 53mm Portafilter, Mess-Reducing Coffee Funnel",Coffee-FH-53,8.99
一致,1052,B0H2FHZJQD,YJQ-Ball-Purple,YJQ-Ball-Purple,cccady,cccady,3,3,0,B0HBK3P2R6,普拉提小球-紫色,"Small Exercise Ball, Mini Pilates Ball for Yoga, Core Training, Purple",YJQ-Ball-Purple,4.99
一致,1053,B0H21Z31M5,Coffee-LZ-SU02-100,Coffee-LZ-SU02-100,cccady,cccady,5,5,0,B0HBKCQD8V,咖啡滤纸-扇形02-100片,"Unbleached Fan Shape Coffee Filters 02, 100 Count, Disposable Paper Filters for Drip Coffee Makers",Coffee-LZ-SU02-100,4.59
一致,1054,B0H4F7RWSK,KCC-ZDCWW-LANBAI,KCC-ZDCWW-LANBAI,凯旋,凯旋,5,5,0,B0H4F96LGP,折叠宠物碗蓝白,"2 Pack Collapsible Silicone Pet Bowls, Portable Foldable Dog Cat Water Food Bowls with Carabiner Clip, BPA-Free Travel Feeding Dishes for Walking Camping Hiking",KCC-ZDCWW-LANBAI,4.99
一致,1055,B0H4F2TBXY,SP-gaoerfujia-white,SP-gaoerfujia-white,图图,图图,5,5,0,B0H4FD5SZR,高尔夫球夹白色,"Portable Golf Ball Holder, Clip On Golf Ball Pouch, Practical Golf Accessories, Easy to Attach on Golf Bag & Cart, Novelty Gift for Golfers Men Women",SP-gaoerfujia-white,2.45
一致,1056,B0H4FD3WWP,KCC-ZDCWW-LANLV,KCC-ZDCWW-LANLV,凯旋,凯旋,5,5,0,B0H4F96LGP,折叠宠物碗蓝绿,"2 Pack Collapsible Silicone Pet Bowls, Portable Foldable Dog Cat Water Food Bowls with Carabiner Clip, BPA-Free Travel Feeding Dishes for Walking Camping Hiking",KCC-ZDCWW-LANLV,4.99
一致,1057,B0H4F6B2WF,SP-gaoerfujia-black,SP-gaoerfujia-black,图图,图图,5,5,0,B0H4FD5SZR,高尔夫球夹黑色,"Portable Golf Ball Holder, Clip On Golf Ball Pouch, Practical Golf Accessories, Easy to Attach on Golf Bag & Cart, Novelty Gift for Golfers Men Women",SP-gaoerfujia-black,2.45
一致,1058,B0H4F4BVQD,KCC-ZDCWW-LANHEI,KCC-ZDCWW-LANHEI,凯旋,凯旋,5,5,0,B0H4F96LGP,折叠宠物碗蓝黑,"2 Pack Collapsible Silicone Pet Bowls, Portable Foldable Dog Cat Water Food Bowls with Carabiner Clip, BPA-Free Travel Feeding Dishes for Walking Camping Hiking",KCC-ZDCWW-LANHEI,4.99
一致,1059,B0H4F39C6P,SP-gaoerfujia-pink,SP-gaoerfujia-pink,图图,图图,5,5,0,B0H4FD5SZR,高尔夫球夹粉色,"Portable Golf Ball Holder, Clip On Golf Ball Pouch, Practical Golf Accessories, Easy to Attach on Golf Bag & Cart, Novelty Gift for Golfers Men Women",SP-gaoerfujia-pink,2.45
一致,1060,B0H456QPHC,KCC-STK-A5-XL,KCC-STK-A5-XL,凯旋,凯旋,2,2,0,B0HDB3X9SL,沙滩裤,"Mens Swim Trunks, Patriotic Flag Print Board Shorts with Drawstring Waist for Holiday and Resort Casual Activities",KCC-STK-A5-XL,6.99
一致,1061,B0H456WR5Y,KCC-STK-A8-L,KCC-STK-A8-L,凯旋,凯旋,2,2,0,B0HDB3X9SL,沙滩裤,"Mens Swim Trunks, Cactus Print Board Shorts with Drawstring Waist for Resort and Summer Casual Events",KCC-STK-A8-L,6.99
一致,1062,B0H45CVS2C,KCC-STK-AJ-XL,KCC-STK-AJ-XL,凯旋,凯旋,2,2,0,B0HDB3X9SL,沙滩裤,"Mens Swim Trunks, School of Fish Print Board Shorts with Drawstring Waist for Resort and Summer Coastal Gatherings",KCC-STK-AJ-XL,6.99
一致,1063,B0H4592C2S,KCC-STK-941-L,KCC-STK-941-L,凯旋,凯旋,2,2,0,B0HDB3X9SL,沙滩裤,"Mens Swim Trunks, Pink Flamingo Print Board Shorts with Drawstring Waist for Resort and Summer Coastal Parties",KCC-STK-941-L,6.99
一致,1064,B0H45C9NTW,KCC-STK-AL-L,KCC-STK-AL-L,凯旋,凯旋,2,2,0,B0HDB3X9SL,沙滩裤,"Mens Swim Trunks, Flamingo Print Board Shorts with Drawstring Waist for Resort and Summer Coastal Parties",KCC-STK-AL-L,6.99
一致,1065,B0H459HQ86,KCC-STK-AH-XL,KCC-STK-AH-XL,凯旋,凯旋,2,2,0,B0HDB3X9SL,沙滩裤,"Mens Swim Trunks, Pineapple Print Board Shorts with Drawstring Waist for Resort and Summer Casual Occasions",KCC-STK-AH-XL,6.99
一致,1066,B0H457MJ2R,KCC-STK-AP-XL,KCC-STK-AP-XL,凯旋,凯旋,2,2,0,B0HDB3X9SL,沙滩裤,"Mens Swim Trunks, Banana Print Board Shorts with Drawstring Waist for Resort and Summer Casual Outings",KCC-STK-AP-XL,6.99
一致,1067,B0H4566HCL,KCC-STK-942-XL,KCC-STK-942-XL,凯旋,凯旋,2,2,0,B0HDB3X9SL,沙滩裤,"Mens Swim Trunks, Multi Color Pineapple Print Board Shorts with Drawstring Waist for Resort and Summer Casual Outings",KCC-STK-942-XL,6.99
一致,1068,B0H458GFDT,KCC-STK-AG-L,KCC-STK-AG-L,凯旋,凯旋,2,2,0,B0HDB3X9SL,沙滩裤,"Mens Swim Trunks, Watermelon Print Board Shorts with Drawstring Waist for Resort and Summer Casual Parties",KCC-STK-AG-L,6.99
一致,1069,B0H454WDBX,KCC-STK-A4-XL,KCC-STK-A4-XL,凯旋,凯旋,2,2,0,B0HDB3X9SL,沙滩裤,"Mens Swim Trunks, Flamingo Print Board Shorts with Drawstring Waist for Beach and Daily Casual Occasions",KCC-STK-A4-XL,6.99
一致,1070,B0H456QPHQ,KCC-STK-8113-XL,KCC-STK-8113-XL,凯旋,凯旋,2,2,0,B0HDB3X9SL,沙滩裤,"Mens Swim Trunks, Mini Palm Tree Print Board Shorts with Drawstring Waist for Resort and Summer Casual Getaways",KCC-STK-8113-XL,6.99
一致,1071,B0H452TMCB,KCC-STK-AE-L,KCC-STK-AE-L,凯旋,凯旋,2,2,0,B0HDB3X9SL,沙滩裤,"Mens Swim Trunks, Palm Tree Print Board Shorts with Drawstring Waist for Resort and Summer Casual Getaways",KCC-STK-AE-L,6.99
一致,1072,B0H456KVZJ,KCC-STK-AJ-L,KCC-STK-AJ-L,凯旋,凯旋,2,2,0,B0HDB3X9SL,沙滩裤,"Mens Swim Trunks, School of Fish Print Board Shorts with Drawstring Waist for Resort and Summer Coastal Gatherings",KCC-STK-AJ-L,6.99
一致,1073,B0H44XX8BP,KCC-STK-A7-XL,KCC-STK-A7-XL,凯旋,凯旋,2,2,0,B0HDB3X9SL,沙滩裤,"Mens Swim Trunks, Bird Print Board Shorts with Drawstring Waist for Resort and Summer Leisure Occasions",KCC-STK-A7-XL,6.99
一致,1074,B0H44YXDJM,KCC-STK-PG-XL,KCC-STK-PG-XL,凯旋,凯旋,2,2,0,B0HDB3X9SL,沙滩裤,"Mens Swim Trunks, Two Tone Shark Print Board Shorts with Drawstring Waist for Resort and Summer Coastal Trips",KCC-STK-PG-XL,6.99
一致,1075,B0H456RSM8,KCC-STK-AU-L,KCC-STK-AU-L,凯旋,凯旋,2,2,0,B0HDB3X9SL,沙滩裤,"Mens Swim Trunks, Pink Flamingo Print Board Shorts with Drawstring Waist for Resort and Summer Casual Parties",KCC-STK-AU-L,6.99
一致,1076,B0H4555SJQ,KCC-STK-AQ-XL,KCC-STK-AQ-XL,凯旋,凯旋,2,2,0,B0HDB3X9SL,沙滩裤,"Mens Swim Trunks, Flamingo Print Board Shorts with Drawstring Waist for Resort and Summer Coastal Events",KCC-STK-AQ-XL,6.99
一致,1077,B0H45CXYX3,KCC-STK-A4-L,KCC-STK-A4-L,凯旋,凯旋,2,2,0,B0HDB3X9SL,沙滩裤,"Mens Swim Trunks, Flamingo Print Board Shorts with Drawstring Waist for Beach and Daily Casual Occasions",KCC-STK-A4-L,6.99
一致,1078,B0H456T45C,KCC-STK-AK-XL,KCC-STK-AK-XL,凯旋,凯旋,2,2,0,B0HDB3X9SL,沙滩裤,"Mens Swim Trunks, Large Pineapple Print Board Shorts with Drawstring Waist for Resort and Summer Casual Events",KCC-STK-AK-XL,6.99
一致,1079,B0H455P35Q,KCC-STK-AN-XL,KCC-STK-AN-XL,凯旋,凯旋,2,2,0,B0HDB3X9SL,沙滩裤,"Mens Swim Trunks, Triangle Print Board Shorts with Drawstring Waist for Resort and Summer Casual Gatherings",KCC-STK-AN-XL,6.99
一致,1080,B0H4556DGY,KCC-STK-AA-XL,KCC-STK-AA-XL,凯旋,凯旋,2,2,0,B0HDB3X9SL,沙滩裤,"Mens Swim Trunks, Vertical Stripe Board Shorts with Drawstring Waist for Resort and Daily Leisure Events",KCC-STK-AA-XL,6.99
一致,1081,B0H45CVW1X,KCC-STK-AB-L,KCC-STK-AB-L,凯旋,凯旋,2,2,0,B0HDB3X9SL,沙滩裤,"Mens Swim Trunks, Steamed Dumpling Print Board Shorts with Drawstring Waist for Resort and Summer Casual Gatherings",KCC-STK-AB-L,6.99
一致,1082,B0H45DLC4C,KCC-STK-AR-XL,KCC-STK-AR-XL,凯旋,凯旋,2,2,0,B0HDB3X9SL,沙滩裤,"Mens Swim Trunks, Palm Tree Print Board Shorts with Drawstring Waist for Resort and Summer Casual Getaways",KCC-STK-AR-XL,6.99
一致,1083,B0H4548B2Z,KCC-STK-AH-L,KCC-STK-AH-L,凯旋,凯旋,2,2,0,B0HDB3X9SL,沙滩裤,"Mens Swim Trunks, Pineapple Print Board Shorts with Drawstring Waist for Resort and Summer Casual Occasions",KCC-STK-AH-L,6.99
一致,1084,B0H45F5DKT,KCC-STK-AN-L,KCC-STK-AN-L,凯旋,凯旋,2,2,0,B0HDB3X9SL,沙滩裤,"Mens Swim Trunks, Triangle Print Board Shorts with Drawstring Waist for Resort and Summer Casual Gatherings",KCC-STK-AN-L,6.99
一致,1085,B0H454NQV6,KCC-STK-A6-XL,KCC-STK-A6-XL,凯旋,凯旋,2,2,0,B0HDB3X9SL,沙滩裤,"Mens Swim Trunks, Pineapple Print Board Shorts with Drawstring Waist for Resort and Summer Casual Scenarios",KCC-STK-A6-XL,6.99
一致,1086,B0H453KBCZ,KCC-STK-PF-L,KCC-STK-PF-L,凯旋,凯旋,2,2,0,B0HDB3X9SL,沙滩裤,"Mens Swim Trunks, Anchor Print Board Shorts with Drawstring Waist for Resort and Nautical Casual Events",KCC-STK-PF-L,6.99
一致,1087,B0H457V2WF,KCC-STK-AR-L,KCC-STK-AR-L,凯旋,凯旋,2,2,0,B0HDB3X9SL,沙滩裤,"Mens Swim Trunks, Palm Tree Print Board Shorts with Drawstring Waist for Resort and Summer Casual Getaways",KCC-STK-AR-L,6.99
一致,1088,B0H456KRPY,KCC-STK-A7-L,KCC-STK-A7-L,凯旋,凯旋,2,2,0,B0HDB3X9SL,沙滩裤,"Mens Swim Trunks, Bird Print Board Shorts with Drawstring Waist for Resort and Summer Leisure Occasions",KCC-STK-A7-L,6.99
一致,1089,B0H456LNWY,KCC-STK-AK-L,KCC-STK-AK-L,凯旋,凯旋,2,2,0,B0HDB3X9SL,沙滩裤,"Mens Swim Trunks, Large Pineapple Print Board Shorts with Drawstring Waist for Resort and Summer Casual Events",KCC-STK-AK-L,6.99
一致,1090,B0H453S35N,KCC-STK-8113-L,KCC-STK-8113-L,凯旋,凯旋,2,2,0,B0HDB3X9SL,沙滩裤,"Mens Swim Trunks, Mini Palm Tree Print Board Shorts with Drawstring Waist for Resort and Summer Casual Getaways",KCC-STK-8113-L,6.99
一致,1091,B0H45CFT4M,KCC-STK-PG-L,KCC-STK-PG-L,凯旋,凯旋,2,2,0,B0HDB3X9SL,沙滩裤,"Mens Swim Trunks, Two Tone Shark Print Board Shorts with Drawstring Waist for Resort and Summer Coastal Trips",KCC-STK-PG-L,6.99
一致,1092,B0H44XX8C2,KCC-STK-AT-XL,KCC-STK-AT-XL,凯旋,凯旋,2,2,0,B0HDB3X9SL,沙滩裤,"Mens Swim Trunks, Shark Print Board Shorts with Drawstring Waist for Resort and Summer Coastal Gatherings",KCC-STK-AT-XL,6.99
一致,1093,B0H4552J6H,KCC-STK-8111-L,KCC-STK-8111-L,凯旋,凯旋,2,2,0,B0HDB3X9SL,沙滩裤,"Mens Swim Trunks, Tropical Floral Bird Print Board Shorts with Drawstring Waist for Resort and Summer Casual Events",KCC-STK-8111-L,6.99
一致,1094,B0H45BNC52,KCC-STK-A6-L,KCC-STK-A6-L,凯旋,凯旋,2,2,0,B0HDB3X9SL,沙滩裤,"Mens Swim Trunks, Pineapple Print Board Shorts with Drawstring Waist for Resort and Summer Casual Scenarios",KCC-STK-A6-L,6.99
一致,1095,B0H45BRMQY,KCC-STK-AG-XL,KCC-STK-AG-XL,凯旋,凯旋,2,2,0,B0HDB3X9SL,沙滩裤,"Mens Swim Trunks, Watermelon Print Board Shorts with Drawstring Waist for Resort and Summer Casual Parties",KCC-STK-AG-XL,6.99
一致,1096,B0H45BFT87,KCC-STK-AF-L,KCC-STK-AF-L,凯旋,凯旋,2,2,0,B0HDB3X9SL,沙滩裤,"Mens Swim Trunks, Block Stripe Board Shorts with Drawstring Waist for Resort and Daily Casual Trips",KCC-STK-AF-L,6.99
一致,1097,B0H45C8G3G,KCC-STK-PF-XL,KCC-STK-PF-XL,凯旋,凯旋,2,2,0,B0HDB3X9SL,沙滩裤,"Mens Swim Trunks, Anchor Print Board Shorts with Drawstring Waist for Resort and Nautical Casual Events",KCC-STK-PF-XL,6.99
一致,1098,B0H45FFWYT,KCC-STK-AU-XL,KCC-STK-AU-XL,凯旋,凯旋,2,2,0,B0HDB3X9SL,沙滩裤,"Mens Swim Trunks, Pink Flamingo Print Board Shorts with Drawstring Waist for Resort and Summer Casual Parties",KCC-STK-AU-XL,6.99
一致,1099,B0H45HDZBD,KCC-STK-8111-XL,KCC-STK-8111-XL,凯旋,凯旋,2,2,0,B0HDB3X9SL,沙滩裤,"Mens Swim Trunks, Tropical Floral Bird Print Board Shorts with Drawstring Waist for Resort and Summer Casual Events",KCC-STK-8111-XL,6.99
一致,1100,B0H455QVX4,KCC-STK-942-L,KCC-STK-942-L,凯旋,凯旋,2,2,0,B0HDB3X9SL,沙滩裤,"Mens Swim Trunks, Multi Color Pineapple Print Board Shorts with Drawstring Waist for Resort and Summer Casual Outings",KCC-STK-942-L,6.99
一致,1101,B0H458S7CD,KCC-STK-941-XL,KCC-STK-941-XL,凯旋,凯旋,2,2,0,B0HDB3X9SL,沙滩裤,"Mens Swim Trunks, Pink Flamingo Print Board Shorts with Drawstring Waist for Resort and Summer Coastal Parties",KCC-STK-941-XL,6.99
一致,1102,B0H45CJ7JN,KCC-STK-AL-XL,KCC-STK-AL-XL,凯旋,凯旋,2,2,0,B0HDB3X9SL,沙滩裤,"Mens Swim Trunks, Flamingo Print Board Shorts with Drawstring Waist for Resort and Summer Coastal Parties",KCC-STK-AL-XL,6.99
一致,1103,B0H4512N6Y,KCC-STK-AM-L,KCC-STK-AM-L,凯旋,凯旋,2,2,0,B0HDB3X9SL,沙滩裤,"Mens Swim Trunks, Mini Pineapple Print Board Shorts with Drawstring Waist for Resort and Summer Casual Trips",KCC-STK-AM-L,6.99
一致,1104,B0H458SMFF,KCC-STK-AT-L,KCC-STK-AT-L,凯旋,凯旋,2,2,0,B0HDB3X9SL,沙滩裤,"Mens Swim Trunks, Shark Print Board Shorts with Drawstring Waist for Resort and Summer Coastal Gatherings",KCC-STK-AT-L,6.99
一致,1105,B0H4579FVD,KCC-STK-A9-L,KCC-STK-A9-L,凯旋,凯旋,2,2,0,B0HDB3X9SL,沙滩裤,"Mens Swim Trunks, Pear Print Board Shorts with Drawstring Waist for Resort and Summer Casual Plans",KCC-STK-A9-L,6.99
一致,1106,B0H44ZH4RX,KCC-STK-A9-XL,KCC-STK-A9-XL,凯旋,凯旋,2,2,0,B0HDB3X9SL,沙滩裤,"Mens Swim Trunks, Pear Print Board Shorts with Drawstring Waist for Resort and Summer Casual Plans",KCC-STK-A9-XL,6.99
一致,1107,B0H44Y5KJB,KCC-STK-AQ-L,KCC-STK-AQ-L,凯旋,凯旋,2,2,0,B0HDB3X9SL,沙滩裤,"Mens Swim Trunks, Flamingo Print Board Shorts with Drawstring Waist for Resort and Summer Coastal Events",KCC-STK-AQ-L,6.99
一致,1108,B0H4543J6T,KCC-STK-AB-XL,KCC-STK-AB-XL,凯旋,凯旋,2,2,0,B0HDB3X9SL,沙滩裤,"Mens Swim Trunks, Steamed Dumpling Print Board Shorts with Drawstring Waist for Resort and Summer Casual Gatherings",KCC-STK-AB-XL,6.99
一致,1109,B0H45B4R1J,KCC-STK-AF-XL,KCC-STK-AF-XL,凯旋,凯旋,2,2,0,B0HDB3X9SL,沙滩裤,"Mens Swim Trunks, Block Stripe Board Shorts with Drawstring Waist for Resort and Daily Casual Trips",KCC-STK-AF-XL,6.99
一致,1110,B0H456JCRQ,KCC-STK-A8-XL,KCC-STK-A8-XL,凯旋,凯旋,2,2,0,B0HDB3X9SL,沙滩裤,"Mens Swim Trunks, Cactus Print Board Shorts with Drawstring Waist for Resort and Summer Casual Events",KCC-STK-A8-XL,6.99
一致,1111,B0H3SZ3SCQ,KCC-NZDPB-4,KCC-NZDPB-4,凯旋,凯旋,5,5,0,B0H3SWKCNJ,镊子带皮包,"4Pcs Precision Eyebrow Tweezers Set with PU Leather Case, Black Stainless Steel Multi Tip Tweezers for Facial Hair Plucking, Professional Makeup Hair Removal Kit",KCC-NZDPB-4,1.99
一致,1112,B0H3T83X9F,KCC-CXGJSWD-1,KCC-CXGJSWD-1,凯旋,凯旋,5,5,0,B0H3STM3FS,磁性工具手腕带,"Single Magnetic Tool Wristband, Portable Adjustable Magnetic Wrist Tool Holder, Strong Magnet Wrist Cuff for Screws Nails Drill Bits Storage, Handyman Carpenter Repair Helper",KCC-CXGJSWD-1,1.88
一致,1113,B0H3S461RQ,SP-chizi-1,SP-chizi-1,图图,图图,5,5,0,B0H3S6N3JC,尺子,"Multi-Angle Measuring Ruler, Adjustable Four-Sided Layout Template Tool, Universal Angle Finder for Woodworking Tile Flooring Construction DIY",SP-chizi-1,1.99
一致,1114,B0H3RPWKT5,SP-zhijiache-1,SP-zhijiache-1,图图,图图,5,5,0,B0H3RQX14P,便携手机支架，挂件,"Magnetic Car Phone Mount, 360° Rotation Dashboard Magnetic Cell Phone Holder, Universal Metal Magnet Car Mount for All Smartphones",SP-zhijiache-1,4.98
一致,1115,B0H3N5X2JQ,KCC-CXSJZJ-1,KCC-CXSJZJ-1,凯旋,凯旋,5,5,0,B0H3NFZ6LM,磁吸手机支架,"Single Magnetic Car Phone Mount, 360° Rotatable Mini Dashboard Magnet Cell Phone Holder, Strong N52 Neodymium Magnet Universal Car Mount for All Smartphones",KCC-CXSJZJ-1,2.99
一致,1116,B0H397QVSK,KCC-WFB-90L,KCC-WFB-90L,凯旋,凯旋,11,11,0,B0H396NXD5,无纺布收纳袋,"Non-Woven Fabric Storage Bags, Large Capacity Clothing Organizer Bags with Reinforced Handles, Foldable Storage Bags for Blankets, Comforters, Bedding, Clothes, Quilts",KCC-wufangbushounadai-90L,6.49
一致,1117,B0H2XH41JF,SP-zhiwuguagou3-4,SP-zhiwuguagou3-4,图图,图图,6,6,0,B0H2X8RGFC,,"4 Pack Stainless Steel Sponge Holder, Adhesive Kitchen Sink Caddy, No Drill Wall Mount Sponge Drain Rack",,3.32
负责人不一致,1118,B0H2VMZ34L,QCGS-JJLH-FEN,QCGS-JJLH-FEN,公司,未分配,3,3,0,B0H2VQZ9Q7,,"2 Pack Heart‑Shaped Car Pull Ring, Universal Interior Hanging Ornament Strap for Automotive Modification",,3.99
负责人不一致,1119,B0H2VQ3Q3Q,QCGS-EMJLH-FEN,QCGS-EMJLH-FEN,公司,未分配,3,3,0,B0H2VS5ZDY,,"2 Pack Devil‑Horn Heart Car Pull Ring, Universal Interior Hanging Ornament Strap for Automotive Modification",,3.99
负责人不一致,1120,B0H2W18LDF,QCGS-JJLH-HUANG,QCGS-JJLH-HUANG,公司,未分配,3,3,0,B0H2VQZ9Q7,,"2 Pack Heart‑Shaped Car Pull Ring, Universal Interior Hanging Ornament Strap for Automotive Modification",,3.99
负责人不一致,1121,B0H2VKZJ54,QCGS-EMJLH-ZI,QCGS-EMJLH-ZI,公司,未分配,3,3,0,B0H2VS5ZDY,,"2 Pack Devil‑Horn Heart Car Pull Ring, Universal Interior Hanging Ornament Strap for Automotive Modification",,3.99
负责人不一致,1122,B0H2VWV9RW,QCGS-EMJLH-CHENG,QCGS-EMJLH-CHENG,公司,未分配,3,3,0,B0H2VS5ZDY,,"2 Pack Devil‑Horn Heart Car Pull Ring, Universal Interior Hanging Ornament Strap for Automotive Modification",,3.99
负责人不一致,1123,B0H2VSKN7F,QCGS-JJLH-HEI,QCGS-JJLH-HEI,公司,未分配,3,3,0,B0H2VQZ9Q7,,"2 Pack Heart‑Shaped Car Pull Ring, Universal Interior Hanging Ornament Strap for Automotive Modification",,3.99
负责人不一致,1124,B0H2VTQS3F,QCGS-EMJLH-HEI,QCGS-EMJLH-HEI,公司,未分配,3,3,0,B0H2VS5ZDY,,"2 Pack Devil‑Horn Heart Car Pull Ring, Universal Interior Hanging Ornament Strap for Automotive Modification",,3.99
负责人不一致,1125,B0H2VVGG57,QCGS-EMJLH-HONG,QCGS-EMJLH-HONG,公司,未分配,3,3,0,B0H2VS5ZDY,,"2 Pack Devil‑Horn Heart Car Pull Ring, Universal Interior Hanging Ornament Strap for Automotive Modification",,3.99
负责人不一致,1126,B0H2W19WRK,QCGS-JJLH-ZI,QCGS-JJLH-ZI,公司,未分配,3,3,0,B0H2VQZ9Q7,,"2 Pack Heart‑Shaped Car Pull Ring, Universal Interior Hanging Ornament Strap for Automotive Modification",,3.99
负责人不一致,1127,B0H2VYT46B,QCGS-JJLH-HONG,QCGS-JJLH-HONG,公司,未分配,3,3,0,B0H2VQZ9Q7,,"2 Pack Heart‑Shaped Car Pull Ring, Universal Interior Hanging Ornament Strap for Automotive Modification",,3.99
负责人不一致,1128,B0H2VWDGDY,QCGS-EMJLH-HUANG,QCGS-EMJLH-HUANG,公司,未分配,3,3,0,B0H2VS5ZDY,,"2 Pack Devil‑Horn Heart Car Pull Ring, Universal Interior Hanging Ornament Strap for Automotive Modification",,3.99
负责人不一致,1129,B0H2VQBKQ5,QCGS-JJLH-CHENG,QCGS-JJLH-CHENG,公司,未分配,3,3,0,B0H2VQZ9Q7,,"2 Pack Heart‑Shaped Car Pull Ring, Universal Interior Hanging Ornament Strap for Automotive Modification",,3.99
负责人不一致,1130,B0H2W2GKRX,QCGS-JJLH-LAN,QCGS-JJLH-LAN,公司,未分配,3,3,0,B0H2VQZ9Q7,,"2 Pack Heart‑Shaped Car Pull Ring, Universal Interior Hanging Ornament Strap for Automotive Modification",,3.99
负责人不一致,1131,B0H2VTP5KN,QCGS-JJLH-BAI,QCGS-JJLH-BAI,公司,未分配,3,3,0,B0H2VQZ9Q7,,"2 Pack Heart‑Shaped Car Pull Ring, Universal Interior Hanging Ornament Strap for Automotive Modification",,3.99
负责人不一致,1132,B0H2VTK3T7,QCGS-EMJLH-LAN,QCGS-EMJLH-LAN,公司,未分配,3,3,0,B0H2VS5ZDY,,"2 Pack Devil‑Horn Heart Car Pull Ring, Universal Interior Hanging Ornament Strap for Automotive Modification",,3.99
负责人不一致,1133,B0H2VWHK76,QCGS-JJLH-LV,QCGS-JJLH-LV,公司,未分配,3,3,0,B0H2VQZ9Q7,,"2 Pack Heart‑Shaped Car Pull Ring, Universal Interior Hanging Ornament Strap for Automotive Modification",,3.99
负责人不一致,1134,B0H2VYZ6DR,QCGS-EMJLH-BAI,QCGS-EMJLH-BAI,公司,未分配,3,3,0,B0H2VS5ZDY,,"2 Pack Devil‑Horn Heart Car Pull Ring, Universal Interior Hanging Ornament Strap for Automotive Modification",,3.99
负责人不一致,1135,B0H2MC5MF1,QC-DB1-HUANG,QC-DB1-HUANG,公司,未分配,2,2,0,B0H2M92GVQ,,"Cylindrical Ergonomic Shift Knob Kit, Universal Manual Gear Shifter with Multi‑Thread Adapters for Automotive Interior Modification（Yellow）",,12.99
负责人不一致,1136,B0H2MLPNXN,QC-DB-H-purple,QC-DB-H-purple,公司,未分配,2,2,0,B0H2MKR6M2,,"Universal 6 Speed Knurled Aluminum Alloy Gear Shift Knob with 4 Adapters, Racing Shifter Head for Car & Sim Racing",,6.99
负责人不一致,1137,B0H2MFXLCV,QC-DB-CHUNTANHEI-5,QC-DB-CHUNTANHEI-5,公司,未分配,2,2,0,B0H2MFXLCV,,"5 Speed Carbon Fiber Shift Knob Kit, Universal Manual Gear Shifter with Multi‑Thread Adapters for Automotive Interior Modification",,12.99
负责人不一致,1138,B0H2ML4H8V,QC-DB1-YIN,QC-DB1-YIN,公司,未分配,2,2,0,B0H2M92GVQ,,"Cylindrical Ergonomic Shift Knob Kit, Universal Manual Gear Shifter with Multi‑Thread Adapters for Automotive Interior Modification（Sliver）",,12.99
一致,1139,B0H2MLQSND,QS-C119-40/41,QS-C119-40/41,公司,公司,2,2,0,B0GQBS64JX,溯溪沙滩鞋,"Water Shoes for Women Men, Lightweight Swim Shoes for Beach Hotel Pool Lake Marina Resort Travel Pair, C119, Adult Travel",QS-C119-40/41,4.99
一致,1140,B0H2MGV6P9,QS-C119-44/45,QS-C119-44/45,公司,公司,1,1,0,B0GQBS64JX,溯溪沙滩鞋,"Water Shoes for Women Men, Lightweight Swim Shoes for Beach Hotel Pool Lake Marina Resort Travel Pair, C119, Adult Travel",QS-C119-44/45,4.99
一致,1141,B0H2MG73Q5,QS-2628-40/41,QS-2628-40/41,公司,公司,2,2,0,B0GQBS64JX,溯溪沙滩鞋,"Water Shoes for Women Men, Quick Dry Swim Footwear for Beach Pool Resort River Cruise Lake Travel Pair, 2628, Adult Travel",QS-2628-40/41,4.99
一致,1142,B0H2MJ5T4G,QS-2612-42/43,QS-2612-42/43,公司,公司,2,2,0,B0GQBS64JX,溯溪沙滩鞋,"Water Shoes for Women Men, Quick Dry Aqua Socks for Pool Beach Boat Dock Lake Resort Summer Travel, 2612, Adult Travel",QS-2612-42/43,4.99
一致,1143,B0H2MFH73T,QS-C117-40/41,QS-C117-40/41,公司,公司,2,2,0,B0GQBS64JX,溯溪沙滩鞋,"Water Shoes for Women Men, Quick Dry Swim Footwear for Beach Pool Resort River Cruise Lake Travel Pair, C117, Adult Travel",QS-C117-40/41,4.99
一致,1144,B0H2MGW6JC,QS-2511-36/37,QS-2511-36/37,公司,公司,1,1,0,B0GQBS64JX,溯溪沙滩鞋,"Water Shoes for Women Men, Slip On Pool Shoes for Beach Resort Shower Cruise Dock Travel Footwear, 2511, Adult Travel",QS-2511-36/37,4.99
一致,1145,B0H2MN1YNN,QS-2514-40/41,QS-2514-40/41,公司,公司,2,2,0,B0GQBS64JX,溯溪沙滩鞋,"Water Shoes for Women Men, Barefoot Water Footwear for Pool Beach Cruise River Dock Vacation Pair, 2514, Adult Travel",QS-2514-40/41,4.99
一致,1146,B0H2MK8FYW,QS-2622-42/43,QS-2622-42/43,公司,公司,2,2,0,B0GQBS64JX,溯溪沙滩鞋,"Water Shoes for Women Men, Water Footwear for Beach Pool Spa Hotel River Lake Cruise Travel Pair, 2622, Adult Travel",QS-2622-42/43,4.99
一致,1147,B0H2MFDPHK,QS-2552-40/41,QS-2552-40/41,公司,公司,2,2,0,B0GQBS64JX,溯溪沙滩鞋,"Water Shoes for Women Men, Quick Dry Aqua Socks for Pool Beach Boat Dock Lake Resort Summer Travel, 2552, Adult Travel",QS-2552-40/41,4.99
一致,1148,B0H2MG7LNS,QS-C104-38/39,QS-C104-38/39,公司,公司,2,2,0,B0GQBS64JX,溯溪沙滩鞋,"Water Shoes for Women Men, Slip On Pool Shoes for Beach Resort Shower Cruise Dock Travel Footwear, C104, Adult Travel",QS-C104-38/39,4.99
一致,1149,B0H2MMYDVC,QS-2628-38/39,QS-2628-38/39,公司,公司,1,1,0,B0GQBS64JX,溯溪沙滩鞋,"Water Shoes for Women Men, Quick Dry Swim Footwear for Beach Pool Resort River Cruise Lake Travel Pair, 2628, Adult Travel",QS-2628-38/39,4.99
一致,1150,B0H2MPTXJ6,QS-2520-40/41,QS-2520-40/41,公司,公司,2,2,0,B0GQBS64JX,溯溪沙滩鞋,"Water Shoes for Women Men, Aqua Socks, Foldable Water Shoes for Beach Pool River Lake Cruise Trip Pair, 2520, Adult Travel",QS-2520-40/41,4.99
一致,1151,B0H2MDLDFF,QS-C103-36/37,QS-C103-36/37,公司,公司,1,1,0,B0GQBS64JX,溯溪沙滩鞋,"Water Shoes for Women Men, Barefoot Water Footwear for Pool Beach Cruise River Dock Vacation Pair, C103, Adult Travel",QS-C103-36/37,4.99
一致,1152,B0H2MCTKKL,QS-2609-36/37,QS-2609-36/37,公司,公司,1,1,0,B0GQBS64JX,溯溪沙滩鞋,"Water Shoes for Women Men, Barefoot Water Footwear for Pool Beach Cruise River Dock Vacation Pair, 2609, Adult Travel",QS-2609-36/37,4.99
一致,1153,B0H2MLWV1F,QS-C112-36/37,QS-C112-36/37,公司,公司,1,1,0,B0GQBS64JX,溯溪沙滩鞋,"Water Shoes for Women Men, Quick Dry Aqua Socks for Pool Beach Boat Dock Lake Resort Summer Travel, C112, Adult Travel",QS-C112-36/37,4.99
一致,1154,B0H2MNSN93,QS-C115-38/39,QS-C115-38/39,公司,公司,2,2,0,B0GQBS64JX,溯溪沙滩鞋,"Water Shoes for Women Men, Lightweight Swim Shoes for Beach Hotel Pool Lake Marina Resort Travel Pair, C115, Adult Travel",QS-C115-38/39,4.99
一致,1155,B0H2MQDHQK,QS-C117-36/37,QS-C117-36/37,公司,公司,1,1,0,B0GQBS64JX,溯溪沙滩鞋,"Water Shoes for Women Men, Quick Dry Swim Footwear for Beach Pool Resort River Cruise Lake Travel Pair, C117, Adult Travel",QS-C117-36/37,4.99
一致,1156,B0H2MF19VC,QS-2617-40/41,QS-2617-40/41,公司,公司,2,2,0,B0GQBS64JX,溯溪沙滩鞋,"Water Shoes for Women Men, Water Footwear for Beach Pool Spa Hotel River Lake Cruise Travel Pair, 2617, Adult Travel",QS-2617-40/41,4.99
一致,1157,B0H2MDKR8B,QS-2625-42/43,QS-2625-42/43,公司,公司,2,2,0,B0GQBS64JX,溯溪沙滩鞋,"Water Shoes for Women Men, Quick Dry Aqua Socks for Pool Beach Boat Dock Lake Resort Summer Travel, 2625, Adult Travel",QS-2625-42/43,4.99
一致,1158,B0H2MLDZLW,QS-2532-38/39,QS-2532-38/39,公司,公司,2,2,0,B0GQBS64JX,溯溪沙滩鞋,"Water Shoes for Women Men, Slip On Pool Shoes for Beach Resort Shower Cruise Dock Travel Footwear, 2532, Adult Travel",QS-2532-38/39,4.99
一致,1159,B0H2MF4GHJ,QS-2626-38/39,QS-2626-38/39,公司,公司,2,2,0,B0GQBS64JX,溯溪沙滩鞋,"Water Shoes for Women Men, Aqua Socks, Slip On Swim Shoes for Beach Pool Lake Boat Resort Travel Pair, 2626, Adult Travel",QS-2626-38/39,4.99
一致,1160,B0H2MKV3ZB,QS-C104-42/43,QS-C104-42/43,公司,公司,2,2,0,B0GQBS64JX,溯溪沙滩鞋,"Water Shoes for Women Men, Slip On Pool Shoes for Beach Resort Shower Cruise Dock Travel Footwear, C104, Adult Travel",QS-C104-42/43,4.99
一致,1161,B0H2MDK2L1,QS-C118-40/41,QS-C118-40/41,公司,公司,2,2,0,B0GQBS64JX,溯溪沙滩鞋,"Water Shoes for Women Men, Water Footwear for Beach Pool Spa Hotel River Lake Cruise Travel Pair, C118, Adult Travel",QS-C118-40/41,4.99
一致,1162,B0H2MJXMZG,QS-2529-38/39,QS-2529-38/39,公司,公司,2,2,0,B0GQBS64JX,溯溪沙滩鞋,"Water Shoes for Women Men, Aqua Socks, Foldable Water Shoes for Beach Pool River Lake Cruise Trip Pair, 2529, Adult Travel",QS-2529-38/39,4.99
一致,1163,B0H2MBJB9H,QS-2618-42/43,QS-2618-42/43,公司,公司,2,2,0,B0GQBS64JX,溯溪沙滩鞋,"Water Shoes for Women Men, Quick Dry Swim Footwear for Beach Pool Resort River Cruise Lake Travel Pair, 2618, Adult Travel",QS-2618-42/43,4.99
一致,1164,B0H2MGG677,QS-2622-36/37,QS-2622-36/37,公司,公司,1,1,0,B0GQBS64JX,溯溪沙滩鞋,"Water Shoes for Women Men, Water Footwear for Beach Pool Spa Hotel River Lake Cruise Travel Pair, 2622, Adult Travel",QS-2622-36/37,4.99
一致,1165,B0H2MM7P2K,QS-2552-36/37,QS-2552-36/37,公司,公司,1,1,0,B0GQBS64JX,溯溪沙滩鞋,"Water Shoes for Women Men, Quick Dry Aqua Socks for Pool Beach Boat Dock Lake Resort Summer Travel, 2552, Adult Travel",QS-2552-36/37,4.99
一致,1166,B0H2MKJFJQ,QS-2617-38/39,QS-2617-38/39,公司,公司,2,2,0,B0GQBS64JX,溯溪沙滩鞋,"Water Shoes for Women Men, Water Footwear for Beach Pool Spa Hotel River Lake Cruise Travel Pair, 2617, Adult Travel",QS-2617-38/39,4.99
一致,1167,B0H2MBFVB8,QS-2621-42/43,QS-2621-42/43,公司,公司,2,2,0,B0GQBS64JX,溯溪沙滩鞋,"Water Shoes for Women Men, Lightweight Swim Shoes for Beach Hotel Pool Lake Marina Resort Travel Pair, 2621, Adult Travel",QS-2621-42/43,4.99
一致,1168,B0H2MPCR3K,QS-2626-42/43,QS-2626-42/43,公司,公司,2,2,0,B0GQBS64JX,溯溪沙滩鞋,"Water Shoes for Women Men, Aqua Socks, Slip On Swim Shoes for Beach Pool Lake Boat Resort Travel Pair, 2626, Adult Travel",QS-2626-42/43,4.99
一致,1169,B0H2MCG97Y,QS-2520-36/37,QS-2520-36/37,公司,公司,1,1,0,B0GQBS64JX,溯溪沙滩鞋,"Water Shoes for Women Men, Aqua Socks, Foldable Water Shoes for Beach Pool River Lake Cruise Trip Pair, 2520, Adult Travel",QS-2520-36/37,4.99
一致,1170,B0H2MNCN47,QS-C114-36/37,QS-C114-36/37,公司,公司,1,1,0,B0GQBS64JX,溯溪沙滩鞋,"Water Shoes for Women Men, Barefoot Water Footwear for Pool Beach Cruise River Dock Vacation Pair, C114, Adult Travel",QS-C114-36/37,4.99
一致,1171,B0H2MNSKL1,QS-2625-40/41,QS-2625-40/41,公司,公司,2,2,0,B0GQBS64JX,溯溪沙滩鞋,"Water Shoes for Women Men, Quick Dry Aqua Socks for Pool Beach Boat Dock Lake Resort Summer Travel, 2625, Adult Travel",QS-2625-40/41,4.99
一致,1172,B0H2MGCNTL,QS-C104-44/45,QS-C104-44/45,公司,公司,1,1,0,B0GQBS64JX,溯溪沙滩鞋,"Water Shoes for Women Men, Slip On Pool Shoes for Beach Resort Shower Cruise Dock Travel Footwear, C104, Adult Travel",QS-C104-44/45,4.99
一致,1173,B0H2MC7YHG,QS-2620-42/43,QS-2620-42/43,公司,公司,2,2,0,B0GQBS64JX,溯溪沙滩鞋,"Water Shoes for Women Men, Aqua Socks, Foldable Water Shoes for Beach Pool River Lake Cruise Trip Pair, 2620, Adult Travel",QS-2620-42/43,4.99
一致,1174,B0H2MDXQYV,QS-C119-42/43,QS-C119-42/43,公司,公司,2,2,0,B0GQBS64JX,溯溪沙滩鞋,"Water Shoes for Women Men, Lightweight Swim Shoes for Beach Hotel Pool Lake Marina Resort Travel Pair, C119, Adult Travel",QS-C119-42/43,4.99
一致,1175,B0H2MHYQQF,QS-2629-42/43,QS-2629-42/43,公司,公司,2,2,0,B0GQBS64JX,溯溪沙滩鞋,"Water Shoes for Women Men, Aqua Socks, Slip On Swim Shoes for Beach Pool Lake Boat Resort Travel Pair, 2629, Adult Travel",QS-2629-42/43,4.99
一致,1176,B0H2MDX3DX,QS-C117-38/39,QS-C117-38/39,公司,公司,2,2,0,B0GQBS64JX,溯溪沙滩鞋,"Water Shoes for Women Men, Quick Dry Swim Footwear for Beach Pool Resort River Cruise Lake Travel Pair, C117, Adult Travel",QS-C117-38/39,4.99
一致,1177,B0H2MLV57F,QS-C114-42/43,QS-C114-42/43,公司,公司,2,2,0,B0GQBS64JX,溯溪沙滩鞋,"Water Shoes for Women Men, Barefoot Water Footwear for Pool Beach Cruise River Dock Vacation Pair, C114, Adult Travel",QS-C114-42/43,4.99
一致,1178,B0H2M5MV3H,QS-2609-40/41,QS-2609-40/41,公司,公司,2,2,0,B0GQBS64JX,溯溪沙滩鞋,"Water Shoes for Women Men, Barefoot Water Footwear for Pool Beach Cruise River Dock Vacation Pair, 2609, Adult Travel",QS-2609-40/41,4.99
一致,1179,B0H2MD3HBF,QS-2629-40/41,QS-2629-40/41,公司,公司,2,2,0,B0GQBS64JX,溯溪沙滩鞋,"Water Shoes for Women Men, Aqua Socks, Slip On Swim Shoes for Beach Pool Lake Boat Resort Travel Pair, 2629, Adult Travel",QS-2629-40/41,4.99
一致,1180,B0H2MKSZT2,QS-C118-38/39,QS-C118-38/39,公司,公司,2,2,0,B0GQBS64JX,溯溪沙滩鞋,"Water Shoes for Women Men, Water Footwear for Beach Pool Spa Hotel River Lake Cruise Travel Pair, C118, Adult Travel",QS-C118-38/39,4.99
一致,1181,B0H2MJJJFT,QS-2617-42/43,QS-2617-42/43,公司,公司,2,2,0,B0GQBS64JX,溯溪沙滩鞋,"Water Shoes for Women Men, Water Footwear for Beach Pool Spa Hotel River Lake Cruise Travel Pair, 2617, Adult Travel",QS-2617-42/43,4.99
一致,1182,B0H2MD5ZV1,QS-C114-40/41,QS-C114-40/41,公司,公司,2,2,0,B0GQBS64JX,溯溪沙滩鞋,"Water Shoes for Women Men, Barefoot Water Footwear for Pool Beach Cruise River Dock Vacation Pair, C114, Adult Travel",QS-C114-40/41,4.99
一致,1183,B0H2MG419Z,QS-C101-36/37,QS-C101-36/37,公司,公司,1,1,0,B0GQBS64JX,溯溪沙滩鞋,"Water Shoes for Women Men, Aqua Socks, Slip On Swim Shoes for Beach Pool Lake Boat Resort Travel Pair, C101, Adult Travel",QS-C101-36/37,4.99
一致,1184,B0H2MKYMS2,QS-2621-38/39,QS-2621-38/39,公司,公司,2,2,0,B0GQBS64JX,溯溪沙滩鞋,"Water Shoes for Women Men, Lightweight Swim Shoes for Beach Hotel Pool Lake Marina Resort Travel Pair, 2621, Adult Travel",QS-2621-38/39,4.99
一致,1185,B0H2MK8VV7,QS-2514-36/37,QS-2514-36/37,公司,公司,1,1,0,B0GQBS64JX,溯溪沙滩鞋,"Water Shoes for Women Men, Barefoot Water Footwear for Pool Beach Cruise River Dock Vacation Pair, 2514, Adult Travel",QS-2514-36/37,4.99
一致,1186,B0H2MJK1RG,QS-2622-38/39,QS-2622-38/39,公司,公司,2,2,0,B0GQBS64JX,溯溪沙滩鞋,"Water Shoes for Women Men, Water Footwear for Beach Pool Spa Hotel River Lake Cruise Travel Pair, 2622, Adult Travel",QS-2622-38/39,4.99
一致,1187,B0H2MJ6F2C,QS-2706-42/43,QS-2706-42/43,公司,公司,2,2,0,B0GQBS64JX,溯溪沙滩鞋,"Water Shoes for Women Men, Quick Dry Swim Footwear for Beach Pool Resort River Cruise Lake Travel Pair, 2706, Adult Travel",QS-2706-42/43,4.99
一致,1188,B0H2MD396D,QS-C106-38/39,QS-C106-38/39,公司,公司,2,2,0,B0GQBS64JX,溯溪沙滩鞋,"Water Shoes for Women Men, Aqua Socks, Slip On Swim Shoes for Beach Pool Lake Boat Resort Travel Pair, C106, Adult Travel",QS-C106-38/39,4.99
一致,1189,B0H2MJFC17,QS-2618-36/37,QS-2618-36/37,公司,公司,1,1,0,B0GQBS64JX,溯溪沙滩鞋,"Water Shoes for Women Men, Quick Dry Swim Footwear for Beach Pool Resort River Cruise Lake Travel Pair, 2618, Adult Travel",QS-2618-36/37,4.99
一致,1190,B0H2MGW3S6,QS-2705-38/39,QS-2705-38/39,公司,公司,2,2,0,B0GQBS64JX,溯溪沙滩鞋,"Water Shoes for Women Men, Water Footwear for Beach Pool Spa Hotel River Lake Cruise Travel Pair, 2705, Adult Travel",QS-2705-38/39,4.99
一致,1191,B0H2MBL57F,QS-C103-42/43,QS-C103-42/43,公司,公司,2,2,0,B0GQBS64JX,溯溪沙滩鞋,"Water Shoes for Women Men, Barefoot Water Footwear for Pool Beach Cruise River Dock Vacation Pair, C103, Adult Travel",QS-C103-42/43,4.99
一致,1192,B0H2MJLY51,QS-2609-38/39,QS-2609-38/39,公司,公司,2,2,0,B0GQBS64JX,溯溪沙滩鞋,"Water Shoes for Women Men, Barefoot Water Footwear for Pool Beach Cruise River Dock Vacation Pair, 2609, Adult Travel",QS-2609-38/39,4.99
一致,1193,B0H2MR9JF1,QS-C106-40/41,QS-C106-40/41,公司,公司,2,2,0,B0GQBS64JX,溯溪沙滩鞋,"Water Shoes for Women Men, Aqua Socks, Slip On Swim Shoes for Beach Pool Lake Boat Resort Travel Pair, C106, Adult Travel",QS-C106-40/41,4.99
一致,1194,B0H2ML6YQF,QS-2705-42/43,QS-2705-42/43,公司,公司,1,1,0,B0GQBS64JX,溯溪沙滩鞋,"Water Shoes for Women Men, Water Footwear for Beach Pool Spa Hotel River Lake Cruise Travel Pair, 2705, Adult Travel",QS-2705-42/43,4.99
一致,1195,B0H2MDLDD6,QS-2529-40/41,QS-2529-40/41,公司,公司,2,2,0,B0GQBS64JX,溯溪沙滩鞋,"Water Shoes for Women Men, Aqua Socks, Foldable Water Shoes for Beach Pool River Lake Cruise Trip Pair, 2529, Adult Travel",QS-2529-40/41,4.99
一致,1196,B0H2MGRXBF,QS-2625-36/37,QS-2625-36/37,公司,公司,1,1,0,B0GQBS64JX,溯溪沙滩鞋,"Water Shoes for Women Men, Quick Dry Aqua Socks for Pool Beach Boat Dock Lake Resort Summer Travel, 2625, Adult Travel",QS-2625-36/37,4.99
一致,1197,B0H2MLHMQH,QS-2520-42/43,QS-2520-42/43,公司,公司,2,2,0,B0GQBS64JX,溯溪沙滩鞋,"Water Shoes for Women Men, Aqua Socks, Foldable Water Shoes for Beach Pool River Lake Cruise Trip Pair, 2520, Adult Travel",QS-2520-42/43,4.99
一致,1198,B0H2MDNBPZ,QS-C106-42/43,QS-C106-42/43,公司,公司,2,2,0,B0GQBS64JX,溯溪沙滩鞋,"Water Shoes for Women Men, Aqua Socks, Slip On Swim Shoes for Beach Pool Lake Boat Resort Travel Pair, C106, Adult Travel",QS-C106-42/43,4.99
一致,1199,B0H2MR8XYB,QS-C104-36/37,QS-C104-36/37,公司,公司,1,1,0,B0GQBS64JX,溯溪沙滩鞋,"Water Shoes for Women Men, Slip On Pool Shoes for Beach Resort Shower Cruise Dock Travel Footwear, C104, Adult Travel",QS-C104-36/37,4.99
一致,1200,B0H2MFDDWJ,QS-C101-40/41,QS-C101-40/41,公司,公司,2,2,0,B0GQBS64JX,溯溪沙滩鞋,"Water Shoes for Women Men, Aqua Socks, Slip On Swim Shoes for Beach Pool Lake Boat Resort Travel Pair, C101, Adult Travel",QS-C101-40/41,4.99
一致,1201,B0H2M5KZNR,QS-C106-44/45,QS-C106-44/45,公司,公司,1,1,0,B0GQBS64JX,溯溪沙滩鞋,"Water Shoes for Women Men, Aqua Socks, Slip On Swim Shoes for Beach Pool Lake Boat Resort Travel Pair, C106, Adult Travel",QS-C106-44/45,4.99
一致,1202,B0H2MCJSK9,QS-2628-42/43,QS-2628-42/43,公司,公司,2,2,0,B0GQBS64JX,溯溪沙滩鞋,"Water Shoes for Women Men, Quick Dry Swim Footwear for Beach Pool Resort River Cruise Lake Travel Pair, 2628, Adult Travel",QS-2628-42/43,4.99
一致,1203,B0H2MGQWNK,QS-2625-38/39,QS-2625-38/39,公司,公司,2,2,0,B0GQBS64JX,溯溪沙滩鞋,"Water Shoes for Women Men, Quick Dry Aqua Socks for Pool Beach Boat Dock Lake Resort Summer Travel, 2625, Adult Travel",QS-2625-38/39,4.99
一致,1204,B0H2MDHDGF,QS-C114-44/45,QS-C114-44/45,公司,公司,1,1,0,B0GQBS64JX,溯溪沙滩鞋,"Water Shoes for Women Men, Barefoot Water Footwear for Pool Beach Cruise River Dock Vacation Pair, C114, Adult Travel",QS-C114-44/45,4.99
一致,1205,B0H2MKRDTG,QS-C118-44/45,QS-C118-44/45,公司,公司,1,1,0,B0GQBS64JX,溯溪沙滩鞋,"Water Shoes for Women Men, Water Footwear for Beach Pool Spa Hotel River Lake Cruise Travel Pair, C118, Adult Travel",QS-C118-44/45,4.99
一致,1206,B0H2MKZY2L,QS-2532-42/43,QS-2532-42/43,公司,公司,2,2,0,B0GQBS64JX,溯溪沙滩鞋,"Water Shoes for Women Men, Slip On Pool Shoes for Beach Resort Shower Cruise Dock Travel Footwear, 2532, Adult Travel",QS-2532-42/43,4.99
一致,1207,B0H2MHWVWS,QS-2515-40/41,QS-2515-40/41,公司,公司,2,2,0,B0GQBS64JX,溯溪沙滩鞋,"Water Shoes for Women Men, Lightweight Swim Shoes for Beach Hotel Pool Lake Marina Resort Travel Pair, 2515, Adult Travel",QS-2515-40/41,4.99
一致,1208,B0H2MBQWNY,QS-2532-36/37,QS-2532-36/37,公司,公司,1,1,0,B0GQBS64JX,溯溪沙滩鞋,"Water Shoes for Women Men, Slip On Pool Shoes for Beach Resort Shower Cruise Dock Travel Footwear, 2532, Adult Travel",QS-2532-36/37,4.99
一致,1209,B0H2MG3BL5,QS-2610-42/43,QS-2610-42/43,公司,公司,2,2,0,B0GQBS64JX,溯溪沙滩鞋,"Water Shoes for Women Men, Lightweight Swim Shoes for Beach Hotel Pool Lake Marina Resort Travel Pair, 2610, Adult Travel",QS-2610-42/43,4.99
一致,1210,B0H2MJ25ZZ,QS-2621-36/37,QS-2621-36/37,公司,公司,1,1,0,B0GQBS64JX,溯溪沙滩鞋,"Water Shoes for Women Men, Lightweight Swim Shoes for Beach Hotel Pool Lake Marina Resort Travel Pair, 2621, Adult Travel",QS-2621-36/37,4.99
一致,1211,B0H2MJCN9M,QS-2561-36/37,QS-2561-36/37,公司,公司,1,1,0,B0GQBS64JX,溯溪沙滩鞋,"Water Shoes for Women Men, Aqua Socks, Slip On Swim Shoes for Beach Pool Lake Boat Resort Travel Pair, 2561, Adult Travel",QS-2561-36/37,4.99
一致,1212,B0H2MQS6RY,QS-2515-42/43,QS-2515-42/43,公司,公司,2,2,0,B0GQBS64JX,溯溪沙滩鞋,"Water Shoes for Women Men, Lightweight Swim Shoes for Beach Hotel Pool Lake Marina Resort Travel Pair, 2515, Adult Travel",QS-2515-42/43,4.99
一致,1213,B0H2MFVW8G,QS-2622-40/41,QS-2622-40/41,公司,公司,2,2,0,B0GQBS64JX,溯溪沙滩鞋,"Water Shoes for Women Men, Water Footwear for Beach Pool Spa Hotel River Lake Cruise Travel Pair, 2622, Adult Travel",QS-2622-40/41,4.99
一致,1214,B0H2MKH9MQ,QS-2621-40/41,QS-2621-40/41,公司,公司,2,2,0,B0GQBS64JX,溯溪沙滩鞋,"Water Shoes for Women Men, Lightweight Swim Shoes for Beach Hotel Pool Lake Marina Resort Travel Pair, 2621, Adult Travel",QS-2621-40/41,4.99
一致,1215,B0H2MLCZSS,QS-2520-38/39,QS-2520-38/39,公司,公司,2,2,0,B0GQBS64JX,溯溪沙滩鞋,"Water Shoes for Women Men, Aqua Socks, Foldable Water Shoes for Beach Pool River Lake Cruise Trip Pair, 2520, Adult Travel",QS-2520-38/39,4.99
一致,1216,B0H2MP7TSR,QS-C118-36/37,QS-C118-36/37,公司,公司,1,1,0,B0GQBS64JX,溯溪沙滩鞋,"Water Shoes for Women Men, Water Footwear for Beach Pool Spa Hotel River Lake Cruise Travel Pair, C118, Adult Travel",QS-C118-36/37,4.99
一致,1217,B0H2MJ7Y7H,QS-2706-38/39,QS-2706-38/39,公司,公司,2,2,0,B0GQBS64JX,溯溪沙滩鞋,"Water Shoes for Women Men, Quick Dry Swim Footwear for Beach Pool Resort River Cruise Lake Travel Pair, 2706, Adult Travel",QS-2706-38/39,4.99
一致,1218,B0H2MMZKL3,QS-C118-42/43,QS-C118-42/43,公司,公司,2,2,0,B0GQBS64JX,溯溪沙滩鞋,"Water Shoes for Women Men, Water Footwear for Beach Pool Spa Hotel River Lake Cruise Travel Pair, C118, Adult Travel",QS-C118-42/43,4.99
一致,1219,B0H2MH5YRZ,QS-C112-40/41,QS-C112-40/41,公司,公司,4,4,0,B0GQBS64JX,溯溪沙滩鞋,"Water Shoes for Women Men, Quick Dry Aqua Socks for Pool Beach Boat Dock Lake Resort Summer Travel, C112, Adult Travel",QS-C112-40/41,4.99
一致,1220,B0H2MCYWX9,QS-2612-40/41,QS-2612-40/41,公司,公司,2,2,0,B0GQBS64JX,溯溪沙滩鞋,"Water Shoes for Women Men, Quick Dry Aqua Socks for Pool Beach Boat Dock Lake Resort Summer Travel, 2612, Adult Travel",QS-2612-40/41,4.99
一致,1221,B0H2MN1YHW,QS-2552-38/39,QS-2552-38/39,公司,公司,2,2,0,B0GQBS64JX,溯溪沙滩鞋,"Water Shoes for Women Men, Quick Dry Aqua Socks for Pool Beach Boat Dock Lake Resort Summer Travel, 2552, Adult Travel",QS-2552-38/39,4.99
一致,1222,B0H2MTC5J3,QS-2705-40/41,QS-2705-40/41,公司,公司,3,3,0,B0GQBS64JX,溯溪沙滩鞋,"Water Shoes for Women Men, Water Footwear for Beach Pool Spa Hotel River Lake Cruise Travel Pair, 2705, Adult Travel",QS-2705-40/41,4.99
一致,1223,B0H2MJ2J5F,QS-C112-38/39,QS-C112-38/39,公司,公司,2,2,0,B0GQBS64JX,溯溪沙滩鞋,"Water Shoes for Women Men, Quick Dry Aqua Socks for Pool Beach Boat Dock Lake Resort Summer Travel, C112, Adult Travel",QS-C112-38/39,4.99
一致,1224,B0H2MD9VYP,QS-2511-40/41,QS-2511-40/41,公司,公司,2,2,0,B0GQBS64JX,溯溪沙滩鞋,"Water Shoes for Women Men, Slip On Pool Shoes for Beach Resort Shower Cruise Dock Travel Footwear, 2511, Adult Travel",QS-2511-40/41,4.99
一致,1225,B0H2MDZQ2X,QS-2705-36/37,QS-2705-36/37,公司,公司,1,1,0,B0GQBS64JX,溯溪沙滩鞋,"Water Shoes for Women Men, Water Footwear for Beach Pool Spa Hotel River Lake Cruise Travel Pair, 2705, Adult Travel",QS-2705-36/37,4.99
一致,1226,B0H2MJ7G7N,QS-2511-42/43,QS-2511-42/43,公司,公司,2,2,0,B0GQBS64JX,溯溪沙滩鞋,"Water Shoes for Women Men, Slip On Pool Shoes for Beach Resort Shower Cruise Dock Travel Footwear, 2511, Adult Travel",QS-2511-42/43,4.99
一致,1227,B0H2MNL3GW,QS-2609-42/43,QS-2609-42/43,公司,公司,2,2,0,B0GQBS64JX,溯溪沙滩鞋,"Water Shoes for Women Men, Barefoot Water Footwear for Pool Beach Cruise River Dock Vacation Pair, 2609, Adult Travel",QS-2609-42/43,4.99
一致,1228,B0H2MK6SLD,QS-C112-44/45,QS-C112-44/45,公司,公司,1,1,0,B0GQBS64JX,溯溪沙滩鞋,"Water Shoes for Women Men, Quick Dry Aqua Socks for Pool Beach Boat Dock Lake Resort Summer Travel, C112, Adult Travel",QS-C112-44/45,4.99
一致,1229,B0H2MM2J3B,QS-2529-36/37,QS-2529-36/37,公司,公司,1,1,0,B0GQBS64JX,溯溪沙滩鞋,"Water Shoes for Women Men, Aqua Socks, Foldable Water Shoes for Beach Pool River Lake Cruise Trip Pair, 2529, Adult Travel",QS-2529-36/37,4.99
一致,1230,B0H2MJXJNG,QS-C117-42/43,QS-C117-42/43,公司,公司,2,2,0,B0GQBS64JX,溯溪沙滩鞋,"Water Shoes for Women Men, Quick Dry Swim Footwear for Beach Pool Resort River Cruise Lake Travel Pair, C117, Adult Travel",QS-C117-42/43,4.99
一致,1231,B0H2MM1S6M,QS-C115-36/37,QS-C115-36/37,公司,公司,1,1,0,B0GQBS64JX,溯溪沙滩鞋,"Water Shoes for Women Men, Lightweight Swim Shoes for Beach Hotel Pool Lake Marina Resort Travel Pair, C115, Adult Travel",QS-C115-36/37,4.99
一致,1232,B0H2MCJDCC,QS-C104-40/41,QS-C104-40/41,公司,公司,2,2,0,B0GQBS64JX,溯溪沙滩鞋,"Water Shoes for Women Men, Slip On Pool Shoes for Beach Resort Shower Cruise Dock Travel Footwear, C104, Adult Travel",QS-C104-40/41,4.99
一致,1233,B0H2MMRCJW,QS-2514-38/39,QS-2514-38/39,公司,公司,2,2,0,B0GQBS64JX,溯溪沙滩鞋,"Water Shoes for Women Men, Barefoot Water Footwear for Pool Beach Cruise River Dock Vacation Pair, 2514, Adult Travel",QS-2514-38/39,4.99
一致,1234,B0H2MKKMSS,QS-C114-38/39,QS-C114-38/39,公司,公司,2,2,0,B0GQBS64JX,溯溪沙滩鞋,"Water Shoes for Women Men, Barefoot Water Footwear for Pool Beach Cruise River Dock Vacation Pair, C114, Adult Travel",QS-C114-38/39,4.99
一致,1235,B0H2MDP4JD,QS-2612-36/37,QS-2612-36/37,公司,公司,1,1,0,B0GQBS64JX,溯溪沙滩鞋,"Water Shoes for Women Men, Quick Dry Aqua Socks for Pool Beach Boat Dock Lake Resort Summer Travel, 2612, Adult Travel",QS-2612-36/37,4.99
一致,1236,B0H2MN8998,QS-C115-42/43,QS-C115-42/43,公司,公司,2,2,0,B0GQBS64JX,溯溪沙滩鞋,"Water Shoes for Women Men, Lightweight Swim Shoes for Beach Hotel Pool Lake Marina Resort Travel Pair, C115, Adult Travel",QS-C115-42/43,4.99
一致,1237,B0H2MGCNTB,QS-2623-36/37,QS-2623-36/37,公司,公司,2,2,0,B0GQBS64JX,溯溪沙滩鞋,"Water Shoes for Women Men, Barefoot Water Footwear for Pool Beach Cruise River Dock Vacation Pair, 2623, Adult Travel",QS-2623-36/37,4.99
一致,1238,B0H2MFH6T8,QS-2620-40/41,QS-2620-40/41,公司,公司,3,3,0,B0GQBS64JX,溯溪沙滩鞋,"Water Shoes for Women Men, Aqua Socks, Foldable Water Shoes for Beach Pool River Lake Cruise Trip Pair, 2620, Adult Travel",QS-2620-40/41,4.99
一致,1239,B0H2MDPK8H,QS-2706-36/37,QS-2706-36/37,公司,公司,1,1,0,B0GQBS64JX,溯溪沙滩鞋,"Water Shoes for Women Men, Quick Dry Swim Footwear for Beach Pool Resort River Cruise Lake Travel Pair, 2706, Adult Travel",QS-2706-36/37,4.99
一致,1240,B0H2MJK422,QS-2515-36/37,QS-2515-36/37,公司,公司,1,1,0,B0GQBS64JX,溯溪沙滩鞋,"Water Shoes for Women Men, Lightweight Swim Shoes for Beach Hotel Pool Lake Marina Resort Travel Pair, 2515, Adult Travel",QS-2515-36/37,4.99
一致,1241,B0H2MGG5W4,QS-2514-42/43,QS-2514-42/43,公司,公司,1,1,0,B0GQBS64JX,溯溪沙滩鞋,"Water Shoes for Women Men, Barefoot Water Footwear for Pool Beach Cruise River Dock Vacation Pair, 2514, Adult Travel",QS-2514-42/43,4.99
一致,1242,B0H2MPC7H1,QS-2629-36/37,QS-2629-36/37,公司,公司,1,1,0,B0GQBS64JX,溯溪沙滩鞋,"Water Shoes for Women Men, Aqua Socks, Slip On Swim Shoes for Beach Pool Lake Boat Resort Travel Pair, 2629, Adult Travel",QS-2629-36/37,4.99
负责人不一致,1243,B0H2MCCNWQ,QC-DB-P-red,QC-DB-P-red,公司,未分配,2,2,0,B0H2M7R4K1,,"Gear Shift Knob, 6 Speed Manual Shifter Head, Universal Gear Lever for Car Interior Upgrade and Sim Racing Setup",,9.99
负责人不一致,1244,B0H2MFKCHC,QC-DB-P-black,QC-DB-P-black,公司,未分配,2,2,0,B0H2M7R4K1,,"Gear Shift Knob, 6 Speed Manual Shifter Head, Universal Gear Lever for Car Interior Upgrade and Sim Racing Setup",,9.99
负责人不一致,1245,B0H2MHKVXY,QC-DB-H-titanium,QC-DB-H-titanium,公司,未分配,2,2,0,B0H2MKR6M2,,"Universal 6 Speed Knurled Aluminum Alloy Gear Shift Knob with 4 Adapters, Racing Shifter Head for Car & Sim Racing",,6.99
负责人不一致,1246,B0H2M7H16K,QC-DB-H-blue,QC-DB-H-blue,公司,未分配,2,2,0,B0H2MKR6M2,,"Universal 6 Speed Knurled Aluminum Alloy Gear Shift Knob with 4 Adapters, Racing Shifter Head for Car & Sim Racing",,6.99
负责人不一致,1247,B0H2M8YB9B,QC-DB-H-yellow,QC-DB-H-yellow,公司,未分配,2,2,0,B0H2MKR6M2,,"Universal 6 Speed Knurled Aluminum Alloy Gear Shift Knob with 4 Adapters, Racing Shifter Head for Car & Sim Racing",,6.99
负责人不一致,1248,B0H2MB6LYG,QC-DB-P-yellow,QC-DB-P-yellow,公司,未分配,2,2,0,B0H2M7R4K1,,"Gear Shift Knob, 6 Speed Manual Shifter Head, Universal Gear Lever for Car Interior Upgrade and Sim Racing Setup",,9.99
负责人不一致,1249,B0H2MFDX56,QC-DB-P-titanium,QC-DB-P-titanium,公司,未分配,2,2,0,B0H2M7R4K1,,"Gear Shift Knob, 6 Speed Manual Shifter Head, Universal Gear Lever for Car Interior Upgrade and Sim Racing Setup",,9.99
负责人不一致,1250,B0H2MBPYM5,QC-DB1-ZI,QC-DB1-ZI,公司,未分配,2,2,0,B0H2M92GVQ,,"Cylindrical Ergonomic Shift Knob Kit, Universal Manual Gear Shifter with Multi‑Thread Adapters for Automotive Interior Modification（Purple）",,12.99
负责人不一致,1251,B0H2MHTD2C,QC-DB1-HEI,QC-DB1-HEI,公司,未分配,2,2,0,B0H2M92GVQ,,"Cylindrical Ergonomic Shift Knob Kit, Universal Manual Gear Shifter with Multi‑Thread Adapters for Automotive Interior Modification（Black）",,12.99
负责人不一致,1252,B0H2M7XWFY,QC-DB1-TAI,QC-DB1-TAI,公司,未分配,2,2,0,B0H2M92GVQ,,"Cylindrical Ergonomic Shift Knob Kit, Universal Manual Gear Shifter with Multi‑Thread Adapters for Automotive Interior Modification（Titanium）",,12.99
负责人不一致,1253,B0H2M6FD68,QC-DB1-LAN,QC-DB1-LAN,公司,未分配,2,2,0,B0H2M92GVQ,,"Cylindrical Ergonomic Shift Knob Kit, Universal Manual Gear Shifter with Multi‑Thread Adapters for Automotive Interior Modification（Blue）",,12.99
负责人不一致,1254,B0H2M9D7VW,QC-DB-P-purple,QC-DB-P-purple,公司,未分配,2,2,0,B0H2M7R4K1,,"Gear Shift Knob, 6 Speed Manual Shifter Head, Universal Gear Lever for Car Interior Upgrade and Sim Racing Setup",,9.99
负责人不一致,1255,B0H2M5D1FD,QC-DB-P-silver,QC-DB-P-silver,公司,未分配,2,2,0,B0H2M7R4K1,,"Gear Shift Knob, 6 Speed Manual Shifter Head, Universal Gear Lever for Car Interior Upgrade and Sim Racing Setup",,9.99
负责人不一致,1256,B0H2MFRSCN,QC-DB1-HONG,QC-DB1-HONG,公司,未分配,2,2,0,B0H2M92GVQ,,"Cylindrical Ergonomic Shift Knob Kit, Universal Manual Gear Shifter with Multi‑Thread Adapters for Automotive Interior Modification（Red）",,12.99
负责人不一致,1257,B0H2MBZVHZ,QC-DB-P-rainbow,QC-DB-P-rainbow,公司,未分配,2,2,0,B0H2M7R4K1,,"Gear Shift Knob, 6 Speed Manual Shifter Head, Universal Gear Lever for Car Interior Upgrade and Sim Racing Setup",,9.99
负责人不一致,1258,B0H2MD98QV,QC-DB-P-blue,QC-DB-P-blue,公司,未分配,2,2,0,B0H2M7R4K1,,"Gear Shift Knob, 6 Speed Manual Shifter Head, Universal Gear Lever for Car Interior Upgrade and Sim Racing Setup",,9.99
一致,1259,B0H2M4BQ1N,KCC-4H1QJSZ-1,KCC-4H1QJSZ-1,凯旋,凯旋,5,5,0,B0H2MD92M5,刷子,"4‑in‑1 Handheld Grout Cleaning Brush, Multi‑Purpose Gap Scrub Brush for Kitchen Bathroom Household Surface Maintenance",KCC-4H1QJSZ-1,4.99
一致,1260,B0H2LVYDPQ,SP-xieshua1-1,SP-xieshua1-1,公司,公司,5,5,0,B0H2LY73PM,鞋刷,"Shoe Brush with Liquid Holder, Press Type Cleaning Brush, Soft Bristle Long Handle Brush for Household Cleaning",SP-xieshua1-1,2.7
一致,1261,B0H2M2L9RN,SP-luosi1-16,SP-luosi1-16,图图,图图,5,5,0,B0H2LVLBWZ,螺丝16,"100PCS Pack of 8 Screws, Available in 5/8 inch and 3/4 inch Lengths, Sufficient for DIY, Furniture Assembly and Metal Repair.",SP-luosi1-16,4.55
一致,1262,B0H2M25S6B,SP-quqimuju-2,SP-quqimuju-2,图图,图图,6,6,0,B0H2M1YB5P,曲奇饼干模具,"Cookie Cutter Set, Flower Pastry Cutter, Tart Tamper Tools, 2 Piece Baking Gadgets for Cookies And Tarts",SP-quqimuju-2,4.98
一致,1263,B0H2LKB6LW,SP-feizaodie-3,SP-feizaodie-3,图图,图图,5,5,0,B0H1X7H5SV,肥皂盒,"3 Pack Soap Dish Holder, Self Draining Bar Soap Tray with Waterfall Grooves, Multi Placement Soap Holder for Bathroom Shower Sink",SP-feizaodie-3,1.95
一致,1264,B0H2L4RD93,SP-rongqi3-1,SP-rongqi3-1,图图,图图,5,5,0,B0H2L49ZZX,,"Acrylic Cotton Swab Holder with Bamboo Lid, Clear Desktop Organizer Box, Dustproof Storage Case for Bathroom Vanity Bedroom",,3.98
一致,1265,B0H2H8K44D,KCC-BXMYFJL-1,KCC-BXMYFJL-1,凯旋,凯旋,5,5,0,B0H2HK5T4T,波西米亚风脚链,"Boho Double Interlocked Heart Anklet, White Seed Bead Turquoise Accent Adjustable Foot For Women",KCC-BXMYFJL-1,2.3
一致,1266,B0H2GYKVZF,SP-jiyagao-p,SP-jiyagao-p,图图,图图,5,5,0,B0H2GW2WP7,挤牙膏工具粉色,"Cute Cartoon Toothpaste Squeezer, Plastic Tube Dispenser, Multi-Functional Bathroom Kitchen Gadget for Home Decor",SP-jiyagao-p,1.71
一致,1267,B0H2GX1GTC,SP-bingkuan-1,SP-bingkuan-1,图图,图图,4,4,0,B0H2H2TCC5,冰块托盘,"Silicone Ice Cube Tray with Lid and Storage Bin, Easy Release Round Ice Mold, Reusable Freezer Ice Container for Cocktails Drinks",SP-bingkuan-1,9.98
一致,1268,B0H2GLL989,SP-shoujizhijia-1,SP-shoujizhijia-1,图图,图图,5,5,0,B0H2GS7759,便携式电子设备支架,"Adjustable Aluminum Phone Stand, Ergonomic Swivel Tilt Holder, Universal Metal Desk Cradle for Smartphone Tablet",SP-shoujizhijia-1,4.66
一致,1269,B0H23TMDX2,QS-153-36/37,QS-153-36/37,公司,公司,2,2,0,B0H23TMDX2,溯溪沙滩鞋,"Water Shoes for Women Men, Aqua Socks, Swim Footwear, Beach Pool Boat Dock Spa Hotel Travel Pair",QS-153-36/37,4.99
一致,1270,B0H23QF6C6,QS-151-42/43,QS-151-42/43,公司,公司,3,3,0,B0GQBS64JX,溯溪沙滩鞋,"Beach Shoes for Women Men, Aqua Socks, Lightweight Water Footwear, River Dock Fishing Lake Travel Pair",QS-151-42/43,4.99
一致,1271,B0H23TSS8P,QS-150-38/39,QS-150-38/39,公司,公司,2,2,0,B0GQBS64JX,溯溪沙滩鞋,"Swim Shoes for Women Men, Water Shoes, Aqua Socks, Foldable Beach Pool Water Park Cruise Vacation Footwear",QS-150-38/39,4.99
一致,1272,B0H23Z13HS,QS-150-40/41,QS-150-40/41,公司,公司,3,3,0,B0GQBS64JX,溯溪沙滩鞋,"Swim Shoes for Women Men, Water Shoes, Aqua Socks, Foldable Beach Pool Water Park Cruise Vacation Footwear",QS-150-40/41,4.99
一致,1273,B0H241YKMT,QS-153-38/39,QS-153-38/39,公司,公司,2,2,0,B0H241YKMT,溯溪沙滩鞋,"Water Shoes for Women Men, Aqua Socks, Swim Footwear, Beach Pool Boat Dock Spa Hotel Travel Pair",QS-153-38/39,4.99
一致,1274,B0H23QGMN1,QS-151-38/39,QS-151-38/39,公司,公司,2,2,0,B0GQBS64JX,溯溪沙滩鞋,"Beach Shoes for Women Men, Aqua Socks, Lightweight Water Footwear, River Dock Fishing Lake Travel Pair",QS-151-38/39,4.99
一致,1275,B0H241DH2M,QS-150-44/45,QS-150-44/45,公司,公司,2,2,0,B0GQBS64JX,溯溪沙滩鞋,"Swim Shoes for Women Men, Water Shoes, Aqua Socks, Foldable Beach Pool Water Park Cruise Vacation Footwear",QS-150-44/45,4.99
一致,1276,B0H23M6YGV,QS-150-42/43,QS-150-42/43,公司,公司,3,3,0,B0GQBS64JX,溯溪沙滩鞋,"Swim Shoes for Women Men, Water Shoes, Aqua Socks, Foldable Beach Pool Water Park Cruise Vacation Footwear",QS-150-42/43,4.99
一致,1277,B0H241N2FK,QS-151-44/45,QS-151-44/45,公司,公司,2,2,0,B0GQBS64JX,溯溪沙滩鞋,"Beach Shoes for Women Men, Aqua Socks, Lightweight Water Footwear, River Dock Fishing Lake Travel Pair",QS-151-44/45,4.99
一致,1278,B0H23WFHNL,QS-153-44/45,QS-153-44/45,公司,公司,2,2,0,B0H23WFHNL,溯溪沙滩鞋,"Water Shoes for Women Men, Aqua Socks, Swim Footwear, Beach Pool Boat Dock Spa Hotel Travel Pair",QS-153-44/45,4.99
一致,1279,B0H23PVG1M,QS-150-36/37,QS-150-36/37,公司,公司,2,2,0,B0GQBS64JX,溯溪沙滩鞋,"Swim Shoes for Women Men, Water Shoes, Aqua Socks, Foldable Beach Pool Water Park Cruise Vacation Footwear",QS-150-36/37,4.99
一致,1280,B0H2426RL2,QS-153-42/43,QS-153-42/43,公司,公司,3,3,0,B0H2426RL2,溯溪沙滩鞋,"Water Shoes for Women Men, Aqua Socks, Swim Footwear, Beach Pool Boat Dock Spa Hotel Travel Pair",QS-153-42/43,4.99
一致,1281,B0H24122H3,QS-153-40/41,QS-153-40/41,公司,公司,3,3,0,B0H24122H3,溯溪沙滩鞋,"Water Shoes for Women Men, Aqua Socks, Swim Footwear, Beach Pool Boat Dock Spa Hotel Travel Pair",QS-153-40/41,4.99
一致,1282,B0H2415GBP,QS-151-36/37,QS-151-36/37,公司,公司,2,2,0,B0GQBS64JX,溯溪沙滩鞋,"Beach Shoes for Women Men, Aqua Socks, Lightweight Water Footwear, River Dock Fishing Lake Travel Pair",QS-151-36/37,4.99
一致,1283,B0H1W7NPDM,SP-Nzshipin-1,SP-Nzshipin-1,图图,图图,5,5,0,B0H1WCPRB7,镊子,"2 Pack Stainless Steel Kitchen Food Tongs, Serrated Tip Cooking Tweezers, Non-Slip Heat Resistant Clip for BBQ Steak Salad Dessert",SP-Nzshipin-1,3.99
一致,1284,B0H1W8GYYB,SP-bingganmuju-9,SP-bingganmuju-9,图图,图图,5,5,0,B0H1W8KKFY,不锈钢印花模具,"9Pcs Cat Cookie Cutters Set, Stainless Steel Cute Cat Shaped Biscuit Cutter for Baking Pastry Fondant Cake",SP-bingganmuju-9,5.58
一致,1285,B0H1RTQHH1,QS-124-36/37,QS-124-36/37,公司,公司,2,2,0,B0GQBS64JX,溯溪沙滩鞋,"Beach Shoes for Women Men, Aqua Socks, Swim Footwear, Lightweight Cruise Pool Resort Vacation Travel Pair",QS-124-36/37,4.99
一致,1286,B0H1RY19TM,QS-134-36/37,QS-134-36/37,公司,公司,2,2,0,B0GQBS64JX,溯溪沙滩鞋,"Lake Shoes for Women Men, Aqua Socks, Water Footwear, Quick Dry Beach Pool Cruise Summer Vacation Travel Pair",QS-134-36/37,4.99
一致,1287,B0H1RZGWG1,QS-118-44/45,QS-118-44/45,公司,公司,2,2,0,B0GQBS64JX,溯溪沙滩鞋,"Swim Shoes for Women Men, Water Shoes, Aqua Socks, Quick Dry Beach Pool River Lake Cruise Travel Footwear",QS-118-44/45,4.99
一致,1288,B0H1RXD12K,QS-137-40/41,QS-137-40/41,公司,公司,3,3,0,B0GQBS64JX,溯溪沙滩鞋,"Surf Shoes for Women Men, Aqua Socks, Swim Footwear, Lightweight Lake River Beach Resort Summer Travel Pair",QS-137-40/41,4.99
一致,1289,B0H1RSQN4S,QS-118-36/37,QS-118-36/37,公司,公司,2,2,0,B0GQBS64JX,溯溪沙滩鞋,"Swim Shoes for Women Men, Water Shoes, Aqua Socks, Quick Dry Beach Pool River Lake Cruise Travel Footwear",QS-118-36/37,4.99
一致,1290,B0H1S5ZBJC,QS-138-42/43,QS-138-42/43,公司,公司,3,3,0,B0GQBS64JX,溯溪沙滩鞋,"Barefoot Water Socks for Women Men, Aqua Shoes, Swim Footwear, Beach Pool Resort Cruise Summer Travel Pair",QS-138-42/43,4.99
一致,1291,B0H1RV6Y8Q,QS-132-42/43,QS-132-42/43,公司,公司,3,3,0,B0GQBS64JX,溯溪沙滩鞋,"River Shoes for Women Men, Aqua Socks, Water Footwear, Quick Dry Beach Pool Lake Weekend Travel Trip Pair",QS-132-42/43,4.99
一致,1292,B0H1RQ9SBF,QS-129-40/41,QS-129-40/41,公司,公司,3,3,0,B0GQBS64JX,溯溪沙滩鞋,"Pool Shoes for Women Men, Aqua Socks, Water Footwear, Slip On River Cruise Resort Beach Summer Travel Pair",QS-129-40/41,4.99
一致,1293,B0H1S31113,QS-111-44/45,QS-111-44/45,公司,公司,2,2,0,B0GQBS64JX,溯溪沙滩鞋,"Aqua Socks for Women Men, Water Shoes, Quick Dry Swim Footwear, Beach Pool River Lake Cruise Summer Travel Pair",QS-111-44/45,4.99
一致,1294,B0H1RVVCPP,QS-129-42/43,QS-129-42/43,公司,公司,3,3,0,B0GQBS64JX,溯溪沙滩鞋,"Pool Shoes for Women Men, Aqua Socks, Water Footwear, Slip On River Cruise Resort Beach Summer Travel Pair",QS-129-42/43,4.99
一致,1295,B0H1RYN7R9,QS-119-40/41,QS-119-40/41,公司,公司,3,3,0,B0GQBS64JX,溯溪沙滩鞋,"Swim Shoes for Women Men, Water Shoes, Aqua Socks, Barefoot Lake Cruise Resort Pool Vacation Footwear",QS-119-40/41,4.99
一致,1296,B0H1S62VHH,QS-123-42/43,QS-123-42/43,公司,公司,3,3,0,B0GQBS64JX,溯溪沙滩鞋,"Beach Shoes for Women Men, Aqua Socks, Water Shoes, Quick Dry Pool River Lake Cruise Resort Travel Pair",QS-123-42/43,4.99
一致,1297,B0H1S3S71K,QS-131-44/45,QS-131-44/45,公司,公司,2,2,0,B0GQBS64JX,溯溪沙滩鞋,"Pool Shoes for Women Men, Aqua Socks, Barefoot Water Footwear, Yoga Beach Resort Spa Pool Vacation Pair",QS-131-44/45,4.99
一致,1298,B0H1RTLH4R,QS-122-44/45,QS-122-44/45,公司,公司,2,2,0,B0GQBS64JX,溯溪沙滩鞋,"Swim Shoes for Women Men, Water Shoes, Aqua Socks, Slip On Boat Lake Camping Shower Beach Travel Footwear Pair",QS-122-44/45,4.99
一致,1299,B0H1RZYJ6V,QS-133-42/43,QS-133-42/43,公司,公司,3,3,0,B0GQBS64JX,溯溪沙滩鞋,"River Shoes for Women Men, Aqua Socks, Swim Footwear, Lightweight Kayaking Dock Beach Summer Travel Pair",QS-133-42/43,4.99
一致,1300,B0H1RW3YMB,QS-124-44/45,QS-124-44/45,公司,公司,2,2,0,B0GQBS64JX,溯溪沙滩鞋,"Beach Shoes for Women Men, Aqua Socks, Swim Footwear, Lightweight Cruise Pool Resort Vacation Travel Pair",QS-124-44/45,4.99
一致,1301,B0H1RYTDRY,QS-132-44/45,QS-132-44/45,公司,公司,2,2,0,B0GQBS64JX,溯溪沙滩鞋,"River Shoes for Women Men, Aqua Socks, Water Footwear, Quick Dry Beach Pool Lake Weekend Travel Trip Pair",QS-132-44/45,4.99
一致,1302,B0H1RSLVSF,QS-129-44/45,QS-129-44/45,公司,公司,2,2,0,B0GQBS64JX,溯溪沙滩鞋,"Pool Shoes for Women Men, Aqua Socks, Water Footwear, Slip On River Cruise Resort Beach Summer Travel Pair",QS-129-44/45,4.99
一致,1303,B0H1RT4948,QS-120-44/45,QS-120-44/45,公司,公司,2,2,0,B0GQBS64JX,溯溪沙滩鞋,"Swim Shoes for Women Men, Water Shoes, Aqua Socks, Lightweight Surf Beach River Dock Travel Footwear",QS-120-44/45,4.99
一致,1304,B0H1RXFTLY,QS-121-44/45,QS-121-44/45,公司,公司,2,2,0,B0GQBS64JX,溯溪沙滩鞋,"Swim Shoes for Women Men, Water Shoes, Aqua Socks, Foldable Pool Water Park Beach Resort Travel Pair",QS-121-44/45,4.99
一致,1305,B0H1S11ZY1,QS-128-40/41,QS-128-40/41,公司,公司,3,3,0,B0GQBS64JX,溯溪沙滩鞋,"Pool Shoes for Women Men, Aqua Socks, Swim Footwear, Quick Dry Beach Lake Resort Cruise Summer Travel Pair",QS-128-40/41,4.99
一致,1306,B0H1S5QWS9,QS-136-36/37,QS-136-36/37,公司,公司,2,2,0,B0GQBS64JX,溯溪沙滩鞋,"Surf Shoes for Women Men, Aqua Socks, Water Footwear, Quick Dry Beach Pool Resort Summer Vacation Travel Pair",QS-136-36/37,4.99
一致,1307,B0H1S9C429,QS-125-36/37,QS-125-36/37,公司,公司,2,2,0,B0GQBS64JX,溯溪沙滩鞋,"Beach Shoes for Women Men, Aqua Socks, Barefoot Water Footwear, Lake River Beach House Summer Travel Pair",QS-125-36/37,4.99
一致,1308,B0H1RYKCCW,QS-114-44/45,QS-114-44/45,公司,公司,2,2,0,B0GQBS64JX,溯溪沙滩鞋,"Aqua Socks for Women Men, Water Shoes, Foldable Swim Footwear, River Lake Dock Boat Beach Travel Pair",QS-114-44/45,4.99
一致,1309,B0H1S12F3N,QS-135-38/39,QS-135-38/39,公司,公司,2,2,0,B0GQBS64JX,溯溪沙滩鞋,"Lake Shoes for Women Men, Aqua Socks, Swim Footwear, Slip On River Dock Boat Ramp Travel Vacation Pair",QS-135-38/39,4.99
一致,1310,B0H1RTJPZX,QS-120-42/43,QS-120-42/43,公司,公司,3,3,0,B0GQBS64JX,溯溪沙滩鞋,"Swim Shoes for Women Men, Water Shoes, Aqua Socks, Lightweight Surf Beach River Dock Travel Footwear",QS-120-42/43,4.99
一致,1311,B0H1RWGDL5,QS-135-44/45,QS-135-44/45,公司,公司,2,2,0,B0GQBS64JX,溯溪沙滩鞋,"Lake Shoes for Women Men, Aqua Socks, Swim Footwear, Slip On River Dock Boat Ramp Travel Vacation Pair",QS-135-44/45,4.99
一致,1312,B0H1RXCWVW,QS-135-36/37,QS-135-36/37,公司,公司,2,2,0,B0GQBS64JX,溯溪沙滩鞋,"Lake Shoes for Women Men, Aqua Socks, Swim Footwear, Slip On River Dock Boat Ramp Travel Vacation Pair",QS-135-36/37,4.99
一致,1313,B0H1RTFXRC,QS-122-38/39,QS-122-38/39,公司,公司,2,2,0,B0GQBS64JX,溯溪沙滩鞋,"Swim Shoes for Women Men, Water Shoes, Aqua Socks, Slip On Boat Lake Camping Shower Beach Travel Footwear Pair",QS-122-38/39,4.99
一致,1314,B0H1RWN9FH,QS-112-44/45,QS-112-44/45,公司,公司,2,2,0,B0GQBS64JX,溯溪沙滩鞋,"Aqua Socks for Women Men, Water Shoes, Barefoot Swim Footwear, Resort Pool Lake Yoga Beach Travel Pair",QS-112-44/45,4.99
一致,1315,B0H1RZ6SC8,QS-112-36/37,QS-112-36/37,公司,公司,2,2,0,B0GQBS64JX,溯溪沙滩鞋,"Aqua Socks for Women Men, Water Shoes, Barefoot Swim Footwear, Resort Pool Lake Yoga Beach Travel Pair",QS-112-36/37,4.99
一致,1316,B0H1RTJQ11,QS-124-42/43,QS-124-42/43,公司,公司,3,3,0,B0GQBS64JX,溯溪沙滩鞋,"Beach Shoes for Women Men, Aqua Socks, Swim Footwear, Lightweight Cruise Pool Resort Vacation Travel Pair",QS-124-42/43,4.99
一致,1317,B0H1RQ4RB4,QS-113-36/37,QS-113-36/37,公司,公司,2,2,0,B0GQBS64JX,溯溪沙滩鞋,"Aqua Socks for Women Men, Water Shoes, Lightweight Swim Footwear, Pool Beach Cruise River Vacation Pair",QS-113-36/37,4.99
一致,1318,B0H1S3R2FR,QS-133-40/41,QS-133-40/41,公司,公司,3,3,0,B0GQBS64JX,溯溪沙滩鞋,"River Shoes for Women Men, Aqua Socks, Swim Footwear, Lightweight Kayaking Dock Beach Summer Travel Pair",QS-133-40/41,4.99
一致,1319,B0H1S42D52,QS-131-42/43,QS-131-42/43,公司,公司,3,3,0,B0GQBS64JX,溯溪沙滩鞋,"Pool Shoes for Women Men, Aqua Socks, Barefoot Water Footwear, Yoga Beach Resort Spa Pool Vacation Pair",QS-131-42/43,4.99
一致,1320,B0H1RW5JNR,QS-128-38/39,QS-128-38/39,公司,公司,2,2,0,B0GQBS64JX,溯溪沙滩鞋,"Pool Shoes for Women Men, Aqua Socks, Swim Footwear, Quick Dry Beach Lake Resort Cruise Summer Travel Pair",QS-128-38/39,4.99
一致,1321,B0H1RW2DND,QS-121-40/41,QS-121-40/41,公司,公司,3,3,0,B0GQBS64JX,溯溪沙滩鞋,"Swim Shoes for Women Men, Water Shoes, Aqua Socks, Foldable Pool Water Park Beach Resort Travel Pair",QS-121-40/41,4.99
一致,1322,B0H1SBNN2W,QS-114-42/43,QS-114-42/43,公司,公司,3,3,0,B0GQBS64JX,溯溪沙滩鞋,"Aqua Socks for Women Men, Water Shoes, Foldable Swim Footwear, River Lake Dock Boat Beach Travel Pair",QS-114-42/43,4.99
一致,1323,B0H1S8PMPH,QS-125-40/41,QS-125-40/41,公司,公司,3,3,0,B0GQBS64JX,溯溪沙滩鞋,"Beach Shoes for Women Men, Aqua Socks, Barefoot Water Footwear, Lake River Beach House Summer Travel Pair",QS-125-40/41,4.99
一致,1324,B0H1S61DHG,QS-127-42/43,QS-127-42/43,公司,公司,3,3,0,B0GQBS64JX,溯溪沙滩鞋,"Beach Shoes for Women Men, Aqua Socks, Lightweight Water Footwear, River Dock Fishing Summer Travel Pair",QS-127-42/43,4.99
一致,1325,B0H1RTVMZY,QS-133-36/37,QS-133-36/37,公司,公司,2,2,0,B0GQBS64JX,溯溪沙滩鞋,"River Shoes for Women Men, Aqua Socks, Swim Footwear, Lightweight Kayaking Dock Beach Summer Travel Pair",QS-133-36/37,4.99
一致,1326,B0H1RVJ81N,QS-133-44/45,QS-133-44/45,公司,公司,2,2,0,B0GQBS64JX,溯溪沙滩鞋,"River Shoes for Women Men, Aqua Socks, Swim Footwear, Lightweight Kayaking Dock Beach Summer Travel Pair",QS-133-44/45,4.99
一致,1327,B0H1S1FMN1,QS-132-40/41,QS-132-40/41,公司,公司,3,3,0,B0GQBS64JX,溯溪沙滩鞋,"River Shoes for Women Men, Aqua Socks, Water Footwear, Quick Dry Beach Pool Lake Weekend Travel Trip Pair",QS-132-40/41,4.99
一致,1328,B0H1S4T9D8,QS-115-44/45,QS-115-44/45,公司,公司,2,2,0,B0GQBS64JX,溯溪沙滩鞋,"Aqua Socks for Women Men, Water Shoes, Slip On Swim Footwear, Resort Pool Beach Water Park Cruise Summer Pair",QS-115-44/45,4.99
一致,1329,B0H1RYVFML,QS-111-36/37,QS-111-36/37,公司,公司,2,2,0,B0GQBS64JX,溯溪沙滩鞋,"Aqua Socks for Women Men, Water Shoes, Quick Dry Swim Footwear, Beach Pool River Lake Cruise Summer Travel Pair",QS-111-36/37,4.99
一致,1330,B0H1S89SQ5,QS-114-36/37,QS-114-36/37,公司,公司,2,2,0,B0GQBS64JX,溯溪沙滩鞋,"Aqua Socks for Women Men, Water Shoes, Foldable Swim Footwear, River Lake Dock Boat Beach Travel Pair",QS-114-36/37,4.99
一致,1331,B0H1RVQ3BR,QS-122-42/43,QS-122-42/43,公司,公司,3,3,0,B0GQBS64JX,溯溪沙滩鞋,"Swim Shoes for Women Men, Water Shoes, Aqua Socks, Slip On Boat Lake Camping Shower Beach Travel Footwear Pair",QS-122-42/43,4.99
一致,1332,B0H1RYTWPT,QS-121-38/39,QS-121-38/39,公司,公司,2,2,0,B0GQBS64JX,溯溪沙滩鞋,"Swim Shoes for Women Men, Water Shoes, Aqua Socks, Foldable Pool Water Park Beach Resort Travel Pair",QS-121-38/39,4.99
一致,1333,B0H1RWL144,QS-139-36/37,QS-139-36/37,公司,公司,2,2,0,B0GQBS64JX,溯溪沙滩鞋,"Barefoot Water Socks for Women Men, Aqua Shoes, Pool Footwear, River Lake Beach Resort Summer Travel Pair",QS-139-36/37,4.99
一致,1334,B0H1RYRK3L,QS-102-38/39,QS-102-38/39,公司,公司,2,2,0,B0GQBS64JX,溯溪沙滩鞋,"Water Shoes for Women Men, Aqua Socks, Quick Dry Swim Shoes, Slip On Beach Pool River Lake Cruise Travel Footwear",QS-102-38/39,4.99
一致,1335,B0H1S3RHYX,QS-127-44/45,QS-127-44/45,公司,公司,2,2,0,B0GQBS64JX,溯溪沙滩鞋,"Beach Shoes for Women Men, Aqua Socks, Lightweight Water Footwear, River Dock Fishing Summer Travel Pair",QS-127-44/45,4.99
一致,1336,B0H1RWG6V6,QS-113-44/45,QS-113-44/45,公司,公司,2,2,0,B0GQBS64JX,溯溪沙滩鞋,"Aqua Socks for Women Men, Water Shoes, Lightweight Swim Footwear, Pool Beach Cruise River Vacation Pair",QS-113-44/45,4.99
一致,1337,B0H1RSZ2G2,QS-137-44/45,QS-137-44/45,公司,公司,2,2,0,B0GQBS64JX,溯溪沙滩鞋,"Surf Shoes for Women Men, Aqua Socks, Swim Footwear, Lightweight Lake River Beach Resort Summer Travel Pair",QS-137-44/45,4.99
一致,1338,B0H1RNJBVW,QS-119-36/37,QS-119-36/37,公司,公司,2,2,0,B0GQBS64JX,溯溪沙滩鞋,"Swim Shoes for Women Men, Water Shoes, Aqua Socks, Barefoot Lake Cruise Resort Pool Vacation Footwear",QS-119-36/37,4.99
一致,1339,B0H1SBV97W,QS-138-44/45,QS-138-44/45,公司,公司,2,2,0,B0GQBS64JX,溯溪沙滩鞋,"Barefoot Water Socks for Women Men, Aqua Shoes, Swim Footwear, Beach Pool Resort Cruise Summer Travel Pair",QS-138-44/45,4.99
一致,1340,B0H1RX9HMP,QS-126-42/43,QS-126-42/43,公司,公司,6,6,0,B0GQBS64JX,溯溪沙滩鞋,"Beach Shoes for Women Men, Aqua Socks, Quick Dry Water Footwear, Pool Resort Cruise Beach Hotel Travel Pair",QS-126-42/43,4.99
一致,1341,B0H1SBMP76,QS-121-36/37,QS-121-36/37,公司,公司,2,2,0,B0GQBS64JX,溯溪沙滩鞋,"Swim Shoes for Women Men, Water Shoes, Aqua Socks, Foldable Pool Water Park Beach Resort Travel Pair",QS-121-36/37,4.99
一致,1342,B0H1RTLH59,QS-136-42/43,QS-136-42/43,公司,公司,3,3,0,B0GQBS64JX,溯溪沙滩鞋,"Surf Shoes for Women Men, Aqua Socks, Water Footwear, Quick Dry Beach Pool Resort Summer Vacation Travel Pair",QS-136-42/43,4.99
一致,1343,B0H1S8K846,QS-135-42/43,QS-135-42/43,公司,公司,3,3,0,B0GQBS64JX,溯溪沙滩鞋,"Lake Shoes for Women Men, Aqua Socks, Swim Footwear, Slip On River Dock Boat Ramp Travel Vacation Pair",QS-135-42/43,4.99
一致,1344,B0H1S3LMQS,QS-131-38/39,QS-131-38/39,公司,公司,2,2,0,B0GQBS64JX,溯溪沙滩鞋,"Pool Shoes for Women Men, Aqua Socks, Barefoot Water Footwear, Yoga Beach Resort Spa Pool Vacation Pair",QS-131-38/39,4.99
一致,1345,B0H1S4P18N,QS-126-44/45,QS-126-44/45,公司,公司,4,4,0,B0GQBS64JX,溯溪沙滩鞋,"Beach Shoes for Women Men, Aqua Socks, Quick Dry Water Footwear, Pool Resort Cruise Beach Hotel Travel Pair",QS-126-44/45,4.99
一致,1346,B0H1S1YV6C,QS-127-38/39,QS-127-38/39,公司,公司,2,2,0,B0GQBS64JX,溯溪沙滩鞋,"Beach Shoes for Women Men, Aqua Socks, Lightweight Water Footwear, River Dock Fishing Summer Travel Pair",QS-127-38/39,4.99
一致,1347,B0H1S34C75,QS-114-40/41,QS-114-40/41,公司,公司,3,3,0,B0GQBS64JX,溯溪沙滩鞋,"Aqua Socks for Women Men, Water Shoes, Foldable Swim Footwear, River Lake Dock Boat Beach Travel Pair",QS-114-40/41,4.99
一致,1348,B0H1RTJZYL,QS-125-44/45,QS-125-44/45,公司,公司,2,2,0,B0GQBS64JX,溯溪沙滩鞋,"Beach Shoes for Women Men, Aqua Socks, Barefoot Water Footwear, Lake River Beach House Summer Travel Pair",QS-125-44/45,4.99
一致,1349,B0H1S4KNSR,QS-132-36/37,QS-132-36/37,公司,公司,2,2,0,B0GQBS64JX,溯溪沙滩鞋,"River Shoes for Women Men, Aqua Socks, Water Footwear, Quick Dry Beach Pool Lake Weekend Travel Trip Pair",QS-132-36/37,4.99
一致,1350,B0H1RWC2G6,QS-124-40/41,QS-124-40/41,公司,公司,3,3,0,B0GQBS64JX,溯溪沙滩鞋,"Beach Shoes for Women Men, Aqua Socks, Swim Footwear, Lightweight Cruise Pool Resort Vacation Travel Pair",QS-124-40/41,4.99
一致,1351,B0H1RRXBMG,QS-132-38/39,QS-132-38/39,公司,公司,2,2,0,B0GQBS64JX,溯溪沙滩鞋,"River Shoes for Women Men, Aqua Socks, Water Footwear, Quick Dry Beach Pool Lake Weekend Travel Trip Pair",QS-132-38/39,4.99
一致,1352,B0H1RTS258,QS-137-42/43,QS-137-42/43,公司,公司,3,3,0,B0GQBS64JX,溯溪沙滩鞋,"Surf Shoes for Women Men, Aqua Socks, Swim Footwear, Lightweight Lake River Beach Resort Summer Travel Pair",QS-137-42/43,4.99
一致,1353,B0H1RZ9GR9,QS-139-44/45,QS-139-44/45,公司,公司,2,2,0,B0GQBS64JX,溯溪沙滩鞋,"Barefoot Water Socks for Women Men, Aqua Shoes, Pool Footwear, River Lake Beach Resort Summer Travel Pair",QS-139-44/45,4.99
一致,1354,B0H1RYLZFG,QS-127-36/37,QS-127-36/37,公司,公司,2,2,0,B0GQBS64JX,溯溪沙滩鞋,"Beach Shoes for Women Men, Aqua Socks, Lightweight Water Footwear, River Dock Fishing Summer Travel Pair",QS-127-36/37,4.99
一致,1355,B0H1S1VFFV,QS-131-36/37,QS-131-36/37,公司,公司,2,2,0,B0GQBS64JX,溯溪沙滩鞋,"Pool Shoes for Women Men, Aqua Socks, Barefoot Water Footwear, Yoga Beach Resort Spa Pool Vacation Pair",QS-131-36/37,4.99
一致,1356,B0H1RT2HNN,QS-125-38/39,QS-125-38/39,公司,公司,2,2,0,B0GQBS64JX,溯溪沙滩鞋,"Beach Shoes for Women Men, Aqua Socks, Barefoot Water Footwear, Lake River Beach House Summer Travel Pair",QS-125-38/39,4.99
一致,1357,B0H1RVR1L6,QS-137-36/37,QS-137-36/37,公司,公司,2,2,0,B0GQBS64JX,溯溪沙滩鞋,"Surf Shoes for Women Men, Aqua Socks, Swim Footwear, Lightweight Lake River Beach Resort Summer Travel Pair",QS-137-36/37,4.99
一致,1358,B0H1RTQLKP,QS-128-36/37,QS-128-36/37,公司,公司,2,2,0,B0GQBS64JX,溯溪沙滩鞋,"Pool Shoes for Women Men, Aqua Socks, Swim Footwear, Quick Dry Beach Lake Resort Cruise Summer Travel Pair",QS-128-36/37,4.99
一致,1359,B0H1RV2QC2,QS-128-42/43,QS-128-42/43,公司,公司,3,3,0,B0GQBS64JX,溯溪沙滩鞋,"Pool Shoes for Women Men, Aqua Socks, Swim Footwear, Quick Dry Beach Lake Resort Cruise Summer Travel Pair",QS-128-42/43,4.99
一致,1360,B0H1RW1W3B,QS-121-42/43,QS-121-42/43,公司,公司,3,3,0,B0GQBS64JX,溯溪沙滩鞋,"Swim Shoes for Women Men, Water Shoes, Aqua Socks, Foldable Pool Water Park Beach Resort Travel Pair",QS-121-42/43,4.99
一致,1361,B0H1RT2P22,QS-126-38/39,QS-126-38/39,公司,公司,4,4,0,B0GQBS64JX,溯溪沙滩鞋,"Beach Shoes for Women Men, Aqua Socks, Quick Dry Water Footwear, Pool Resort Cruise Beach Hotel Travel Pair",QS-126-38/39,4.99
一致,1362,B0H1SC6GGB,QS-134-44/45,QS-134-44/45,公司,公司,2,2,0,B0GQBS64JX,溯溪沙滩鞋,"Lake Shoes for Women Men, Aqua Socks, Water Footwear, Quick Dry Beach Pool Cruise Summer Vacation Travel Pair",QS-134-44/45,4.99
一致,1363,B0H1S8HQ5B,QS-131-40/41,QS-131-40/41,公司,公司,3,3,0,B0GQBS64JX,溯溪沙滩鞋,"Pool Shoes for Women Men, Aqua Socks, Barefoot Water Footwear, Yoga Beach Resort Spa Pool Vacation Pair",QS-131-40/41,4.99
一致,1364,B0H1RRXBMJ,QS-136-38/39,QS-136-38/39,公司,公司,2,2,0,B0GQBS64JX,溯溪沙滩鞋,"Surf Shoes for Women Men, Aqua Socks, Water Footwear, Quick Dry Beach Pool Resort Summer Vacation Travel Pair",QS-136-38/39,4.99
一致,1365,B0H1RZ8LRV,QS-134-42/43,QS-134-42/43,公司,公司,3,3,0,B0GQBS64JX,溯溪沙滩鞋,"Lake Shoes for Women Men, Aqua Socks, Water Footwear, Quick Dry Beach Pool Cruise Summer Vacation Travel Pair",QS-134-42/43,4.99
一致,1366,B0H1RZB97Y,QS-139-38/39,QS-139-38/39,公司,公司,2,2,0,B0GQBS64JX,溯溪沙滩鞋,"Barefoot Water Socks for Women Men, Aqua Shoes, Pool Footwear, River Lake Beach Resort Summer Travel Pair",QS-139-38/39,4.99
一致,1367,B0H1RZL6VM,QS-118-40/41,QS-118-40/41,公司,公司,3,3,0,B0GQBS64JX,溯溪沙滩鞋,"Swim Shoes for Women Men, Water Shoes, Aqua Socks, Quick Dry Beach Pool River Lake Cruise Travel Footwear",QS-118-40/41,4.99
一致,1368,B0H1RWDB8D,QS-119-42/43,QS-119-42/43,公司,公司,3,3,0,B0GQBS64JX,溯溪沙滩鞋,"Swim Shoes for Women Men, Water Shoes, Aqua Socks, Barefoot Lake Cruise Resort Pool Vacation Footwear",QS-119-42/43,4.99
一致,1369,B0H1RM4WSR,QS-122-40/41,QS-122-40/41,公司,公司,3,3,0,B0GQBS64JX,溯溪沙滩鞋,"Swim Shoes for Women Men, Water Shoes, Aqua Socks, Slip On Boat Lake Camping Shower Beach Travel Footwear Pair",QS-122-40/41,4.99
一致,1370,B0H1RW76N4,QS-124-38/39,QS-124-38/39,公司,公司,2,2,0,B0GQBS64JX,溯溪沙滩鞋,"Beach Shoes for Women Men, Aqua Socks, Swim Footwear, Lightweight Cruise Pool Resort Vacation Travel Pair",QS-124-38/39,4.99
一致,1371,B0H1SBMY4R,QS-126-40/41,QS-126-40/41,公司,公司,6,6,0,B0GQBS64JX,溯溪沙滩鞋,"Beach Shoes for Women Men, Aqua Socks, Quick Dry Water Footwear, Pool Resort Cruise Beach Hotel Travel Pair",QS-126-40/41,4.99
一致,1372,B0H1SBNTS3,QS-119-44/45,QS-119-44/45,公司,公司,2,2,0,B0GQBS64JX,溯溪沙滩鞋,"Swim Shoes for Women Men, Water Shoes, Aqua Socks, Barefoot Lake Cruise Resort Pool Vacation Footwear",QS-119-44/45,4.99
一致,1373,B0H1S3XH69,QS-102-44/45,QS-102-44/45,公司,公司,2,2,0,B0GQBS64JX,溯溪沙滩鞋,"Water Shoes for Women Men, Aqua Socks, Quick Dry Swim Shoes, Slip On Beach Pool River Lake Cruise Travel Footwear",QS-102-44/45,4.99
一致,1374,B0H1RVGLB7,QS-125-42/43,QS-125-42/43,公司,公司,3,3,0,B0GQBS64JX,溯溪沙滩鞋,"Beach Shoes for Women Men, Aqua Socks, Barefoot Water Footwear, Lake River Beach House Summer Travel Pair",QS-125-42/43,4.99
一致,1375,B0H1RWN2FY,QS-136-40/41,QS-136-40/41,公司,公司,3,3,0,B0GQBS64JX,溯溪沙滩鞋,"Surf Shoes for Women Men, Aqua Socks, Water Footwear, Quick Dry Beach Pool Resort Summer Vacation Travel Pair",QS-136-40/41,4.99
一致,1376,B0H1RRD482,QS-109-36/37,QS-109-36/37,公司,公司,2,2,0,B0GQBS64JX,溯溪沙滩鞋,"Water Shoes for Women Men, Aqua Socks, Quick Dry Swim Shoes, Lake River Dock Beach Camping Shower Footwear",QS-109-36/37,4.99
一致,1377,B0H1RRQTZN,QS-109-44/45,QS-109-44/45,公司,公司,2,2,0,B0GQBS64JX,溯溪沙滩鞋,"Water Shoes for Women Men, Aqua Socks, Quick Dry Swim Shoes, Lake River Dock Beach Camping Shower Footwear",QS-109-44/45,4.99
一致,1378,B0H1RSFKJS,QS-109-40/41,QS-109-40/41,公司,公司,3,3,0,B0GQBS64JX,溯溪沙滩鞋,"Water Shoes for Women Men, Aqua Socks, Quick Dry Swim Shoes, Lake River Dock Beach Camping Shower Footwear",QS-109-40/41,4.99
一致,1379,B0H1RL7P88,QS-109-42/43,QS-109-42/43,公司,公司,3,3,0,B0GQBS64JX,溯溪沙滩鞋,"Water Shoes for Women Men, Aqua Socks, Quick Dry Swim Shoes, Lake River Dock Beach Camping Shower Footwear",QS-109-42/43,4.99
一致,1380,B0H1RSWVCG,QS-109-38/39,QS-109-38/39,公司,公司,2,2,0,B0GQBS64JX,溯溪沙滩鞋,"Water Shoes for Women Men, Aqua Socks, Quick Dry Swim Shoes, Lake River Dock Beach Camping Shower Footwear",QS-109-38/39,4.99
一致,1381,B0H1QYVP2K,SP-chanzi-1,SP-chanzi-1,图图,图图,5,5,0,B0H1R39GHR,食物铲,"Silicone Kitchen Spatula, Food Grade Heat Resistant Non-Stick Cooking Spatula, Flexible Solid Turner for Frying, Stirring and Baking Kitchen Tool",SP-chanzi-1,3.58
一致,1382,B0H1QZKWVV,SP-niupaijia-1,SP-niupaijia-1,图图,图图,10,10,0,B0H1R6WSQR,牛排夹,"Stainless Steel Fish Spatula Tongs, 2-in-1 Non-Stick Food Clip, Steak Shovel Turner for Kitchen Cooking",SP-niupaijia-1,3.99
一致,1383,B0H1R1JTQ8,SP-geyoulou-1,SP-geyoulou-1,图图,图图,5,5,0,B0H1QNXJSZ,隔油勺,"Stainless Steel Oil Separator Spoon, Fat Gravy Skimmer Ladle, Kitchen Soup Oil Filter Spoon for Cooking",SP-geyoulou-1,6.25
一致,1384,B0H1Q3J8CC,SP-yinhuamuju-01,SP-yinhuamuju-01,图图,图图,5,5,0,B0H1QFVJNQ,,"12Pcs Stainless Steel Cookie & Vegetable Cutter Set, Perfect for Fruit, Cake Decorating, Salad Prep, Baking & Dry Sprinkling",,4.58
一致,1385,B0H1QNWQ3Q,KCC-GLW-200MU,KCC-GLW-200MU,凯旋,凯旋,5,5,0,B0H1Q167BL,过滤网,"Fine Nylon Mesh Strainer Spoon, High Density PP Frame Food Filter Sieve For Soy Milk Juice Honey",KCC-GLW-200MU,2.99
一致,1386,B0H1CS5WH7,SP-jidan-4,SP-jidan-4,图图,图图,10,10,0,B0H1CMQFP9,鸡蛋模具,"4 Pack Stainless Steel Egg Rings, Non Stick Egg Mold Shaper, Round Square Oval Rectangular Cooking Rings for Fried Egg Pancake Breakfast Sandwich",SP-jidan-4,3.79
一致,1387,B0H1H7HZWZ,SP-shuazi-1,SP-shuazi-1,图图,图图,6,6,0,B0H1HF5C67,海绵刷子,"Magic Cleaning Sponge, PU Foam Scrub Sponge, Lightweight Non-Scratch Eraser for Ceramic Tile Glass Wall Toilet Kitchen Bathroom Home Cleaning",SP-shuazi-1,3.95
一致,1388,B0H1HG48V4,SP-FPtaozu-12zi,SP-FPtaozu-12zi,图图,图图,5,5,0,B0H1HCTD7L,粉扑紫色,"14Pcs Makeup Sponge Puff Set, Beauty Blenders & Mini Puffs, Soft Cotton Foundation Blending Sponges for Powder Cream Liquid Makeup",SP-FPtaozu-12zi,3.89
一致,1389,B0H1FQ4P14,KCC-XZQXD-BAI,KCC-XZQXD-BAI,凯旋,凯旋,5,5,0,B0H1G214D3,鞋子清洗袋,"Shoe Laundry Wash Bag, Mesh Fabric Zippered Protector For Sneakers Footwear Washing Machine Cleaning",KCC-XZQXD-BAI,3.99
一致,1390,B0H1FNLCPN,SP-cunchu-1,SP-cunchu-1,图图,图图,5,5,0,B0H1FDR6V3,调料架,"Wall Mounted Storage Rack, No Drilling Adhesive Floating Shelf, Moderate Size Bathroom Kitchen Organizer for Cosmetics Toiletries Sundries",SP-cunchu-1,8.99
一致,1391,B0H1D4CDZC,QS-079-38/39,QS-079-38/39,公司,公司,5,5,0,B0GQBP3SH9,,Slip On Beach Shoes Quick Dry Water Shoes for Travel Vacation Outdoor,,3.99
一致,1392,B0H1D3K9M7,QS-028-36/37,QS-028-36/37,公司,公司,2,2,0,B0GQBS64JX,,"Creek Water Shoes for Men Women, Anti Slip Sole, Quick Dry, for River Walking",,4.99
一致,1393,B0H1D2LD2Y,QS-036-44/45,QS-036-44/45,公司,公司,2,2,0,B0GQBS64JX,,Summer Water Shoes for Women Men Comfort Quick Dry Beach Walking Shoes,,4.99
一致,1394,B0H1CZ8S9N,QS-072-36/37,QS-072-36/37,公司,公司,5,5,0,B0GQBP3SH9,,"Water Shoes for Men Women, Anti Skid Rubber Sole, Slip On, for Rafting Kayak",,3.99
一致,1395,B0H1D71MBQ,QS-033-36/37,QS-033-36/37,公司,公司,5,5,0,B0GQBS64JX,,"Water Shoes Unisex, Anti Skid Pattern Sole, Soft Stretch Upper, for Wet Rocks",,4.99
一致,1396,B0H1DFYT7B,QS-033-38/39,QS-033-38/39,公司,公司,7,7,0,B0GQBS64JX,,"Water Shoes Unisex, Anti Skid Pattern Sole, Soft Stretch Upper, for Wet Rocks",,4.99
一致,1397,B0H1CZRRG7,QS-033-44/45,QS-033-44/45,公司,公司,5,5,0,B0GQBS64JX,,"Water Shoes Unisex, Anti Skid Pattern Sole, Soft Stretch Upper, for Wet Rocks",,4.99
一致,1398,B0H1DFT55H,QS-010-44/45,QS-010-44/45,公司,公司,2,2,0,B0GQBS64JX,,"Diving Water Shoes for Men Women, Non Skid Rubber Sole, Quick Dry Swim Shoes",,4.99
一致,1399,B0H1DDF3DQ,QS-010-36/37,QS-010-36/37,公司,公司,2,2,0,B0GQBS64JX,,"Diving Water Shoes for Men Women, Non Skid Rubber Sole, Quick Dry Swim Shoes",,4.99
一致,1400,B0H1D2L5S2,QS-056-38/39,QS-056-38/39,公司,公司,5,5,0,B0GQBP3SH9,,"Pool Beach Water Shoes Unisex, Non Slip Rubber Sole, Printed Quick Dry Shoes",,3.99
一致,1401,B0H1D5TCQY,QS-070-38/39,QS-070-38/39,公司,公司,3,3,0,B0GQBP3SH9,,"Packable Beach Water Shoes for Men Women, Non Slip Sole, Travel Swim Shoes",,3.99
一致,1402,B0H1CZCVDW,QS-056-36/37,QS-056-36/37,公司,公司,3,3,0,B0GQBP3SH9,,"Pool Beach Water Shoes Unisex, Non Slip Rubber Sole, Printed Quick Dry Shoes",,3.99
一致,1403,B0H1D95VF8,QS-070-36/37,QS-070-36/37,公司,公司,3,3,0,B0GQBP3SH9,,"Packable Beach Water Shoes for Men Women, Non Slip Sole, Travel Swim Shoes",,3.99
一致,1404,B0H1CWS9BY,KCC-XXD-HUANG,KCC-XXD-HUANG,凯旋,凯旋,5,5,0,B0H1CTKL88,洗鞋袋,"Shoe Laundry Wash Bag, Reusable Zippered Fabric Protector For Sneakers Footwear In Washing Machine",KCC-XXD-HUANG,4.99
一致,1405,B0H156KRGG,QS-044-36/37,QS-044-36/37,公司,公司,2,2,0,B0GQH38Y4J,,Lightweight Foldable Water Shoes Comfort Beach Shoes for Pool Travel,,4.99
一致,1406,B0H1561F22,QS-082-36/37,QS-082-36/37,公司,公司,2,2,0,B0GQBP3SH9,,"Unisex Aqua Shoes, Non Skid Rubber Sole, Stretch Fit, for Ocean Reef Walk",,4.99
一致,1407,B0H156PKSD,QS-050-36/37,QS-050-36/37,公司,公司,2,2,0,B0GQBS64JX,,"Beach Aqua Shoes Unisex, Non Slip Rubber Sole, Comfortable Insole, for Ocean",,4.99
FBA可售不一致,1408,B0GZNZJ34V,QS-002-36/37,QS-002-36/37 / QS-001-36/37,公司,公司,3,5,0,B0GQBS64JX,,Water Shoes for Women Men Quick Dry Barefoot Beach Swim Pool Walking Shoes,,4.99
一致,1409,B0H14KHVXK,KC-B22-M,KC-B22-M,图图,图图,5,5,0,B0HD6F5MYH,比基尼,String Triangle Bikini Top for Women Sexy Self Tie Back Bathing Suit Swim Top Black,KC-B22-M,6.64
FBA可售不一致,1410,B0H147G4HD,KCC-caihong-1,KCC-caihong-1,凯旋,凯旋,1,5,0,B0GYXXHWBS,宠物玩具,"Dog Rope Toy, Multi Style Interactive Tug Chew Toys for Small Dogs, Teething Rope Toy Pack for Pet Daily Play",KCC-caihong-1,3.99
FBA可售不一致,1411,B0H14FXJZN,KCC-caihong-2,KCC-caihong-2,凯旋,凯旋,1,5,0,B0H14FXJZN,宠物玩具,"2 Pack Dog Rope Toy, Multi Style Interactive Tug Chew Toys for Small Dogs, Teething Rope Toy Pack for Pet Daily Play",KCC-caihong-2,3.99
一致,1412,B0H118DFFJ,KC-B20-M,KC-B20-M,图图,图图,4,4,0,B0HD6F5MYH,比基尼,String Bikini Tops for Women Sexy Triangle Bathing Suit Tops Adjustable Tie Back Swim Tops,KC-B20-M,6.64
一致,1413,B0GZYWDLB9,YQ-QWER-2026421-SJQ,YQ-QWER-2026421-SJQ,凯旋,凯旋,5,5,0,B0GZYWDLB9,水晶球,"Glass Crystal Ball for Women-3D Inner Carved Glass Ball Decor with Stand, Sculpture Decor for Desk Shelf Mantel Office Bedroom (Dolphin)",YQ-QWER-2026421-SJQ,5.5
一致,1414,B0GZYRC64S,YQ-QWER-2026422-SJQ,YQ-QWER-2026422-SJQ,凯旋,凯旋,5,5,0,B0GZYRC64S,水晶球,"Glass Crystal Ball for Women-3D Inner Carved Glass Ball Decor with Stand, Sculpture Decor for Desk Shelf Mantel Office Bedroom (Panda)",YQ-QWER-2026422-SJQ,5.5
一致,1415,B0GZYR7Q2W,YQ-QWER-2026420-MGZJJ-2,YQ-QWER-2026420-MGZJJ-2,凯旋,凯旋,5,5,0,B0GZYT7X7W,指甲钳套装,"Nail Clipper for Women 7Pcs- Manicure Pedicure Kit with Travel Case, Fingernail Toenail Clippers, Cuticle Trimmer for Home Travel (Green)",YQ-QWER-2026420-MGZJJ-2,2.99
一致,1416,B0GZYQXWJ3,YQ-QWER-2026427-SJQ,YQ-QWER-2026427-SJQ,凯旋,凯旋,5,5,0,B0GZYQXWJ3,水晶球,"Glass Crystal Ball for Women-3D Inner Carved Glass Ball Decor with Stand, Sculpture Decor for Desk Shelf Mantel Office Bedroom (Tree)",YQ-QWER-2026427-SJQ,5.5
一致,1417,B0GZYSZZ1G,YQ-QWER-2026419-SJQ,YQ-QWER-2026419-SJQ,凯旋,凯旋,5,5,0,B0GZZ4BH93,水晶球,"Glass Crystal Ball for Women-3D Inner Carved Glass Ball Decor with Stand, Sculpture Decor for Desk Shelf Mantel Office Bedroom (Elk)",YQ-QWER-2026419-SJQ,5.5
一致,1418,B0GZZ7C6KM,YQ-QWER-2026428-SJQ,YQ-QWER-2026428-SJQ,凯旋,凯旋,5,5,0,B0GZZ7C6KM,水晶球,"Glass Crystal Ball for Women-3D Inner Carved Glass Ball Decor with Stand, Sculpture Decor for Desk Shelf Mantel Office Bedroom (Moon)",YQ-QWER-2026428-SJQ,5.5
一致,1419,B0GZYNQX98,SP-huanbao-bai,SP-huanbao-bai,图图,图图,5,5,0,B0GZYMCQXS,折叠环保包白色,"Reusable Cotton Mesh Grocery Bag, Expandable Net Tote Bag for Fruits, Vegetables, Produce, Beach and Shopping",SP-huanbao-bai,2.99
一致,1420,B0GZVNFDQB,SP-bingxiang01-hua,SP-bingxiang01-hua,图图,图图,4,4,0,B0GZVPL8WD,冰箱贴花1,"4 PCS 3D Embossed Flower Ceramic Fridge Magnets, Floral Decorative Magnets Set for Kitchen Refrigerator Home Office Whiteboard Metal Wall Decor Gift",SP-bingxiang01-hua,4.76
一致,1421,B0GZP59R2N,QS-526-B17-26-27,QS-526-B17-26-27,公司,公司,3,3,0,B0GYX16S5J,,"Kids Water Shoes, Cute Whale & Seahorse Print Quick-Dry Aqua Socks for Toddler Boys Girls, Non-Slip Swim Shoes for Beach, Pool, Water Park, River Trekking, and Indoor Activities",,4.99
FBA可售不一致,1422,B0GZP66WVT,QS-524-B23-26-27,QS-524-B23-26-27,公司,公司,3,0,0,B0GYX16S5J,,"Kids Water Shoes, Cute Ocean Cartoon Print Quick-Dry Aqua Socks for Toddler Boys Girls, Non-Slip Swim Shoes for Beach, Pool, Water Park, River Trekking, and Indoor Activities",,4.99
FBA可售不一致,1423,B0GZP6YWSJ,QS-524-B23-28-29,QS-524-B23-28-29,公司,公司,3,0,0,B0GYX16S5J,,"Kids Water Shoes, Cute Ocean Cartoon Print Quick-Dry Aqua Socks for Toddler Boys Girls, Non-Slip Swim Shoes for Beach, Pool, Water Park, River Trekking, and Indoor Activities",,4.99
一致,1424,B0GZPBRQ8N,QS-526-B17-28-29,QS-526-B17-28-29,公司,公司,3,3,0,B0GYX16S5J,,"Kids Water Shoes, Cute Whale & Seahorse Print Quick-Dry Aqua Socks for Toddler Boys Girls, Non-Slip Swim Shoes for Beach, Pool, Water Park, River Trekking, and Indoor Activities",,4.99
一致,1425,B0GZP7YG7Q,QS-527-A110-28-29,QS-527-A110-28-29,公司,公司,3,3,0,B0GYX16S5J,,"Kids Water Shoes, Cute Starfish Print Quick-Dry Aqua Socks for Toddler Boys Girls, Non-Slip Swim Shoes for Beach, Pool, Water Park, River Trekking, and Indoor Activities",,4.99
一致,1426,B0GZP8DQ5J,QS-046-38/39,QS-046-38/39,公司,公司,5,5,0,B0GQBS64JX,,"Beach Water Shoes Unisex, Anti Slip Pattern Sole, Quick Dry Swim Shoes for Ocean",,4.99
一致,1427,B0GZPNKN1Y,QS-529-A96-26-27,QS-529-A96-26-27,公司,公司,3,3,0,B0GYX16S5J,,"Kids Water Shoes, Cute Shark Print Quick-Dry Aqua Socks for Toddler Boys Girls, Non-Slip Swim Shoes for Beach, Pool, Water Park, River Trekking, and Indoor Activities",,4.99
FBA可售不一致,1428,B0GZNZJ34V,QS-001-36/37,QS-002-36/37 / QS-001-36/37,公司,公司,2,5,0,B0GQBS64JX,,Water Shoes for Women Men Quick Dry Barefoot Beach Swim Pool Walking Shoes,,4.99
一致,1429,B0GZP1B14W,QS-528-A95-26-27,QS-528-A95-26-27,公司,公司,3,3,0,B0GYX16S5J,,"Kids Water Shoes, Cute Dolphin Print Quick-Dry Aqua Socks for Toddler Boys Girls, Non-Slip Swim Shoes for Beach, Pool, Water Park, River Trekking, and Indoor Activities",,4.99
一致,1430,B0GZP4BBJ5,QS-061-36/37,QS-061-36/37,公司,公司,2,2,0,B0GQBP3SH9,,"Ocean Swim Water Shoes Unisex, Anti Slip Rubber Sole, Stretch Fit Beach Shoes",,3.99
一致,1431,B0GZP66WNH,QS-081-36/37,QS-081-36/37,公司,公司,2,2,0,B0GQBP3SH9,,"Water Shoes Unisex, Anti Slip Sole, Printed Design, for Beach Swimming Rafting",,3.99
FBA可售不一致,1432,B0GZNZDN1N,QS-506-D19-28/29,QS-506-D19-28/29,公司,公司,3,0,0,B0GYWSYXZ5,新款大童溯溪鞋,"Big Kids Water Shoes, Whale & Sailboat Print Non Slip Aqua Socks for Big Kids Beach Swim Pool",QS-506-D19-28/29,4.99
FBA可售不一致,1433,B0GZNTCX6T,QS-506-D19-26/27,QS-506-D19-26/27,公司,公司,3,0,0,B0GYWSYXZ5,新款大童溯溪鞋,"Big Kids Water Shoes, Whale & Sailboat Print Non Slip Aqua Socks for Big Kids Beach Swim Pool",QS-506-D19-26/27,4.99
FBA可售不一致,1434,B0GZN2SCLH,QS-506-D19-34/35,QS-506-D19-34/35,公司,公司,3,0,0,B0GYWSYXZ5,新款大童溯溪鞋,"Big Kids Water Shoes, Whale & Sailboat Print Non Slip Aqua Socks for Big Kids Beach Swim Pool",QS-506-D19-34/35,4.99
一致,1435,B0GZ1VF7TW,ZD003-Yellow-10/11,ZD003-Yellow-10/11,公司,公司,3,3,0,B0GL9J1BLX,人字拖,"Foldable EVA Flip Flops for Women Men, Wide Strap Non-Slip Travel Sandals, Lightweight Quick-Drying Beach Slippers for Vacation, Pool & Shower",ZD003-Yellow-10/11,3.99
FBA可售不一致,1436,B0GYYSK2M4,QS-524-B23-34-35,QS-524-B23-34-35,公司,公司,3,0,0,B0GYX16S5J,潜水溯溪鞋,"Kids Water Shoes, Cute Ocean Cartoon Print Quick-Dry Aqua Socks for Toddler Boys Girls, Non-Slip Swim Shoes for Beach, Pool, Water Park, River Trekking, and Indoor Activities",QS-524-B23-34-35,4.99
FBA可售不一致,1437,B0GYZFL74L,SP-TU-XXDZ-01,SP-TU-XXDZ-01,图图,图图,1,5,0,B0GYXBVR59,星星吊坠,"Dog Star Pendant Rope Toy, 28CM Cotton Teething Toy for Small Dogs, Interactive Tug & Fetch Toy",SP-TU-XXDZ-01,4.44
FBA可售不一致,1438,B0GYX2TPFM,QS-524-B23-32-33,QS-524-B23-32-33,公司,公司,3,0,0,B0GYX16S5J,潜水溯溪鞋,"Kids Water Shoes, Cute Ocean Cartoon Print Quick-Dry Aqua Socks for Toddler Boys Girls, Non-Slip Swim Shoes for Beach, Pool, Water Park, River Trekking, and Indoor Activities",QS-524-B23-32-33,4.99
一致,1439,B0GYWX516C,QS-527-A110-30-31,QS-527-A110-30-31,公司,公司,3,3,0,B0GYX16S5J,潜水溯溪鞋,"Kids Water Shoes, Cute Starfish Print Quick-Dry Aqua Socks for Toddler Boys Girls, Non-Slip Swim Shoes for Beach, Pool, Water Park, River Trekking, and Indoor Activities",QS-527-A110-30-31,4.99
FBA可售不一致,1440,B0GYX2HZ32,QS-524-B23-30-31,QS-524-B23-30-31,公司,公司,3,0,0,B0GYX16S5J,潜水溯溪鞋,"Kids Water Shoes, Cute Ocean Cartoon Print Quick-Dry Aqua Socks for Toddler Boys Girls, Non-Slip Swim Shoes for Beach, Pool, Water Park, River Trekking, and Indoor Activities",QS-524-B23-30-31,4.99
一致,1441,B0GYWXVB7X,QS-526-B17-30-31,QS-526-B17-30-31,公司,公司,3,3,0,B0GYX16S5J,潜水溯溪鞋,"Kids Water Shoes, Cute Whale & Seahorse Print Quick-Dry Aqua Socks for Toddler Boys Girls, Non-Slip Swim Shoes for Beach, Pool, Water Park, River Trekking, and Indoor Activities",QS-526-B17-30-31,4.99
FBA可售不一致,1442,B0GYX36NND,QS-506-D19-30/31,QS-506-D19-30/31,公司,公司,3,0,0,B0GYWSYXZ5,新款大童溯溪鞋,"Big Kids Water Shoes, Whale & Sailboat Print Non Slip Aqua Socks for Big Kids Beach Swim Pool",QS-506-D19-30/31,4.99
FBA可售不一致,1443,B0GYWPSZYZ,QS-506-D19-32/33,QS-506-D19-32/33,公司,公司,3,0,0,B0GYWSYXZ5,新款大童溯溪鞋,"Big Kids Water Shoes, Whale & Sailboat Print Non Slip Aqua Socks for Big Kids Beach Swim Pool",QS-506-D19-32/33,4.99
一致,1444,B0GYRKJGKW,QS-019-44/45,QS-019-44/45,公司,公司,2,2,0,B0GQBYRX2R,潜水溯溪鞋,Lightweight Foldable Water Shoes Comfort Beach Shoes for Pool Travel Multicolor,QS-019-44/45,4.36
一致,1445,B0GYRMSSB4,QS-101-44/45,QS-101-44/45,公司,公司,2,2,0,B0GQBS64JX,潜水溯溪鞋,"Beach Water Shoes Unisex, Anti Slip Pattern Sole, Quick Dry Swim Shoes for Ocean",QS-101-44/45,4.99
一致,1446,B0GYRJCCK8,QS-061-38/39,QS-061-38/39,公司,公司,2,2,0,B0GQBP3SH9,潜水溯溪鞋,"Ocean Swim Water Shoes Unisex, Anti Slip Rubber Sole, Stretch Fit Beach Shoes",QS-061-38/39,3.99
一致,1447,B0GYRNQ69R,QS-001-44/45,QS-001-44/45,公司,公司,3,3,0,B0GQBS64JX,潜水溯溪鞋,Water Shoes for Women Men Quick Dry Barefoot Beach Swim Pool Walking Shoes,QS-001-44/45,4.99
一致,1448,B0GYRGGPCS,QS-101-38/39,QS-101-38/39,公司,公司,5,5,0,B0GQBS64JX,潜水溯溪鞋,"Beach Water Shoes Unisex, Anti Slip Pattern Sole, Quick Dry Swim Shoes for Ocean",QS-101-38/39,4.99
一致,1449,B0GYRKPY8V,QS-048-44/45,QS-048-44/45,公司,公司,2,2,0,B0GQBS64JX,潜水溯溪鞋,"Diving Swim Water Shoes for Men Women, Non Skid Sole, Stretch Fit Slip On",QS-048-44/45,4.99
一致,1450,B0GYRFBGGD,QS-059-38/39,QS-059-38/39,公司,公司,5,5,0,B0GQBP3SH9,潜水溯溪鞋,"Water Shoes Men Women, Non Slip Sole, Cushion Insole, for Beach Snorkeling",QS-059-38/39,3.99
FBA可售不一致,1451,B0GY8SRWSQ,KCC-XGYF-XL,KCC-XGYF-XL,凯旋,凯旋,1,5,0,B0GY8X1TF6,小狗衣服,"Breathable Mesh Summer Dog Vest, Cute Printed Lightweight Tank Top As Daily Casual Apparel for Small Puppy and Small Breed Dogs",KCC-XGYF-XL,2.99
一致,1452,B0GXZ5SGJV,SP-qingjieh1-01,SP-qingjieh1-01,图图,图图,4,4,0,B0GXZ56JYY,清洁果蔬,"4 Pcs Bendable Vegetable Brush, Multi‑Segment Flexible Fruit and Vegetable Cleaning Brush for Potato Carrot Ginger Kitchen Cleaning (Orange, White)",SP-qingjieh1-01,5.99
一致,1453,B0GXYZZVLG,SP-qingjies1-01,SP-qingjies1-01,图图,图图,3,3,0,B0GXZC7VLM,清洁果蔬,"4 Pcs Double-Sided Cleaning Brush, Dual-Use Brush for Fruit & Vegetable Washing and Dish Pot Pan Kitchen Cleaning",SP-qingjies1-01,2.99
一致,1454,B0GY2PWPPM,SP-XIE6-Q42/43,SP-XIE6-Q42/43,公司,公司,5,5,0,B0GY2PWPPM,溯溪沙滩鞋,"Aqua Socks Water Shoes for Men Women, Anti-Slip Quick Dry Swim Shoes for Pool",SP-XIE6-Q42/43,3.99
一致,1455,B0GXYW57PM,SP-shibian5l-01,SP-shibian5l-01,图图,图图,3,3,0,B0GXZ1PSZR,宠物拾便袋,"5 Pcs Dog Poop Bags with Dispenser, Portable Leak-Proof Pet Waste Bags for Outdoor Dog Walking",SP-shibian5l-01,4.99
一致,1456,B0GXY22SVS,SP-fengpu03-01,SP-fengpu03-01,图图,图图,1,1,0,B0GXXPC5T3,,"4Pcs Multi-Color & Multi-Shape Velour Makeup Puff Set, Soft Powder Puffs for Foundation, Loose Powder & Concealer Application",,15
一致,1457,B0GXXVBJMJ,SP-fengpu01-01,SP-fengpu01-01,图图,图图,1,1,0,B0GXXLSSND,,"4Pcs Makeup Puff Set, Multi-Shape & Multi-Color, Soft Cosmetic Puffs for Foundation & Loose Powder",,15
工具未内置该 ASIN,1458,B0GXVNL9MH,KCC-FPFH-1,,凯旋,,10,,,B0GXVNL9MH,,"2 Pack Triangle Powder Puff, Mini Finger Makeup Puff for Loose Setting, Pressed Powder, Foundation Touch Ups in Travel Bags",,1.46
一致,1459,B0GXTQLJ12,QS-049-38/39,QS-049-38/39,公司,公司,3,3,0,B0GQBS64JX,溯溪沙滩鞋,"Diving Swim Water Shoes for Men Women, Non Skid Sole, Stretch Fit Slip On",QS-049-38/39,4.99
一致,1460,B0GXHW1BLY,QS-021-44/45,QS-021-44/45,公司,公司,8,8,0,B0GQBS64JX,溯溪沙滩鞋,"Unisex Reef Shoes, Non Slip Rubber Sole, Protective Water Shoes for Beach Ocean",QS-021-44/45,4.99
一致,1461,B0GXHPGN3H,QS-013-36/37,QS-013-36/37,公司,公司,2,2,0,B0GQBS64JX,溯溪沙滩鞋,"Rafting Water Shoes Unisex, Non Slip Rubber Sole, Stretch Fit Slip On Aqua Shoes",QS-013-36/37,4.99
一致,1462,B0GXHSCXHN,QS-042-36/37,QS-042-36/37,公司,公司,5,5,0,B0GQBS64JX,溯溪沙滩鞋,"Unisex Swim Shoes, Non Skid Rubber Sole, Packable Quick Dry Beach Shoes",QS-042-36/37,4.99
一致,1463,B0GXHMFT5X,QS-062-36/37,QS-062-36/37,公司,公司,3,3,0,B0GQBS64JX,溯溪沙滩鞋,"Non Slip Aqua Shoes Men Women, Rubber Sole, Quick Dry Slip On for Swimming",QS-062-36/37,4.99
一致,1464,B0GXHT2ZFY,QS-045-36/37,QS-045-36/37,公司,公司,2,2,0,B0GQBS64JX,溯溪沙滩鞋,"Water Shoes Unisex, Anti Skid Sole, Thick Cushion Insole, for Kayak Rafting",QS-045-36/37,4.99
一致,1465,B0GXHCTWJW,QS-093-36/37,QS-093-36/37,公司,公司,3,3,0,B0GQBS64JX,溯溪沙滩鞋,"Diving Snorkel Shoes Men Women, Non Slip Rubber Sole, Quick Dry Water Shoes",QS-093-36/37,4.99
一致,1466,B0GXCY51L9,SP-NZ-Y01,SP-NZ-Y01,图图,图图,10,10,0,B0GXD26CK5,镊子,"Anti-Static Tweezers, 4 Styles: Straight, Curved, Round & Fine Point, Precision Stainless Steel for Electronics & Crafts",SP-NZ-Y01,2.99
一致,1467,B0GX5ZLMLK,KCC-NK1-M,KCC-NK1-M,凯旋,凯旋,1,1,0,B0GX5YLD4W,男士内裤,"4 Pack Men's Underwear, Soft Breathable Boxer Briefs, Stretch Comfortable Moisture Wicking Underwear for Men Daily Wear Multicolor",KCC-NK-M,11.5
一致,1468,B0GX17V84S,QS-0961-36/37,QS-0961-36/37,公司,公司,3,3,0,B0GVYWN441,溯溪沙滩鞋,"Water Shoes for Women Men, Aqua Socks, Swim Footwear, Pool Gym Shower Beach Resort Summer Travel Pair",QS-0961-36/37,4.99
一致,1469,B0GX1DQD78,QS-0961-38/39,QS-0961-38/39,公司,公司,4,4,0,B0GVYWN441,溯溪沙滩鞋,"Water Shoes for Women Men, Aqua Socks, Swim Footwear, Pool Gym Shower Beach Resort Summer Travel Pair",QS-0961-38/39,4.99
一致,1470,B0GWLQHQ9F,SP-SJ2,SP-SJ2,图图,图图,1,1,0,B0GWPRJBLQ,丝巾,"27.56 Inch Silk Feeling Scarf for Women, Square Satin Head Scarf, Fashion Hair Wrap Bandana for All Occasions",SP-SJ2,5.79
一致,1471,B0GWLVBVC7,SP-SJ11,SP-SJ11,图图,图图,1,1,0,B0GWPRJBLQ,丝巾,"27.56 Inch Silk Feeling Scarf for Women, Square Satin Head Scarf, Fashion Hair Wrap Bandana for All Occasions",SP-SJ11,5.79
一致,1472,B0GWLXJYFY,SP-SJ-L75,SP-SJ-L75,图图,图图,1,1,0,B0GWPRJBLQ,丝巾,"Bright Color Satin Square Scarf for Women, Silk Feeling Head Scarf Hair Wrap Bandana, Fashion Neck Scarf for Daily Dressing",SP-SJ-L75,5.79
一致,1473,B0GWM36TTM,SP-FSD-zi,SP-FSD-zi,图图,图图,2,2,0,B0GWLZDX4Q,防水袋,"1 Pack Waterproof Phone Pouch, IPX8 Underwater Dry Bag Case for Phones Up to 7.5"", Compatible with iPhone Samsung Multiple Colors Purple",SP-FSD-zi,4.48
一致,1474,B0GWHRTXX5,QS-0971-44/45,QS-0971-44/45,公司,公司,4,4,0,B0GVYWN441,溯溪沙滩鞋,"Water Footwear for Women Men, Aqua Socks, Foldable Swim Shoes, Resort Beach Boat Dock Travel Pair",QS-0971-44/45,4.99
一致,1475,B0GWJ27WRZ,QS-0921-44/45,QS-0921-44/45,公司,公司,2,2,0,B0GVYWN441,溯溪沙滩鞋,"Aqua Shoes for Women Men, Water Socks, Quick Dry Pool Shoes, Beach Lake River Summer Travel Pair",QS-0921-44/45,4.99
一致,1476,B0GWHLPP6Y,QS-0991-44/45,QS-0991-44/45,公司,公司,2,2,0,B0GVYWN441,溯溪沙滩鞋,"Pool Footwear for Women Men, Aqua Socks, Lightweight Swim Shoes, Spa Resort Beach Cruise Summer Pair",QS-0991-44/45,4.99
一致,1477,B0GWHWLL73,QS-0921-36/37,QS-0921-36/37,公司,公司,2,2,0,B0GVYWN441,溯溪沙滩鞋,"Aqua Shoes for Women Men, Water Socks, Quick Dry Pool Shoes, Beach Lake River Summer Travel Pair",QS-0921-36/37,4.99
一致,1478,B0GWHJCDFR,QS-0971-36/37,QS-0971-36/37,公司,公司,3,3,0,B0GVYWN441,溯溪沙滩鞋,"Water Footwear for Women Men, Aqua Socks, Foldable Swim Shoes, Resort Beach Boat Dock Travel Pair",QS-0971-36/37,4.99
一致,1479,B0GWHQ5G4T,QS-097-36/37,QS-097-36/37,公司,公司,7,7,0,B0GQBS64JX,溯溪沙滩鞋,Flexible Water Shoes Barefoot Slippers for Beach Pool Surfing Sports,QS-097-36/37,4.99
一致,1480,B0GWHVZCFH,QS-034-36/37,QS-034-36/37,公司,公司,5,5,0,B0GQBS64JX,溯溪沙滩鞋,"Swim Water Shoes for Men Women, Non Slip Sole, Comfortable Fit, for Beach Pool",QS-034-36/37,4.99
FBA可售不一致,1481,B0GWHQ5836,QS-0381-36/37,QS-0381-36/37,公司,公司,1,0,0,B0GVYWN441,溯溪沙滩鞋,"Swim Footwear for Women Men, Aqua Socks, Barefoot Water Shoes, Beach Yoga Pool Resort Summer Travel Pair",QS-0381-36/37,4.99
一致,1482,B0GWHWJ6TK,QS-0941-36/37,QS-0941-36/37,公司,公司,4,4,0,B0GVYWN441,溯溪沙滩鞋,"Beach Footwear for Women Men, Aqua Socks, Slip On Water Shoes, Pool Lake Cruise Summer Vacation Pair",QS-0941-36/37,4.99
FBA可售不一致,1483,B0GWGV8TTG,SP-MZmi-lan,SP-MZmi-lan,图图,图图,1,2,0,B0GWGXYHXP,面罩,"3 Pack Camouflage Windproof Face Covering, Thermal Neck Gaiter Winter Warm Mask for Hunting Skiing Cycling",SP-MZmi-lan,5.99
一致,1484,B0GVYWJDQP,QS-0941-40/41,QS-0941-40/41,公司,公司,4,4,0,B0GVYWN441,溯溪沙滩鞋,"Beach Footwear for Women Men, Aqua Socks, Slip On Water Shoes, Pool Lake Cruise Summer Vacation Pair",QS-0941-40/41,4.99
一致,1485,B0GVZ4FSTK,QS-0921-40/41,QS-0921-40/41,公司,公司,2,2,0,B0GVYWN441,溯溪沙滩鞋,"Aqua Shoes for Women Men, Water Socks, Quick Dry Pool Shoes, Beach Lake River Summer Travel Pair",QS-0921-40/41,4.99
一致,1486,B0GVZ1LGTQ,QS-0921-38/39,QS-0921-38/39,公司,公司,2,2,0,B0GVYWN441,溯溪沙滩鞋,"Aqua Shoes for Women Men, Water Socks, Quick Dry Pool Shoes, Beach Lake River Summer Travel Pair",QS-0921-38/39,4.99
一致,1487,B0GVYYZSJZ,QS-0971-40/41,QS-0971-40/41,公司,公司,2,2,0,B0GVYWN441,溯溪沙滩鞋,"Water Footwear for Women Men, Aqua Socks, Foldable Swim Shoes, Resort Beach Boat Dock Travel Pair",QS-0971-40/41,4.99
一致,1488,B0GVYR2FZV,QS-0921-42/43,QS-0921-42/43,公司,公司,2,2,0,B0GVYWN441,溯溪沙滩鞋,"Aqua Shoes for Women Men, Water Socks, Quick Dry Pool Shoes, Beach Lake River Summer Travel Pair",QS-0921-42/43,4.99
一致,1489,B0GVYWRSBV,QS-0991-38/39,QS-0991-38/39,公司,公司,2,2,0,B0GVYWN441,溯溪沙滩鞋,"Pool Footwear for Women Men, Aqua Socks, Lightweight Swim Shoes, Spa Resort Beach Cruise Summer Pair",QS-0991-38/39,4.99
一致,1490,B0GVYZRY2K,QS-0971-42/43,QS-0971-42/43,公司,公司,2,2,0,B0GVYWN441,溯溪沙滩鞋,"Water Footwear for Women Men, Aqua Socks, Foldable Swim Shoes, Resort Beach Boat Dock Travel Pair",QS-0971-42/43,4.99
一致,1491,B0GVYZRY2H,QS-0991-42/43,QS-0991-42/43,公司,公司,2,2,0,B0GVYWN441,溯溪沙滩鞋,"Pool Footwear for Women Men, Aqua Socks, Lightweight Swim Shoes, Spa Resort Beach Cruise Summer Pair",QS-0991-42/43,4.99
一致,1492,B0GVYR543X,QS-038-38/39,QS-038-38/39,公司,公司,3,3,0,B0GQBS64JX,溯溪沙滩鞋,"Slip On Aqua Water Shoes Men Women, Non Slip Sole, Printed Beach Swim Shoes",QS-038-38/39,4.99
一致,1493,B0GVXCPVKW,ZD002-White-10/11,ZD002-White-10/11,公司,公司,3,3,0,B0GVXCPVKW,拖鞋,"Foldable EVA Travel Slippers for Women Men, Lightweight Quick Drying Non Slip Shower Sandals, Portable Flip Flops for Bathroom, Hotel, Beach, Pool & Cruise",ZD002-White-10/11,4.3
一致,1494,B0GVXCH61Z,ZD002-Pink-6/7,ZD002-Pink-6/7,公司,公司,1,1,0,B0GVXCH61Z,拖鞋,"Foldable EVA Travel Slippers for Women Men, Lightweight Quick Drying Non Slip Shower Sandals, Portable Flip Flops for Bathroom, Hotel, Beach, Pool & Cruise",ZD002-Pink-6/7,3.99
一致,1495,B0GVWCBBNK,ZD001-Blue-10/11,ZD001-Blue-10/11,公司,公司,1,1,0,B0GL92S6S4,人字拖,"Foldable Flip Flops for Travel, Lightweight Portable Silicone Slippers, Compact Non-Slip Sandals for Home/Hotel/Beach, Comfortable Flexible Footwear for Women & Men",ZD001-Blue-10/11,4.3
一致,1496,B0GVQMV86B,KCC-QXST-S,KCC-QXST-S,凯旋,凯旋,1,1,0,B0GVRHHRJZ,骑行手套,"Cycling Gloves for Men Women, Breathable Non-Slip Bike Gloves, Shock Absorbing Padded Bicycle Gloves for Road Bike Mountain Biking",KCC-QXST-S,9.99
一致,1497,B0GVQQJJHH,KCC-QXST-M,KCC-QXST-M,凯旋,凯旋,1,1,0,B0GVRHHRJZ,骑行手套,"Cycling Gloves for Men Women, Breathable Non-Slip Bike Gloves, Shock Absorbing Padded Bicycle Gloves for Road Bike Mountain Biking",KCC-QXST-M,9.99
一致,1498,B0GVQRQGZ9,KCC-QXST-L,KCC-QXST-L,凯旋,凯旋,1,1,0,B0GVRHHRJZ,骑行手套,"Cycling Gloves for Men Women, Breathable Non-Slip Bike Gloves, Shock Absorbing Padded Bicycle Gloves for Road Bike Mountain Biking",KCC-QXST-L,9.99
FBA可售不一致,1499,B0GVQSCZDV,KCC-QXDK-S,KCC-QXDK-S,凯旋,凯旋,1,4,0,B0GVQSCZDV,骑行短裤,"5 Pack Men's Cycling Shorts, Quick Dry Breathable Athletic Shorts, Lightweight High Stretch Sports Shorts for Running Cycling Workout Multicolor",KCC-QXDK-S,13.99
FBA可售不一致,1500,B0GVMBGTHX,SP-underwear-yujia-L,SP-underwear-yujia-L,图图,图图,1,2,0,B0GWHYTZKS,,"8 Pack Women’s Seamless Thong Panties, Invisible Yoga Underwear Ultra Soft Comfortable Sexy Lace Briefs Multicolor",,12.99
一致,1501,B0GVJ69LXB,SP-BINGXIU-yundong01,SP-BINGXIU-yundong01,图图,图图,2,2,0,B0GVMZ9PVP,冰袖,"Cooling Sports Arm Sleeves with UV Sun Protection, Anti Slip Ice Silk Arm Covers for Men Women",SP-BINGXIU-yundong01,6.99
一致,1502,B0GVJG8P31,SP-BINGXIU-lu01,SP-BINGXIU-lu01,图图,图图,2,2,0,B0GVN3TTBB,冰袖,"Ombre UV Protection Arm Sleeves, 2 Pairs Cooling Ice Silk Arm Covers, Gradient Color Sun Block Sleeves.",SP-BINGXIU-lu01,2.99
FBA可售不一致,1503,B0GV26C5SC,SP-underwear-leisi-S,SP-underwear-leisi-S,图图,图图,1,2,0,B0GWJ2XYYS,内裤-蕾丝,"Sexy Lace Low Rise Underwear for Women 5 Pack, Soft Breathable Comfort Fashion Ladies Panties Multi Color",SP-underwear-leisi-S,12.99
FBA可售不一致,1504,B0GV2CZ4YS,SP-underwear-leisi-M,SP-underwear-leisi-M,图图,图图,1,2,0,B0GWJ2XYYS,内裤-蕾丝,"Sexy Lace Low Rise Underwear for Women 5 Pack, Soft Breathable Comfort Fashion Ladies Panties Multi Color",SP-underwear-leisi-M,12.99
一致,1505,B0GTBJ852M,YQ-YUNYU-2026317-GUOLVQI-8,YQ-YUNYU-2026317-GUOLVQI-8,公司,公司,14,14,0,B0GT1K8L8Q,过滤器,"2 Pack Drain Hair Catcher-Sink Strainer, Shower Drain Cover, Drains Filter Cover for Kitchen Sink Bathroom Shower(Green)",YQ-YUNYU-2026317-GUOLVQI-8,2.99
一致,1506,B0GSYBXY9G,KC-C1-01,KC-C1-01,图图,图图,1,1,0,B0GT8VPZSC,罩衫,Women Bright Color Beach Sarong Wrap Skirt Sheer Bathing Suit Cover Ups for Bikini Swimsuit Swimwear,KC-C1-01,5.33
一致,1507,B0GSYK8G2G,KC-C3-02,KC-C3-02,图图,图图,1,1,0,B0GT96DZJ7,罩衫,Women Fashion Colorful Beach Sarong Sheer Wrap Skirt Bathing Suit Cover Ups for Bikini,KC-C3-02,5.33
一致,1508,B0GSVWMJ9N,KC-B1-L,KC-B1-L,图图,图图,1,1,0,B0HD6F5MYH,比基尼,Women Bikini Set Two Piece Swimsuit Sexy Thong Bathing Suit Halter Triangle Tops Cheeky Bikini for Women,KC-B1-L,6.64
一致,1509,B0GSVXJGXN,KC-B2-L,KC-B2-L,图图,图图,7,7,0,B0HD6F5MYH,比基尼,Sexy Halter Triangle Bikini Set for Women Two Piece Cheeky Thong Swimsuit Bathing Suit,KC-B2-L,6.64
一致,1510,B0GSVW46L7,KC-B6-L,KC-B6-L,图图,图图,1,1,0,B0HD6F5MYH,比基尼,Women's Two Piece Bikini Set Halter String Triangle Tops Sexy Tie Side Bottom Bathing Suit Swimwear,KC-B6-L,6.64
一致,1511,B0GS8JYCZF,QS-116-42/43,QS-116-42/43,公司,公司,1,1,0,B0GS8L8LPD,溯溪沙滩鞋,Slip On Quick Dry Beach Shoes Water Sports Aqua Socks Non-Slip Outdoor Shoes for Swimming Diving Kayaking,QS-116-42/43,4.99
一致,1512,B0GS4HJLBM,QS-111-40/41,QS-111-40/41,公司,公司,3,3,0,B0GQBS64JX,溯溪沙滩鞋,"Aqua Socks for Women Men, Water Shoes, Quick Dry Swim Footwear, Beach Pool River Lake Cruise Summer Travel Pair",QS-111-40/41,4.99
一致,1513,B0GS4GXTVH,QS-111-42/43,QS-111-42/43,公司,公司,3,3,0,B0GQBS64JX,溯溪沙滩鞋,"Aqua Socks for Women Men, Water Shoes, Quick Dry Swim Footwear, Beach Pool River Lake Cruise Summer Travel Pair",QS-111-42/43,4.99
一致,1514,B0GS4GZFJ1,QS-112-40/41,QS-112-40/41,公司,公司,3,3,0,B0GQBS64JX,溯溪沙滩鞋,"Aqua Socks for Women Men, Water Shoes, Barefoot Swim Footwear, Resort Pool Lake Yoga Beach Travel Pair",QS-112-40/41,4.99
一致,1515,B0GS4N3W12,QS-112-42/43,QS-112-42/43,公司,公司,3,3,0,B0GQBS64JX,溯溪沙滩鞋,"Aqua Socks for Women Men, Water Shoes, Barefoot Swim Footwear, Resort Pool Lake Yoga Beach Travel Pair",QS-112-42/43,4.99
一致,1516,B0GRTYYM6V,QS-102-42/43,QS-102-42/43,公司,公司,3,3,0,B0GQBS64JX,溯溪沙滩鞋,"Water Shoes for Women Men, Aqua Socks, Quick Dry Swim Shoes, Slip On Beach Pool River Lake Cruise Travel Footwear",QS-102-42/43,4.99
一致,1517,B0GRTYXJDF,QS-102-40/41,QS-102-40/41,公司,公司,3,3,0,B0GQBS64JX,溯溪沙滩鞋,"Water Shoes for Women Men, Aqua Socks, Quick Dry Swim Shoes, Slip On Beach Pool River Lake Cruise Travel Footwear",QS-102-40/41,4.99
一致,1518,B0GQBLSQJF,QS-048-42/43,QS-048-42/43,公司,公司,5,5,0,B0GQBS64JX,溯溪沙滩鞋,"Diving Swim Water Shoes for Men Women, Non Skid Sole, Stretch Fit Slip On",QS-048-42/43,4.99
一致,1519,B0GQBNSX8T,QS-010-40/41,QS-010-40/41,公司,公司,3,3,0,B0GQBS64JX,溯溪沙滩鞋,"Diving Water Shoes for Men Women, Non Skid Rubber Sole, Quick Dry Swim Shoes",QS-010-40/41,4.69
一致,1520,B0GQBQ42L4,QS-010-42/43,QS-010-42/43,公司,公司,3,3,0,B0GQBS64JX,溯溪沙滩鞋,"Diving Water Shoes for Men Women, Non Skid Rubber Sole, Quick Dry Swim Shoes",QS-010-42/43,4.69
一致,1521,B0GQC8DTHB,QS-075-40/41,QS-075-40/41,公司,公司,1,1,0,B0GQBPVFK6,溯溪沙滩鞋,Breathable Beach Shoes Lightweight Water Shoes for Swim Surf Hiking,QS-075-40/41,10.99
一致,1522,B0GQBWMQY8,QS-075-42/43,QS-075-42/43,公司,公司,1,1,0,B0GQBPVFK6,溯溪沙滩鞋,Breathable Beach Shoes Lightweight Water Shoes for Swim Surf Hiking,QS-075-42/43,10.99
一致,1523,B0GQCBQDDH,QS-079-42/43,QS-079-42/43,公司,公司,2,2,0,B0GQBP3SH9,溯溪沙滩鞋,Slip On Beach Shoes Quick Dry Water Shoes for Travel Vacation Outdoor,QS-079-42/43,4.69
一致,1524,B0GL95G94W,ZD001-Grey-7/8,ZD001-Grey-7/8,公司,公司,1,1,0,B0GL95G94W,折叠拖鞋001灰,"Foldable Flip Flops for Travel, Lightweight Portable Silicone Slippers, Compact Non-Slip Sandals for Home/Hotel/Beach, Comfortable Flexible Footwear for Women & Men",ZD001-Grey-7/8,3.44
