问题,行号,ASIN,MSKU,Listing负责人,工具负责人,父ASIN,品名,标题
Listing负责人为空,1123,B0HCJFJKB8,TTCA-Pet-XQ-Airtag-Blue,,,B0HCJ92929,,"Tracker Holder Pet Collar, Adjustable Dog and Cat Collar with Buckle, M Size Sky Blue for Outdoor Walking and Daily Wear"
Listing负责人为空,1124,B0HCJD8736,TTCA-Petchewtoy-bird,,,B0HDLLWN8B,,"Cat Parrot Toy, Interactive Pet Chew Toy for Indoor Play and Activity, Parrot Shape, Natural Small Style"
Listing负责人为空,1125,B0HCJGM7R2,TTCA-Pettoy-Sisal,,,B0HCJGM7R2,,"Cat Wobble Toy with Textured Body, Self-Righting Tumbler Toy for Indoor Cats, Battery-Free Solo Play, Small Natural"
Listing负责人为空,1126,B0HCJBPRZ3,TTCA-Pettoy-Feather,,,B0HCJBPRZ3,,"Cat Wobble Toy with Feather Teaser, Self-Righting Tumbler Toy for Indoor Cats, Battery-Free Solo Play, Small Multicolor"
Listing负责人为空,1240,B0H6BHRJ3D,SP-FP-tao02,,,B0H6BDX73N,,"2 Pcs Powder Puff Set, Cloud Diamond Square Triangle Puffs for Loose Pressed Powder Touch Up"
Listing负责人为空,1813,B0HDM1NB6T,TTCA-Vase-Brown2S-R,,,B0HDM1NB6T,,"Decorative Refrigerator Magnet Holder Set, Mini Tube Stem Display for Kitchen, Office and Living Room, 2 Pack, Brown"
Listing负责人为空,1819,B0HDBFDT41,SP-kulou-1,,,B0HDBHCQJF,,"Aquarium Ornament Fish Tank Decor, Air‑Driven Dynamic Skeleton Figurine, Novelty Underwater Landscape Decoration for Freshwater Saltwater Aquariums"
Listing负责人为空,1820,B0HDBKV13V,SP-shuimu-1,,,B0HDBHCQJF,,"Floating Resin Jellyfish Aquarium Ornament with Suspension Float Ball, Realistic Glitter Jellyfish Fish Tank Decor for Freshwater Aquarium Landscape"
Listing负责人为空,1821,B0HDB6ZSNS,SP-kaidanshou-1,,,B0HDBKZNHX,,"Mini Aluminum Bottle Opener, Crescent Double‑Hook Opener with Integrated Finger Hole, 2‑in‑1 Portable Keychain & Refrigerator Magnet for Daily Use"
Listing负责人为空,1822,B0HD776QG4,SP-baozhen-nangua,,,B0HD717ZLB,,"15.75 * 17.75 inches Flocked Pumpkin Throw Pillow Cover, 3D Embossed Plush Cushion Case, Orange Soft Decor Pillow Cover for Sofa Autumn Home Party Decor"
Listing负责人为空,1823,B0HD6WR84R,SP-baohuzhao-60*80,,,B0H3N1959R,,"2 Pack 23.62×31.49 Inch Plant Protection Covers, Non‑Woven Plant Blanket with Zipper Drawstring, Wind Sun Bird Cold Guard for Trees Shrubs"
Listing负责人为空,1824,B0HD76WV3B,SP-naxian-6,,,B0HD732SD6,,"6 Rolls Waxed Polyester Cord, 0.8mm 20M Per Roll, Round Wax Thread for Bracelet Wallet Making, Sewing Macrame DIY Craft Supplies"
Listing负责人为空,1825,B0HD6YL3X1,SP-baohuzhao-1*1.2,,,B0H3N1959R,,"2 Pack 39.37×47.24 Inch Plant Protection Covers, Non‑Woven Plant Blanket with Zipper Drawstring, Wind Sun Bird Cold Guard for Trees Shrubs"
Listing负责人为空,1826,B0HD6XLWPD,SP-bingxiang05-mao,,,B0HD6VJH6R,,"2 Pack Cat Hugging Bottle Fridge Magnets, Two Styles Clear Acrylic Refrigerator Magnets for Kitchen Home Decor"
Listing负责人为空,1827,B0HD6NRZP4,SP-diy-16,,,B0HD73HLW3,,"16Pcs White Natural Stone Beads Set, 8 Shapes Star Cross Skull Sea Star Loose Spacer Beads for DIY Bracelet Necklace Jewelry Making"
Listing负责人为空,1828,B0HD5Z3FY8,SP-peihu-2,,,B0HCZGF1H1,,"2 Pack Refillable Card‑Shape Fine Mist Spray Bottles,1.28+1.69 Fl Oz Portable Empty Plastic Vial for Travel Perfume Toner Sanitizer Liquid"
Listing负责人为空,1829,B0HCZB2HCP,SP-qixing-black,,,B0HCZHG1HM,,"Shield Sports Cycling Sunglasses with Storage Case, Mirror UV Protection Lens, Unisex Adult Outdoor Glasses, Black Frame"
Listing负责人为空,1833,B0HCYC8DD1,SP-yinzhang-1,,,B0HCXTDCMD,,"Privacy Roller Stamp, Identity Theft Protection Confidential Mask Stamp, Quick Data Blocker for Mails Bills Documents, Multi Color Portable Privacy Roller Stamp"
Listing负责人为空,1834,B0HCXYBCH8,SP-zhelibi-8,,,,,"8 Pack Glitter Gel Highlight Pens, 1.0mm Metallic Shimmer Ink Markers, Multi Color Sparkling Pens for Adult Journaling Scrapbooking Card Making"
Listing负责人为空,1843,B0HCMVCYS5,SP-FP-dingzhuang04,,,B0H6BD6LT4,,"4Pcs Black Pink Makeup Puff Kit, Powder Cushion Beauty Sponge & Mini Finger Puffs for All Makeup Steps"
Listing负责人为空,1844,B0HCJJQ5X3,TTCA-Pet-XQ-Airtag-Black,,,B0HCJJQ5X3,,"Tracker Holder Pet Collar, Adjustable Dog and Cat Collar with Buckle, M Size Black for Outdoor Walking and Daily Wear"
Listing负责人为空,1845,B0HCJH94QJ,TTCA-Pet-XQ-Airtag-Pink,,,B0HCJH94QJ,,"Tracker Holder Pet Collar, Adjustable Dog and Cat Collar with Buckle, M Size Pink for Outdoor Walking and Daily Wear"
Listing负责人为空,1846,B0HCJCZW53,TTCA-CatQtipToy-3PK,,,B0HCJCZW53,,"3 Pack Cat Q Tip Toys with Catnip, Giant Swab Shape Indoor Cat Chew Toys for Chase, Kick, Boredom Play Set, Beige"
Listing负责人为空,1847,B0HCJ928HM,TTCA-Petchewtoy-ball,,,B0HCJ928HM,,"Cat String Ball Toy, Interactive Pet Chew Toy for Indoor Play and Activity, Ball Shape, Natural Small Style"
Listing负责人为空,1848,B0HCJK8L7W,TTCA-Petchewtoy-mouse,,,B0HCJK8L7W,,"Cat Mouse and Ball Toy, Interactive Pet Chew Toy for Indoor Play and Activity, Mouse Shape, Natural Small Style"
Listing负责人为空,1849,B0HCJ8S9VV,TTCA-Petchewtoy-fly,,,B0HCJ8S9VV,,"Cat Butterfly Toy, Interactive Pet Chew Toy for Indoor Play and Activity, Butterfly Shape, Natural Small Style"
Listing负责人为空,1850,B0HCC6CRMC,TTCA-Vase-Yellow-2S,,,B0HCBK2Q4M,,"Decorative Refrigerator Magnet Holder Set, Mini Tube Stem Display for Kitchen, Office and Living Room, 2 Pack, Yellow"
Listing负责人为空,1851,B0HCBWN6YD,KS157-36/37,,,B0HCBWN6YD,,
Listing负责人为空,1852,B0HCC3YZRV,KS137-36/37,,,B0HCC2FYQ2,,
Listing负责人为空,1853,B0HCBYCCFV,KS169-44/45,,,B0HCBYCCFV,,
Listing负责人为空,1854,B0HCC13LPF,KS125-44/45,,,B0HCBYT12L,,
Listing负责人为空,1855,B0HCC1VNCL,SKT2-941-XL,,,B0HCBQRPXK,,"Mens Swim Trunks, Pink Flamingo Print Board Shorts with Drawstring Waist for Resort and Summer Coastal Parties"
Listing负责人为空,1856,B0HCBWKMDZ,SKT2-942-L,,,B0HCBQRPXK,,"Mens Swim Trunks, Multi Color Pineapple Print Board Shorts with Drawstring Waist for Resort and Summer Casual Outings"
Listing负责人为空,1857,B0HCC14DDD,SKT3-AU-L,,,B0HCBSX9WX,,"Mens Swim Trunks, Pink Flamingo Print Board Shorts with Drawstring Waist for Resort and Summer Casual Parties"
Listing负责人为空,1858,B0HCBYQD2Y,SKT4-AH-XL,,,B0HCBZ5R31,,"Mens Swim Trunks, Pineapple Print Board Shorts with Drawstring Waist for Resort and Summer Casual Occasions"
Listing负责人为空,1859,B0HCBS92FJ,SKT2-8111-L,,,B0HCBQRPXK,,"Mens Swim Trunks, Tropical Floral Bird Print Board Shorts with Drawstring Waist for Resort and Summer Casual Events"
Listing负责人为空,1860,B0HCBWTDL7,SKT4-AU-L,,,B0HCBZ5R31,,"Mens Swim Trunks, Pink Flamingo Print Board Shorts with Drawstring Waist for Resort and Summer Casual Parties"
Listing负责人为空,1861,B0HCC1F8MN,SKT3-AG-XL,,,B0HCBSX9WX,,"Mens Swim Trunks, Watermelon Print Board Shorts with Drawstring Waist for Resort and Summer Casual Parties"
Listing负责人为空,1862,B0HCC3G194,SKT3-AE-L,,,B0HCBSX9WX,,"Mens Swim Trunks, Palm Tree Print Board Shorts with Drawstring Waist for Resort and Summer Casual Getaways"
Listing负责人为空,1863,B0HCBZ46Y5,SKT4-AQ-XL,,,B0HCBZ5R31,,"Mens Swim Trunks, Flamingo Print Board Shorts with Drawstring Waist for Resort and Summer Coastal Events"
Listing负责人为空,1864,B0HCBXLWND,SKT2-AN-L,,,B0HCBQRPXK,,"Mens Swim Trunks, Triangle Print Board Shorts with Drawstring Waist for Resort and Summer Casual Gatherings"
Listing负责人为空,1865,B0HCBYV6RC,SKT2-AA-L,,,B0HCBQRPXK,,"Mens Swim Trunks, Vertical Stripe Board Shorts with Drawstring Waist for Resort and Daily Leisure Events"
Listing负责人为空,1866,B0HCBZBTVV,SKT2-PG-XL,,,B0HCBQRPXK,,"Mens Swim Trunks, Two Tone Shark Print Board Shorts with Drawstring Waist for Resort and Summer Coastal Trips"
Listing负责人为空,1867,B0HCBRG2HB,SKT4-AK-XL,,,B0HCBZ5R31,,"Mens Swim Trunks, Large Pineapple Print Board Shorts with Drawstring Waist for Resort and Summer Casual Events"
Listing负责人为空,1868,B0HCBTL9VK,SKT3-AT-XL,,,B0HCBSX9WX,,"Mens Swim Trunks, Shark Print Board Shorts with Drawstring Waist for Resort and Summer Coastal Gatherings"
Listing负责人为空,1869,B0HCC6NW5X,SKT4-AG-L,,,B0HCBZ5R31,,"Mens Swim Trunks, Watermelon Print Board Shorts with Drawstring Waist for Resort and Summer Casual Parties"
Listing负责人为空,1870,B0HCC2GGGW,SKT3-AK-XL,,,B0HCBSX9WX,,"Mens Swim Trunks, Large Pineapple Print Board Shorts with Drawstring Waist for Resort and Summer Casual Events"
Listing负责人为空,1871,B0HCBTZQ9X,SKT4-AU-XL,,,B0HCBZ5R31,,"Mens Swim Trunks, Pink Flamingo Print Board Shorts with Drawstring Waist for Resort and Summer Casual Parties"
Listing负责人为空,1872,B0HCC5MB2P,SKT3-A8-L,,,B0HCBSX9WX,,"Mens Swim Trunks, Cactus Print Board Shorts with Drawstring Waist for Resort and Summer Casual Events"
Listing负责人为空,1873,B0HCBQZ9GM,SKT3-AK-L,,,B0HCBSX9WX,,"Mens Swim Trunks, Large Pineapple Print Board Shorts with Drawstring Waist for Resort and Summer Casual Events"
Listing负责人为空,1874,B0HCBVT31C,SKT1-A4-XL,,,B0HCBPZZKX,,"Mens Swim Trunks, Flamingo Print Board Shorts with Drawstring Waist for Beach and Daily Casual Occasions"
Listing负责人为空,1875,B0HCBTTX8P,SKT2-AE-XL,,,B0HCBQRPXK,,"Mens Swim Trunks, Palm Tree Print Board Shorts with Drawstring Waist for Resort and Summer Casual Getaways"
Listing负责人为空,1876,B0HCBTR4NC,SKT3-AA-XL,,,B0HCBSX9WX,,"Mens Swim Trunks, Vertical Stripe Board Shorts with Drawstring Waist for Resort and Daily Leisure Events"
Listing负责人为空,1877,B0HCBTH3TY,SKT4-AR-L,,,B0HCBZ5R31,,"Mens Swim Trunks, Palm Tree Print Board Shorts with Drawstring Waist for Resort and Summer Casual Getaways"
Listing负责人为空,1878,B0HCC33DFZ,SKT1-AL-XL,,,B0HCBPZZKX,,"Mens Swim Trunks, Flamingo Print Board Shorts with Drawstring Waist for Resort and Summer Coastal Parties"
Listing负责人为空,1879,B0HCBWSB18,SKT2-8113-XL,,,B0HCBQRPXK,,"Mens Swim Trunks, Mini Palm Tree Print Board Shorts with Drawstring Waist for Resort and Summer Casual Getaways"
Listing负责人为空,1880,B0HCBZPV41,SKT3-A9-XL,,,B0HCBSX9WX,,"Mens Swim Trunks, Pear Print Board Shorts with Drawstring Waist for Resort and Summer Casual Plans"
Listing负责人为空,1881,B0HCC14WNB,SKT4-PG-L,,,B0HCBZ5R31,,"Mens Swim Trunks, Two Tone Shark Print Board Shorts with Drawstring Waist for Resort and Summer Coastal Trips"
Listing负责人为空,1882,B0HCBX3T72,SKT3-AQ-XL,,,B0HCBSX9WX,,"Mens Swim Trunks, Flamingo Print Board Shorts with Drawstring Waist for Resort and Summer Coastal Events"
Listing负责人为空,1883,B0HCBW6CFB,SKT3-AF-L,,,B0HCBSX9WX,,"Mens Swim Trunks, Block Stripe Board Shorts with Drawstring Waist for Resort and Daily Casual Trips"
Listing负责人为空,1884,B0HCBVGJ51,SKT2-PF-L,,,B0HCBQRPXK,,"Mens Swim Trunks, Anchor Print Board Shorts with Drawstring Waist for Resort and Nautical Casual Events"
Listing负责人为空,1885,B0HCC4GMB6,SKT1-8111-XL,,,B0HCBPZZKX,,"Mens Swim Trunks, Tropical Floral Bird Print Board Shorts with Drawstring Waist for Resort and Summer Casual Events"
Listing负责人为空,1886,B0HCBWNM2X,SKT2-8111-XL,,,B0HCBQRPXK,,"Mens Swim Trunks, Tropical Floral Bird Print Board Shorts with Drawstring Waist for Resort and Summer Casual Events"
Listing负责人为空,1887,B0HCC4G16S,SKT1-AA-L,,,B0HCBPZZKX,,"Mens Swim Trunks, Vertical Stripe Board Shorts with Drawstring Waist for Resort and Daily Leisure Events"
Listing负责人为空,1888,B0HCC5MPZ8,SKT1-AH-L,,,B0HCBPZZKX,,"Mens Swim Trunks, Pineapple Print Board Shorts with Drawstring Waist for Resort and Summer Casual Occasions"
Listing负责人为空,1889,B0HCBPYHWS,SKT1-A6-L,,,B0HCBPZZKX,,"Mens Swim Trunks, Pineapple Print Board Shorts with Drawstring Waist for Resort and Summer Casual Scenarios"
Listing负责人为空,1890,B0HCBTJBB7,SKT3-AE-XL,,,B0HCBSX9WX,,"Mens Swim Trunks, Palm Tree Print Board Shorts with Drawstring Waist for Resort and Summer Casual Getaways"
Listing负责人为空,1891,B0HCBYNG6R,SKT3-AQ-L,,,B0HCBSX9WX,,"Mens Swim Trunks, Flamingo Print Board Shorts with Drawstring Waist for Resort and Summer Coastal Events"
Listing负责人为空,1892,B0HCBLHFT3,SKT1-AE-L,,,B0HCBPZZKX,,"Mens Swim Trunks, Palm Tree Print Board Shorts with Drawstring Waist for Resort and Summer Casual Getaways"
Listing负责人为空,1893,B0HCBXJDPG,SKT4-942-L,,,B0HCBZ5R31,,"Mens Swim Trunks, Multi Color Pineapple Print Board Shorts with Drawstring Waist for Resort and Summer Casual Outings"
Listing负责人为空,1894,B0HCC51X7G,SKT3-A6-XL,,,B0HCBSX9WX,,"Mens Swim Trunks, Pineapple Print Board Shorts with Drawstring Waist for Resort and Summer Casual Scenarios"
Listing负责人为空,1895,B0HCBXC9FS,SKT4-AH-L,,,B0HCBZ5R31,,"Mens Swim Trunks, Pineapple Print Board Shorts with Drawstring Waist for Resort and Summer Casual Occasions"
Listing负责人为空,1896,B0HCBZ23VQ,SKT4-AK-L,,,B0HCBZ5R31,,"Mens Swim Trunks, Large Pineapple Print Board Shorts with Drawstring Waist for Resort and Summer Casual Events"
Listing负责人为空,1897,B0HCC51J3P,SKT2-A6-XL,,,B0HCBQRPXK,,"Mens Swim Trunks, Pineapple Print Board Shorts with Drawstring Waist for Resort and Summer Casual Scenarios"
Listing负责人为空,1898,B0HCBYDTYZ,SKT1-A8-L,,,B0HCBPZZKX,,"Mens Swim Trunks, Cactus Print Board Shorts with Drawstring Waist for Resort and Summer Casual Events"
Listing负责人为空,1899,B0HCBXH744,SKT1-8113-L,,,B0HCBPZZKX,,"Mens Swim Trunks, Mini Palm Tree Print Board Shorts with Drawstring Waist for Resort and Summer Casual Getaways"
Listing负责人为空,1900,B0HCC3C4TB,SKT2-AL-L,,,B0HCBQRPXK,,"Mens Swim Trunks, Flamingo Print Board Shorts with Drawstring Waist for Resort and Summer Coastal Parties"
Listing负责人为空,1901,B0HCC3DQPZ,SKT3-PG-XL,,,B0HCBSX9WX,,"Mens Swim Trunks, Two Tone Shark Print Board Shorts with Drawstring Waist for Resort and Summer Coastal Trips"
Listing负责人为空,1902,B0HCBRD2VS,SKT2-AQ-XL,,,B0HCBQRPXK,,"Mens Swim Trunks, Flamingo Print Board Shorts with Drawstring Waist for Resort and Summer Coastal Events"
Listing负责人为空,1903,B0HCBW45YB,SKT3-A5-XL,,,B0HCBSX9WX,,"Mens Swim Trunks, Patriotic Flag Print Board Shorts with Drawstring Waist for Holiday and Resort Casual Activities"
Listing负责人为空,1904,B0HCBWQZDS,SKT4-AM-L,,,B0HCBZ5R31,,"Mens Swim Trunks, Mini Pineapple Print Board Shorts with Drawstring Waist for Resort and Summer Casual Trips"
Listing负责人为空,1905,B0HCBZGD9M,SKT1-A9-L,,,B0HCBPZZKX,,"Mens Swim Trunks, Pear Print Board Shorts with Drawstring Waist for Resort and Summer Casual Plans"
Listing负责人为空,1906,B0HCC4VH8Q,SKT4-8113-XL,,,B0HCBZ5R31,,"Mens Swim Trunks, Mini Palm Tree Print Board Shorts with Drawstring Waist for Resort and Summer Casual Getaways"
Listing负责人为空,1907,B0HCC5WHXC,SKT4-A7-L,,,B0HCBZ5R31,,"Mens Swim Trunks, Bird Print Board Shorts with Drawstring Waist for Resort and Summer Leisure Occasions"
Listing负责人为空,1908,B0HCC5D3HR,SKT1-AT-L,,,B0HCBPZZKX,,"Mens Swim Trunks, Shark Print Board Shorts with Drawstring Waist for Resort and Summer Coastal Gatherings"
Listing负责人为空,1909,B0HCC2HTN4,SKT2-A7-L,,,B0HCBQRPXK,,"Mens Swim Trunks, Bird Print Board Shorts with Drawstring Waist for Resort and Summer Leisure Occasions"
Listing负责人为空,1910,B0HCC1WN2W,SKT1-AP-XL,,,B0HCBPZZKX,,"Mens Swim Trunks, Banana Print Board Shorts with Drawstring Waist for Resort and Summer Casual Outings"
Listing负责人为空,1911,B0HCBXZ3JZ,SKT2-AT-XL,,,B0HCBQRPXK,,"Mens Swim Trunks, Shark Print Board Shorts with Drawstring Waist for Resort and Summer Coastal Gatherings"
Listing负责人为空,1912,B0HCBPNB7Z,SKT4-PF-L,,,B0HCBZ5R31,,"Mens Swim Trunks, Anchor Print Board Shorts with Drawstring Waist for Resort and Nautical Casual Events"
Listing负责人为空,1913,B0HCBXP65Z,SKT3-AR-L,,,B0HCBSX9WX,,"Mens Swim Trunks, Palm Tree Print Board Shorts with Drawstring Waist for Resort and Summer Casual Getaways"
Listing负责人为空,1914,B0HCC8WR4J,SKT1-AU-XL,,,B0HCBPZZKX,,"Mens Swim Trunks, Pink Flamingo Print Board Shorts with Drawstring Waist for Resort and Summer Casual Parties"
Listing负责人为空,1915,B0HCBTL9V5,SKT1-AM-XL,,,B0HCBPZZKX,,"Mens Swim Trunks, Mini Pineapple Print Board Shorts with Drawstring Waist for Resort and Summer Casual Trips"
Listing负责人为空,1916,B0HCC51X74,SKT1-AR-XL,,,B0HCBPZZKX,,"Mens Swim Trunks, Palm Tree Print Board Shorts with Drawstring Waist for Resort and Summer Casual Getaways"
Listing负责人为空,1917,B0HCBW98QL,SKT4-AJ-XL,,,B0HCBZ5R31,,"Mens Swim Trunks, School of Fish Print Board Shorts with Drawstring Waist for Resort and Summer Coastal Gatherings"
Listing负责人为空,1918,B0HCBY2FFH,SKT2-AU-XL,,,B0HCBQRPXK,,"Mens Swim Trunks, Pink Flamingo Print Board Shorts with Drawstring Waist for Resort and Summer Casual Parties"
Listing负责人为空,1919,B0HCBZFYSV,SKT1-8111-L,,,B0HCBPZZKX,,"Mens Swim Trunks, Tropical Floral Bird Print Board Shorts with Drawstring Waist for Resort and Summer Casual Events"
Listing负责人为空,1920,B0HCBXWMW4,SKT3-AH-XL,,,B0HCBSX9WX,,"Mens Swim Trunks, Pineapple Print Board Shorts with Drawstring Waist for Resort and Summer Casual Occasions"
Listing负责人为空,1921,B0HCC1Q5DW,SKT2-AN-XL,,,B0HCBQRPXK,,"Mens Swim Trunks, Triangle Print Board Shorts with Drawstring Waist for Resort and Summer Casual Gatherings"
Listing负责人为空,1922,B0HCBVW4ZB,SKT1-AG-L,,,B0HCBPZZKX,,"Mens Swim Trunks, Watermelon Print Board Shorts with Drawstring Waist for Resort and Summer Casual Parties"
Listing负责人为空,1923,B0HCBSVM3Q,SKT1-AJ-XL,,,B0HCBPZZKX,,"Mens Swim Trunks, School of Fish Print Board Shorts with Drawstring Waist for Resort and Summer Coastal Gatherings"
Listing负责人为空,1924,B0HCBXGQFQ,SKT1-942-XL,,,B0HCBPZZKX,,"Mens Swim Trunks, Multi Color Pineapple Print Board Shorts with Drawstring Waist for Resort and Summer Casual Outings"
Listing负责人为空,1925,B0HCBYLVBR,SKT3-AG-L,,,B0HCBSX9WX,,"Mens Swim Trunks, Watermelon Print Board Shorts with Drawstring Waist for Resort and Summer Casual Parties"
Listing负责人为空,1926,B0HCC84BGK,SKT1-AJ-L,,,B0HCBPZZKX,,"Mens Swim Trunks, School of Fish Print Board Shorts with Drawstring Waist for Resort and Summer Coastal Gatherings"
Listing负责人为空,1927,B0HCBVZ33W,SKT2-AG-XL,,,B0HCBQRPXK,,"Mens Swim Trunks, Watermelon Print Board Shorts with Drawstring Waist for Resort and Summer Casual Parties"
Listing负责人为空,1928,B0HCBYBFFQ,SKT1-941-XL,,,B0HCBPZZKX,,"Mens Swim Trunks, Pink Flamingo Print Board Shorts with Drawstring Waist for Resort and Summer Coastal Parties"
Listing负责人为空,1929,B0HCBZYZ2N,SKT2-PG-L,,,B0HCBQRPXK,,"Mens Swim Trunks, Two Tone Shark Print Board Shorts with Drawstring Waist for Resort and Summer Coastal Trips"
Listing负责人为空,1930,B0HCC3QBJM,SKT1-A4-L,,,B0HCBPZZKX,,"Mens Swim Trunks, Flamingo Print Board Shorts with Drawstring Waist for Beach and Daily Casual Occasions"
Listing负责人为空,1931,B0HCBSDYS2,SKT3-AF-XL,,,B0HCBSX9WX,,"Mens Swim Trunks, Block Stripe Board Shorts with Drawstring Waist for Resort and Daily Casual Trips"
Listing负责人为空,1932,B0HCC8XR2D,SKT2-A5-XL,,,B0HCBQRPXK,,"Mens Swim Trunks, Patriotic Flag Print Board Shorts with Drawstring Waist for Holiday and Resort Casual Activities"
Listing负责人为空,1933,B0HCC2H2DY,SKT1-AQ-XL,,,B0HCBPZZKX,,"Mens Swim Trunks, Flamingo Print Board Shorts with Drawstring Waist for Resort and Summer Coastal Events"
Listing负责人为空,1934,B0HCBZSTVK,SKT3-AP-L,,,B0HCBSX9WX,,"Mens Swim Trunks, Banana Print Board Shorts with Drawstring Waist for Resort and Summer Casual Outings"
Listing负责人为空,1935,B0HCBTTJCS,SKT4-A4-L,,,B0HCBZ5R31,,"Mens Swim Trunks, Flamingo Print Board Shorts with Drawstring Waist for Beach and Daily Casual Occasions"
Listing负责人为空,1936,B0HCBVH9LB,SKT2-AH-L,,,B0HCBQRPXK,,"Mens Swim Trunks, Pineapple Print Board Shorts with Drawstring Waist for Resort and Summer Casual Occasions"
Listing负责人为空,1937,B0HCC3PQ4W,SKT4-A5-XL,,,B0HCBZ5R31,,"Mens Swim Trunks, Patriotic Flag Print Board Shorts with Drawstring Waist for Holiday and Resort Casual Activities"
Listing负责人为空,1938,B0HCBYH85P,SKT3-AB-XL,,,B0HCBSX9WX,,"Mens Swim Trunks, Steamed Dumpling Print Board Shorts with Drawstring Waist for Resort and Summer Casual Gatherings"
Listing负责人为空,1939,B0HCBPVPWS,SKT2-A8-XL,,,B0HCBQRPXK,,"Mens Swim Trunks, Cactus Print Board Shorts with Drawstring Waist for Resort and Summer Casual Events"
Listing负责人为空,1940,B0HCBYXSKT,SKT3-PF-XL,,,B0HCBSX9WX,,"Mens Swim Trunks, Anchor Print Board Shorts with Drawstring Waist for Resort and Nautical Casual Events"
Listing负责人为空,1941,B0HCBQVZPG,SKT1-8113-XL,,,B0HCBPZZKX,,"Mens Swim Trunks, Mini Palm Tree Print Board Shorts with Drawstring Waist for Resort and Summer Casual Getaways"
Listing负责人为空,1942,B0HCBX3T6P,SKT1-AB-L,,,B0HCBPZZKX,,"Mens Swim Trunks, Steamed Dumpling Print Board Shorts with Drawstring Waist for Resort and Summer Casual Gatherings"
Listing负责人为空,1943,B0HCBZK2WS,SKT2-AM-L,,,B0HCBQRPXK,,"Mens Swim Trunks, Mini Pineapple Print Board Shorts with Drawstring Waist for Resort and Summer Casual Trips"
Listing负责人为空,1944,B0HCC4L6XQ,SKT3-8111-XL,,,B0HCBSX9WX,,"Mens Swim Trunks, Tropical Floral Bird Print Board Shorts with Drawstring Waist for Resort and Summer Casual Events"
Listing负责人为空,1945,B0HCC9Q7HK,SKT3-AJ-L,,,B0HCBSX9WX,,"Mens Swim Trunks, School of Fish Print Board Shorts with Drawstring Waist for Resort and Summer Coastal Gatherings"
Listing负责人为空,1946,B0HCBN8HHB,SKT4-AL-XL,,,B0HCBZ5R31,,"Mens Swim Trunks, Flamingo Print Board Shorts with Drawstring Waist for Resort and Summer Coastal Parties"
Listing负责人为空,1947,B0HCBXCDWD,SKT1-AN-XL,,,B0HCBPZZKX,,"Mens Swim Trunks, Triangle Print Board Shorts with Drawstring Waist for Resort and Summer Casual Gatherings"
Listing负责人为空,1948,B0HCBSYPNY,SKT2-A7-XL,,,B0HCBQRPXK,,"Mens Swim Trunks, Bird Print Board Shorts with Drawstring Waist for Resort and Summer Leisure Occasions"
Listing负责人为空,1949,B0HCC32WCS,SKT4-AB-L,,,B0HCBZ5R31,,"Mens Swim Trunks, Steamed Dumpling Print Board Shorts with Drawstring Waist for Resort and Summer Casual Gatherings"
Listing负责人为空,1950,B0HCC3J7DL,SKT2-A9-XL,,,B0HCBQRPXK,,"Mens Swim Trunks, Pear Print Board Shorts with Drawstring Waist for Resort and Summer Casual Plans"
Listing负责人为空,1951,B0HCBX7B5F,SKT2-942-XL,,,B0HCBQRPXK,,"Mens Swim Trunks, Multi Color Pineapple Print Board Shorts with Drawstring Waist for Resort and Summer Casual Outings"
Listing负责人为空,1952,B0HCBX5X25,SKT1-PF-L,,,B0HCBPZZKX,,"Mens Swim Trunks, Anchor Print Board Shorts with Drawstring Waist for Resort and Nautical Casual Events"
Listing负责人为空,1953,B0HCBYM1RF,SKT3-AN-L,,,B0HCBSX9WX,,"Mens Swim Trunks, Triangle Print Board Shorts with Drawstring Waist for Resort and Summer Casual Gatherings"
Listing负责人为空,1954,B0HCC1XR76,SKT4-AR-XL,,,B0HCBZ5R31,,"Mens Swim Trunks, Palm Tree Print Board Shorts with Drawstring Waist for Resort and Summer Casual Getaways"
Listing负责人为空,1955,B0HCBTV7LT,SKT3-AL-XL,,,B0HCBSX9WX,,"Mens Swim Trunks, Flamingo Print Board Shorts with Drawstring Waist for Resort and Summer Coastal Parties"
Listing负责人为空,1956,B0HCBYV9M1,SKT4-AT-XL,,,B0HCBZ5R31,,"Mens Swim Trunks, Shark Print Board Shorts with Drawstring Waist for Resort and Summer Coastal Gatherings"
Listing负责人为空,1957,B0HCC2R4BL,SKT4-8113-L,,,B0HCBZ5R31,,"Mens Swim Trunks, Mini Palm Tree Print Board Shorts with Drawstring Waist for Resort and Summer Casual Getaways"
Listing负责人为空,1958,B0HCBTZSRX,SKT3-A7-XL,,,B0HCBSX9WX,,"Mens Swim Trunks, Bird Print Board Shorts with Drawstring Waist for Resort and Summer Leisure Occasions"
Listing负责人为空,1959,B0HCBZN7X3,SKT3-AU-XL,,,B0HCBSX9WX,,"Mens Swim Trunks, Pink Flamingo Print Board Shorts with Drawstring Waist for Resort and Summer Casual Parties"
Listing负责人为空,1960,B0HCBTZQ96,SKT2-A4-XL,,,B0HCBQRPXK,,"Mens Swim Trunks, Flamingo Print Board Shorts with Drawstring Waist for Beach and Daily Casual Occasions"
Listing负责人为空,1961,B0HCC59WQ9,SKT3-AH-L,,,B0HCBSX9WX,,"Mens Swim Trunks, Pineapple Print Board Shorts with Drawstring Waist for Resort and Summer Casual Occasions"
Listing负责人为空,1962,B0HCBVPY41,SKT4-A6-XL,,,B0HCBZ5R31,,"Mens Swim Trunks, Pineapple Print Board Shorts with Drawstring Waist for Resort and Summer Casual Scenarios"
Listing负责人为空,1963,B0HCBZLKM5,SKT3-AM-L,,,B0HCBSX9WX,,"Mens Swim Trunks, Mini Pineapple Print Board Shorts with Drawstring Waist for Resort and Summer Casual Trips"
Listing负责人为空,1964,B0HCBXW4RF,SKT4-AQ-L,,,B0HCBZ5R31,,"Mens Swim Trunks, Flamingo Print Board Shorts with Drawstring Waist for Resort and Summer Coastal Events"
Listing负责人为空,1965,B0HCBPST28,SKT1-AF-XL,,,B0HCBPZZKX,,"Mens Swim Trunks, Block Stripe Board Shorts with Drawstring Waist for Resort and Daily Casual Trips"
Listing负责人为空,1966,B0HCC2BT9S,SKT2-AH-XL,,,B0HCBQRPXK,,"Mens Swim Trunks, Pineapple Print Board Shorts with Drawstring Waist for Resort and Summer Casual Occasions"
Listing负责人为空,1967,B0HCBQLSVX,SKT3-AA-L,,,B0HCBSX9WX,,"Mens Swim Trunks, Vertical Stripe Board Shorts with Drawstring Waist for Resort and Daily Leisure Events"
Listing负责人为空,1968,B0HCC9VN3N,SKT1-A5-XL,,,B0HCBPZZKX,,"Mens Swim Trunks, Patriotic Flag Print Board Shorts with Drawstring Waist for Holiday and Resort Casual Activities"
Listing负责人为空,1969,B0HCC1M2RZ,SKT3-AT-L,,,B0HCBSX9WX,,"Mens Swim Trunks, Shark Print Board Shorts with Drawstring Waist for Resort and Summer Coastal Gatherings"
Listing负责人为空,1970,B0HCBT8F58,SKT4-A8-XL,,,B0HCBZ5R31,,"Mens Swim Trunks, Cactus Print Board Shorts with Drawstring Waist for Resort and Summer Casual Events"
Listing负责人为空,1971,B0HCC1S8F4,SKT2-AU-L,,,B0HCBQRPXK,,"Mens Swim Trunks, Pink Flamingo Print Board Shorts with Drawstring Waist for Resort and Summer Casual Parties"
Listing负责人为空,1972,B0HCBT4TMK,SKT4-AL-L,,,B0HCBZ5R31,,"Mens Swim Trunks, Flamingo Print Board Shorts with Drawstring Waist for Resort and Summer Coastal Parties"
Listing负责人为空,1973,B0HCBX3BLN,SKT3-AM-XL,,,B0HCBSX9WX,,"Mens Swim Trunks, Mini Pineapple Print Board Shorts with Drawstring Waist for Resort and Summer Casual Trips"
Listing负责人为空,1974,B0HCBZC1S5,SKT2-AP-XL,,,B0HCBQRPXK,,"Mens Swim Trunks, Banana Print Board Shorts with Drawstring Waist for Resort and Summer Casual Outings"
Listing负责人为空,1975,B0HCBX4B7G,SKT2-AT-L,,,B0HCBQRPXK,,"Mens Swim Trunks, Shark Print Board Shorts with Drawstring Waist for Resort and Summer Coastal Gatherings"
Listing负责人为空,1976,B0HCBTY78L,SKT1-PF-XL,,,B0HCBPZZKX,,"Mens Swim Trunks, Anchor Print Board Shorts with Drawstring Waist for Resort and Nautical Casual Events"
Listing负责人为空,1977,B0HCBT4K2R,SKT4-AN-XL,,,B0HCBZ5R31,,"Mens Swim Trunks, Triangle Print Board Shorts with Drawstring Waist for Resort and Summer Casual Gatherings"
Listing负责人为空,1978,B0HCBZY8TM,SKT1-AN-L,,,B0HCBPZZKX,,"Mens Swim Trunks, Triangle Print Board Shorts with Drawstring Waist for Resort and Summer Casual Gatherings"
Listing负责人为空,1979,B0HCC1Y5B8,SKT3-A7-L,,,B0HCBSX9WX,,"Mens Swim Trunks, Bird Print Board Shorts with Drawstring Waist for Resort and Summer Leisure Occasions"
Listing负责人为空,1980,B0HCBWTPSK,SKT3-8113-XL,,,B0HCBSX9WX,,"Mens Swim Trunks, Mini Palm Tree Print Board Shorts with Drawstring Waist for Resort and Summer Casual Getaways"
Listing负责人为空,1981,B0HCBVJC16,SKT1-AL-L,,,B0HCBPZZKX,,"Mens Swim Trunks, Flamingo Print Board Shorts with Drawstring Waist for Resort and Summer Coastal Parties"
Listing负责人为空,1982,B0HCBT3N2M,SKT4-AA-L,,,B0HCBZ5R31,,"Mens Swim Trunks, Vertical Stripe Board Shorts with Drawstring Waist for Resort and Daily Leisure Events"
Listing负责人为空,1983,B0HCBWPM8C,SKT1-A6-XL,,,B0HCBPZZKX,,"Mens Swim Trunks, Pineapple Print Board Shorts with Drawstring Waist for Resort and Summer Casual Scenarios"
Listing负责人为空,1984,B0HCC5KJDD,SKT2-PF-XL,,,B0HCBQRPXK,,"Mens Swim Trunks, Anchor Print Board Shorts with Drawstring Waist for Resort and Nautical Casual Events"
Listing负责人为空,1985,B0HCC1VNCC,SKT2-A5-L,,,B0HCBQRPXK,,"Mens Swim Trunks, Patriotic Flag Print Board Shorts with Drawstring Waist for Holiday and Resort Casual Activities"
Listing负责人为空,1986,B0HCBZKVCF,SKT1-AE-XL,,,B0HCBPZZKX,,"Mens Swim Trunks, Palm Tree Print Board Shorts with Drawstring Waist for Resort and Summer Casual Getaways"
Listing负责人为空,1987,B0HCC2W6P1,SKT1-A7-L,,,B0HCBPZZKX,,"Mens Swim Trunks, Bird Print Board Shorts with Drawstring Waist for Resort and Summer Leisure Occasions"
Listing负责人为空,1988,B0HCC3H1GV,SKT3-AN-XL,,,B0HCBSX9WX,,"Mens Swim Trunks, Triangle Print Board Shorts with Drawstring Waist for Resort and Summer Casual Gatherings"
Listing负责人为空,1989,B0HCBQS3RT,SKT3-AB-L,,,B0HCBSX9WX,,"Mens Swim Trunks, Steamed Dumpling Print Board Shorts with Drawstring Waist for Resort and Summer Casual Gatherings"
Listing负责人为空,1990,B0HCBWW39H,SKT1-A5-L,,,B0HCBPZZKX,,"Mens Swim Trunks, Patriotic Flag Print Board Shorts with Drawstring Waist for Holiday and Resort Casual Activities"
Listing负责人为空,1991,B0HCBVNCN5,SKT4-PG-XL,,,B0HCBZ5R31,,"Mens Swim Trunks, Two Tone Shark Print Board Shorts with Drawstring Waist for Resort and Summer Coastal Trips"
Listing负责人为空,1992,B0HCBXP959,SKT4-AM-XL,,,B0HCBZ5R31,,"Mens Swim Trunks, Mini Pineapple Print Board Shorts with Drawstring Waist for Resort and Summer Casual Trips"
Listing负责人为空,1993,B0HCBSLM83,SKT2-AJ-L,,,B0HCBQRPXK,,"Mens Swim Trunks, School of Fish Print Board Shorts with Drawstring Waist for Resort and Summer Coastal Gatherings"
Listing负责人为空,1994,B0HCBX56WW,SKT1-A8-XL,,,B0HCBPZZKX,,"Mens Swim Trunks, Cactus Print Board Shorts with Drawstring Waist for Resort and Summer Casual Events"
Listing负责人为空,1995,B0HCBLMM57,SKT2-A6-L,,,B0HCBQRPXK,,"Mens Swim Trunks, Pineapple Print Board Shorts with Drawstring Waist for Resort and Summer Casual Scenarios"
Listing负责人为空,1996,B0HCBX7B59,SKT2-AJ-XL,,,B0HCBQRPXK,,"Mens Swim Trunks, School of Fish Print Board Shorts with Drawstring Waist for Resort and Summer Coastal Gatherings"
Listing负责人为空,1997,B0HCC89P6M,SKT4-PF-XL,,,B0HCBZ5R31,,"Mens Swim Trunks, Anchor Print Board Shorts with Drawstring Waist for Resort and Nautical Casual Events"
Listing负责人为空,1998,B0HCC8T58W,SKT2-AQ-L,,,B0HCBQRPXK,,"Mens Swim Trunks, Flamingo Print Board Shorts with Drawstring Waist for Resort and Summer Coastal Events"
Listing负责人为空,1999,B0HCC6KDJZ,SKT1-AK-XL,,,B0HCBPZZKX,,"Mens Swim Trunks, Large Pineapple Print Board Shorts with Drawstring Waist for Resort and Summer Casual Events"
Listing负责人为空,2000,B0HCBYDV11,SKT3-AR-XL,,,B0HCBSX9WX,,"Mens Swim Trunks, Palm Tree Print Board Shorts with Drawstring Waist for Resort and Summer Casual Getaways"
Listing负责人为空,2001,B0HCC3LB75,SKT3-A6-L,,,B0HCBSX9WX,,"Mens Swim Trunks, Pineapple Print Board Shorts with Drawstring Waist for Resort and Summer Casual Scenarios"
Listing负责人为空,2002,B0HCBPBZRN,SKT1-A9-XL,,,B0HCBPZZKX,,"Mens Swim Trunks, Pear Print Board Shorts with Drawstring Waist for Resort and Summer Casual Plans"
Listing负责人为空,2003,B0HCBY1BCJ,SKT2-8113-L,,,B0HCBQRPXK,,"Mens Swim Trunks, Mini Palm Tree Print Board Shorts with Drawstring Waist for Resort and Summer Casual Getaways"
Listing负责人为空,2004,B0HCC1DYSL,SKT1-AR-L,,,B0HCBPZZKX,,"Mens Swim Trunks, Palm Tree Print Board Shorts with Drawstring Waist for Resort and Summer Casual Getaways"
Listing负责人为空,2005,B0HCBZJ1Z3,SKT3-AP-XL,,,B0HCBSX9WX,,"Mens Swim Trunks, Banana Print Board Shorts with Drawstring Waist for Resort and Summer Casual Outings"
Listing负责人为空,2006,B0HCC39FRF,SKT2-AL-XL,,,B0HCBQRPXK,,"Mens Swim Trunks, Flamingo Print Board Shorts with Drawstring Waist for Resort and Summer Coastal Parties"
Listing负责人为空,2007,B0HCBZH8KN,SKT1-AP-L,,,B0HCBPZZKX,,"Mens Swim Trunks, Banana Print Board Shorts with Drawstring Waist for Resort and Summer Casual Outings"
Listing负责人为空,2008,B0HCC33DGM,SKT4-AA-XL,,,B0HCBZ5R31,,"Mens Swim Trunks, Vertical Stripe Board Shorts with Drawstring Waist for Resort and Daily Leisure Events"
Listing负责人为空,2009,B0HCBYX6DZ,SKT1-AU-L,,,B0HCBPZZKX,,"Mens Swim Trunks, Pink Flamingo Print Board Shorts with Drawstring Waist for Resort and Summer Casual Parties"
Listing负责人为空,2010,B0HCBTY3ZN,SKT2-AR-L,,,B0HCBQRPXK,,"Mens Swim Trunks, Palm Tree Print Board Shorts with Drawstring Waist for Resort and Summer Casual Getaways"
Listing负责人为空,2011,B0HCBXQ38R,SKT3-A4-XL,,,B0HCBSX9WX,,"Mens Swim Trunks, Flamingo Print Board Shorts with Drawstring Waist for Beach and Daily Casual Occasions"
Listing负责人为空,2012,B0HCC13LTR,SKT1-AT-XL,,,B0HCBPZZKX,,"Mens Swim Trunks, Shark Print Board Shorts with Drawstring Waist for Resort and Summer Coastal Gatherings"
Listing负责人为空,2013,B0HCBXYKTL,SKT4-AN-L,,,B0HCBZ5R31,,"Mens Swim Trunks, Triangle Print Board Shorts with Drawstring Waist for Resort and Summer Casual Gatherings"
Listing负责人为空,2014,B0HCC1B3GT,SKT3-8111-L,,,B0HCBSX9WX,,"Mens Swim Trunks, Tropical Floral Bird Print Board Shorts with Drawstring Waist for Resort and Summer Casual Events"
Listing负责人为空,2015,B0HCC377XZ,SKT2-AP-L,,,B0HCBQRPXK,,"Mens Swim Trunks, Banana Print Board Shorts with Drawstring Waist for Resort and Summer Casual Outings"
Listing负责人为空,2016,B0HCC2P43C,SKT2-A8-L,,,B0HCBQRPXK,,"Mens Swim Trunks, Cactus Print Board Shorts with Drawstring Waist for Resort and Summer Casual Events"
Listing负责人为空,2017,B0HCBTG3TK,SKT4-AG-XL,,,B0HCBZ5R31,,"Mens Swim Trunks, Watermelon Print Board Shorts with Drawstring Waist for Resort and Summer Casual Parties"
Listing负责人为空,2018,B0HCBXM6BZ,SKT2-A9-L,,,B0HCBQRPXK,,"Mens Swim Trunks, Pear Print Board Shorts with Drawstring Waist for Resort and Summer Casual Plans"
Listing负责人为空,2019,B0HCBWN44J,SKT2-AG-L,,,B0HCBQRPXK,,"Mens Swim Trunks, Watermelon Print Board Shorts with Drawstring Waist for Resort and Summer Casual Parties"
Listing负责人为空,2020,B0HCBYR7N3,SKT4-AP-L,,,B0HCBZ5R31,,"Mens Swim Trunks, Banana Print Board Shorts with Drawstring Waist for Resort and Summer Casual Outings"
Listing负责人为空,2021,B0HCC38WGR,SKT1-AA-XL,,,B0HCBPZZKX,,"Mens Swim Trunks, Vertical Stripe Board Shorts with Drawstring Waist for Resort and Daily Leisure Events"
Listing负责人为空,2022,B0HCBQN3NR,SKT4-AP-XL,,,B0HCBZ5R31,,"Mens Swim Trunks, Banana Print Board Shorts with Drawstring Waist for Resort and Summer Casual Outings"
Listing负责人为空,2023,B0HCC2RLW1,SKT3-PG-L,,,B0HCBSX9WX,,"Mens Swim Trunks, Two Tone Shark Print Board Shorts with Drawstring Waist for Resort and Summer Coastal Trips"
Listing负责人为空,2024,B0HCBZ8TXV,SKT1-AH-XL,,,B0HCBPZZKX,,"Mens Swim Trunks, Pineapple Print Board Shorts with Drawstring Waist for Resort and Summer Casual Occasions"
Listing负责人为空,2025,B0HCC1QNKJ,SKT1-AK-L,,,B0HCBPZZKX,,"Mens Swim Trunks, Large Pineapple Print Board Shorts with Drawstring Waist for Resort and Summer Casual Events"
Listing负责人为空,2026,B0HCBYLVBF,SKT1-AB-XL,,,B0HCBPZZKX,,"Mens Swim Trunks, Steamed Dumpling Print Board Shorts with Drawstring Waist for Resort and Summer Casual Gatherings"
Listing负责人为空,2027,B0HCBTJBB9,SKT3-A4-L,,,B0HCBSX9WX,,"Mens Swim Trunks, Flamingo Print Board Shorts with Drawstring Waist for Beach and Daily Casual Occasions"
Listing负责人为空,2028,B0HCBZSBQF,SKT2-AR-XL,,,B0HCBQRPXK,,"Mens Swim Trunks, Palm Tree Print Board Shorts with Drawstring Waist for Resort and Summer Casual Getaways"
Listing负责人为空,2029,B0HCBTY78J,SKT2-AF-L,,,B0HCBQRPXK,,"Mens Swim Trunks, Block Stripe Board Shorts with Drawstring Waist for Resort and Daily Casual Trips"
Listing负责人为空,2030,B0HCC22221,SKT4-A9-L,,,B0HCBZ5R31,,"Mens Swim Trunks, Pear Print Board Shorts with Drawstring Waist for Resort and Summer Casual Plans"
Listing负责人为空,2031,B0HCBZLGK5,SKT2-AE-L,,,B0HCBQRPXK,,"Mens Swim Trunks, Palm Tree Print Board Shorts with Drawstring Waist for Resort and Summer Casual Getaways"
Listing负责人为空,2032,B0HCBYY66Q,SKT4-AF-XL,,,B0HCBZ5R31,,"Mens Swim Trunks, Block Stripe Board Shorts with Drawstring Waist for Resort and Daily Casual Trips"
Listing负责人为空,2033,B0HCBYWWKY,SKT3-A9-L,,,B0HCBSX9WX,,"Mens Swim Trunks, Pear Print Board Shorts with Drawstring Waist for Resort and Summer Casual Plans"
Listing负责人为空,2034,B0HCBTBXFX,SKT1-A7-XL,,,B0HCBPZZKX,,"Mens Swim Trunks, Bird Print Board Shorts with Drawstring Waist for Resort and Summer Leisure Occasions"
Listing负责人为空,2035,B0HCBT3QTB,SKT4-941-XL,,,B0HCBZ5R31,,"Mens Swim Trunks, Pink Flamingo Print Board Shorts with Drawstring Waist for Resort and Summer Coastal Parties"
Listing负责人为空,2036,B0HCC28WQG,SKT1-942-L,,,B0HCBPZZKX,,"Mens Swim Trunks, Multi Color Pineapple Print Board Shorts with Drawstring Waist for Resort and Summer Casual Outings"
Listing负责人为空,2037,B0HCBWZBM4,SKT3-942-L,,,B0HCBSX9WX,,"Mens Swim Trunks, Multi Color Pineapple Print Board Shorts with Drawstring Waist for Resort and Summer Casual Outings"
Listing负责人为空,2038,B0HCBVK61F,SKT2-AB-XL,,,B0HCBQRPXK,,"Mens Swim Trunks, Steamed Dumpling Print Board Shorts with Drawstring Waist for Resort and Summer Casual Gatherings"
Listing负责人为空,2039,B0HCC1XR6G,SKT2-A4-L,,,B0HCBQRPXK,,"Mens Swim Trunks, Flamingo Print Board Shorts with Drawstring Waist for Beach and Daily Casual Occasions"
Listing负责人为空,2040,B0HCBT54DG,SKT4-AT-L,,,B0HCBZ5R31,,"Mens Swim Trunks, Shark Print Board Shorts with Drawstring Waist for Resort and Summer Coastal Gatherings"
Listing负责人为空,2041,B0HCBT57NW,SKT4-AB-XL,,,B0HCBZ5R31,,"Mens Swim Trunks, Steamed Dumpling Print Board Shorts with Drawstring Waist for Resort and Summer Casual Gatherings"
Listing负责人为空,2042,B0HCBQMZW3,SKT3-AJ-XL,,,B0HCBSX9WX,,"Mens Swim Trunks, School of Fish Print Board Shorts with Drawstring Waist for Resort and Summer Coastal Gatherings"
Listing负责人为空,2043,B0HCC8SKHG,SKT4-8111-L,,,B0HCBZ5R31,,"Mens Swim Trunks, Tropical Floral Bird Print Board Shorts with Drawstring Waist for Resort and Summer Casual Events"
Listing负责人为空,2044,B0HCC1FG8Q,SKT2-AB-L,,,B0HCBQRPXK,,"Mens Swim Trunks, Steamed Dumpling Print Board Shorts with Drawstring Waist for Resort and Summer Casual Gatherings"
Listing负责人为空,2045,B0HCC3R4XG,SKT4-A4-XL,,,B0HCBZ5R31,,"Mens Swim Trunks, Flamingo Print Board Shorts with Drawstring Waist for Beach and Daily Casual Occasions"
Listing负责人为空,2046,B0HCC19VQT,SKT4-AJ-L,,,B0HCBZ5R31,,"Mens Swim Trunks, School of Fish Print Board Shorts with Drawstring Waist for Resort and Summer Coastal Gatherings"
Listing负责人为空,2047,B0HCBQCP6F,SKT3-8113-L,,,B0HCBSX9WX,,"Mens Swim Trunks, Mini Palm Tree Print Board Shorts with Drawstring Waist for Resort and Summer Casual Getaways"
Listing负责人为空,2048,B0HCC15P7H,SKT1-AF-L,,,B0HCBPZZKX,,"Mens Swim Trunks, Block Stripe Board Shorts with Drawstring Waist for Resort and Daily Casual Trips"
Listing负责人为空,2049,B0HCBZFW1S,SKT4-A9-XL,,,B0HCBZ5R31,,"Mens Swim Trunks, Pear Print Board Shorts with Drawstring Waist for Resort and Summer Casual Plans"
Listing负责人为空,2050,B0HCBTP7WK,SKT4-AE-L,,,B0HCBZ5R31,,"Mens Swim Trunks, Palm Tree Print Board Shorts with Drawstring Waist for Resort and Summer Casual Getaways"
Listing负责人为空,2051,B0HCBXCSJ4,SKT4-942-XL,,,B0HCBZ5R31,,"Mens Swim Trunks, Multi Color Pineapple Print Board Shorts with Drawstring Waist for Resort and Summer Casual Outings"
Listing负责人为空,2052,B0HCBZFW1T,SKT4-A8-L,,,B0HCBZ5R31,,"Mens Swim Trunks, Cactus Print Board Shorts with Drawstring Waist for Resort and Summer Casual Events"
Listing负责人为空,2053,B0HCC5NT6R,SKT4-A7-XL,,,B0HCBZ5R31,,"Mens Swim Trunks, Bird Print Board Shorts with Drawstring Waist for Resort and Summer Leisure Occasions"
Listing负责人为空,2054,B0HCC3FFN1,KS144-44/45,,,B0HCC3FFN1,,
Listing负责人为空,2055,B0HCBXH741,SKT1-AQ-L,,,B0HCBPZZKX,,"Mens Swim Trunks, Flamingo Print Board Shorts with Drawstring Waist for Resort and Summer Coastal Events"
Listing负责人为空,2056,B0HCC5HHNN,SKT3-A8-XL,,,B0HCBSX9WX,,"Mens Swim Trunks, Cactus Print Board Shorts with Drawstring Waist for Resort and Summer Casual Events"
Listing负责人为空,2057,B0HCBTDHTP,SKT4-AE-XL,,,B0HCBZ5R31,,"Mens Swim Trunks, Palm Tree Print Board Shorts with Drawstring Waist for Resort and Summer Casual Getaways"
Listing负责人为空,2058,B0HCBT99ZW,KS133-40/41,,,B0HCBT99ZW,,
Listing负责人为空,2059,B0HCC16Z8M,SKT2-941-L,,,B0HCBQRPXK,,"Mens Swim Trunks, Pink Flamingo Print Board Shorts with Drawstring Waist for Resort and Summer Coastal Parties"
Listing负责人为空,2060,B0HCBY2BM2,SKT1-941-L,,,B0HCBPZZKX,,"Mens Swim Trunks, Pink Flamingo Print Board Shorts with Drawstring Waist for Resort and Summer Coastal Parties"
Listing负责人为空,2061,B0HCC3V977,SKT4-A6-L,,,B0HCBZ5R31,,"Mens Swim Trunks, Pineapple Print Board Shorts with Drawstring Waist for Resort and Summer Casual Scenarios"
Listing负责人为空,2062,B0HCBZ9F62,SKT1-AG-XL,,,B0HCBPZZKX,,"Mens Swim Trunks, Watermelon Print Board Shorts with Drawstring Waist for Resort and Summer Casual Parties"
Listing负责人为空,2063,B0HCBVM2P1,SKT2-AK-L,,,B0HCBQRPXK,,"Mens Swim Trunks, Large Pineapple Print Board Shorts with Drawstring Waist for Resort and Summer Casual Events"
Listing负责人为空,2064,B0HCC2J4XJ,SKT2-AM-XL,,,B0HCBQRPXK,,"Mens Swim Trunks, Mini Pineapple Print Board Shorts with Drawstring Waist for Resort and Summer Casual Trips"
Listing负责人为空,2065,B0HCBXCHJK,SKT3-941-XL,,,B0HCBSX9WX,,"Mens Swim Trunks, Pink Flamingo Print Board Shorts with Drawstring Waist for Resort and Summer Coastal Parties"
Listing负责人为空,2066,B0HCBX3FFD,SKT4-941-L,,,B0HCBZ5R31,,"Mens Swim Trunks, Pink Flamingo Print Board Shorts with Drawstring Waist for Resort and Summer Coastal Parties"
Listing负责人为空,2067,B0HCBWVHMQ,SKT4-A5-L,,,B0HCBZ5R31,,"Mens Swim Trunks, Patriotic Flag Print Board Shorts with Drawstring Waist for Holiday and Resort Casual Activities"
Listing负责人为空,2068,B0HCBWJTW8,SKT3-A5-L,,,B0HCBSX9WX,,"Mens Swim Trunks, Patriotic Flag Print Board Shorts with Drawstring Waist for Holiday and Resort Casual Activities"
Listing负责人为空,2069,B0HCC3QN7Y,SKT1-AM-L,,,B0HCBPZZKX,,"Mens Swim Trunks, Mini Pineapple Print Board Shorts with Drawstring Waist for Resort and Summer Casual Trips"
Listing负责人为空,2070,B0HCC1W58C,SKT3-942-XL,,,B0HCBSX9WX,,"Mens Swim Trunks, Multi Color Pineapple Print Board Shorts with Drawstring Waist for Resort and Summer Casual Outings"
Listing负责人为空,2071,B0HCBXK5YN,SKT2-AA-XL,,,B0HCBQRPXK,,"Mens Swim Trunks, Vertical Stripe Board Shorts with Drawstring Waist for Resort and Daily Leisure Events"
Listing负责人为空,2072,B0HCBYYWCT,SKT2-AF-XL,,,B0HCBQRPXK,,"Mens Swim Trunks, Block Stripe Board Shorts with Drawstring Waist for Resort and Daily Casual Trips"
Listing负责人为空,2073,B0HCC91G3F,SKT1-PG-XL,,,B0HCBPZZKX,,"Mens Swim Trunks, Two Tone Shark Print Board Shorts with Drawstring Waist for Resort and Summer Coastal Trips"
Listing负责人为空,2074,B0HCBZLY17,SKT3-AL-L,,,B0HCBSX9WX,,"Mens Swim Trunks, Flamingo Print Board Shorts with Drawstring Waist for Resort and Summer Coastal Parties"
Listing负责人为空,2075,B0HCC31HMS,SKT3-941-L,,,B0HCBSX9WX,,"Mens Swim Trunks, Pink Flamingo Print Board Shorts with Drawstring Waist for Resort and Summer Coastal Parties"
Listing负责人为空,2076,B0HCC8Q2P4,SKT2-AK-XL,,,B0HCBQRPXK,,"Mens Swim Trunks, Large Pineapple Print Board Shorts with Drawstring Waist for Resort and Summer Casual Events"
Listing负责人为空,2077,B0HCBQW9CR,SKT4-8111-XL,,,B0HCBZ5R31,,"Mens Swim Trunks, Tropical Floral Bird Print Board Shorts with Drawstring Waist for Resort and Summer Casual Events"
Listing负责人为空,2078,B0HCBTP1J3,SKT3-PF-L,,,B0HCBSX9WX,,"Mens Swim Trunks, Anchor Print Board Shorts with Drawstring Waist for Resort and Nautical Casual Events"
Listing负责人为空,2079,B0HCBZ5G4Q,SKT4-AF-L,,,B0HCBZ5R31,,"Mens Swim Trunks, Block Stripe Board Shorts with Drawstring Waist for Resort and Daily Casual Trips"
Listing负责人为空,2080,B0HCBPSLL2,SKT1-PG-L,,,B0HCBPZZKX,,"Mens Swim Trunks, Two Tone Shark Print Board Shorts with Drawstring Waist for Resort and Summer Coastal Trips"
Listing负责人为空,2081,B0HCBX6B44,KS174-36/37,,,B0HCBQKX2N,,
Listing负责人为空,2097,B0HBV41GZ2,SP-fenzhiqi3-s,,,B0HCY3HK4F,,"2 Pack Fabric Sleeve Toe Spacers, Reusable Nail Care Tool for Overlapping Toes Foot Grooming, Bonus Adhesive Tape"
Listing负责人为空,2098,B0HBV8SNDR,SP-fenzhiqi3-l,,,B0HCY3HK4F,,"2 Pack Fabric Sleeve Toe Spacers, Reusable Nail Care Tool for Overlapping Toes Foot Grooming, Bonus Adhesive Tape"
Listing负责人为空,2099,B0HBQMTS64,KS100-40/41,,,B0HBQMTS64,,"Water Shoes for Women Men, Aqua Socks, Quick Dry Slip On for Beach Pool Resort Lake Travel Pair, KS100, Adult Travel"
Listing负责人为空,2100,B0HBQHJ1LY,KS100-42/43,,,B0HBQHJ1LY,,"Water Shoes for Women Men, Aqua Socks, Quick Dry Slip On for Beach Pool Resort Lake Travel Pair, KS100, Adult Travel"
Listing负责人为空,2101,B0HBQMTP77,KS110-44/45,,,B0HBQRBG8J,,
Listing负责人为空,2102,B0HBQMPYGL,KS100-44/45,,,B0HBQMPYGL,,"Water Shoes for Women Men, Aqua Socks, Quick Dry Slip On for Beach Pool Resort Lake Travel Pair, KS100, Adult Travel"
Listing负责人为空,2103,B0HBQQVZGJ,KS100-38/39,,,B0HBQQVZGJ,,"Water Shoes for Women Men, Aqua Socks, Quick Dry Slip On for Beach Pool Resort Lake Travel Pair, KS100, Adult Travel"
Listing负责人为空,2104,B0HBQRY2V3,KS100-36/37,,,B0HBQRY2V3,,"Water Shoes for Women Men, Aqua Socks, Quick Dry Slip On for Beach Pool Resort Lake Travel Pair, KS100, Adult Travel"
Listing负责人为空,2106,B0H9B72CJ2,WESDW-EJSNH-GREEN-1,,未分配,B0H9BB8BVQ,,Silicone Earphone Storage Case 9x8x2.5cm Drop-Resistant
Listing负责人为空,2107,B0H99WLQDJ,WESDW-EJSNH-RED-1,,未分配,B0H9BB8BVQ,,Silicone Earphone Storage Case 9x8x2.5cm Drop-Resistant
Listing负责人为空,2108,B0H9BBGBSQ,WESDW-EJSNH-GRAY-1,,未分配,B0H9BB8BVQ,,Silicone Earphone Storage Case 9x8x2.5cm Drop-Resistant
Listing负责人为空,2109,B0H98RXR5K,WESDW-SJXSNQ-WHITE-6,,未分配,B0H98DDBBC,,"Magnetic Cable Organizer, White 6 Pack, Desk Wall Cord Holder Clips for Charging Cables"
Listing负责人为空,2110,B0H98HP2L1,WESDW-SJXSNQ-BLACK-6,,未分配,B0H98DDBBC,,"Magnetic Cable Organizer, Black 6 Pack, Desk Wall Cord Holder Clips for Charging Cables"
Listing负责人为空,2111,B0H98SDFWL,WESDW-SJXSNQ-BLACK-3,,未分配,B0H98DDBBC,,"Magnetic Cable Organizer, Black 3 Pack, Desk Wall Cord Holder Clips for Charging Cables"
Listing负责人为空,2112,B0H98MRSXL,WESDW-SJXSNQ-WHITE-3,,未分配,B0H98DDBBC,,"Magnetic Cable Organizer, White 3 Pack, Desk Wall Cord Holder Clips for Charging Cables"
Listing负责人为空,2151,B0H75FDTFJ,SP-qingwa1-1,,,B0H74ZCLDL,,"Frog Couple Bench Garden Decoration, 2D Retro Acrylic Lawn Ornament, Cute Frog Statue Sign for Courtyard Lawn Patio Outdoor Decor (Green)"
Listing负责人为空,2158,B0H4R6CF53,SP-aixin-whlite,,,B0H4R3H2MW,,"Plush Heart-Shaped Cosmetic Bag, Soft Square Makeup Pouch, Creative Quilted Toiletry Organizer for Women"
Listing负责人为空,2160,B0H4H415P6,SKT4-AG-L,,,B0H4KCMXGQ,,"Mens Swim Trunks, Watermelon Print Board Shorts with Drawstring Waist for Resort and Summer Casual Parties"
Listing负责人为空,2161,B0H4H21S5H,SKT4-AU-XL,,,B0H4KCMXGQ,,"Mens Swim Trunks, Pink Flamingo Print Board Shorts with Drawstring Waist for Resort and Summer Casual Parties"
Listing负责人为空,2162,B0H4GYKSP5,SKT2-AQ-XL,,,B0HBVQFW9W,,"Mens Swim Trunks, Flamingo Print Board Shorts with Drawstring Waist for Resort and Summer Coastal Events"
Listing负责人为空,2163,B0H4H8NRVX,SKT3-A6-L,,,B0HBTQQ1V3,,"Mens Swim Trunks, Pineapple Print Board Shorts with Drawstring Waist for Resort and Summer Casual Scenarios"
Listing负责人为空,2164,B0H4H1YHX5,SKT3-AF-L,,,B0H4KJW7Y8,,"Mens Swim Trunks, Block Stripe Board Shorts with Drawstring Waist for Resort and Daily Casual Trips"
Listing负责人为空,2165,B0H4H6G3W9,SKT3-A5-L,,,B0HBTQQ1V3,,"Mens Swim Trunks, Patriotic Flag Print Board Shorts with Drawstring Waist for Holiday and Resort Casual Activities"
Listing负责人为空,2166,B0H4H4S7X2,SKT2-A9-L,,,B0HBVQFW9W,,"Mens Swim Trunks, Pear Print Board Shorts with Drawstring Waist for Resort and Summer Casual Plans"
Listing负责人为空,2167,B0H4H2Y91L,SKT4-AA-XL,,,B0HBVR3V51,,"Mens Swim Trunks, Vertical Stripe Board Shorts with Drawstring Waist for Resort and Daily Leisure Events"
Listing负责人为空,2168,B0H4H2H5D2,SKT2-AR-XL,,,B0H4JXMNSP,,"Mens Swim Trunks, Palm Tree Print Board Shorts with Drawstring Waist for Resort and Summer Casual Getaways"
Listing负责人为空,2169,B0H4H1Q7CP,SKT2-AQ-L,,,B0H4JXMNSP,,"Mens Swim Trunks, Flamingo Print Board Shorts with Drawstring Waist for Resort and Summer Coastal Events"
Listing负责人为空,2170,B0H4H1QDPG,SKT3-PG-XL,,,B0HBTQQ1V3,,"Mens Swim Trunks, Two Tone Shark Print Board Shorts with Drawstring Waist for Resort and Summer Coastal Trips"
Listing负责人为空,2171,B0H4GY6RS2,SKT4-942-XL,,,B0H4KCMXGQ,,"Mens Swim Trunks, Multi Color Pineapple Print Board Shorts with Drawstring Waist for Resort and Summer Casual Outings"
Listing负责人为空,2172,B0H4GSLB4F,SKT3-942-L,,,B0HBTQQ1V3,,"Mens Swim Trunks, Multi Color Pineapple Print Board Shorts with Drawstring Waist for Resort and Summer Casual Outings"
Listing负责人为空,2173,B0H4H2H27X,SKT2-A8-XL,,,B0HBVQFW9W,,"Mens Swim Trunks, Cactus Print Board Shorts with Drawstring Waist for Resort and Summer Casual Events"
Listing负责人为空,2174,B0H4H255C7,SKT2-AE-XL,,,B0H4JXMNSP,,"Mens Swim Trunks, Palm Tree Print Board Shorts with Drawstring Waist for Resort and Summer Casual Getaways"
Listing负责人为空,2175,B0H4GZSHK2,SKT4-AK-XL,,,B0HBVR3V51,,"Mens Swim Trunks, Large Pineapple Print Board Shorts with Drawstring Waist for Resort and Summer Casual Events"
Listing负责人为空,2176,B0H4H2X8Q7,SKT3-A7-XL,,,B0H4KJW7Y8,,"Mens Swim Trunks, Bird Print Board Shorts with Drawstring Waist for Resort and Summer Leisure Occasions"
Listing负责人为空,2177,B0H4H3M3VX,SKT3-A6-XL,,,B0HBTQQ1V3,,"Mens Swim Trunks, Pineapple Print Board Shorts with Drawstring Waist for Resort and Summer Casual Scenarios"
Listing负责人为空,2178,B0H4GWFSK7,SKT4-PG-L,,,B0H4KCMXGQ,,"Mens Swim Trunks, Two Tone Shark Print Board Shorts with Drawstring Waist for Resort and Summer Coastal Trips"
Listing负责人为空,2179,B0H4H8P2GG,SKT2-AM-L,,,B0HBVQFW9W,,"Mens Swim Trunks, Mini Pineapple Print Board Shorts with Drawstring Waist for Resort and Summer Casual Trips"
Listing负责人为空,2180,B0H4H2BFVR,SKT2-A8-L,,,B0HBVQFW9W,,"Mens Swim Trunks, Cactus Print Board Shorts with Drawstring Waist for Resort and Summer Casual Events"
Listing负责人为空,2181,B0H4GYD65W,SKT2-AH-L,,,B0HBVQFW9W,,"Mens Swim Trunks, Pineapple Print Board Shorts with Drawstring Waist for Resort and Summer Casual Occasions"
Listing负责人为空,2182,B0H4GYDNYW,SKT3-AN-L,,,B0HBTQQ1V3,,"Mens Swim Trunks, Triangle Print Board Shorts with Drawstring Waist for Resort and Summer Casual Gatherings"
Listing负责人为空,2183,B0H4H6HSRS,SKT3-AM-XL,,,B0H4KJW7Y8,,"Mens Swim Trunks, Mini Pineapple Print Board Shorts with Drawstring Waist for Resort and Summer Casual Trips"
Listing负责人为空,2184,B0H4H53SHM,SKT3-A8-XL,,,B0HBTQQ1V3,,"Mens Swim Trunks, Cactus Print Board Shorts with Drawstring Waist for Resort and Summer Casual Events"
Listing负责人为空,2185,B0H4GZDFBP,SKT3-AT-L,,,B0H4KJW7Y8,,"Mens Swim Trunks, Shark Print Board Shorts with Drawstring Waist for Resort and Summer Coastal Gatherings"
Listing负责人为空,2186,B0H4H5Y266,SKT3-AN-XL,,,B0HBTQQ1V3,,"Mens Swim Trunks, Triangle Print Board Shorts with Drawstring Waist for Resort and Summer Casual Gatherings"
Listing负责人为空,2187,B0H4GZC193,SKT3-8111-L,,,B0HBTQQ1V3,,"Mens Swim Trunks, Tropical Floral Bird Print Board Shorts with Drawstring Waist for Resort and Summer Casual Events"
Listing负责人为空,2188,B0H4H3Q2SJ,SKT4-AL-XL,,,B0HBVR3V51,,"Mens Swim Trunks, Flamingo Print Board Shorts with Drawstring Waist for Resort and Summer Coastal Parties"
Listing负责人为空,2189,B0H4H1KZ7P,SKT4-AG-XL,,,B0H4KCMXGQ,,"Mens Swim Trunks, Watermelon Print Board Shorts with Drawstring Waist for Resort and Summer Casual Parties"
Listing负责人为空,2190,B0H4H2FVDD,SKT4-941-XL,,,B0HBVR3V51,,"Mens Swim Trunks, Pink Flamingo Print Board Shorts with Drawstring Waist for Resort and Summer Coastal Parties"
Listing负责人为空,2191,B0H4H6MZZC,SKT4-PF-L,,,B0HBVR3V51,,"Mens Swim Trunks, Anchor Print Board Shorts with Drawstring Waist for Resort and Nautical Casual Events"
Listing负责人为空,2192,B0H4GWC6TT,SKT2-8111-XL,,,B0HBVQFW9W,,"Mens Swim Trunks, Tropical Floral Bird Print Board Shorts with Drawstring Waist for Resort and Summer Casual Events"
Listing负责人为空,2193,B0H4GW7WG2,SKT3-PF-XL,,,B0HBTQQ1V3,,"Mens Swim Trunks, Anchor Print Board Shorts with Drawstring Waist for Resort and Nautical Casual Events"
Listing负责人为空,2194,B0H4H1R6YP,SKT3-AQ-L,,,B0HBTQQ1V3,,"Mens Swim Trunks, Flamingo Print Board Shorts with Drawstring Waist for Resort and Summer Coastal Events"
Listing负责人为空,2195,B0H4H3LWZD,SKT3-PF-L,,,B0HBTQQ1V3,,"Mens Swim Trunks, Anchor Print Board Shorts with Drawstring Waist for Resort and Nautical Casual Events"
Listing负责人为空,2196,B0H4GXTPSY,SKT2-AG-L,,,B0HBVQFW9W,,"Mens Swim Trunks, Watermelon Print Board Shorts with Drawstring Waist for Resort and Summer Casual Parties"
Listing负责人为空,2197,B0H4H4LJ4N,SKT3-PG-L,,,B0HBTQQ1V3,,"Mens Swim Trunks, Two Tone Shark Print Board Shorts with Drawstring Waist for Resort and Summer Coastal Trips"
Listing负责人为空,2198,B0H4GTWY78,SKT2-AA-L,,,B0HBVQFW9W,,"Mens Swim Trunks, Vertical Stripe Board Shorts with Drawstring Waist for Resort and Daily Leisure Events"
Listing负责人为空,2199,B0H4H52Z64,SKT4-AM-L,,,B0HBVR3V51,,"Mens Swim Trunks, Mini Pineapple Print Board Shorts with Drawstring Waist for Resort and Summer Casual Trips"
Listing负责人为空,2200,B0H4GYKFNV,SKT4-A4-L,,,B0H4KCMXGQ,,"Mens Swim Trunks, Flamingo Print Board Shorts with Drawstring Waist for Beach and Daily Casual Occasions"
Listing负责人为空,2201,B0H4H6SYH6,SKT4-A4-XL,,,B0HBVR3V51,,"Mens Swim Trunks, Flamingo Print Board Shorts with Drawstring Waist for Beach and Daily Casual Occasions"
Listing负责人为空,2202,B0H4H183FR,SKT2-AA-XL,,,B0H4JXMNSP,,"Mens Swim Trunks, Vertical Stripe Board Shorts with Drawstring Waist for Resort and Daily Leisure Events"
Listing负责人为空,2203,B0H4GXRNLF,SKT3-AG-L,,,B0H4KJW7Y8,,"Mens Swim Trunks, Watermelon Print Board Shorts with Drawstring Waist for Resort and Summer Casual Parties"
Listing负责人为空,2204,B0H4HH7HT8,SKT4-AA-L,,,B0HBVR3V51,,"Mens Swim Trunks, Vertical Stripe Board Shorts with Drawstring Waist for Resort and Daily Leisure Events"
Listing负责人为空,2205,B0H4HCPHMY,SKT2-AL-XL,,,B0HBVQFW9W,,"Mens Swim Trunks, Flamingo Print Board Shorts with Drawstring Waist for Resort and Summer Coastal Parties"
Listing负责人为空,2206,B0H4GR5C8H,SKT3-AJ-XL,,,B0HBTQQ1V3,,"Mens Swim Trunks, School of Fish Print Board Shorts with Drawstring Waist for Resort and Summer Coastal Gatherings"
Listing负责人为空,2207,B0H4H5588S,SKT4-AL-L,,,B0HBVR3V51,,"Mens Swim Trunks, Flamingo Print Board Shorts with Drawstring Waist for Resort and Summer Coastal Parties"
Listing负责人为空,2208,B0H4H3SJ3Q,SKT4-AB-XL,,,B0HBVR3V51,,"Mens Swim Trunks, Steamed Dumpling Print Board Shorts with Drawstring Waist for Resort and Summer Casual Gatherings"
Listing负责人为空,2209,B0H4H6N6JV,SKT2-942-L,,,B0H4JXMNSP,,"Mens Swim Trunks, Multi Color Pineapple Print Board Shorts with Drawstring Waist for Resort and Summer Casual Outings"
Listing负责人为空,2210,B0H4GZJ2NG,SKT2-AU-L,,,B0H4JXMNSP,,"Mens Swim Trunks, Pink Flamingo Print Board Shorts with Drawstring Waist for Resort and Summer Casual Parties"
Listing负责人为空,2211,B0H4GZXHTH,SKT4-A5-L,,,B0H4KCMXGQ,,"Mens Swim Trunks, Patriotic Flag Print Board Shorts with Drawstring Waist for Holiday and Resort Casual Activities"
Listing负责人为空,2212,B0H4H66QJY,SKT4-AF-XL,,,B0HBVR3V51,,"Mens Swim Trunks, Block Stripe Board Shorts with Drawstring Waist for Resort and Daily Casual Trips"
Listing负责人为空,2213,B0H4H3LLJW,SKT3-AE-L,,,B0H4KJW7Y8,,"Mens Swim Trunks, Palm Tree Print Board Shorts with Drawstring Waist for Resort and Summer Casual Getaways"
Listing负责人为空,2214,B0H4H1F5R1,SKT3-A9-L,,,B0HBTQQ1V3,,"Mens Swim Trunks, Pear Print Board Shorts with Drawstring Waist for Resort and Summer Casual Plans"
Listing负责人为空,2215,B0H4GVDFLC,SKT3-AB-XL,,,B0HBTQQ1V3,,"Mens Swim Trunks, Steamed Dumpling Print Board Shorts with Drawstring Waist for Resort and Summer Casual Gatherings"
Listing负责人为空,2216,B0H4H4JS4K,SKT4-AQ-L,,,B0H4KCMXGQ,,"Mens Swim Trunks, Flamingo Print Board Shorts with Drawstring Waist for Resort and Summer Coastal Events"
Listing负责人为空,2217,B0H4H7CN16,SKT4-PG-XL,,,B0H4KCMXGQ,,"Mens Swim Trunks, Two Tone Shark Print Board Shorts with Drawstring Waist for Resort and Summer Coastal Trips"
Listing负责人为空,2218,B0H4GWCYWZ,SKT2-941-L,,,B0H4JXMNSP,,"Mens Swim Trunks, Pink Flamingo Print Board Shorts with Drawstring Waist for Resort and Summer Coastal Parties"
Listing负责人为空,2219,B0H4H1CNRP,SKT2-AH-XL,,,B0HBVQFW9W,,"Mens Swim Trunks, Pineapple Print Board Shorts with Drawstring Waist for Resort and Summer Casual Occasions"
Listing负责人为空,2220,B0H4H8RW5T,SKT3-AB-L,,,B0HBTQQ1V3,,"Mens Swim Trunks, Steamed Dumpling Print Board Shorts with Drawstring Waist for Resort and Summer Casual Gatherings"
Listing负责人为空,2221,B0H4GZDQDS,SKT3-AK-XL,,,B0HBTQQ1V3,,"Mens Swim Trunks, Large Pineapple Print Board Shorts with Drawstring Waist for Resort and Summer Casual Events"
Listing负责人为空,2222,B0H4H1VRKJ,SKT3-AL-XL,,,B0HBTQQ1V3,,"Mens Swim Trunks, Flamingo Print Board Shorts with Drawstring Waist for Resort and Summer Coastal Parties"
Listing负责人为空,2223,B0H4H35FFY,SKT4-AT-XL,,,B0HBVR3V51,,"Mens Swim Trunks, Shark Print Board Shorts with Drawstring Waist for Resort and Summer Coastal Gatherings"
Listing负责人为空,2224,B0H4H789ZV,SKT2-PF-XL,,,B0HBVQFW9W,,"Mens Swim Trunks, Anchor Print Board Shorts with Drawstring Waist for Resort and Nautical Casual Events"
Listing负责人为空,2225,B0H4GZLJ2W,SKT3-8113-XL,,,B0H4KJW7Y8,,"Mens Swim Trunks, Mini Palm Tree Print Board Shorts with Drawstring Waist for Resort and Summer Casual Getaways"
Listing负责人为空,2226,B0H4H65R2R,SKT3-AP-L,,,B0H4KJW7Y8,,"Mens Swim Trunks, Banana Print Board Shorts with Drawstring Waist for Resort and Summer Casual Outings"
Listing负责人为空,2227,B0H4H2BX47,SKT2-A5-XL,,,B0HBVQFW9W,,"Mens Swim Trunks, Patriotic Flag Print Board Shorts with Drawstring Waist for Holiday and Resort Casual Activities"
Listing负责人为空,2228,B0H4HDTSJ9,SKT4-A6-L,,,B0H4KCMXGQ,,"Mens Swim Trunks, Pineapple Print Board Shorts with Drawstring Waist for Resort and Summer Casual Scenarios"
Listing负责人为空,2229,B0H4GXYDQV,SKT4-AP-L,,,B0HBVR3V51,,"Mens Swim Trunks, Banana Print Board Shorts with Drawstring Waist for Resort and Summer Casual Outings"
Listing负责人为空,2230,B0H4H2DX28,SKT2-941-XL,,,B0H4JXMNSP,,"Mens Swim Trunks, Pink Flamingo Print Board Shorts with Drawstring Waist for Resort and Summer Coastal Parties"
Listing负责人为空,2231,B0H4H5B6Q5,SKT2-PF-L,,,B0HBVQFW9W,,"Mens Swim Trunks, Anchor Print Board Shorts with Drawstring Waist for Resort and Nautical Casual Events"
Listing负责人为空,2232,B0H4H1FS2S,SKT4-A8-L,,,B0H4KCMXGQ,,"Mens Swim Trunks, Cactus Print Board Shorts with Drawstring Waist for Resort and Summer Casual Events"
Listing负责人为空,2233,B0H4H5FM5M,SKT2-PG-L,,,B0HBVQFW9W,,"Mens Swim Trunks, Two Tone Shark Print Board Shorts with Drawstring Waist for Resort and Summer Coastal Trips"
Listing负责人为空,2234,B0H4H5B6Q4,SKT2-AK-XL,,,B0HBVQFW9W,,"Mens Swim Trunks, Large Pineapple Print Board Shorts with Drawstring Waist for Resort and Summer Casual Events"
Listing负责人为空,2235,B0H4H94H7Y,SKT2-A7-L,,,B0HBVQFW9W,,"Mens Swim Trunks, Bird Print Board Shorts with Drawstring Waist for Resort and Summer Leisure Occasions"
Listing负责人为空,2236,B0H4H2P3WF,SKT2-A4-XL,,,B0HBVQFW9W,,"Mens Swim Trunks, Flamingo Print Board Shorts with Drawstring Waist for Beach and Daily Casual Occasions"
Listing负责人为空,2237,B0H4H66HNQ,SKT4-A6-XL,,,B0HBVR3V51,,"Mens Swim Trunks, Pineapple Print Board Shorts with Drawstring Waist for Resort and Summer Casual Scenarios"
Listing负责人为空,2238,B0H4H35KZ2,SKT4-AK-L,,,B0HBVR3V51,,"Mens Swim Trunks, Large Pineapple Print Board Shorts with Drawstring Waist for Resort and Summer Casual Events"
Listing负责人为空,2239,B0H4H6CYVH,SKT3-AG-XL,,,B0HBTQQ1V3,,"Mens Swim Trunks, Watermelon Print Board Shorts with Drawstring Waist for Resort and Summer Casual Parties"
Listing负责人为空,2240,B0H4HCGHZ4,SKT3-AR-XL,,,B0HBTQQ1V3,,"Mens Swim Trunks, Palm Tree Print Board Shorts with Drawstring Waist for Resort and Summer Casual Getaways"
Listing负责人为空,2241,B0H4GQH2JQ,SKT4-AF-L,,,B0HBVR3V51,,"Mens Swim Trunks, Block Stripe Board Shorts with Drawstring Waist for Resort and Daily Casual Trips"
Listing负责人为空,2242,B0H4H6H12D,SKT3-AU-L,,,B0HBTQQ1V3,,"Mens Swim Trunks, Pink Flamingo Print Board Shorts with Drawstring Waist for Resort and Summer Casual Parties"
Listing负责人为空,2243,B0H4H4GJJS,SKT2-A9-XL,,,B0HBVQFW9W,,"Mens Swim Trunks, Pear Print Board Shorts with Drawstring Waist for Resort and Summer Casual Plans"
Listing负责人为空,2244,B0H4GXH9P7,SKT2-AT-L,,,B0HBVQFW9W,,"Mens Swim Trunks, Shark Print Board Shorts with Drawstring Waist for Resort and Summer Coastal Gatherings"
Listing负责人为空,2245,B0H4H93CKV,SKT2-AN-L,,,B0HBVQFW9W,,"Mens Swim Trunks, Triangle Print Board Shorts with Drawstring Waist for Resort and Summer Casual Gatherings"
Listing负责人为空,2246,B0H4HCPW3R,SKT3-941-XL,,,B0HBTQQ1V3,,"Mens Swim Trunks, Pink Flamingo Print Board Shorts with Drawstring Waist for Resort and Summer Coastal Parties"
Listing负责人为空,2247,B0H4H6SJMW,SKT3-AJ-L,,,B0HBTQQ1V3,,"Mens Swim Trunks, School of Fish Print Board Shorts with Drawstring Waist for Resort and Summer Coastal Gatherings"
Listing负责人为空,2248,B0H4H7FG26,SKT4-AH-L,,,B0HBVR3V51,,"Mens Swim Trunks, Pineapple Print Board Shorts with Drawstring Waist for Resort and Summer Casual Occasions"
Listing负责人为空,2249,B0H4H5FFB8,SKT2-AR-L,,,B0HBVQFW9W,,"Mens Swim Trunks, Palm Tree Print Board Shorts with Drawstring Waist for Resort and Summer Casual Getaways"
Listing负责人为空,2250,B0H4H5NHN1,SKT3-AQ-XL,,,B0HBTQQ1V3,,"Mens Swim Trunks, Flamingo Print Board Shorts with Drawstring Waist for Resort and Summer Coastal Events"
Listing负责人为空,2251,B0H4H1QB7J,SKT4-AQ-XL,,,B0HBVR3V51,,"Mens Swim Trunks, Flamingo Print Board Shorts with Drawstring Waist for Resort and Summer Coastal Events"
Listing负责人为空,2252,B0H4GWLRD1,SKT3-A9-XL,,,B0H4KJW7Y8,,"Mens Swim Trunks, Pear Print Board Shorts with Drawstring Waist for Resort and Summer Casual Plans"
Listing负责人为空,2253,B0H4H6PHHR,SKT2-AJ-L,,,B0HBVQFW9W,,"Mens Swim Trunks, School of Fish Print Board Shorts with Drawstring Waist for Resort and Summer Coastal Gatherings"
Listing负责人为空,2254,B0H4H6M6T5,SKT2-AK-L,,,B0HBVQFW9W,,"Mens Swim Trunks, Large Pineapple Print Board Shorts with Drawstring Waist for Resort and Summer Casual Events"
Listing负责人为空,2255,B0H4H9VYL2,SKT4-A9-XL,,,B0H4KCMXGQ,,"Mens Swim Trunks, Pear Print Board Shorts with Drawstring Waist for Resort and Summer Casual Plans"
Listing负责人为空,2256,B0H4GY3B2V,SKT4-A7-XL,,,B0HBVR3V51,,"Mens Swim Trunks, Bird Print Board Shorts with Drawstring Waist for Resort and Summer Leisure Occasions"
Listing负责人为空,2257,B0H4H1G535,SKT4-AJ-XL,,,B0HBVR3V51,,"Mens Swim Trunks, School of Fish Print Board Shorts with Drawstring Waist for Resort and Summer Coastal Gatherings"
Listing负责人为空,2258,B0H4H96WSR,SKT2-8113-XL,,,B0HBVQFW9W,,"Mens Swim Trunks, Mini Palm Tree Print Board Shorts with Drawstring Waist for Resort and Summer Casual Getaways"
Listing负责人为空,2259,B0H4GY83PT,SKT2-AL-L,,,B0HBVQFW9W,,"Mens Swim Trunks, Flamingo Print Board Shorts with Drawstring Waist for Resort and Summer Coastal Parties"
Listing负责人为空,2260,B0H4H319N1,SKT4-AB-L,,,B0HBVR3V51,,"Mens Swim Trunks, Steamed Dumpling Print Board Shorts with Drawstring Waist for Resort and Summer Casual Gatherings"
Listing负责人为空,2261,B0H4H1Y4R6,SKT3-AA-L,,,B0HBTQQ1V3,,"Mens Swim Trunks, Vertical Stripe Board Shorts with Drawstring Waist for Resort and Daily Leisure Events"
Listing负责人为空,2262,B0H4GWCPC2,SKT4-AR-L,,,B0H4KCMXGQ,,"Mens Swim Trunks, Palm Tree Print Board Shorts with Drawstring Waist for Resort and Summer Casual Getaways"
Listing负责人为空,2263,B0H4H3WC72,SKT2-A4-L,,,B0HBVQFW9W,,"Mens Swim Trunks, Flamingo Print Board Shorts with Drawstring Waist for Beach and Daily Casual Occasions"
Listing负责人为空,2264,B0H4H9V8L9,SKT4-AP-XL,,,B0HBVR3V51,,"Mens Swim Trunks, Banana Print Board Shorts with Drawstring Waist for Resort and Summer Casual Outings"
Listing负责人为空,2265,B0H4H3TYTW,SKT4-8111-XL,,,B0HBVR3V51,,"Mens Swim Trunks, Tropical Floral Bird Print Board Shorts with Drawstring Waist for Resort and Summer Casual Events"
Listing负责人为空,2266,B0H4H52Z61,SKT4-AE-XL,,,B0HBVR3V51,,"Mens Swim Trunks, Palm Tree Print Board Shorts with Drawstring Waist for Resort and Summer Casual Getaways"
Listing负责人为空,2267,B0H4H6JPPZ,SKT2-AP-XL,,,B0H4JXMNSP,,"Mens Swim Trunks, Banana Print Board Shorts with Drawstring Waist for Resort and Summer Casual Outings"
Listing负责人为空,2268,B0H4H8JYV7,SKT4-A9-L,,,B0H4KCMXGQ,,"Mens Swim Trunks, Pear Print Board Shorts with Drawstring Waist for Resort and Summer Casual Plans"
Listing负责人为空,2269,B0H4H96DW9,SKT3-AE-XL,,,B0HBTQQ1V3,,"Mens Swim Trunks, Palm Tree Print Board Shorts with Drawstring Waist for Resort and Summer Casual Getaways"
Listing负责人为空,2270,B0H4H3KGJM,SKT3-A5-XL,,,B0HBTQQ1V3,,"Mens Swim Trunks, Patriotic Flag Print Board Shorts with Drawstring Waist for Holiday and Resort Casual Activities"
Listing负责人为空,2271,B0H4H1M52C,SKT3-8111-XL,,,B0HBTQQ1V3,,"Mens Swim Trunks, Tropical Floral Bird Print Board Shorts with Drawstring Waist for Resort and Summer Casual Events"
Listing负责人为空,2272,B0H4H688T4,SKT3-8113-L,,,B0HBTQQ1V3,,"Mens Swim Trunks, Mini Palm Tree Print Board Shorts with Drawstring Waist for Resort and Summer Casual Getaways"
Listing负责人为空,2273,B0H4H1J3QV,SKT4-A5-XL,,,B0H4KCMXGQ,,"Mens Swim Trunks, Patriotic Flag Print Board Shorts with Drawstring Waist for Holiday and Resort Casual Activities"
Listing负责人为空,2274,B0H4H3Q92K,SKT4-AT-L,,,B0HBVR3V51,,"Mens Swim Trunks, Shark Print Board Shorts with Drawstring Waist for Resort and Summer Coastal Gatherings"
Listing负责人为空,2275,B0H4H36KFR,SKT4-AH-XL,,,B0HBVR3V51,,"Mens Swim Trunks, Pineapple Print Board Shorts with Drawstring Waist for Resort and Summer Casual Occasions"
Listing负责人为空,2276,B0H4H95TD4,SKT4-PF-XL,,,B0HBVR3V51,,"Mens Swim Trunks, Anchor Print Board Shorts with Drawstring Waist for Resort and Nautical Casual Events"
Listing负责人为空,2277,B0H4GZ8HYV,SKT3-AP-XL,,,B0HBTQQ1V3,,"Mens Swim Trunks, Banana Print Board Shorts with Drawstring Waist for Resort and Summer Casual Outings"
Listing负责人为空,2278,B0H4H2RH2R,SKT4-AJ-L,,,B0H4KCMXGQ,,"Mens Swim Trunks, School of Fish Print Board Shorts with Drawstring Waist for Resort and Summer Coastal Gatherings"
Listing负责人为空,2279,B0H4H93S6M,SKT3-A4-L,,,B0HBTQQ1V3,,"Mens Swim Trunks, Flamingo Print Board Shorts with Drawstring Waist for Beach and Daily Casual Occasions"
Listing负责人为空,2280,B0H4H3KY3C,SKT4-8113-XL,,,B0HBVR3V51,,"Mens Swim Trunks, Mini Palm Tree Print Board Shorts with Drawstring Waist for Resort and Summer Casual Getaways"
Listing负责人为空,2281,B0H4GRY6FH,SKT3-AT-XL,,,B0HBTQQ1V3,,"Mens Swim Trunks, Shark Print Board Shorts with Drawstring Waist for Resort and Summer Coastal Gatherings"
Listing负责人为空,2282,B0H4HCH8NT,SKT2-AF-XL,,,B0H4JXMNSP,,"Mens Swim Trunks, Block Stripe Board Shorts with Drawstring Waist for Resort and Daily Casual Trips"
Listing负责人为空,2283,B0H4HCDRP4,SKT2-AF-L,,,B0HBVQFW9W,,"Mens Swim Trunks, Block Stripe Board Shorts with Drawstring Waist for Resort and Daily Casual Trips"
Listing负责人为空,2284,B0H4H1H7TQ,SKT4-AE-L,,,B0HBVR3V51,,"Mens Swim Trunks, Palm Tree Print Board Shorts with Drawstring Waist for Resort and Summer Casual Getaways"
Listing负责人为空,2285,B0H4H98LLM,SKT2-PG-XL,,,B0H4JXMNSP,,"Mens Swim Trunks, Two Tone Shark Print Board Shorts with Drawstring Waist for Resort and Summer Coastal Trips"
Listing负责人为空,2286,B0H4H41ZG8,SKT2-A7-XL,,,B0HBVQFW9W,,"Mens Swim Trunks, Bird Print Board Shorts with Drawstring Waist for Resort and Summer Leisure Occasions"
Listing负责人为空,2287,B0H4H1P69Y,SKT3-A4-XL,,,B0HBTQQ1V3,,"Mens Swim Trunks, Flamingo Print Board Shorts with Drawstring Waist for Beach and Daily Casual Occasions"
Listing负责人为空,2288,B0H4GTV7CL,SKT4-8111-L,,,B0HBVR3V51,,"Mens Swim Trunks, Tropical Floral Bird Print Board Shorts with Drawstring Waist for Resort and Summer Casual Events"
Listing负责人为空,2289,B0H4GZ8DT3,SKT3-AL-L,,,B0HBTQQ1V3,,"Mens Swim Trunks, Flamingo Print Board Shorts with Drawstring Waist for Resort and Summer Coastal Parties"
Listing负责人为空,2290,B0H4H27GBV,SKT3-A7-L,,,B0H4KJW7Y8,,"Mens Swim Trunks, Bird Print Board Shorts with Drawstring Waist for Resort and Summer Leisure Occasions"
Listing负责人为空,2291,B0H4H1SST9,SKT2-AU-XL,,,B0HBVQFW9W,,"Mens Swim Trunks, Pink Flamingo Print Board Shorts with Drawstring Waist for Resort and Summer Casual Parties"
Listing负责人为空,2292,B0H4H1SX3N,SKT3-942-XL,,,B0H4KJW7Y8,,"Mens Swim Trunks, Multi Color Pineapple Print Board Shorts with Drawstring Waist for Resort and Summer Casual Outings"
Listing负责人为空,2293,B0H4H96WSN,SKT2-AT-XL,,,B0HBVQFW9W,,"Mens Swim Trunks, Shark Print Board Shorts with Drawstring Waist for Resort and Summer Coastal Gatherings"
Listing负责人为空,2294,B0H4GNWGNP,SKT2-AN-XL,,,B0H4JXMNSP,,"Mens Swim Trunks, Triangle Print Board Shorts with Drawstring Waist for Resort and Summer Casual Gatherings"
Listing负责人为空,2295,B0H4H6S135,SKT4-AN-XL,,,B0HBVR3V51,,"Mens Swim Trunks, Triangle Print Board Shorts with Drawstring Waist for Resort and Summer Casual Gatherings"
Listing负责人为空,2296,B0H4H2T3BJ,SKT4-942-L,,,B0HBVR3V51,,"Mens Swim Trunks, Multi Color Pineapple Print Board Shorts with Drawstring Waist for Resort and Summer Casual Outings"
Listing负责人为空,2297,B0H4H6QXND,SKT4-AR-XL,,,B0H4KCMXGQ,,"Mens Swim Trunks, Palm Tree Print Board Shorts with Drawstring Waist for Resort and Summer Casual Getaways"
Listing负责人为空,2298,B0H4GX69LV,SKT3-AR-L,,,B0HBTQQ1V3,,"Mens Swim Trunks, Palm Tree Print Board Shorts with Drawstring Waist for Resort and Summer Casual Getaways"
Listing负责人为空,2299,B0H4GZJ6XG,SKT3-AU-XL,,,B0H4KJW7Y8,,"Mens Swim Trunks, Pink Flamingo Print Board Shorts with Drawstring Waist for Resort and Summer Casual Parties"
Listing负责人为空,2300,B0H4H3MVCB,SKT4-AU-L,,,B0H4KCMXGQ,,"Mens Swim Trunks, Pink Flamingo Print Board Shorts with Drawstring Waist for Resort and Summer Casual Parties"
Listing负责人为空,2301,B0H4H1VGD1,SKT2-A6-L,,,B0H4JXMNSP,,"Mens Swim Trunks, Pineapple Print Board Shorts with Drawstring Waist for Resort and Summer Casual Scenarios"
Listing负责人为空,2302,B0H4H27CVT,SKT4-A8-XL,,,B0H4KCMXGQ,,"Mens Swim Trunks, Cactus Print Board Shorts with Drawstring Waist for Resort and Summer Casual Events"
Listing负责人为空,2303,B0H4H4DB1G,SKT2-AP-L,,,B0H4JXMNSP,,"Mens Swim Trunks, Banana Print Board Shorts with Drawstring Waist for Resort and Summer Casual Outings"
Listing负责人为空,2304,B0H4H1R9S9,SKT3-AH-XL,,,B0HBTQQ1V3,,"Mens Swim Trunks, Pineapple Print Board Shorts with Drawstring Waist for Resort and Summer Casual Occasions"
Listing负责人为空,2305,B0H4H7XC7M,SKT2-A6-XL,,,B0HBVQFW9W,,"Mens Swim Trunks, Pineapple Print Board Shorts with Drawstring Waist for Resort and Summer Casual Scenarios"
Listing负责人为空,2306,B0H4GSNPWH,SKT3-AM-L,,,B0H4KJW7Y8,,"Mens Swim Trunks, Mini Pineapple Print Board Shorts with Drawstring Waist for Resort and Summer Casual Trips"
Listing负责人为空,2307,B0H4H8YDND,SKT3-941-L,,,B0H4KJW7Y8,,"Mens Swim Trunks, Pink Flamingo Print Board Shorts with Drawstring Waist for Resort and Summer Coastal Parties"
Listing负责人为空,2308,B0H4GXWKSS,SKT3-AA-XL,,,B0H4KJW7Y8,,"Mens Swim Trunks, Vertical Stripe Board Shorts with Drawstring Waist for Resort and Daily Leisure Events"
Listing负责人为空,2309,B0H4GWZHHS,SKT2-8111-L,,,B0HBVQFW9W,,"Mens Swim Trunks, Tropical Floral Bird Print Board Shorts with Drawstring Waist for Resort and Summer Casual Events"
Listing负责人为空,2310,B0H4HCFTV2,SKT2-942-XL,,,B0HBVQFW9W,,"Mens Swim Trunks, Multi Color Pineapple Print Board Shorts with Drawstring Waist for Resort and Summer Casual Outings"
Listing负责人为空,2311,B0H4H1HBMJ,SKT2-AG-XL,,,B0HBVQFW9W,,"Mens Swim Trunks, Watermelon Print Board Shorts with Drawstring Waist for Resort and Summer Casual Parties"
Listing负责人为空,2312,B0H4GWG9G6,SKT3-AK-L,,,B0HBTQQ1V3,,"Mens Swim Trunks, Large Pineapple Print Board Shorts with Drawstring Waist for Resort and Summer Casual Events"
Listing负责人为空,2313,B0H4GSWPL1,SKT2-AE-L,,,B0HBVQFW9W,,"Mens Swim Trunks, Palm Tree Print Board Shorts with Drawstring Waist for Resort and Summer Casual Getaways"
Listing负责人为空,2314,B0H4GZM7CS,SKT2-8113-L,,,B0HBVQFW9W,,"Mens Swim Trunks, Mini Palm Tree Print Board Shorts with Drawstring Waist for Resort and Summer Casual Getaways"
Listing负责人为空,2315,B0H4H19M9X,SKT4-AM-XL,,,B0HBVR3V51,,"Mens Swim Trunks, Mini Pineapple Print Board Shorts with Drawstring Waist for Resort and Summer Casual Trips"
Listing负责人为空,2316,B0H4H1DKWS,SKT2-AM-XL,,,B0HBVQFW9W,,"Mens Swim Trunks, Mini Pineapple Print Board Shorts with Drawstring Waist for Resort and Summer Casual Trips"
Listing负责人为空,2317,B0H4GY9PRX,SKT3-AF-XL,,,B0HBTQQ1V3,,"Mens Swim Trunks, Block Stripe Board Shorts with Drawstring Waist for Resort and Daily Casual Trips"
Listing负责人为空,2318,B0H4GYY4K4,SKT3-A8-L,,,B0HBTQQ1V3,,"Mens Swim Trunks, Cactus Print Board Shorts with Drawstring Waist for Resort and Summer Casual Events"
Listing负责人为空,2319,B0H4GXYRGJ,SKT3-AH-L,,,B0H4KJW7Y8,,"Mens Swim Trunks, Pineapple Print Board Shorts with Drawstring Waist for Resort and Summer Casual Occasions"
Listing负责人为空,2320,B0H4H67YG9,SKT4-A7-L,,,B0HBVR3V51,,"Mens Swim Trunks, Bird Print Board Shorts with Drawstring Waist for Resort and Summer Leisure Occasions"
Listing负责人为空,2321,B0H4GSWKR5,SKT2-AB-L,,,B0HBVQFW9W,,"Mens Swim Trunks, Steamed Dumpling Print Board Shorts with Drawstring Waist for Resort and Summer Casual Gatherings"
Listing负责人为空,2322,B0H4GYHPZP,SKT2-AB-XL,,,B0H4JXMNSP,,"Mens Swim Trunks, Steamed Dumpling Print Board Shorts with Drawstring Waist for Resort and Summer Casual Gatherings"
Listing负责人为空,2323,B0H4H58SQD,SKT4-8113-L,,,B0HBVR3V51,,"Mens Swim Trunks, Mini Palm Tree Print Board Shorts with Drawstring Waist for Resort and Summer Casual Getaways"
Listing负责人为空,2324,B0H4H6G3W4,SKT2-AJ-XL,,,B0HBVQFW9W,,"Mens Swim Trunks, School of Fish Print Board Shorts with Drawstring Waist for Resort and Summer Coastal Gatherings"
Listing负责人为空,2325,B0H4H39RTR,SKT2-A5-L,,,B0HBVQFW9W,,"Mens Swim Trunks, Patriotic Flag Print Board Shorts with Drawstring Waist for Holiday and Resort Casual Activities"
Listing负责人为空,2326,B0H4H3VGMZ,SKT4-941-L,,,B0HBVR3V51,,"Mens Swim Trunks, Pink Flamingo Print Board Shorts with Drawstring Waist for Resort and Summer Coastal Parties"
Listing负责人为空,2327,B0H4H6S13B,SKT4-AN-L,,,B0HBVR3V51,,"Mens Swim Trunks, Triangle Print Board Shorts with Drawstring Waist for Resort and Summer Casual Gatherings"
Listing负责人为空,2328,B0H4H6LPSX,SKT1-A4-L,,,B0H4H7CTF3,,"Mens Swim Trunks, Flamingo Print Board Shorts with Drawstring Waist for Beach and Daily Casual Occasions"
Listing负责人为空,2329,B0H4HDRVNN,SKT1-PG-XL,,,B0H4H7CTF3,,"Mens Swim Trunks, Two Tone Shark Print Board Shorts with Drawstring Waist for Resort and Summer Coastal Trips"
Listing负责人为空,2330,B0H4H3VGMH,SKT1-AL-XL,,,B0HBVQFW9L,,"Mens Swim Trunks, Flamingo Print Board Shorts with Drawstring Waist for Resort and Summer Coastal Parties"
Listing负责人为空,2331,B0H4H7LQS4,SKT1-AL-L,,,B0HBVQFW9L,,"Mens Swim Trunks, Flamingo Print Board Shorts with Drawstring Waist for Resort and Summer Coastal Parties"
Listing负责人为空,2332,B0H4H1SZJJ,SKT1-A9-XL,,,B0HBVQFW9L,,"Mens Swim Trunks, Pear Print Board Shorts with Drawstring Waist for Resort and Summer Casual Plans"
Listing负责人为空,2333,B0H4H1M23R,SKT1-A8-L,,,B0HBVQFW9L,,"Mens Swim Trunks, Cactus Print Board Shorts with Drawstring Waist for Resort and Summer Casual Events"
Listing负责人为空,2334,B0H4HKSKFH,SKT1-AJ-XL,,,B0HBVQFW9L,,"Mens Swim Trunks, School of Fish Print Board Shorts with Drawstring Waist for Resort and Summer Coastal Gatherings"
Listing负责人为空,2335,B0H4GY9Z83,SKT1-AR-XL,,,B0HBVQFW9L,,"Mens Swim Trunks, Palm Tree Print Board Shorts with Drawstring Waist for Resort and Summer Casual Getaways"
Listing负责人为空,2336,B0H4GZ6JPQ,SKT1-PF-XL,,,B0HBVQFW9L,,"Mens Swim Trunks, Anchor Print Board Shorts with Drawstring Waist for Resort and Nautical Casual Events"
Listing负责人为空,2337,B0H4H52Z5R,SKT1-A6-L,,,B0HBVQFW9L,,"Mens Swim Trunks, Pineapple Print Board Shorts with Drawstring Waist for Resort and Summer Casual Scenarios"
Listing负责人为空,2338,B0H4GWGQ6Z,SKT1-8113-XL,,,B0HBVQFW9L,,"Mens Swim Trunks, Mini Palm Tree Print Board Shorts with Drawstring Waist for Resort and Summer Casual Getaways"
Listing负责人为空,2339,B0H4H27GBQ,SKT1-PG-L,,,B0HBVQFW9L,,"Mens Swim Trunks, Two Tone Shark Print Board Shorts with Drawstring Waist for Resort and Summer Coastal Trips"
Listing负责人为空,2340,B0H4GYD327,SKT1-A5-L,,,B0HBVQFW9L,,"Mens Swim Trunks, Patriotic Flag Print Board Shorts with Drawstring Waist for Holiday and Resort Casual Activities"
Listing负责人为空,2341,B0H4GXS953,SKT1-AF-L,,,B0HBVQFW9L,,"Mens Swim Trunks, Block Stripe Board Shorts with Drawstring Waist for Resort and Daily Casual Trips"
Listing负责人为空,2342,B0H4H7PYLD,SKT1-942-XL,,,B0HBVQFW9L,,"Mens Swim Trunks, Multi Color Pineapple Print Board Shorts with Drawstring Waist for Resort and Summer Casual Outings"
Listing负责人为空,2343,B0H4GQH2J9,SKT1-AP-XL,,,B0HBVQFW9L,,"Mens Swim Trunks, Banana Print Board Shorts with Drawstring Waist for Resort and Summer Casual Outings"
Listing负责人为空,2344,B0H4H4HQDV,SKT1-A7-L,,,B0HBVQFW9L,,"Mens Swim Trunks, Bird Print Board Shorts with Drawstring Waist for Resort and Summer Leisure Occasions"
Listing负责人为空,2345,B0H4GX7KD8,SKT1-941-XL,,,B0HBVQFW9L,,"Mens Swim Trunks, Pink Flamingo Print Board Shorts with Drawstring Waist for Resort and Summer Coastal Parties"
Listing负责人为空,2346,B0H4GYZT3J,SKT1-8111-XL,,,B0HBVQFW9L,,"Mens Swim Trunks, Tropical Floral Bird Print Board Shorts with Drawstring Waist for Resort and Summer Casual Events"
Listing负责人为空,2347,B0H4H281J5,SKT1-A9-L,,,B0HBVQFW9L,,"Mens Swim Trunks, Pear Print Board Shorts with Drawstring Waist for Resort and Summer Casual Plans"
Listing负责人为空,2348,B0H4H645YT,SKT1-AB-L,,,B0HBVQFW9L,,"Mens Swim Trunks, Steamed Dumpling Print Board Shorts with Drawstring Waist for Resort and Summer Casual Gatherings"
Listing负责人为空,2349,B0H4GVY7SN,SKT1-8113-L,,,B0H4H7CTF3,,"Mens Swim Trunks, Mini Palm Tree Print Board Shorts with Drawstring Waist for Resort and Summer Casual Getaways"
Listing负责人为空,2350,B0H4H4HMDB,SKT1-AT-L,,,B0HBVQFW9L,,"Mens Swim Trunks, Shark Print Board Shorts with Drawstring Waist for Resort and Summer Coastal Gatherings"
Listing负责人为空,2351,B0H4GYCCW4,SKT1-AM-L,,,B0HBVQFW9L,,"Mens Swim Trunks, Mini Pineapple Print Board Shorts with Drawstring Waist for Resort and Summer Casual Trips"
Listing负责人为空,2352,B0H4H35XQ6,SKT1-AE-XL,,,B0HBVQFW9L,,"Mens Swim Trunks, Palm Tree Print Board Shorts with Drawstring Waist for Resort and Summer Casual Getaways"
Listing负责人为空,2353,B0H4GZKF7Y,SKT1-AG-XL,,,B0HBVQFW9L,,"Mens Swim Trunks, Watermelon Print Board Shorts with Drawstring Waist for Resort and Summer Casual Parties"
Listing负责人为空,2354,B0H4GY16LT,SKT1-PF-L,,,B0HBVQFW9L,,"Mens Swim Trunks, Anchor Print Board Shorts with Drawstring Waist for Resort and Nautical Casual Events"
Listing负责人为空,2355,B0H4H8C2CB,SKT1-AE-L,,,B0H4H7CTF3,,"Mens Swim Trunks, Palm Tree Print Board Shorts with Drawstring Waist for Resort and Summer Casual Getaways"
Listing负责人为空,2356,B0H4H1X26W,SKT1-AG-L,,,B0HBVQFW9L,,"Mens Swim Trunks, Watermelon Print Board Shorts with Drawstring Waist for Resort and Summer Casual Parties"
Listing负责人为空,2357,B0H4H6NSNQ,SKT1-941-L,,,B0HBVQFW9L,,"Mens Swim Trunks, Pink Flamingo Print Board Shorts with Drawstring Waist for Resort and Summer Coastal Parties"
Listing负责人为空,2358,B0H4H8RW5M,SKT1-A7-XL,,,B0HBVQFW9L,,"Mens Swim Trunks, Bird Print Board Shorts with Drawstring Waist for Resort and Summer Leisure Occasions"
Listing负责人为空,2359,B0H4GZ8HYH,SKT1-8111-L,,,B0HBVQFW9L,,"Mens Swim Trunks, Tropical Floral Bird Print Board Shorts with Drawstring Waist for Resort and Summer Casual Events"
Listing负责人为空,2360,B0H4HCG8SW,SKT1-AT-XL,,,B0HBVQFW9L,,"Mens Swim Trunks, Shark Print Board Shorts with Drawstring Waist for Resort and Summer Coastal Gatherings"
Listing负责人为空,2361,B0H4GY6RRG,SKT1-AP-L,,,B0HBVQFW9L,,"Mens Swim Trunks, Banana Print Board Shorts with Drawstring Waist for Resort and Summer Casual Outings"
Listing负责人为空,2362,B0H4H1S731,SKT1-A8-XL,,,B0HBVQFW9L,,"Mens Swim Trunks, Cactus Print Board Shorts with Drawstring Waist for Resort and Summer Casual Events"
Listing负责人为空,2363,B0H4H4YQXB,SKT1-AQ-L,,,B0H4H7CTF3,,"Mens Swim Trunks, Flamingo Print Board Shorts with Drawstring Waist for Resort and Summer Coastal Events"
Listing负责人为空,2364,B0H4H3KY2J,SKT1-A6-XL,,,B0H4H7CTF3,,"Mens Swim Trunks, Pineapple Print Board Shorts with Drawstring Waist for Resort and Summer Casual Scenarios"
Listing负责人为空,2365,B0H4H5YCPQ,SKT1-AU-L,,,B0H4H7CTF3,,"Mens Swim Trunks, Pink Flamingo Print Board Shorts with Drawstring Waist for Resort and Summer Casual Parties"
Listing负责人为空,2366,B0H4H5277B,SKT1-942-L,,,B0HBVQFW9L,,"Mens Swim Trunks, Multi Color Pineapple Print Board Shorts with Drawstring Waist for Resort and Summer Casual Outings"
Listing负责人为空,2367,B0H4GYKZGC,SKT1-AR-L,,,B0HBVQFW9L,,"Mens Swim Trunks, Palm Tree Print Board Shorts with Drawstring Waist for Resort and Summer Casual Getaways"
Listing负责人为空,2368,B0H4H3GWW1,SKT1-AF-XL,,,B0HBVQFW9L,,"Mens Swim Trunks, Block Stripe Board Shorts with Drawstring Waist for Resort and Daily Casual Trips"
Listing负责人为空,2369,B0H4GWLCFV,SKT1-AK-XL,,,B0HBVQFW9L,,"Mens Swim Trunks, Large Pineapple Print Board Shorts with Drawstring Waist for Resort and Summer Casual Events"
Listing负责人为空,2370,B0H4H2BB1B,SKT1-AJ-L,,,B0HBVQFW9L,,"Mens Swim Trunks, School of Fish Print Board Shorts with Drawstring Waist for Resort and Summer Coastal Gatherings"
Listing负责人为空,2371,B0H4H645YY,SKT1-AQ-XL,,,B0HBVQFW9L,,"Mens Swim Trunks, Flamingo Print Board Shorts with Drawstring Waist for Resort and Summer Coastal Events"
Listing负责人为空,2372,B0H4GYCWDD,SKT1-AA-XL,,,B0HBVQFW9L,,"Mens Swim Trunks, Vertical Stripe Board Shorts with Drawstring Waist for Resort and Daily Leisure Events"
Listing负责人为空,2373,B0H4H6J17H,SKT1-AB-XL,,,B0HBVQFW9L,,"Mens Swim Trunks, Steamed Dumpling Print Board Shorts with Drawstring Waist for Resort and Summer Casual Gatherings"
Listing负责人为空,2374,B0H4GYGN7C,SKT1-AH-XL,,,B0HBVQFW9L,,"Mens Swim Trunks, Pineapple Print Board Shorts with Drawstring Waist for Resort and Summer Casual Occasions"
Listing负责人为空,2375,B0H4H14YQG,SKT1-AM-XL,,,B0HBVQFW9L,,"Mens Swim Trunks, Mini Pineapple Print Board Shorts with Drawstring Waist for Resort and Summer Casual Trips"
Listing负责人为空,2376,B0H4H3T4K9,SKT1-AK-L,,,B0HBVQFW9L,,"Mens Swim Trunks, Large Pineapple Print Board Shorts with Drawstring Waist for Resort and Summer Casual Events"
Listing负责人为空,2377,B0H4H415NS,SKT1-AU-XL,,,B0HBVQFW9L,,"Mens Swim Trunks, Pink Flamingo Print Board Shorts with Drawstring Waist for Resort and Summer Casual Parties"
Listing负责人为空,2378,B0H4HD7WZY,SKT1-AN-L,,,B0HBVQFW9L,,"Mens Swim Trunks, Triangle Print Board Shorts with Drawstring Waist for Resort and Summer Casual Gatherings"
Listing负责人为空,2379,B0H4GWLRCS,SKT1-AN-XL,,,B0HBVQFW9L,,"Mens Swim Trunks, Triangle Print Board Shorts with Drawstring Waist for Resort and Summer Casual Gatherings"
Listing负责人为空,2380,B0H4H3SJ3B,SKT1-AA-L,,,B0HBVQFW9L,,"Mens Swim Trunks, Vertical Stripe Board Shorts with Drawstring Waist for Resort and Daily Leisure Events"
Listing负责人为空,2381,B0H4H3783J,SKT1-AH-L,,,B0HBVQFW9L,,"Mens Swim Trunks, Pineapple Print Board Shorts with Drawstring Waist for Resort and Summer Casual Occasions"
Listing负责人为空,2382,B0H4H925HN,SKT1-A5-XL,,,B0HBVQFW9L,,"Mens Swim Trunks, Patriotic Flag Print Board Shorts with Drawstring Waist for Holiday and Resort Casual Activities"
Listing负责人为空,2383,B0H4H6GJ9K,SKT1-A4-XL,,,B0HBVQFW9L,,"Mens Swim Trunks, Flamingo Print Board Shorts with Drawstring Waist for Beach and Daily Casual Occasions"
Listing负责人为空,2384,B0H4GNP5FK,WESQS-015-42/43,,,B0H4GS7TKW,,Non Slip Water Shoes Quick Dry Comfort Beach Shoes for Swimming Walking Purple
Listing负责人为空,2385,B0H4GL1YPZ,WESQS-015-44/45,,,B0H4GS7TKW,,Non Slip Water Shoes Quick Dry Comfort Beach Shoes for Swimming Walking Purple
Listing负责人为空,2386,B0H4GQRWRT,WESQS-015-38/39,,,B0H4GS7TKW,,Non Slip Water Shoes Quick Dry Comfort Beach Shoes for Swimming Walking Purple
Listing负责人为空,2387,B0H4GTBDSJ,WESQS-sport-F44/45,,,B0H4J6BHC1,,"Unisex Water Shoes, Quick Dry Non Slip Aqua Socks, Lightweight Breathable Barefoot Shoes for Beach Swim Surf Yoga Outdoor Sports"
Listing负责人为空,2388,B0H4GPKBJS,WESQS-sport-H44/45,,,B0H4J6BHC1,,"Unisex Water Shoes, Quick Dry Non Slip Aqua Socks, Lightweight Breathable Barefoot Shoes for Beach Swim Surf Yoga Outdoor Sports"
Listing负责人为空,2389,B0H4GN6ZVR,WESQS-087-38/39,,,B0H4GS7TKW,,Men Women Water Shoes Breathable Anti-Slip Aqua Socks Quick Dry for Beach Swimming Surfing Yoga
Listing负责人为空,2390,B0H4GMZJR1,WESQS-047-44/45,,,B0H4GS7TKW,,Water Shoes for Women Men Quick Dry Barefoot Beach Swim Pool Walking Shoes
Listing负责人为空,2391,B0H4GHDF3F,WESQS-040-38/39,,,B0H4GS7TKW,,"Rafting Water Shoes Unisex, Non Slip Rubber Sole, Stretch Fit Slip On Aqua Shoes"
Listing负责人为空,2392,B0H4GNYRXG,WESQS-014-38/39,,,B0H4GS7TKW,,"Water Shoes Unisex, Anti Slip Pattern Sole, Thick Insole, for Creek River Beach"
Listing负责人为空,2393,B0H4GQC7TX,WESQS-087-42/43,,,B0H4GS7TKW,,Men Women Water Shoes Breathable Anti-Slip Aqua Socks Quick Dry for Beach Swimming Surfing Yoga
Listing负责人为空,2394,B0H4GTFFB1,WESQS-031-42/43,,,B0H4GS7TKW,,"Slip On Aqua Water Shoes Men Women, Non Slip Sole, Printed Beach Swim Shoes"
Listing负责人为空,2395,B0H4GMY1GQ,WESQS-087-40/41,,,B0H4GS7TKW,,Men Women Water Shoes Breathable Anti-Slip Aqua Socks Quick Dry for Beach Swimming Surfing Yoga
Listing负责人为空,2396,B0H4GNY88F,WESQS-087-36/37,,,B0H4GS7TKW,,Men Women Water Shoes Breathable Anti-Slip Aqua Socks Quick Dry for Beach Swimming Surfing Yoga
Listing负责人为空,2397,B0H4GR43KB,WESQS-074-36/37,,,B0H4GS7TKW,,Quick Dry Water Shoes for Men Women Portable Lightweight Anti-Slip Beach Swim Surf Shoes
Listing负责人为空,2398,B0H4GV6JJD,WESQS-sport-S44/45,,,B0H4J6BHC1,,"Unisex Water Shoes, Quick Dry Non Slip Aqua Socks, Lightweight Breathable Barefoot Shoes for Beach Swim Surf Yoga Outdoor Sports"
Listing负责人为空,2399,B0H4GQWPRS,WESQS-021-36/37,,,B0H4GS7TKW,,"Non Slip Aqua Shoes Unisex, Quick Dry Beach Swim Shoes, Comfort Insole, Packable"
Listing负责人为空,2400,B0H4GS7J98,WESQS-sport-L42/43,,,B0H4J6BHC1,,"Unisex Water Shoes, Quick Dry Non Slip Aqua Socks, Lightweight Breathable Barefoot Shoes for Beach Swim Surf Yoga Outdoor Sports"
Listing负责人为空,2401,B0H4GVQMPV,WESQS-066-44/45,,,B0H4GS7TKW,,Breathable Water Shoes Non Slip Beach Shoes for Women Men Outdoor Sports
Listing负责人为空,2402,B0H4GNWWVP,WESQS-031-44/45,,,B0H4GS7TKW,,"Slip On Aqua Water Shoes Men Women, Non Slip Sole, Printed Beach Swim Shoes"
Listing负责人为空,2403,B0H4GQJJNG,WESQS-sport-Q38/39,,,B0H4J6BHC1,,"Unisex Water Shoes, Quick Dry Non Slip Aqua Socks, Lightweight Breathable Barefoot Shoes for Beach Swim Surf Yoga Outdoor Sports"
Listing负责人为空,2404,B0H4GRSNHY,WESQS-003-38/39,,,B0H4GS7TKW,,"Slip On Swim Shoes Unisex, Non Slip Rubber Sole, Lightweight Quick Dry Aqua Shoes"
Listing负责人为空,2405,B0H4GYC3RP,WESQS-sport-F38/39,,,B0H4J6BHC1,,"Unisex Water Shoes, Quick Dry Non Slip Aqua Socks, Lightweight Breathable Barefoot Shoes for Beach Swim Surf Yoga Outdoor Sports"
Listing负责人为空,2406,B0H4GNCNT9,WESQS-sport-H38/39,,,B0H4J6BHC1,,"Unisex Water Shoes, Quick Dry Non Slip Aqua Socks, Lightweight Breathable Barefoot Shoes for Beach Swim Surf Yoga Outdoor Sports"
Listing负责人为空,2407,B0H4GPJ1VL,WESQS-sport-Q44/45,,,B0H4J6BHC1,,"Unisex Water Shoes, Quick Dry Non Slip Aqua Socks, Lightweight Breathable Barefoot Shoes for Beach Swim Surf Yoga Outdoor Sports"
Listing负责人为空,2408,B0H4GL7H16,WESQS-087-44/45,,,B0H4GS7TKW,,Men Women Water Shoes Breathable Anti-Slip Aqua Socks Quick Dry for Beach Swimming Surfing Yoga
Listing负责人为空,2409,B0H4GZ1Z5J,WESQS-022-38/39,,,B0H4GS7TKW,,"Beach Shoes for Men Women, Non Slip Rubber Sole, Quick Dry Printed Aqua Shoes"
Listing负责人为空,2410,B0H4GKBPRJ,WESQS-sport-Z40/41,,,B0H4J6BHC1,,"Unisex Water Shoes, Quick Dry Non Slip Aqua Socks, Lightweight Breathable Barefoot Shoes for Beach Swim Surf Yoga Outdoor Sports"
Listing负责人为空,2411,B0H4GKGTLJ,WESQS-015-36/37,,,B0H4GS7TKW,,Non Slip Water Shoes Quick Dry Comfort Beach Shoes for Swimming Walking Purple
Listing负责人为空,2412,B0H4GRHBW1,WESQS-074-38/39,,,B0H4GS7TKW,,Quick Dry Water Shoes for Men Women Portable Lightweight Anti-Slip Beach Swim Surf Shoes
Listing负责人为空,2413,B0H4GWWN6G,WESQS-sport-Z38/39,,,B0H4J6BHC1,,"Unisex Water Shoes, Quick Dry Non Slip Aqua Socks, Lightweight Breathable Barefoot Shoes for Beach Swim Surf Yoga Outdoor Sports"
Listing负责人为空,2414,B0H4GP8PZ2,WESQS-004-36/37,,,B0H4GS7TKW,,"Slip On Water Shoes for Men Women, Non Slip Sole, Lightweight Travel Beach Shoes"
Listing负责人为空,2415,B0H4GM6RXC,WESQS-sport-Q40/41,,,B0H4J6BHC1,,"Unisex Water Shoes, Quick Dry Non Slip Aqua Socks, Lightweight Breathable Barefoot Shoes for Beach Swim Surf Yoga Outdoor Sports"
Listing负责人为空,2416,B0H4GSTWFW,WESQS-sport-L38/39,,,B0H4J6BHC1,,"Unisex Water Shoes, Quick Dry Non Slip Aqua Socks, Lightweight Breathable Barefoot Shoes for Beach Swim Surf Yoga Outdoor Sports"
Listing负责人为空,2417,B0H4H2KL22,WESQS-066-38/39,,,B0H4GS7TKW,,Breathable Water Shoes Non Slip Beach Shoes for Women Men Outdoor Sports
Listing负责人为空,2418,B0H4GV6F4W,WESQS-004-38/39,,,B0H4GS7TKW,,"Slip On Water Shoes for Men Women, Non Slip Sole, Lightweight Travel Beach Shoes"
Listing负责人为空,2419,B0H4GV24B9,WESQS-sport-S40/41,,,B0H4J6BHC1,,"Unisex Water Shoes, Quick Dry Non Slip Aqua Socks, Lightweight Breathable Barefoot Shoes for Beach Swim Surf Yoga Outdoor Sports"
Listing负责人为空,2420,B0H4GSHK2H,WESQS-066-42/43,,,B0H4GS7TKW,,Breathable Water Shoes Non Slip Beach Shoes for Women Men Outdoor Sports
Listing负责人为空,2421,B0H4GHLKNH,WESQS-040-40/41,,,B0H4GS7TKW,,"Rafting Water Shoes Unisex, Non Slip Rubber Sole, Stretch Fit Slip On Aqua Shoes"
Listing负责人为空,2422,B0H4GD4RQP,WESQS-016-36/37,,,B0H4GS7TKW,,"Unisex Reef Shoes, Non Slip Rubber Sole, Protective Water Shoes for Beach Ocean"
Listing负责人为空,2423,B0H4GTDB89,WESQS-014-42/43,,,B0H4GS7TKW,,"Water Shoes Unisex, Anti Slip Pattern Sole, Thick Insole, for Creek River Beach"
Listing负责人为空,2424,B0H4GL5T2D,WESQS-014-36/37,,,B0H4GS7TKW,,"Water Shoes Unisex, Anti Slip Pattern Sole, Thick Insole, for Creek River Beach"
Listing负责人为空,2425,B0H4GTV52L,WESQS-066-36/37,,,B0H4GS7TKW,,Breathable Water Shoes Non Slip Beach Shoes for Women Men Outdoor Sports
Listing负责人为空,2426,B0H4GMBTWC,WESQS-016-44/45,,,B0H4GS7TKW,,"Unisex Reef Shoes, Non Slip Rubber Sole, Protective Water Shoes for Beach Ocean"
Listing负责人为空,2427,B0H4GRCZ8V,WESQS-016-38/39,,,B0H4GS7TKW,,"Unisex Reef Shoes, Non Slip Rubber Sole, Protective Water Shoes for Beach Ocean"
Listing负责人为空,2428,B0H4GX31ZZ,WESQS-021-44/45,,,B0H4GS7TKW,,"Non Slip Aqua Shoes Unisex, Quick Dry Beach Swim Shoes, Comfort Insole, Packable"
Listing负责人为空,2429,B0H4GHDJ15,WESQS-021-40/41,,,B0H4GS7TKW,,"Non Slip Aqua Shoes Unisex, Quick Dry Beach Swim Shoes, Comfort Insole, Packable"
Listing负责人为空,2430,B0H4GV3SRQ,WESQS-022-40/41,,,B0H4GS7TKW,,"Beach Shoes for Men Women, Non Slip Rubber Sole, Quick Dry Printed Aqua Shoes"
Listing负责人为空,2431,B0H4GTK9G6,WESQS-004-44/45,,,B0H4GS7TKW,,"Slip On Water Shoes for Men Women, Non Slip Sole, Lightweight Travel Beach Shoes"
Listing负责人为空,2432,B0H4GZ72GT,WESQS-040-42/43,,,B0H4GS7TKW,,"Rafting Water Shoes Unisex, Non Slip Rubber Sole, Stretch Fit Slip On Aqua Shoes"
Listing负责人为空,2433,B0H4GH9WFL,WESQS-003-42/43,,,B0H4GS7TKW,,"Slip On Swim Shoes Unisex, Non Slip Rubber Sole, Lightweight Quick Dry Aqua Shoes"
Listing负责人为空,2434,B0H4GPQ5PR,WESQS-sport-Z36/37,,,B0H4J6BHC1,,"Unisex Water Shoes, Quick Dry Non Slip Aqua Socks, Lightweight Breathable Barefoot Shoes for Beach Swim Surf Yoga Outdoor Sports"
Listing负责人为空,2435,B0H4GHGPX6,WESQS-008-40/41,,,B0H4GS7TKW,,"Surf Water Shoes for Men Women, Anti Slip Rubber Sole, Stretch Upper, Quick Dry"
Listing负责人为空,2436,B0H4GV8VSZ,WESQS-008-44/45,,,B0H4GS7TKW,,"Surf Water Shoes for Men Women, Anti Slip Rubber Sole, Stretch Upper, Quick Dry"
Listing负责人为空,2437,B0H4GRD5G5,WESQS-015-40/41,,,B0H4GS7TKW,,Non Slip Water Shoes Quick Dry Comfort Beach Shoes for Swimming Walking Purple
Listing负责人为空,2438,B0H4GRR62L,WESQS-022-42/43,,,B0H4GS7TKW,,"Beach Shoes for Men Women, Non Slip Rubber Sole, Quick Dry Printed Aqua Shoes"
Listing负责人为空,2439,B0H4GL18HH,WESQS-sport-L36/37,,,B0H4J6BHC1,,"Unisex Water Shoes, Quick Dry Non Slip Aqua Socks, Lightweight Breathable Barefoot Shoes for Beach Swim Surf Yoga Outdoor Sports"
Listing负责人为空,2440,B0H4GPP3PM,WESQS-003-40/41,,,B0H4GS7TKW,,"Slip On Swim Shoes Unisex, Non Slip Rubber Sole, Lightweight Quick Dry Aqua Shoes"
Listing负责人为空,2441,B0H4GNXFVQ,WESQS-047-40/41,,,B0H4GS7TKW,,Water Shoes for Women Men Quick Dry Barefoot Beach Swim Pool Walking Shoes
Listing负责人为空,2442,B0H4GKFBJD,WESQS-004-40/41,,,B0H4GS7TKW,,"Slip On Water Shoes for Men Women, Non Slip Sole, Lightweight Travel Beach Shoes"
Listing负责人为空,2443,B0H4GTNS8V,WESQS-074-44/45,,,B0H4GS7TKW,,Quick Dry Water Shoes for Men Women Portable Lightweight Anti-Slip Beach Swim Surf Shoes
Listing负责人为空,2444,B0H4GPJ5BZ,WESQS-047-36/37,,,B0H4GS7TKW,,Water Shoes for Women Men Quick Dry Barefoot Beach Swim Pool Walking Shoes
Listing负责人为空,2445,B0H4GKM122,WESQS-074-42/43,,,B0H4GS7TKW,,Quick Dry Water Shoes for Men Women Portable Lightweight Anti-Slip Beach Swim Surf Shoes
Listing负责人为空,2446,B0H4GKW6GN,WESQS-029-40/41,,,B0H4GS7TKW,,"Beach Shoes for Men Women, Non Slip Rubber Sole, Quick Dry Printed Aqua Shoes"
Listing负责人为空,2447,B0H4GRWSCK,WESQS-008-38/39,,,B0H4GS7TKW,,"Surf Water Shoes for Men Women, Anti Slip Rubber Sole, Stretch Upper, Quick Dry"
Listing负责人为空,2448,B0H4GKJKN7,WESQS-sport-F42/43,,,B0H4J6BHC1,,"Unisex Water Shoes, Quick Dry Non Slip Aqua Socks, Lightweight Breathable Barefoot Shoes for Beach Swim Surf Yoga Outdoor Sports"
Listing负责人为空,2449,B0H4GFKX1P,WESQS-sport-S36/37,,,B0H4J6BHC1,,"Unisex Water Shoes, Quick Dry Non Slip Aqua Socks, Lightweight Breathable Barefoot Shoes for Beach Swim Surf Yoga Outdoor Sports"
Listing负责人为空,2450,B0H4GWN8KY,WESQS-sport-F40/41,,,B0H4J6BHC1,,"Unisex Water Shoes, Quick Dry Non Slip Aqua Socks, Lightweight Breathable Barefoot Shoes for Beach Swim Surf Yoga Outdoor Sports"
Listing负责人为空,2451,B0H4GL9L5F,WESQS-047-42/43,,,B0H4GS7TKW,,Water Shoes for Women Men Quick Dry Barefoot Beach Swim Pool Walking Shoes
Listing负责人为空,2452,B0H4GL3LYJ,WESQS-sport-S42/43,,,B0H4J6BHC1,,"Unisex Water Shoes, Quick Dry Non Slip Aqua Socks, Lightweight Breathable Barefoot Shoes for Beach Swim Surf Yoga Outdoor Sports"
Listing负责人为空,2453,B0H4GP2686,WESQS-066-40/41,,,B0H4GS7TKW,,Breathable Water Shoes Non Slip Beach Shoes for Women Men Outdoor Sports
Listing负责人为空,2454,B0H4GHQQ59,WESQS-031-38/39,,,B0H4GS7TKW,,"Slip On Aqua Water Shoes Men Women, Non Slip Sole, Printed Beach Swim Shoes"
Listing负责人为空,2455,B0H4GVNRT2,WESQS-074-40/41,,,B0H4GS7TKW,,Quick Dry Water Shoes for Men Women Portable Lightweight Anti-Slip Beach Swim Surf Shoes
Listing负责人为空,2456,B0H4GXLS6Y,WESQS-008-42/43,,,B0H4GS7TKW,,"Surf Water Shoes for Men Women, Anti Slip Rubber Sole, Stretch Upper, Quick Dry"
Listing负责人为空,2457,B0H4GD8PRM,WESQS-003-44/45,,,B0H4GS7TKW,,"Slip On Swim Shoes Unisex, Non Slip Rubber Sole, Lightweight Quick Dry Aqua Shoes"
Listing负责人为空,2458,B0H4GPKXFW,WESQS-003-36/37,,,B0H4GS7TKW,,"Slip On Swim Shoes Unisex, Non Slip Rubber Sole, Lightweight Quick Dry Aqua Shoes"
Listing负责人为空,2459,B0H4GJV1G6,WESQS-sport-Z44/45,,,B0H4J6BHC1,,"Unisex Water Shoes, Quick Dry Non Slip Aqua Socks, Lightweight Breathable Barefoot Shoes for Beach Swim Surf Yoga Outdoor Sports"
Listing负责人为空,2460,B0H4GNYNPJ,WESQS-047-38/39,,,B0H4GS7TKW,,Water Shoes for Women Men Quick Dry Barefoot Beach Swim Pool Walking Shoes
Listing负责人为空,2461,B0H4GNFVKZ,WESQS-sport-H36/37,,,B0H4J6BHC1,,"Unisex Water Shoes, Quick Dry Non Slip Aqua Socks, Lightweight Breathable Barefoot Shoes for Beach Swim Surf Yoga Outdoor Sports"
Listing负责人为空,2462,B0H4GS6142,WESQS-029-38/39,,,B0H4GS7TKW,,"Beach Shoes for Men Women, Non Slip Rubber Sole, Quick Dry Printed Aqua Shoes"
Listing负责人为空,2463,B0H4GTWP1H,WESQS-040-36/37,,,B0H4GS7TKW,,"Rafting Water Shoes Unisex, Non Slip Rubber Sole, Stretch Fit Slip On Aqua Shoes"
Listing负责人为空,2464,B0H4GQWFFZ,WESQS-021-38/39,,,B0H4GS7TKW,,"Non Slip Aqua Shoes Unisex, Quick Dry Beach Swim Shoes, Comfort Insole, Packable"
Listing负责人为空,2465,B0H4GHDX5Q,WESQS-021-42/43,,,B0H4GS7TKW,,"Non Slip Aqua Shoes Unisex, Quick Dry Beach Swim Shoes, Comfort Insole, Packable"
Listing负责人为空,2466,B0H4GNF5ZM,WESQS-sport-Z42/43,,,B0H4J6BHC1,,"Unisex Water Shoes, Quick Dry Non Slip Aqua Socks, Lightweight Breathable Barefoot Shoes for Beach Swim Surf Yoga Outdoor Sports"
Listing负责人为空,2467,B0H4GR142C,WESQS-016-40/41,,,B0H4GS7TKW,,"Unisex Reef Shoes, Non Slip Rubber Sole, Protective Water Shoes for Beach Ocean"
Listing负责人为空,2468,B0H4GNLMYS,WESQS-004-42/43,,,B0H4GS7TKW,,"Slip On Water Shoes for Men Women, Non Slip Sole, Lightweight Travel Beach Shoes"
Listing负责人为空,2469,B0H4GNB8J5,WESQS-022-36/37,,,B0H4GS7TKW,,"Beach Shoes for Men Women, Non Slip Rubber Sole, Quick Dry Printed Aqua Shoes"
Listing负责人为空,2470,B0H4GV6XBT,WESQS-sport-L44/45,,,B0H4J6BHC1,,"Unisex Water Shoes, Quick Dry Non Slip Aqua Socks, Lightweight Breathable Barefoot Shoes for Beach Swim Surf Yoga Outdoor Sports"
Listing负责人为空,2471,B0H4GP2VF6,WESQS-sport-Q36/37,,,B0H4J6BHC1,,"Unisex Water Shoes, Quick Dry Non Slip Aqua Socks, Lightweight Breathable Barefoot Shoes for Beach Swim Surf Yoga Outdoor Sports"
Listing负责人为空,2472,B0H4GLC2XD,WESQS-040-44/45,,,B0H4GS7TKW,,"Rafting Water Shoes Unisex, Non Slip Rubber Sole, Stretch Fit Slip On Aqua Shoes"
Listing负责人为空,2473,B0H4GRFTRV,WESQS-008-36/37,,,B0H4GS7TKW,,"Surf Water Shoes for Men Women, Anti Slip Rubber Sole, Stretch Upper, Quick Dry"
Listing负责人为空,2474,B0H4GQHW6H,WESQS-sport-L40/41,,,B0H4J6BHC1,,"Unisex Water Shoes, Quick Dry Non Slip Aqua Socks, Lightweight Breathable Barefoot Shoes for Beach Swim Surf Yoga Outdoor Sports"
Listing负责人为空,2475,B0H4GKR832,WESQS-029-36/37,,,B0H4GS7TKW,,"Beach Shoes for Men Women, Non Slip Rubber Sole, Quick Dry Printed Aqua Shoes"
Listing负责人为空,2476,B0H4GZ32X6,WESQS-016-42/43,,,B0H4GS7TKW,,"Unisex Reef Shoes, Non Slip Rubber Sole, Protective Water Shoes for Beach Ocean"
Listing负责人为空,2477,B0H4GQKNNW,WESQS-031-40/41,,,B0H4GS7TKW,,"Slip On Aqua Water Shoes Men Women, Non Slip Sole, Printed Beach Swim Shoes"
Listing负责人为空,2478,B0H4GWYDNR,WESQS-sport-S38/39,,,B0H4J6BHC1,,"Unisex Water Shoes, Quick Dry Non Slip Aqua Socks, Lightweight Breathable Barefoot Shoes for Beach Swim Surf Yoga Outdoor Sports"
Listing负责人为空,2479,B0H4GX3211,WESQS-022-44/45,,,B0H4GS7TKW,,"Beach Shoes for Men Women, Non Slip Rubber Sole, Quick Dry Printed Aqua Shoes"
Listing负责人为空,2480,B0H4GJF5BQ,WESQS-sport-H40/41,,,B0H4J6BHC1,,"Unisex Water Shoes, Quick Dry Non Slip Aqua Socks, Lightweight Breathable Barefoot Shoes for Beach Swim Surf Yoga Outdoor Sports"
Listing负责人为空,2481,B0H4GZD878,WESQS-sport-Q42/43,,,B0H4J6BHC1,,"Unisex Water Shoes, Quick Dry Non Slip Aqua Socks, Lightweight Breathable Barefoot Shoes for Beach Swim Surf Yoga Outdoor Sports"
Listing负责人为空,2482,B0H4GKP225,WESQS-029-44/45,,,B0H4GS7TKW,,"Beach Shoes for Men Women, Non Slip Rubber Sole, Quick Dry Printed Aqua Shoes"
Listing负责人为空,2483,B0H4GKQ4BQ,WESQS-sport-F36/37,,,B0H4J6BHC1,,"Unisex Water Shoes, Quick Dry Non Slip Aqua Socks, Lightweight Breathable Barefoot Shoes for Beach Swim Surf Yoga Outdoor Sports"
Listing负责人为空,2484,B0H4GMPWSD,WESQS-029-42/43,,,B0H4GS7TKW,,"Beach Shoes for Men Women, Non Slip Rubber Sole, Quick Dry Printed Aqua Shoes"
Listing负责人为空,2485,B0H4GNLN1G,WESQS-sport-H42/43,,,B0H4J6BHC1,,"Unisex Water Shoes, Quick Dry Non Slip Aqua Socks, Lightweight Breathable Barefoot Shoes for Beach Swim Surf Yoga Outdoor Sports"
Listing负责人为空,2486,B0H4GTS7BT,WESQS-031-36/37,,,B0H4GS7TKW,,"Slip On Aqua Water Shoes Men Women, Non Slip Sole, Printed Beach Swim Shoes"
Listing负责人为空,2487,B0H4GL18GT,WESQS-014-40/41,,,B0H4GS7TKW,,"Water Shoes Unisex, Anti Slip Pattern Sole, Thick Insole, for Creek River Beach"
Listing负责人为空,2488,B0H4GKC3GX,WESQS-014-44/45,,,B0H4GS7TKW,,"Water Shoes Unisex, Anti Slip Pattern Sole, Thick Insole, for Creek River Beach"
Listing负责人为空,2559,B0H2MP7TL4,QS-HZ2618,,公司,B0H2MP7TL4,,"Water Shoes for Women Men, Quick Dry Swim Footwear for Beach Pool Resort River Cruise Lake Travel Pair, 2618, Adult Travel"
Listing负责人为空,2561,B0H2MJC9ZP,QS-HZC106,,公司,B0H2MJC9ZP,,"Water Shoes for Women Men, Aqua Socks, Slip On Swim Shoes for Beach Pool Lake Boat Resort Travel Pair, C106, Adult Travel"
Listing负责人为空,2562,B0H2MBRYRM,QS-HZ2514,,公司,B0H2MBRYRM,,"Water Shoes for Women Men, Barefoot Water Footwear for Pool Beach Cruise River Dock Vacation Pair, 2514, Adult Travel"
Listing负责人为空,2564,B0H2MDNXR3,QS-HZ2621,,公司,B0H2MDNXR3,,"Water Shoes for Women Men, Lightweight Swim Shoes for Beach Hotel Pool Lake Marina Resort Travel Pair, 2621, Adult Travel"
Listing负责人为空,2565,B0H2MLGSHL,QS-HZ2617,,公司,B0H2MLGSHL,,"Water Shoes for Women Men, Water Footwear for Beach Pool Spa Hotel River Lake Cruise Travel Pair, 2617, Adult Travel"
Listing负责人为空,2566,B0H2MLWR4F,QS-HZ2622,,公司,B0H2MLWR4F,,"Water Shoes for Women Men, Water Footwear for Beach Pool Spa Hotel River Lake Cruise Travel Pair, 2622, Adult Travel"
Listing负责人为空,2567,B0H2MCVDJJ,QS-HZ2515,,公司,B0H2MCVDJJ,,"Water Shoes for Women Men, Lightweight Swim Shoes for Beach Hotel Pool Lake Marina Resort Travel Pair, 2515, Adult Travel"
Listing负责人为空,2568,B0H2MDG6TR,QS-HZC107,,公司,B0H2MDG6TR,,"Water Shoes for Women Men, Aqua Socks, Foldable Water Shoes for Beach Pool River Lake Cruise Trip Pair, C107, Adult Travel"
Listing负责人为空,2570,B0H2MD1JPB,QS-HZ2705,,公司,B0H2MD1JPB,,"Water Shoes for Women Men, Water Footwear for Beach Pool Spa Hotel River Lake Cruise Travel Pair, 2705, Adult Travel"
Listing负责人为空,2571,B0H2MDKRCT,QS-HZ2520,,公司,B0H2MDKRCT,,"Water Shoes for Women Men, Aqua Socks, Foldable Water Shoes for Beach Pool River Lake Cruise Trip Pair, 2520, Adult Travel"
Listing负责人为空,2572,B0H2MGFWV1,QS-HZC112,,公司,B0H2MGFWV1,,"Water Shoes for Women Men, Quick Dry Aqua Socks for Pool Beach Boat Dock Lake Resort Summer Travel, C112, Adult Travel"
Listing负责人为空,2574,B0H2MJVYY6,QS-HZC103,,公司,B0H2MJVYY6,,"Water Shoes for Women Men, Barefoot Water Footwear for Pool Beach Cruise River Dock Vacation Pair, C103, Adult Travel"
Listing负责人为空,2576,B0H2MGL5L5,QS-HZ2623,,公司,B0H2MGL5L5,,"Water Shoes for Women Men, Barefoot Water Footwear for Pool Beach Cruise River Dock Vacation Pair, 2623, Adult Travel"
Listing负责人为空,2577,B0H2MG2781,QS-HZ2511,,公司,B0H2MG2781,,"Water Shoes for Women Men, Slip On Pool Shoes for Beach Resort Shower Cruise Dock Travel Footwear, 2511, Adult Travel"
Listing负责人为空,2578,B0H2MM7VPH,QS-HZ2624,,公司,B0H2MM7VPH,,"Water Shoes for Women Men, Slip On Pool Shoes for Beach Resort Shower Cruise Dock Travel Footwear, 2624, Adult Travel"
Listing负责人为空,2579,B0H2MBLGFC,QS-HZC104,,公司,B0H2MBLGFC,,"Water Shoes for Women Men, Slip On Pool Shoes for Beach Resort Shower Cruise Dock Travel Footwear, C104, Adult Travel"
Listing负责人为空,2580,B0H2MG417C,QS-HZ2626,,公司,B0H2MG417C,,"Water Shoes for Women Men, Aqua Socks, Slip On Swim Shoes for Beach Pool Lake Boat Resort Travel Pair, 2626, Adult Travel"
Listing负责人为空,2581,B0H2MK6WJK,QS-HZC115,,公司,B0H2MK6WJK,,"Water Shoes for Women Men, Lightweight Swim Shoes for Beach Hotel Pool Lake Marina Resort Travel Pair, C115, Adult Travel"
Listing负责人为空,2583,B0H2M8PXRD,QS-HZC114,,公司,B0H2M8PXRD,,"Water Shoes for Women Men, Barefoot Water Footwear for Pool Beach Cruise River Dock Vacation Pair, C114, Adult Travel"
Listing负责人为空,2585,B0H2M5NVM9,QS-HZC119,,公司,B0H2M5NVM9,,"Water Shoes for Women Men, Lightweight Swim Shoes for Beach Hotel Pool Lake Marina Resort Travel Pair, C119, Adult Travel"
Listing负责人为空,2586,B0H2MGJPH3,QS-HZ2706,,公司,B0H2MGJPH3,,"Water Shoes for Women Men, Quick Dry Swim Footwear for Beach Pool Resort River Cruise Lake Travel Pair, 2706, Adult Travel"
Listing负责人为空,2587,B0H2MKQTGD,QS-HZ2628,,公司,B0H2MKQTGD,,"Water Shoes for Women Men, Quick Dry Swim Footwear for Beach Pool Resort River Cruise Lake Travel Pair, 2628, Adult Travel"
Listing负责人为空,2588,B0H2MT7TLV,QS-HZC117,,公司,B0H2MT7TLV,,"Water Shoes for Women Men, Quick Dry Swim Footwear for Beach Pool Resort River Cruise Lake Travel Pair, C117, Adult Travel"
Listing负责人为空,2589,B0H2MJ6F72,QS-HZ2610,,公司,B0H2MJ6F72,,"Water Shoes for Women Men, Lightweight Swim Shoes for Beach Hotel Pool Lake Marina Resort Travel Pair, 2610, Adult Travel"
Listing负责人为空,2590,B0H2MPXMXR,QS-HZ2620,,公司,B0H2MPXMXR,,"Water Shoes for Women Men, Aqua Socks, Foldable Water Shoes for Beach Pool River Lake Cruise Trip Pair, 2620, Adult Travel"
Listing负责人为空,2591,B0H2MQVN5R,QS-HZ2529,,公司,B0H2MQVN5R,,"Water Shoes for Women Men, Aqua Socks, Foldable Water Shoes for Beach Pool River Lake Cruise Trip Pair, 2529, Adult Travel"
Listing负责人为空,2596,B0H2MPVM5K,QS-HZ2532,,公司,B0H2MPVM5K,,"Water Shoes for Women Men, Slip On Pool Shoes for Beach Resort Shower Cruise Dock Travel Footwear, 2532, Adult Travel"
Listing负责人为空,2597,B0H2MC7ZZB,QS-HZ2606,,公司,B0H2MC7ZZB,,"Water Shoes for Women Men, Quick Dry Swim Footwear for Beach Pool Resort River Cruise Lake Travel Pair, 2606, Adult Travel"
Listing负责人为空,2598,B0H2MPBWHP,QS-HZ2612,,公司,B0H2MPBWHP,,"Water Shoes for Women Men, Quick Dry Aqua Socks for Pool Beach Boat Dock Lake Resort Summer Travel, 2612, Adult Travel"
Listing负责人为空,2599,B0H2MK58P1,QS-HZ2625,,公司,B0H2MK58P1,,"Water Shoes for Women Men, Quick Dry Aqua Socks for Pool Beach Boat Dock Lake Resort Summer Travel, 2625, Adult Travel"
Listing负责人为空,2600,B0H2MPC7RH,QS-HZ2561,,公司,B0H2MPC7RH,,"Water Shoes for Women Men, Aqua Socks, Slip On Swim Shoes for Beach Pool Lake Boat Resort Travel Pair, 2561, Adult Travel"
Listing负责人为空,2601,B0H2MHVYGX,QS-HZC101,,公司,B0H2MHVYGX,,"Water Shoes for Women Men, Aqua Socks, Slip On Swim Shoes for Beach Pool Lake Boat Resort Travel Pair, C101, Adult Travel"
Listing负责人为空,2602,B0H2MM61MC,QS-HZ2629,,公司,B0H2MM61MC,,"Water Shoes for Women Men, Aqua Socks, Slip On Swim Shoes for Beach Pool Lake Boat Resort Travel Pair, 2629, Adult Travel"
Listing负责人为空,2603,B0H2MDB683,QS-HZ2609,,公司,B0H2MDB683,,"Water Shoes for Women Men, Barefoot Water Footwear for Pool Beach Cruise River Dock Vacation Pair, 2609, Adult Travel"
Listing负责人为空,2604,B0H2MLT2ZB,QS-HZC118,,公司,B0H2MLT2ZB,,"Water Shoes for Women Men, Water Footwear for Beach Pool Spa Hotel River Lake Cruise Travel Pair, C118, Adult Travel"
Listing负责人为空,2605,B0H2MFZJH1,QS-HZ2552,,公司,B0H2MFZJH1,,"Water Shoes for Women Men, Quick Dry Aqua Socks for Pool Beach Boat Dock Lake Resort Summer Travel, 2552, Adult Travel"
Listing负责人为空,2616,B0H23KX96L,QS-153,,公司,B0H23KX96L,,"Lake Shoes for Women Men, Aqua Socks, Slip On Swim Footwear, Boat Ramp River Cabin Beach Travel Pair"
Listing负责人为空,2617,B0H23VJJBT,QS-151,,公司,B0H23VJJBT,,"Beach Shoes for Women Men, Aqua Socks, Lightweight Water Footwear, River Dock Fishing Lake Travel Pair"
Listing负责人为空,2619,B0H23VQC13,QS-150,,公司,B0H23VQC13,,"Swim Shoes for Women Men, Water Shoes, Aqua Socks, Foldable Beach Pool Water Park Cruise Vacation Footwear"
Listing负责人为空,2635,B0GS4RDLJJ,QS-112,,公司,B0GS4RDLJJ,,"Aqua Socks for Women Men, Water Shoes, Barefoot Swim Footwear, Resort Pool Lake Yoga Beach Travel Pair"
Listing负责人为空,2636,B0GS4FS63Y,QS-111,,公司,B0GS4FS63Y,,"Aqua Socks for Women Men, Water Shoes, Quick Dry Swim Footwear, Beach Pool River Lake Cruise Summer Travel Pair"
Listing负责人为空,2637,B0H1S8VD1J,QS-134,,公司,B0H1S8VD1J,,"Lake Shoes for Women Men, Aqua Socks, Water Footwear, Quick Dry Beach Pool Cruise Summer Vacation Travel Pair"
Listing负责人为空,2638,B0H1S3PSQ3,QS-125,,公司,B0H1S3PSQ3,,"Beach Shoes for Women Men, Aqua Socks, Barefoot Water Footwear, Lake River Beach House Summer Travel Pair"
Listing负责人为空,2639,B0H1RTH2KG,QS-137,,公司,B0H1RTH2KG,,"Surf Shoes for Women Men, Aqua Socks, Swim Footwear, Lightweight Lake River Beach Resort Summer Travel Pair"
Listing负责人为空,2640,B0H1RY9T8J,QS-132,,公司,B0H1RY9T8J,,"River Shoes for Women Men, Aqua Socks, Water Footwear, Quick Dry Beach Pool Lake Weekend Travel Trip Pair"
Listing负责人为空,2641,B0H1RQ5NLJ,QS-139,,公司,B0H1RQ5NLJ,,"Barefoot Water Socks for Women Men, Aqua Shoes, Pool Footwear, River Lake Beach Resort Summer Travel Pair"
Listing负责人为空,2642,B0H1RWFCVR,QS-123,,公司,B0H1RWFCVR,,"Beach Shoes for Women Men, Aqua Socks, Water Shoes, Quick Dry Pool River Lake Cruise Resort Travel Pair"
Listing负责人为空,2643,B0H1RWSYQ8,QS-122,,公司,B0H1RWSYQ8,,"Swim Shoes for Women Men, Water Shoes, Aqua Socks, Slip On Boat Lake Camping Shower Beach Travel Footwear Pair"
Listing负责人为空,2644,B0H1S51N4Q,QS-118,,公司,B0H1S51N4Q,,"Swim Shoes for Women Men, Water Shoes, Aqua Socks, Quick Dry Beach Pool River Lake Cruise Travel Footwear"
Listing负责人为空,2645,B0H1S8K83L,QS-124,,公司,B0H1S8K83L,,"Beach Shoes for Women Men, Aqua Socks, Swim Footwear, Lightweight Cruise Pool Resort Vacation Travel Pair"
Listing负责人为空,2646,B0H1S8CNQV,QS-126,,公司,B0H1S8CNQV,,"Beach Shoes for Women Men, Aqua Socks, Quick Dry Water Footwear, Pool Resort Cruise Beach Hotel Travel Pair"
Listing负责人为空,2647,B0H1S938C7,QS-119,,公司,B0H1S938C7,,"Swim Shoes for Women Men, Water Shoes, Aqua Socks, Barefoot Lake Cruise Resort Pool Vacation Footwear"
Listing负责人为空,2648,B0H1S5N75D,QS-135,,公司,B0H1S5N75D,,"Lake Shoes for Women Men, Aqua Socks, Swim Footwear, Slip On River Dock Boat Ramp Travel Vacation Pair"
Listing负责人为空,2649,B0H1RYYG1V,QS-138,,公司,B0H1RYYG1V,,"Barefoot Water Socks for Women Men, Aqua Shoes, Swim Footwear, Beach Pool Resort Cruise Summer Travel Pair"
Listing负责人为空,2650,B0H1S28G3Z,QS-131,,公司,B0H1S28G3Z,,"Pool Shoes for Women Men, Aqua Socks, Barefoot Water Footwear, Yoga Beach Resort Spa Pool Vacation Pair"
Listing负责人为空,2651,B0H1RSFVTX,QS-114,,公司,B0H1RSFVTX,,"Aqua Socks for Women Men, Water Shoes, Foldable Swim Footwear, River Lake Dock Boat Beach Travel Pair"
Listing负责人为空,2652,B0H1S3MM3D,QS-128,,公司,B0H1S3MM3D,,"Pool Shoes for Women Men, Aqua Socks, Swim Footwear, Quick Dry Beach Lake Resort Cruise Summer Travel Pair"
Listing负责人为空,2653,B0H1RYQ4NR,QS-136,,公司,B0H1RYQ4NR,,"Surf Shoes for Women Men, Aqua Socks, Water Footwear, Quick Dry Beach Pool Resort Summer Vacation Travel Pair"
Listing负责人为空,2654,B0H1RV72Z9,QS-133,,公司,B0H1RV72Z9,,"River Shoes for Women Men, Aqua Socks, Swim Footwear, Lightweight Kayaking Dock Beach Summer Travel Pair"
Listing负责人为空,2655,B0H1RRCCWR,QS-127,,公司,B0H1RRCCWR,,"Beach Shoes for Women Men, Aqua Socks, Lightweight Water Footwear, River Dock Fishing Summer Travel Pair"
Listing负责人为空,2656,B0H1S2F7BK,QS-129,,公司,B0H1S2F7BK,,"Pool Shoes for Women Men, Aqua Socks, Water Footwear, Slip On River Cruise Resort Beach Summer Travel Pair"
Listing负责人为空,2657,B0H1S45NQC,QS-121,,公司,B0H1S45NQC,,"Swim Shoes for Women Men, Water Shoes, Aqua Socks, Foldable Pool Water Park Beach Resort Travel Pair"
Listing负责人为空,2658,B0H1RFDSKL,QS-109,,公司,B0H1RFDSKL,,"Water Shoes for Women Men, Aqua Socks, Quick Dry Swim Shoes, Lake River Dock Beach Camping Shower Footwear"
Listing负责人为空,2661,B0GQBS5TQ3,QS-092,,公司,B0GQBS5TQ3,,All Terrain Water Shoes Lightweight Quick Dry Beach Swim Shoes
Listing负责人为空,2662,B0GQBYS57V,QS-010,,公司,B0GQBYS57V,,"Diving Water Shoes for Men Women, Non Skid Rubber Sole, Quick Dry Swim Shoes"
Listing负责人为空,2663,B0GQBV1H8M,QS-020,,公司,B0GQBV1H8M,,Foldable Beach Shoes Lightweight Water Shoes for Travel Outdoor Sports
Listing负责人为空,2665,B0GQBK3LKY,QS-061,,公司,B0GQBK3LKY,,"Ocean Swim Water Shoes Unisex, Anti Slip Rubber Sole, Stretch Fit Beach Shoes"
Listing负责人为空,2668,B0GQC4C415,QS-079,,公司,B0GQC4C415,,Slip On Beach Shoes Quick Dry Water Shoes for Travel Vacation Outdoor
Listing负责人为空,2670,B0GQC6NDGW,QS-055,,公司,B0GQC6NDGW,,"Creek Trekking Water Shoes for Men Women, Anti Slip Sole, Durable Outsole"
Listing负责人为空,2672,B0GQBT7L6Z,QS-048,,公司,B0GQBT7L6Z,,"Diving Swim Water Shoes for Men Women, Non Skid Sole, Stretch Fit Slip On"
Listing负责人为空,2674,B0GQBVRN6P,QS-056,,公司,B0GQBVRN6P,,"Pool Beach Water Shoes Unisex, Non Slip Rubber Sole, Printed Quick Dry Shoes"
Listing负责人为空,2675,B0GQC4CFDT,QS-063,,公司,B0GQC4CFDT,,"Diving Beach Water Shoes Men Women, Non Slip Rubber Sole, Quick Dry Swim Shoes"
Listing负责人为空,2679,B0GQC1FF7J,QS-036,,公司,B0GQC1FF7J,,Summer Water Shoes for Women Men Comfort Quick Dry Beach Walking Shoes
Listing负责人为空,2680,B0GQC6JQJH,QS-070,,公司,B0GQC6JQJH,,"Packable Beach Water Shoes for Men Women, Non Slip Sole, Travel Swim Shoes"
Listing负责人为空,2681,B0GQBVRN77,QS-100,,公司,B0GQBVRN77,,"Beach Water Shoes Unisex, Anti Slip Pattern Sole, Quick Dry Swim Shoes for Ocean"
Listing负责人为空,2682,B0GQC5XQJ9,QS-081,,公司,B0GQC5XQJ9,,"Water Shoes Unisex, Anti Slip Sole, Printed Design, for Beach Swimming Rafting"
Listing负责人为空,2684,B0GQC47WR7,QS-091,,公司,B0GQC47WR7,,"Pool Beach Aqua Shoes Men Women, Non Skid Rubber Sole, Lightweight Quick Dry"
Listing负责人为空,2686,B0GQBZXFT3,QS-059,,公司,B0GQBZXFT3,,"Water Shoes Men Women, Non Slip Sole, Cushion Insole, for Beach Snorkeling"
Listing负责人为空,2688,B0GQBY6JH7,QS-034,,公司,B0GQBY6JH7,,"Swim Water Shoes for Men Women, Non Slip Sole, Comfortable Fit, for Beach Pool"
Listing负责人为空,2690,B0GQBKLQGH,QS-078,,公司,B0GQBKLQGH,,"Unisex Aqua Shoes, Non Skid Rubber Sole, Stretch Fit, for Ocean Reef Walk"
Listing负责人为空,2691,B0GQBYRX3L,QS-069,,公司,B0GQBYRX3L,,"Ocean Swim Water Shoes Unisex, Anti Slip Rubber Sole, Stretch Fit Beach Shoes"
Listing负责人为空,2692,B0GQBVQK5K,QS-037,,公司,B0GQBVQK5K,,"Unisex Water Shoes, Quick Dry Beach Shoes, Anti Skid Rubber Sole, for Travel"
Listing负责人为空,2694,B0GQGYF5F3,QS-064,,公司,B0GQGYF5F3,,Flexible Water Shoes Slip On Breathable Beach Shoes for Pool Surfing
Listing负责人为空,2695,B0GQC57SNQ,QS-043,,公司,B0GQC57SNQ,,"River Shoes Unisex, Non Slip Sole, Quick Dry Water Shoes for Creek Trekking"
Listing负责人为空,2696,B0GQBH6STQ,QS-006,,公司,B0GQBH6STQ,,"Pool Water Shoes for Men Women, Anti Skid Sole, Quick Dry, Lightweight Swim Shoes"
Listing负责人为空,2697,B0GQBPCFYH,QS-057,,公司,B0GQBPCFYH,,Portable Beach Shoes Foldable Design Water Shoes for Outdoor Activities
Listing负责人为空,2698,B0GQBLLLJD,QS-072,,公司,B0GQBLLLJD,,"Water Shoes for Men Women, Anti Skid Rubber Sole, Slip On, for Rafting Kayak"
Listing负责人为空,2702,B0GQC2ZWCD,QS-011,,公司,B0GQC2ZWCD,,"Water Shoes for Men Women, Durable Rubber Outsole, Soft Stretch Upper, for Pool"
Listing负责人为空,2703,B0GQC78R77,QS-049,,公司,B0GQC78R77,,"Diving Swim Water Shoes for Men Women, Non Skid Sole, Stretch Fit Slip On"
Listing负责人为空,2805,B0H1RQYJ6K,QS-115,,公司,B0H1RQYJ6K,,"Aqua Socks for Women Men, Water Shoes, Slip On Swim Footwear, Resort Pool Beach Water Park Cruise Summer Pair"
Listing负责人为空,2966,B0GTPD9P52,D324-B15-L107,,,B0GTPD9P52,,Denim Look Bikini Set Casual Style Two Piece Swimsuit Daily Bathing Suit
Listing负责人为空,2967,B0GTNVXRHC,D324-B15-L059,,,B0GTNVXRHC,,Slimming One Piece Swimsuit Body Shaping Bathing Suit Tummy Control Swimwear
Listing负责人为空,2968,B0GTPJNZ55,D324-B15-L098,,,B0GTPJNZ55,,Ruffled Bikini Top with High Waisted Bottom Two Piece Swimsuit Sweet Bathing Suit
Listing负责人为空,2969,B0GTNQ4WN2,D324-B15-L104,,,B0GTNQ4WN2,,Women's UV Protection Swimsuit One Piece Rash Guard Bathing Suit Outdoor Swimwear
Listing负责人为空,2970,B0GTNLF1FV,D324-B15-L113,,,B0GTNLF1FV,,Low Rise Bikini Set Minimalist Top Two Piece Swimsuit Sexy Bathing Suit
Listing负责人为空,2971,B0GTNT61S2,D324-B15-L035,,,B0GTNT61S2,,Wrap Front One Piece Swimsuit Tummy Control Back Tie Bathing Suit for Women
Listing负责人为空,2972,B0GTNVDY9M,D324-B15-L109,,,B0GTNVDY9M,,Adjustable Strap One Piece Swimsuit Custom Fit Comfort Bathing Suit Swimwear
Listing负责人为空,2973,B0GTP11BR2,D324-B15-L080,,,B0GTP11BR2,,Tummy Control One Piece Swimsuit Full Coverage Back Modest Bathing Suit Swimwear
Listing负责人为空,2974,B0GTP1TK18,D324-B15-L038,,,B0GTP1TK18,,Striped Bikini Set High Waisted Two Piece Swimsuit Retro Vintage Bathing Suit
Listing负责人为空,2975,B0GTNG12DK,D324-B15-L047,,,B0GTNG12DK,,Women's Athletic One Piece Swimsuit Racerback Training Bathing Suit Sport Swimwear
Listing负责人为空,2976,B0GTP1SLQD,D324-B15-L031,,,B0GTP1SLQD,,Floral Print Bikini Set High Cut Two Piece Swimsuit Cheeky Bottom Bathing Suit
Listing负责人为空,2977,B0GTP1SLQR,D324-B15-L116,,,B0GTP1SLQR,,Women's Beach Cover Up Swimsuit One Piece with Dress Overlay Bathing Suit
Listing负责人为空,2978,B0GTNWPK5N,D324-B15-L119,,,B0GTNWPK5N,,Women's Performance Swimsuit One Piece Competition Training Bathing Suit Swimwear
Listing负责人为空,2979,B0GTNVVZCD,D324-B15-L112,,,B0GTNVVZCD,,Balloon Sleeve One Piece Swimsuit Puff Sleeve Design Cute Bathing Suit Swimwear
Listing负责人为空,2980,B0GTP6NHBG,D324-B15-L102,,,B0GTP6NHBG,,Slim Fit One Piece Swimsuit Bodycon Design Tummy Control Bathing Suit Swimwear
Listing负责人为空,2981,B0GTNS49LJ,D324-B15-L077,,,B0GTNS49LJ,,Neon Color One Piece Swimsuit Bright Tone Slim Fit Bathing Suit Party Swimwear
Listing负责人为空,2982,B0GTP2X9HC,D324-B15-L063,,,B0GTP2X9HC,,High Waisted Bikini Set Ruffled Top Two Piece Swimsuit Vintage Bathing Suit
Listing负责人为空,2983,B0GTP96H7Y,D324-B15-L099,,,B0GTP96H7Y,,Cold Shoulder One Piece Swimsuit Cutout Shoulder Modest Bathing Suit Swimwear
Listing负责人为空,2984,B0GTP8TYKW,D324-B15-L094,,,B0GTP8TYKW,,Halter One Piece Swimsuit Tie Back Neck Sexy Slimming Bathing Suit Swimwear
Listing负责人为空,2985,B0GTP8F8T1,D324-B15-L030,,,B0GTP8F8T1,,Cutout One Piece Swimsuit Backless Monokini Sexy Swimwear for Summer Beach
Listing负责人为空,2986,B0GTNPPV85,D324-B15-L048,,,B0GTNPPV85,,Off Shoulder One Piece Swimsuit Ruffled Sleeve Modest Bathing Suit Swimwear
Listing负责人为空,2987,B0GTP6YZXT,D324-B15-L029,,,B0GTP6YZXT,,Ruffled One Piece Bathing Suit Modest Swimwear Tummy Control Slimming Fit
Listing负责人为空,2988,B0GTNPX58D,D324-B15-L043,,,B0GTNPX58D,,Deep V Neck One Piece Swimsuit Backless Monokini Sexy Slimming Bathing Suit
Listing负责人为空,2989,B0GTP1PD4S,D324-B15-L074,,,B0GTP1PD4S,,Women's Quick Dry Swimsuit One Piece Lightweight Bathing Suit Travel Swimwear
Listing负责人为空,2990,B0GTNYWVNX,D324-B15-L091,,,B0GTNYWVNX,,Full Coverage One Piece Swimsuit Modest Design Tummy Control Bathing Suit Swimwear
Listing负责人为空,2991,B0GTNRP723,D324-B15-L061,,,B0GTNRP723,,Women's Short Sleeve One Piece Swimsuit Rash Guard Bathing Suit UV Protection Swimwear
Listing负责人为空,2992,B0GTNL2P1M,D324-B15-L056,,,B0GTNL2P1M,,Women's Modest One Piece Swimsuit Long Torso Bathing Suit Full Coverage Swimwear
Listing负责人为空,2993,B0GTNSHKBN,D324-B15-L065,,,B0GTNSHKBN,,Butterfly Print Bikini Set High Cut Two Piece Swimsuit Lovely Bathing Suit
Listing负责人为空,2994,B0GTP8KYBF,D324-B15-L082,,,B0GTP8KYBF,,Women's Teen Girls Swimsuit One Piece Cute Design Junior Size Bathing Suit
Listing负责人为空,2995,B0GTP6NDW6,D324-B15-L078,,,B0GTP6NDW6,,Women's Scoop Neck One Piece Swimsuit Classic Design Comfort Bathing Suit Swimwear
Listing负责人为空,2996,B0GTNVKX26,D324-B15-L027,,,B0GTNVKX26,,Women's One Piece Swimsuit Tummy Control Bathing Suit V Neck Ruched Swimwear
Listing负责人为空,2997,B0GTNRX4YK,D324-B15-L045,,,B0GTNRX4YK,,Ruched One Piece Swimsuit Tummy Control Slim Fit Bathing Suit Women Swimwear
Listing负责人为空,2998,B0GTPGRY32,D324-B15-L044,,,B0GTPGRY32,,High Cut Bikini Set Low Rise Top Two Piece Swimsuit Trendy Bathing Suit
Listing负责人为空,2999,B0GTP1GQYF,D324-B15-L095,,,B0GTP1GQYF,,High Cut One Piece Swimsuit Leg Opening Design Sexy Monokini Bathing Suit
Listing负责人为空,3000,B0GTP6FV43,D324-B15-L073,,,B0GTP6FV43,,Ruffled Shoulder One Piece Swimsuit Cute Design Modest Bathing Suit Swimwear
Listing负责人为空,3001,B0GTNY6WJ1,D324-B15-L058,,,B0GTNY6WJ1,,Ruffled Hem Bikini Set High Waisted Bottom Cute Two Piece Swimsuit Bathing Suit
Listing负责人为空,3002,B0GTP6NDW5,D324-B15-L068,,,B0GTP6NDW5,,Low Back One Piece Swimsuit Deep Back Cut Sexy Bathing Suit Summer Swimwear
Listing负责人为空,3003,B0GTNK7JQR,D324-B15-L117,,,B0GTNK7JQR,,Wide Strap One Piece Swimsuit Shoulder Support Comfort Bathing Suit Swimwear
Listing负责人为空,3004,B0GTNK1J87,D324-B15-L101,,,B0GTNK1J87,,Tribal Print Bikini Set Ethnic Pattern Two Piece Swimsuit Boho Bathing Suit
Listing负责人为空,3005,B0GTNQSCBQ,D324-B15-L110,,,B0GTNQSCBQ,,Abstract Print Bikini Set Modern Art Pattern Two Piece Swimsuit Bathing Suit
Listing负责人为空,3006,B0GTNN3G17,D324-B15-L042,,,B0GTNN3G17,,Boho Floral Tankini Set Two Piece Swimwear Modest Bathing Suit for Women
Listing负责人为空,3007,B0GTNRMKWL,D324-B15-L103,,,B0GTNRMKWL,,Pastel Color Bikini Set Soft Tone Two Piece Swimsuit Kawaii Bathing Suit
Listing负责人为空,3008,B0GTP3Y8WC,D324-B15-L086,,,B0GTP3Y8WC,,Women's Long Torso One Piece Swimsuit Tall Fit Bathing Suit Tummy Control Swimwear
Listing负责人为空,3009,B0GTPK7VX9,D324-B15-L066,,,B0GTPK7VX9,,Women's Plus Size Bikini Set High Waisted Two Piece Swimsuit Full Figure Bathing Suit
Listing负责人为空,3010,B0GTP6MMN3,D324-B15-L039,,,B0GTP6MMN3,,Women's Plus Size Swimsuit One Piece Tummy Control Bathing Suit Full Figure Swimwear
Listing负责人为空,3011,B0GTNRWLLM,D324-B15-L090,,,B0GTNRWLLM,,Camouflage Print Bikini Set Tactical Style Two Piece Swimsuit Sport Bathing Suit
Listing负责人为空,3012,B0GTP3SP4L,D324-B15-L100,,,B0GTP3SP4L,,Women's Lightly Padded Swimsuit One Piece Soft Cup Comfort Bathing Suit Swimwear
Listing负责人为空,3013,B0GTPDBF8S,D324-B15-L060,,,B0GTPDBF8S,,Animal Print Bikini Set Leopard Pattern Two Piece Swimsuit Trendy Bathing Suit
Listing负责人为空,3014,B0GTP1WCSH,D324-B15-L088,,,B0GTP1WCSH,,Ruffled One Shoulder Swimsuit Asymmetrical Design Modest Bathing Suit Swimwear
Listing负责人为空,3015,B0GTNZ1F4F,D324-B15-L062,,,B0GTNZ1F4F,,Asymmetrical One Piece Swimsuit One Shoulder Design Sexy Monokini Bathing Suit
Listing负责人为空,3016,B0GTNPWY2S,D324-B15-L067,,,B0GTNPWY2S,,Criss Cross Front One Piece Swimsuit Tummy Control Slimming Bathing Suit Swimwear
Listing负责人为空,3017,B0GTNXRNB9,D324-B15-L115,,,B0GTNXRNB9,,Cherry Print Bikini Set Fruit Pattern Two Piece Swimsuit Lovely Bathing Suit
Listing负责人为空,3018,B0GTPCP2XZ,D324-B15-L111,,,B0GTPCP2XZ,,Women's Plus Size Tankini Set Two Piece Modest Swimwear Full Figure Bathing Suit
Listing负责人为空,3019,B0GTNW5ZCC,D324-B15-L071,,,B0GTNW5ZCC,,Satin Finish One Piece Swimsuit Luxury Style Slim Fit Bathing Suit Swimwear
Listing负责人为空,3020,B0GTNPSVKN,D324-B15-L118,,,B0GTNPSVKN,,Geometric Print Bikini Set Modern Pattern Two Piece Swimsuit Stylish Bathing Suit
Listing负责人为空,3021,B0GTNRTFG2,D324-B15-L083,,,B0GTNRTFG2,,Keyhole Cutout One Piece Swimsuit Front Detail Sexy Slimming Bathing Suit Swimwear
Listing负责人为空,3022,B0GTNVQW2Z,D324-B15-L120,,,B0GTNVQW2Z,,Women's String Triangle Bikini Top Sexy Self Tie Back Bathing Suit Swim Top
Listing负责人为空,3023,B0GTPCP2XX,D324-B15-L096,,,B0GTPCP2XX,,Watercolor Print Bikini Set Artistic Pattern Two Piece Swimsuit Cute Bathing Suit
Listing负责人为空,3024,B0GTNTG8HH,D324-B15-L085,,,B0GTNTG8HH,,Palm Leaf Print One Piece Swimsuit Beach Tropical Style Bathing Suit Swimwear
Listing负责人为空,3025,B0GTP9NJFR,D324-B15-L072,,,B0GTP9NJFR,,Triangle Bikini Set Top with Tie Side Bottom Two Piece Swimsuit Minimalist Bathing Suit
Listing负责人为空,3026,B0GTPBSVLP,D324-B15-L032,,,B0GTPBSVLP,,Ribbed Knit Bikini Set Square Neck Two Piece Swimsuit Trendy Bathing Suit
Listing负责人为空,3027,B0GTNXKSNL,D324-B15-L106,,,B0GTNXKSNL,,Plunge Neck One Piece Swimsuit Deep V Front Sexy Monokini Bathing Suit Swimwear
Listing负责人为空,3028,B0GTP8HBPB,D324-B15-L089,,,B0GTP8HBPB,,Women's Push Up One Piece Swimsuit Enhancer Bra Sexy Slimming Bathing Suit
Listing负责人为空,3029,B0GTNTHXCS,D324-B15-L079,,,B0GTNTHXCS,,Crochet Detail Bikini Set Boho Style Two Piece Swimsuit Handmade Bathing Suit
Listing负责人为空,3030,B0GTNVFL5R,D324-B15-L084,,,B0GTNVFL5R,,High Waisted Bikini Set Wide Band Top Two Piece Swimsuit Supportive Bathing Suit
Listing负责人为空,3031,B0GTP1YVJV,D324-B15-L037,,,B0GTP1YVJV,,Lace Up Back One Piece Swimsuit Cutout Monokini Slimming Swimwear Bathing Suit
Listing负责人为空,3032,B0GTP21NTG,D324-B15-L105,,,B0GTP21NTG,,Bow Detail Bikini Set Cute Design High Waisted Two Piece Swimsuit Bathing Suit
Listing负责人为空,3033,B0GTP14GYN,D324-B15-L049,,,B0GTP14GYN,,Bralette Bikini Set Wireless Top High Waisted Bottom Two Piece Swimsuit
Listing负责人为空,3034,B0GTNZ253C,D324-B15-L075,,,B0GTNZ253C,,Floral Lace Bikini Set Romantic Style Two Piece Swimsuit Elegant Bathing Suit
Listing负责人为空,3035,B0GTP3S51H,D324-B15-L069,,,B0GTP3S51H,,Polka Dot Bikini Set Retro Style High Waisted Two Piece Swimsuit Bathing Suit
Listing负责人为空,3036,B0GTNRYSGG,D324-B15-L081,,,B0GTNRYSGG,,Ombre Color Bikini Set Gradient Tone Two Piece Swimsuit Fashion Bathing Suit
Listing负责人为空,3037,B0GTPJQKX4,D324-B15-L070,,,B0GTPJQKX4,,Women's Casual Tankini Set Loose Top with Brief Modest Swimwear Bathing Suit
Listing负责人为空,3038,B0GTP7CL3C,D324-B15-L050,,,B0GTP7CL3C,,Mesh Panel One Piece Swimsuit Sheer Detail Sexy Monokini Bathing Suit Swimwear
Listing负责人为空,3039,B0GTP1LB6X,D324-B15-L092,,,B0GTP1LB6X,,Metallic Color Bikini Set Shiny Fabric Two Piece Swimsuit Party Bathing Suit
Listing负责人为空,3040,B0GTNVGJWN,D324-B15-L052,,,B0GTNVGJWN,,Women's Maternity Swimsuit One Piece Pregnancy Bathing Suit Comfort Swimwear
Listing负责人为空,3041,B0GTNTM9G2,D324-B15-L028,,,B0GTNTM9G2,,High Waisted Bikini Set Two Piece Push Up Swimsuit for Women Beach Vacation
Listing负责人为空,3042,B0GTPK75Y9,D324-B15-L057,,,B0GTPK75Y9,,Underwire Bikini Set Push Up Support Two Piece Swimsuit Sexy Bathing Suit
Listing负责人为空,3043,B0GTP6Y5SR,D324-B15-L087,,,B0GTP6Y5SR,,Seamless Bikini Set Smooth Fabric Two Piece Swimsuit Comfort Bathing Suit
Listing负责人为空,3044,B0GTP6Z3P8,D324-B15-L053,,,B0GTP6Z3P8,,Cross Back One Piece Swimsuit Padded Push Up Slimming Bathing Suit Swimwear
Listing负责人为空,3045,B0GTNTLL7L,D324-B15-L076,,,B0GTNTLL7L,,High Waisted Bikini Set Tummy Control Panel Two Piece Swimsuit Bathing Suit
Listing负责人为空,3046,B0GTP3TG6Z,D324-B15-L033,,,B0GTP3TG6Z,,Women's Tankini Set Top with Shorts Modest Swimwear Tummy Control Bathing Suit
Listing负责人为空,3047,B0GTP8KYBH,D324-B15-L108,,,B0GTP8KYBH,,Women's Modest Tankini Set High Neck Top with Skirt Bottom Swimwear Bathing Suit
Listing负责人为空,3048,B0GTNZS6RK,D324-B15-L054,,,B0GTNZS6RK,,High Waisted Bikini Set Tummy Control Top Two Piece Swimsuit Bathing Suit
Listing负责人为空,3049,B0GTP46T75,D324-B15-L093,,,B0GTP46T75,,Women's Loose Fit Tankini Set Flowy Top with Shorts Modest Swimwear Bathing Suit
Listing负责人为空,3050,B0GTPDCV54,D324-B15-L036,,,B0GTPDCV54,,High Waisted Bikini Set Tie Side Bottom Two Piece Swimsuit Sexy Bathing Suit
Listing负责人为空,3051,B0GTP8J2C4,D324-B15-L034,,,B0GTP8J2C4,,V Neck One Piece Swimsuit Push Up Padded Bra Slimming Bathing Suit Swimwear
Listing负责人为空,3052,B0GTP8V55N,D324-B15-L097,,,B0GTP8V55N,,Women's Compression Swimsuit One Piece Body Shaping Bathing Suit Fitness Swimwear
Listing负责人为空,3053,B0GTPH3DH5,D324-B15-L046,,,B0GTPH3DH5,,Square Neck Bikini Set Ribbed Fabric Two Piece Swimsuit Fashion Bathing Suit
Listing负责人为空,3054,B0GTNSPGCN,D324-B15-L055,,,B0GTNSPGCN,,Leaf Print One Piece Swimsuit Tropical Pattern Slim Fit Bathing Suit Swimwear
Listing负责人为空,3055,B0GTNQQLT4,D324-B15-L114,,,B0GTNQQLT4,,Stretchy Fabric One Piece Swimsuit Flexible Fit Comfort Bathing Suit Swimwear
Listing负责人为空,3056,B0GTNM3T33,D324-B15-L041,,,B0GTNM3T33,,Solid Color One Piece Swimsuit Basic Slim Fit Bathing Suit Casual Swimwear
Listing负责人为空,3057,B0GTP3ZC26,D324-B15-L064,,,B0GTP3ZC26,,Padded One Piece Swimsuit Wireless Bra Comfort Bathing Suit Daily Swimwear
Listing负责人为空,3058,B0GTNS4R3H,D324-B15-L040,,,B0GTNS4R3H,,Halter Neck Bikini Set Push Up Top Two Piece Swimsuit Cheeky Bathing Suit
Listing负责人为空,3059,B0GTNYXNVS,D324-B15-L051,,,B0GTNYXNVS,,Tie Dye Bikini Set High Waisted Two Piece Swimsuit Cute Bathing Suit for Teens
Listing负责人为空,3088,B0H1RVDFR7,QS-102,,公司,B0H1RVDFR7,,"Water Shoes for Women Men, Aqua Socks, Quick Dry Swim Shoes, Slip On Beach Pool River Lake Cruise Travel Footwear"
Listing负责人为空,3115,B0GK9H9CXH,SLP-1-B6,,未分配,B0GK99QMF7,,Women's Lightweight EVA Slide Sandals | Cute Bowknot Design | Non-Slip Quick Drying Shower Slippers | Portable Travel Slides for Indoor Outdoor Use
Listing负责人为空,3116,B0GK9NNJG9,SLP-1-B7,,未分配,B0GK99QMF7,,Women's Lightweight EVA Slide Sandals | Cute Bowknot Design | Non-Slip Quick Drying Shower Slippers | Portable Travel Slides for Indoor Outdoor Use
Listing负责人为空,3117,B0GK9N7WXT,SLP-1-P7,,未分配,B0GK99QMF7,,Women's Lightweight EVA Slide Sandals | Cute Bowknot Design | Non-Slip Quick Drying Shower Slippers | Portable Travel Slides for Indoor Outdoor Use
Listing负责人为空,3118,B0GK9TPYNV,SLP-1-P6,,未分配,B0GK99QMF7,,Women's Lightweight EVA Slide Sandals | Cute Bowknot Design | Non-Slip Quick Drying Shower Slippers | Portable Travel Slides for Indoor Outdoor Use
Listing负责人为空,3119,B0GK6LHM5C,YUN-A114-3,,未分配,B0GK6H1K3Q,,Non Slip Shower Slides for Elderly Safety Bathroom Sandals with Grip Sole Water Friendly
Listing负责人为空,3120,B0GK7BGPCB,YUN-A141-2,,未分配,B0GK6KN1L8,,Linen House Slippers for Women Breathable Open Toe Sweat Wicking Indoor Sandals
Listing负责人为空,3121,B0GK69BKBV,YUN-A141-3,,未分配,B0GK6KN1L8,,Linen House Slippers for Women Breathable Open Toe Sweat Wicking Indoor Sandals
Listing负责人为空,3122,B0GJKCJ75N,YU-Y104-2,,未分配,B0GJJ46HYM,,Casual Summer Flip Flops for Indoor & Outdoor Use
Listing负责人为空,3123,B0GK6NHPNV,YUN-A120-1,,未分配,B0GK5VXBLY,,Durable Rubber Shower Flip Flops Hygienic Gym Sandals with Traction Sole
Listing负责人为空,3124,B0GK6M2NPY,YUN-A145-3,,未分配,B0GK5R6R62,,Men's Injection Molded Slides One Piece Durable Construction Garden Clogs
Listing负责人为空,3125,B0GK751VHB,YUN-A146-3,,未分配,B0GK6DZN59,,Kid's Lightweight Pool Slides Non Slip Elastic Strap Summer Sandals for Boys Girls
Listing负责人为空,3126,B0GK6GRG76,YUN-A150-2,,未分配,B0GK6M532T,,Platform Cloud Slides Thick Sole Height Increasing Soft EVA Sandals for Streetwear
Listing负责人为空,3127,B0GK5X9VTN,YUN-A148-2,,未分配,B0GK6WNLF7,,Vegan Leather Slide Sandals for Women Cruelty Free Casual Summer Flats
Listing负责人为空,3128,B0GK6DV2G2,YUN-A126-1,,未分配,B0GK5R6JNW,,Boho Beaded Flip Flops for Women Dressy Summer Thong Sandals for Wedding Guest
Listing负责人为空,3129,B0GK648Q1H,YUN-A121-1,,未分配,B0GK6H287G,,Women's Classic Thong Flip Flops Simple Casual Summer Beach Sandals with Flexible Sole
Listing负责人为空,3130,B0GK7B4FVN,YUN-A105-3,,未分配,B0GK69SV48,,Ergonomic Flip Flops for Women with Arch Support Durable Rubber Sole Summer Beach Sandals
Listing负责人为空,3131,B0GK74WYZ6,YUN-A112-2,,未分配,B0GK7B76G9,,Women's Bathroom Cloud Slides Lightweight Non Slip Shower Slippers with Drain Holes
Listing负责人为空,3132,B0GK6KS8ZM,YUN-A123-2,,未分配,B0GK5ZPXWP,,Men's Canvas Strap Flip Flops Durable Rubber Sole Casual Beach Sandals for Summer
Listing负责人为空,3133,B0GK5VDG9Y,YUN-A137-2,,未分配,B0GK65JQSX,,Everyday Wear Slide Sandals Lightweight EVA Comfort Slippers for Home and Garden
Listing负责人为空,3134,B0GK5VWKJ7,YUN-A112-3,,未分配,B0GK7B76G9,,Women's Bathroom Cloud Slides Lightweight Non Slip Shower Slippers with Drain Holes
Listing负责人为空,3135,B0GK5VLNJ7,YUN-A110-2,,未分配,B0GK655LH2,,Deep Heel Cup Slide Sandals for Men Adjustable Strap Arch Support House Slippers
Listing负责人为空,3136,B0GJJQ79WB,YU-Y105-3,,未分配,B0GJJ46HYN,,Simple Design Non-Slip Flip Flops for Adults
Listing负责人为空,3137,B0GK68Y239,YUN-A129-1,,未分配,B0GK5ZM3GT,,Lightweight Travel Flip Flops for Women Packable Beach Sandals Essential Vacation Gear
Listing负责人为空,3138,B0GK64YB27,YUN-A119-1,,未分配,B0GK5ZN1B6,,Solid Color Home Slippers Soft Sole Bathroom Sandals Non Slip Slides for Couples
Listing负责人为空,3139,B0GK6K6ZG7,YUN-A128-3,,未分配,B0GK6WNLDH,,Women's Strappy Flat Sandals Casual Gladiator Flip Flops for Summer Holiday
Listing负责人为空,3140,B0GK6GHM8W,YUN-A142-1,,未分配,B0GK5VV735,,Fuzzy Fur Slides for Women Open Toe Memory Foam House Slippers with Rubber Sole
Listing负责人为空,3141,B0GK5ZKT66,YUN-A146-2,,未分配,B0GK6DZN59,,Kid's Lightweight Pool Slides Non Slip Elastic Strap Summer Sandals for Boys Girls
Listing负责人为空,3142,B0GK6SHCCH,YUN-A118-3,,未分配,B0GK6W8S5Q,,Waterproof EVA Slides for Pool and Beach Lightweight Washable Summer Sandals
Listing负责人为空,3143,B0GK7B5V5N,YUN-A108-3,,未分配,B0GK6GV9BQ,,Women's Yoga Foam Flip Flops Soft Cushioned Thong Sandals for Daily Walking and Vacation
Listing负责人为空,3144,B0GK6NDLQQ,YUN-A118-1,,未分配,B0GK6W8S5Q,,Waterproof EVA Slides for Pool and Beach Lightweight Washable Summer Sandals
Listing负责人为空,3145,B0GK7B5V6J,YUN-A128-2,,未分配,B0GK6WNLDH,,Women's Strappy Flat Sandals Casual Gladiator Flip Flops for Summer Holiday
Listing负责人为空,3146,B0GK64KLYB,YUN-A108-1,,未分配,B0GK6GV9BQ,,Women's Yoga Foam Flip Flops Soft Cushioned Thong Sandals for Daily Walking and Vacation
Listing负责人为空,3147,B0GK6NBKRL,YUN-A126-3,,未分配,B0GK5R6JNW,,Boho Beaded Flip Flops for Women Dressy Summer Thong Sandals for Wedding Guest
Listing负责人为空,3148,B0GK6KHLP2,YUN-A126-2,,未分配,B0GK5R6JNW,,Boho Beaded Flip Flops for Women Dressy Summer Thong Sandals for Wedding Guest
Listing负责人为空,3149,B0GK66DHWV,YUN-A134-2,,未分配,B0GK6NL7MJ,,Heavy Duty Rubber Sandals for Men Rugged Outsole Flip Flops for Yard Work
Listing负责人为空,3150,B0GK6KKMNY,YUN-A105-2,,未分配,B0GK69SV48,,Ergonomic Flip Flops for Women with Arch Support Durable Rubber Sole Summer Beach Sandals
Listing负责人为空,3151,B0GJJBWB62,YU-Y104-3,,未分配,B0GJJ46HYM,,Casual Summer Flip Flops for Indoor & Outdoor Use
Listing负责人为空,3152,B0GK7127RJ,YUN-A134-1,,未分配,B0GK6NL7MJ,,Heavy Duty Rubber Sandals for Men Rugged Outsole Flip Flops for Yard Work
Listing负责人为空,3153,B0GK66L4TB,YUN-A133-3,,未分配,B0GK7BHGSG,,Classic Solid Color Flip Flops Unisex Lightweight Beach Thong Sandals Bulk Pack
Listing负责人为空,3154,B0GK692Q8X,YUN-A134-3,,未分配,B0GK6NL7MJ,,Heavy Duty Rubber Sandals for Men Rugged Outsole Flip Flops for Yard Work
Listing负责人为空,3155,B0GK5DRD2L,YUN-A111-1,,未分配,B0GK74G2FX,,Quick Drying Shower Sandals for Bathroom Non Slip EVA Soft Sole Open Toe House Slippers
Listing负责人为空,3156,B0GK6LNKDG,YUN-A140-2,,未分配,B0GK6PSMZ4,,All Season Home Slides Durable Anti-Slip Sole Basic Comfort Sandals for Family
Listing负责人为空,3157,B0GJK63273,YU-Y103-2,,未分配,B0GJJ3Y1P8,,Classic Slip-On Flip Flops with Soft Sole
Listing负责人为空,3158,B0GK6RH1MN,YUN-A140-1,,未分配,B0GK6PSMZ4,,All Season Home Slides Durable Anti-Slip Sole Basic Comfort Sandals for Family
Listing负责人为空,3159,B0GK6NFWHM,YUN-A133-1,,未分配,B0GK7BHGSG,,Classic Solid Color Flip Flops Unisex Lightweight Beach Thong Sandals Bulk Pack
Listing负责人为空,3160,B0GK6Q2BM3,YUN-A138-2,,未分配,B0GK6LFTQV,,Sturdy Rubber Flip Flops for Pool Side Water Friendly Summer Sandals
Listing负责人为空,3161,B0GK719QVT,YUN-A115-2,,未分配,B0GK717D7L,,Soft EVA House Slippers for Guest Indoor Silent Mute Sandals for Bedroom and Living Room
Listing负责人为空,3162,B0GK6M5S3B,YUN-A110-3,,未分配,B0GK655LH2,,Deep Heel Cup Slide Sandals for Men Adjustable Strap Arch Support House Slippers
Listing负责人为空,3163,B0GK6DR8XH,YUN-A131-3,,未分配,B0GK753ST4,,Basic Rubber Flip Flops for Men Durable Outdoor Thong Sandals for Daily Use
Listing负责人为空,3164,B0GJJQ5N39,YU-Y102-2,,未分配,B0GJJJLBVR,,Lightweight Solid Color Flip Flops for Men and Women
Listing负责人为空,3165,B0GK654BS8,YUN-A132-1,,未分配,B0GK6K776S,,Women's Essential Flat Slides Slip On Casual Sandals for Errands and Dog Walking
Listing负责人为空,3166,B0GK66PSGY,YUN-A110-1,,未分配,B0GK655LH2,,Deep Heel Cup Slide Sandals for Men Adjustable Strap Arch Support House Slippers
Listing负责人为空,3167,B0GJJZH1YF,YU-Y103-1,,未分配,B0GJJ3Y1P8,,Classic Slip-On Flip Flops with Soft Sole
Listing负责人为空,3168,B0GK6G9SPR,YUN-A137-3,,未分配,B0GK65JQSX,,Everyday Wear Slide Sandals Lightweight EVA Comfort Slippers for Home and Garden
Listing负责人为空,3169,B0GK74R7VZ,YUN-A102-1,,未分配,B0GK5ZT8NP,,Cushioned Recovery Slides for Men & Women Soft Yoga Mat Insoles Sport Sandals after Workout
Listing负责人为空,3170,B0GK5ZT8ND,YUN-A109-1,,未分配,B0GK6F1B75,,Biomechanically Designed Arch Support Sandals Orthotic Flip Flops for Flat Feet Relief
Listing负责人为空,3171,B0GK5ZFX2R,YUN-A149-2,,未分配,B0GK6LPZT5,,Knit Upper Slide Sandals Breathable Mesh Fabric Slippers for Summer Cooling
Listing负责人为空,3172,B0GK6KHPXR,YUN-A131-2,,未分配,B0GK753ST4,,Basic Rubber Flip Flops for Men Durable Outdoor Thong Sandals for Daily Use
Listing负责人为空,3173,B0GK6H2871,YUN-A152-1,,未分配,B0GK6DQVWC,,Men's Adjustable Strap Slide Sandals Sport Recovery Slippers with Cushioned Sole for Wide Feet
Listing负责人为空,3174,B0GJK16LDP,YU-Y102-1,,未分配,B0GJJJLBVR,,Lightweight Solid Color Flip Flops for Men and Women
Listing负责人为空,3175,B0GK6NMX1C,YUN-A150-1,,未分配,B0GK6M532T,,Platform Cloud Slides Thick Sole Height Increasing Soft EVA Sandals for Streetwear
Listing负责人为空,3176,B0GK6S638Q,YUN-A130-2,,未分配,B0GK6KWR3S,,Trendy Cross Strap Slides for Women Soft Faux Leather Summer Slippers
Listing负责人为空,3177,B0GK64WW71,YUN-A130-3,,未分配,B0GK6KWR3S,,Trendy Cross Strap Slides for Women Soft Faux Leather Summer Slippers
Listing负责人为空,3178,B0GK6HJWY9,YUN-A148-3,,未分配,B0GK6WNLF7,,Vegan Leather Slide Sandals for Women Cruelty Free Casual Summer Flats
Listing负责人为空,3179,B0GJK4YG6W,YU-Y102-3,,未分配,B0GJJJLBVR,,Lightweight Solid Color Flip Flops for Men and Women
Listing负责人为空,3180,B0GK692SWF,YUN-A147,,未分配,B0GK692SWF,,Massaging Footbed Flip Flops Textured Sole Acupressure Sandals for Relaxation
Listing负责人为空,3181,B0GK6DMZK3,YUN-A144-1,,未分配,B0GK6HVBYC,,Women's Towel Cloth Flip Flops Absorbent Terry Cotton Spa Slippers Washable
Listing负责人为空,3182,B0GJJTN9DB,YU-Y101-2,,未分配,B0GJJ6Z2LZ,,Basic Comfort Flip Flops for Daily Wear
Listing负责人为空,3183,B0GK64WRPM,YUN-A146-1,,未分配,B0GK6DZN59,,Kid's Lightweight Pool Slides Non Slip Elastic Strap Summer Sandals for Boys Girls
Listing负责人为空,3184,B0GJJ3P5YQ,YU-Y101-1,,未分配,B0GJJ6Z2LZ,,Basic Comfort Flip Flops for Daily Wear
Listing负责人为空,3185,B0GK5RGBMQ,YUN-A136-3,,未分配,B0GK6Q2MRM,,Men's Wide Fit Flip Flops Adjustable Strap Comfort Sandals for Swollen Feet
Listing负责人为空,3186,B0GK6RLHXF,YUN-A145-1,,未分配,B0GK5R6R62,,Men's Injection Molded Slides One Piece Durable Construction Garden Clogs
Listing负责人为空,3187,B0GK6Q2MRK,YUN-A138-3,,未分配,B0GK6LFTQV,,Sturdy Rubber Flip Flops for Pool Side Water Friendly Summer Sandals
Listing负责人为空,3188,B0GK64T7B8,YUN-A127-3,,未分配,B0GK6H4939,,Men's Leather Strap Flip Flops Rugged Outdoor Summer Sandals with Arch Support
Listing负责人为空,3189,B0GK696L53,YUN-A125-3,,未分配,B0GK6DMWJ8,,Stylish Metal Buckle Slides for Women Faux Leather Flat Sandals for Daily Wear
Listing负责人为空,3190,B0GK711WNB,YUN-A151-1,,未分配,B0GK758657,,Women's Orthotic Flip Flops with High Arch Support Lightweight Thong Sandals for Heel Pain Relief
Listing负责人为空,3191,B0GK7B97SM,YUN-A106-1,,未分配,B0GK756TTL,,Comfort Foam Slides for Plantar Fasciitis Arch Support Slip On Sandals for Home Recovery
Listing负责人为空,3192,B0GK5VGQ1H,YUN-A123-1,,未分配,B0GK5ZPXWP,,Men's Canvas Strap Flip Flops Durable Rubber Sole Casual Beach Sandals for Summer
Listing负责人为空,3193,B0GK6GJW8W,YUN-A102-2,,未分配,B0GK5ZT8NP,,Cushioned Recovery Slides for Men & Women Soft Yoga Mat Insoles Sport Sandals after Workout
Listing负责人为空,3194,B0GK6B8XYS,YUN-A144-2,,未分配,B0GK6HVBYC,,Women's Towel Cloth Flip Flops Absorbent Terry Cotton Spa Slippers Washable
Listing负责人为空,3195,B0GK68SWTG,YUN-A103-1,,未分配,B0GK6MB27H,,Orthotic Arch Support Sandals for Women Lightweight Walking Flip Flops with Deep Heel Cup
Listing负责人为空,3196,B0GJJMM5HV,YU-Y101-3,,未分配,B0GJJ6Z2LZ,,Basic Comfort Flip Flops for Daily Wear
Listing负责人为空,3197,B0GK7B6K28,YUN-A145-2,,未分配,B0GK5R6R62,,Men's Injection Molded Slides One Piece Durable Construction Garden Clogs
Listing负责人为空,3198,B0GK74JFP4,YUN-A117-1,,未分配,B0GK5ZLZ86,,Unisex Bathroom Flip Flops Anti-Skid Sole Quick Dry Soft Shower Shoes for Dorms
Listing负责人为空,3199,B0GK68XTJ4,YUN-A153-2,,未分配,B0GK6KRL7S,,Women's Cork Footbed Sandals Suede Leather Double Buckle Slides Classic Casual Summer Shoes
Listing负责人为空,3200,B0GK66NHLN,YUN-A153-1,,未分配,B0GK6KRL7S,,Women's Cork Footbed Sandals Suede Leather Double Buckle Slides Classic Casual Summer Shoes
Listing负责人为空,3201,B0GK658N3V,YUN-A101-1,,未分配,B0GK5ZVCW5,,Women's Arch Support Flip Flops Comfortable Orthotic Thong Sandals for Plantar Fasciitis Relief
Listing负责人为空,3202,B0GK5R8KGF,YUN-A143-2,,未分配,B0GK64TB1Z,,Adjustable Double Buckle Slides for Wide Feet Cork Footbed Comfort Sandals
Listing负责人为空,3203,B0GK66L4SN,YUN-A114-2,,未分配,B0GK6H1K3Q,,Non Slip Shower Slides for Elderly Safety Bathroom Sandals with Grip Sole Water Friendly
Listing负责人为空,3204,B0GK5XQQCQ,YUN-A113-2,,未分配,B0GK6DHXS6,,Men's Gym Shower Flip Flops Antimicrobial Resistant Rubber Sole Quick Dry Pool Sandals
Listing负责人为空,3205,B0GK6S4QXL,YUN-A113-3,,未分配,B0GK6DHXS6,,Men's Gym Shower Flip Flops Antimicrobial Resistant Rubber Sole Quick Dry Pool Sandals
Listing负责人为空,3206,B0GK5ZFP1V,YUN-A136-1,,未分配,B0GK6Q2MRM,,Men's Wide Fit Flip Flops Adjustable Strap Comfort Sandals for Swollen Feet
Listing负责人为空,3207,B0GK5ZHRDY,YUN-A142-2,,未分配,B0GK5VV735,,Fuzzy Fur Slides for Women Open Toe Memory Foam House Slippers with Rubber Sole
Listing负责人为空,3208,B0GK7BB71Z,YUN-A150-3,,未分配,B0GK6M532T,,Platform Cloud Slides Thick Sole Height Increasing Soft EVA Sandals for Streetwear
Listing负责人为空,3209,B0GK5VYNJX,YUN-A113-1,,未分配,B0GK6DHXS6,,Men's Gym Shower Flip Flops Antimicrobial Resistant Rubber Sole Quick Dry Pool Sandals
Listing负责人为空,3210,B0GK5ZYX1B,YUN-A111-2,,未分配,B0GK74G2FX,,Quick Drying Shower Sandals for Bathroom Non Slip EVA Soft Sole Open Toe House Slippers
Listing负责人为空,3211,B0GK6HTQMM,YUN-A106-3,,未分配,B0GK756TTL,,Comfort Foam Slides for Plantar Fasciitis Arch Support Slip On Sandals for Home Recovery
Listing负责人为空,3212,B0GK6DMZJ6,YUN-A106-2,,未分配,B0GK756TTL,,Comfort Foam Slides for Plantar Fasciitis Arch Support Slip On Sandals for Home Recovery
Listing负责人为空,3213,B0GK751VG2,YUN-A104-1,,未分配,B0GK6KLTKP,,Men's Sport Recovery Sandals Thick Sole Shock Absorbing Slides for Indoor & Outdoor Comfort
Listing负责人为空,3214,B0GK6WTQB4,YUN-A120-2,,未分配,B0GK5VXBLY,,Durable Rubber Shower Flip Flops Hygienic Gym Sandals with Traction Sole
Listing负责人为空,3215,B0GK6RPW2Z,YUN-A116-2,,未分配,B0GK6NJQ2B,,Drain Holes Shower Sandals Quick Drying Gym Bath Slippers Antimicrobial Resistant Slides
Listing负责人为空,3216,B0GK64MM3R,YUN-A132-3,,未分配,B0GK6K776S,,Women's Essential Flat Slides Slip On Casual Sandals for Errands and Dog Walking
Listing负责人为空,3217,B0GK6M83NP,YUN-A114-1,,未分配,B0GK6H1K3Q,,Non Slip Shower Slides for Elderly Safety Bathroom Sandals with Grip Sole Water Friendly
Listing负责人为空,3218,B0GK6FBNNL,YUN-A103-2,,未分配,B0GK6MB27H,,Orthotic Arch Support Sandals for Women Lightweight Walking Flip Flops with Deep Heel Cup
Listing负责人为空,3219,B0GK6KD5QQ,YUN-A109-3,,未分配,B0GK6F1B75,,Biomechanically Designed Arch Support Sandals Orthotic Flip Flops for Flat Feet Relief
Listing负责人为空,3220,B0GK5ZYFPC,YUN-A109-2,,未分配,B0GK6F1B75,,Biomechanically Designed Arch Support Sandals Orthotic Flip Flops for Flat Feet Relief
Listing负责人为空,3221,B0GK6GN8PS,YUN-A101-2,,未分配,B0GK5ZVCW5,,Women's Arch Support Flip Flops Comfortable Orthotic Thong Sandals for Plantar Fasciitis Relief
Listing负责人为空,3222,B0GJJFCYTF,YU-Y106-1,,未分配,B0GJJ9PDHG,,Durable Flat Flip Flops for Everyday Activities
Listing负责人为空,3223,B0GJJNMSZ8,YU-Y104-1,,未分配,B0GJJ46HYM,,Casual Summer Flip Flops for Indoor & Outdoor Use
Listing负责人为空,3224,B0GK71QGW9,YUN-A104-2,,未分配,B0GK6KLTKP,,Men's Sport Recovery Sandals Thick Sole Shock Absorbing Slides for Indoor & Outdoor Comfort
Listing负责人为空,3225,B0GK6HHH66,YUN-A103-3,,未分配,B0GK6MB27H,,Orthotic Arch Support Sandals for Women Lightweight Walking Flip Flops with Deep Heel Cup
Listing负责人为空,3226,B0GK6M3Z6X,YUN-A122-2,,未分配,B0GK6WVV1S,,Fashion Braided Strap Slides for Women Flat Summer Sandals for Dressy Casual Outfits
Listing负责人为空,3227,B0GK5YSYPK,YUN-A117-3,,未分配,B0GK5ZLZ86,,Unisex Bathroom Flip Flops Anti-Skid Sole Quick Dry Soft Shower Shoes for Dorms
Listing负责人为空,3228,B0GK6M1N4V,YUN-A101-3,,未分配,B0GK5ZVCW5,,Women's Arch Support Flip Flops Comfortable Orthotic Thong Sandals for Plantar Fasciitis Relief
Listing负责人为空,3229,B0GK6LCR7B,YUN-A102-3,,未分配,B0GK5ZT8NP,,Cushioned Recovery Slides for Men & Women Soft Yoga Mat Insoles Sport Sandals after Workout
Listing负责人为空,3230,B0GJJTXL9W,YU-Y106-2,,未分配,B0GJJ9PDHG,,Durable Flat Flip Flops for Everyday Activities
Listing负责人为空,3231,B0GK66CNLT,YUN-A116-3,,未分配,B0GK6NJQ2B,,Drain Holes Shower Sandals Quick Drying Gym Bath Slippers Antimicrobial Resistant Slides
Listing负责人为空,3232,B0GK6PJWDV,YUN-A121-2,,未分配,B0GK6H287G,,Women's Classic Thong Flip Flops Simple Casual Summer Beach Sandals with Flexible Sole
Listing负责人为空,3233,B0GK6WCHDQ,YUN-A128-1,,未分配,B0GK6WNLDH,,Women's Strappy Flat Sandals Casual Gladiator Flip Flops for Summer Holiday
Listing负责人为空,3234,B0GK7BFDK9,YUN-A108-2,,未分配,B0GK6GV9BQ,,Women's Yoga Foam Flip Flops Soft Cushioned Thong Sandals for Daily Walking and Vacation
Listing负责人为空,3235,B0GK6GN8RZ,YUN-A115-1,,未分配,B0GK717D7L,,Soft EVA House Slippers for Guest Indoor Silent Mute Sandals for Bedroom and Living Room
Listing负责人为空,3236,B0GK64SNBX,YUN-A127-1,,未分配,B0GK6H4939,,Men's Leather Strap Flip Flops Rugged Outdoor Summer Sandals with Arch Support
Listing负责人为空,3237,B0GK69VGYG,YUN-A124-2,,未分配,B0GK6MPQLW,,Women's Summer Platform Flip Flops Wedge Thick Sole Beach Sandals for Vacation
Listing负责人为空,3238,B0GJK7YWBY,YU-Y105-2,,未分配,B0GJJ46HYN,,Simple Design Non-Slip Flip Flops for Adults
Listing负责人为空,3239,B0GK66FKRS,YUN-A124-1,,未分配,B0GK6MPQLW,,Women's Summer Platform Flip Flops Wedge Thick Sole Beach Sandals for Vacation
Listing负责人为空,3240,B0GK5VL8B1,YUN-A111-3,,未分配,B0GK74G2FX,,Quick Drying Shower Sandals for Bathroom Non Slip EVA Soft Sole Open Toe House Slippers
Listing负责人为空,3241,B0GK6GN8RJ,YUN-A104-3,,未分配,B0GK6KLTKP,,Men's Sport Recovery Sandals Thick Sole Shock Absorbing Slides for Indoor & Outdoor Comfort
Listing负责人为空,3242,B0GJHSGDV7,YU-Y105-1,,未分配,B0GJJ46HYN,,Simple Design Non-Slip Flip Flops for Adults
Listing负责人为空,3243,B0GK5XQQCM,YUN-A118-2,,未分配,B0GK6W8S5Q,,Waterproof EVA Slides for Pool and Beach Lightweight Washable Summer Sandals
Listing负责人为空,3244,B0GK63RC8W,YUN-A116-1,,未分配,B0GK6NJQ2B,,Drain Holes Shower Sandals Quick Drying Gym Bath Slippers Antimicrobial Resistant Slides
Listing负责人为空,3245,B0GJJVJX1M,YU-Y103-3,,未分配,B0GJJ3Y1P8,,Classic Slip-On Flip Flops with Soft Sole
Listing负责人为空,3246,B0GK6FB5PG,YUN-A115-3,,未分配,B0GK717D7L,,Soft EVA House Slippers for Guest Indoor Silent Mute Sandals for Bedroom and Living Room
Listing负责人为空,3247,B0GK5TWXW3,YUN-A105-1,,未分配,B0GK69SV48,,Ergonomic Flip Flops for Women with Arch Support Durable Rubber Sole Summer Beach Sandals
Listing负责人为空,3248,B0GK5VMK7N,YUN-A143-3,,未分配,B0GK64TB1Z,,Adjustable Double Buckle Slides for Wide Feet Cork Footbed Comfort Sandals
Listing负责人为空,3249,B0GK6H493V,YUN-A143-1,,未分配,B0GK64TB1Z,,Adjustable Double Buckle Slides for Wide Feet Cork Footbed Comfort Sandals
Listing负责人为空,3250,B0GK66GF9W,YUN-A149-1,,未分配,B0GK6LPZT5,,Knit Upper Slide Sandals Breathable Mesh Fabric Slippers for Summer Cooling
Listing负责人为空,3251,B0GK7533XJ,YUN-A141-1,,未分配,B0GK6KN1L8,,Linen House Slippers for Women Breathable Open Toe Sweat Wicking Indoor Sandals
Listing负责人为空,3252,B0GK5TWXWG,YUN-A142-3,,未分配,B0GK5VV735,,Fuzzy Fur Slides for Women Open Toe Memory Foam House Slippers with Rubber Sole
Listing负责人为空,3253,B0GK5ZTLRR,YUN-A151-3,,未分配,B0GK758657,,Women's Orthotic Flip Flops with High Arch Support Lightweight Thong Sandals for Heel Pain Relief
Listing负责人为空,3254,B0GK6GM8WF,YUN-A137-1,,未分配,B0GK65JQSX,,Everyday Wear Slide Sandals Lightweight EVA Comfort Slippers for Home and Garden
Listing负责人为空,3255,B0GK5RSMRY,YUN-A124-3,,未分配,B0GK6MPQLW,,Women's Summer Platform Flip Flops Wedge Thick Sole Beach Sandals for Vacation
Listing负责人为空,3256,B0GK6G752C,YUN-A122-1,,未分配,B0GK6WVV1S,,Fashion Braided Strap Slides for Women Flat Summer Sandals for Dressy Casual Outfits
Listing负责人为空,3257,B0GK6DT4CM,YUN-A132-2,,未分配,B0GK6K776S,,Women's Essential Flat Slides Slip On Casual Sandals for Errands and Dog Walking
Listing负责人为空,3258,B0GK751VHT,YUN-A139-3,,未分配,B0GK6ZXVJF,,Women's Narrow Fit Thong Sandals Slim Strap Flip Flops for Petite Feet
Listing负责人为空,3259,B0GK6GF4B6,YUN-A138-1,,未分配,B0GK6LFTQV,,Sturdy Rubber Flip Flops for Pool Side Water Friendly Summer Sandals
Listing负责人为空,3260,B0GK6M8GSZ,YUN-A135-1,,未分配,B0GK74XQSN,,Women's Casual Slip On Sandals Flexible Sole Flat Slides for Indoor Outdoor Use
Listing负责人为空,3261,B0GK6DR8X6,YUN-A129-3,,未分配,B0GK5ZM3GT,,Lightweight Travel Flip Flops for Women Packable Beach Sandals Essential Vacation Gear
Listing负责人为空,3262,B0GK74KMWT,YUN-A119-2,,未分配,B0GK5ZN1B6,,Solid Color Home Slippers Soft Sole Bathroom Sandals Non Slip Slides for Couples
Listing负责人为空,3263,B0GK6ND9Y1,YUN-A112-1,,未分配,B0GK7B76G9,,Women's Bathroom Cloud Slides Lightweight Non Slip Shower Slippers with Drain Holes
Listing负责人为空,3264,B0GK6M8TS6,YUN-A135-2,,未分配,B0GK74XQSN,,Women's Casual Slip On Sandals Flexible Sole Flat Slides for Indoor Outdoor Use
Listing负责人为空,3265,B0GK6M9PC7,YUN-A125-1,,未分配,B0GK6DMWJ8,,Stylish Metal Buckle Slides for Women Faux Leather Flat Sandals for Daily Wear
Listing负责人为空,3266,B0GK7BDZJY,YUN-A133-2,,未分配,B0GK7BHGSG,,Classic Solid Color Flip Flops Unisex Lightweight Beach Thong Sandals Bulk Pack
Listing负责人为空,3267,B0GK7B76H8,YUN-A148-1,,未分配,B0GK6WNLF7,,Vegan Leather Slide Sandals for Women Cruelty Free Casual Summer Flats
Listing负责人为空,3268,B0GK6GZ8QD,YUN-A123-3,,未分配,B0GK5ZPXWP,,Men's Canvas Strap Flip Flops Durable Rubber Sole Casual Beach Sandals for Summer
Listing负责人为空,3269,B0GK6HM828,YUN-A119-3,,未分配,B0GK5ZN1B6,,Solid Color Home Slippers Soft Sole Bathroom Sandals Non Slip Slides for Couples
Listing负责人为空,3270,B0GK5X88NR,YUN-A136-2,,未分配,B0GK6Q2MRM,,Men's Wide Fit Flip Flops Adjustable Strap Comfort Sandals for Swollen Feet
Listing负责人为空,3271,B0GK5DYG83,YUN-A131-1,,未分配,B0GK753ST4,,Basic Rubber Flip Flops for Men Durable Outdoor Thong Sandals for Daily Use
Listing负责人为空,3272,B0GK64YRXK,YUN-A151-2,,未分配,B0GK758657,,Women's Orthotic Flip Flops with High Arch Support Lightweight Thong Sandals for Heel Pain Relief
Listing负责人为空,3273,B0GK6F9JT2,YUN-A125-2,,未分配,B0GK6DMWJ8,,Stylish Metal Buckle Slides for Women Faux Leather Flat Sandals for Daily Wear
Listing负责人为空,3274,B0GK5RGKVV,YUN-A140-3,,未分配,B0GK6PSMZ4,,All Season Home Slides Durable Anti-Slip Sole Basic Comfort Sandals for Family
Listing负责人为空,3275,B0GK6B1DL3,YUN-A122-3,,未分配,B0GK6WVV1S,,Fashion Braided Strap Slides for Women Flat Summer Sandals for Dressy Casual Outfits
Listing负责人为空,3276,B0GJK4X6JH,YU-Y106-3,,未分配,B0GJJ9PDHG,,Durable Flat Flip Flops for Everyday Activities
Listing负责人为空,3277,B0GK6WG68M,YUN-A121-3,,未分配,B0GK6H287G,,Women's Classic Thong Flip Flops Simple Casual Summer Beach Sandals with Flexible Sole
Listing负责人为空,3278,B0GK6PXD94,YUN-A120-3,,未分配,B0GK5VXBLY,,Durable Rubber Shower Flip Flops Hygienic Gym Sandals with Traction Sole
Listing负责人为空,3279,B0GK5VMRJC,YUN-A117-2,,未分配,B0GK5ZLZ86,,Unisex Bathroom Flip Flops Anti-Skid Sole Quick Dry Soft Shower Shoes for Dorms
Listing负责人为空,3280,B0GK6SF1G2,YUN-A135-3,,未分配,B0GK74XQSN,,Women's Casual Slip On Sandals Flexible Sole Flat Slides for Indoor Outdoor Use
Listing负责人为空,3281,B0GK6RJMPJ,YUN-A139-2,,未分配,B0GK6ZXVJF,,Women's Narrow Fit Thong Sandals Slim Strap Flip Flops for Petite Feet
Listing负责人为空,3282,B0GK5ZBDNC,YUN-A152-2,,未分配,B0GK6DQVWC,,Men's Adjustable Strap Slide Sandals Sport Recovery Slippers with Cushioned Sole for Wide Feet
Listing负责人为空,3283,B0GK6WZCCP,YUN-A129-2,,未分配,B0GK5ZM3GT,,Lightweight Travel Flip Flops for Women Packable Beach Sandals Essential Vacation Gear
Listing负责人为空,3284,B0GK5R9Z4P,YUN-A152-3,,未分配,B0GK6DQVWC,,Men's Adjustable Strap Slide Sandals Sport Recovery Slippers with Cushioned Sole for Wide Feet
Listing负责人为空,3285,B0GK6H493G,YUN-A139-1,,未分配,B0GK6ZXVJF,,Women's Narrow Fit Thong Sandals Slim Strap Flip Flops for Petite Feet
Listing负责人为空,3286,B0GK6F8G3D,YUN-A149-3,,未分配,B0GK6LPZT5,,Knit Upper Slide Sandals Breathable Mesh Fabric Slippers for Summer Cooling
Listing负责人为空,3287,B0GK66M41Q,YUN-A144-3,,未分配,B0GK6HVBYC,,Women's Towel Cloth Flip Flops Absorbent Terry Cotton Spa Slippers Washable
Listing负责人为空,3288,B0GK5ZRRBW,YUN-A127-2,,未分配,B0GK6H4939,,Men's Leather Strap Flip Flops Rugged Outdoor Summer Sandals with Arch Support
Listing负责人为空,3289,B0GK6F9JTL,YUN-A130-1,,未分配,B0GK6KWR3S,,Trendy Cross Strap Slides for Women Soft Faux Leather Summer Slippers
Listing负责人为空,3290,B0GK6FDDWJ,YUN-A153-3,,未分配,B0GK6KRL7S,,Women's Cork Footbed Sandals Suede Leather Double Buckle Slides Classic Casual Summer Shoes
