问题,行号,ASIN,MSKU,工具MSKU,Listing负责人,规则后负责人,工具负责人,父ASIN,品名,标题
工具未内置该ASIN,7,B0GTTZQDFY,KCC-qicheruanmaoshua-chang,,凯旋,凯旋,,B0GTKNBJ45,汽车内饰软毛刷,"Car Interior Soft Brush Set, Long + Short Handle Combo, Lint-Free Microfiber Bristles, Scratch-Free Cleaning Brushes for Car Dashboard, Air Vents, Seats, Console, Windows"
工具未内置该ASIN,17,B0H9WXTDJP,KCC-MYQ-NG,,凯旋,凯旋,,B0H94R2RMG,沐浴球,"Yellow Pumpkin Bath Loofah Ball, Soft Mesh Shower Sponge, Rich Foam Body Scrubber for Women and Daily Bathing, 6.3 Inch"
工具未内置该ASIN,39,B0HCBF3H82,KCC-SQQJS1-2,,凯旋,凯旋,,B0H4F84574,神奇清洁刷,"2 Pack Reusable Rubber Rust Remover Eraser, Multipurpose Stain Limescale Eraser for Faucet Sink Iron Metal Surface Cleaning"
工具未内置该ASIN,40,B0HBWCJLYN,KCC-YJH-HH,,凯旋,凯旋,,B0H2HJTZ7S,眼镜盒,"Colorful Mandala Bohemian Neoprene Sunglasses Case, Soft Zipper Shock Resistant Eyeglass Storage Pouch, Lightweight Travel Protective Glasses Bag For Optical Glasses & Sunglasses"
工具未内置该ASIN,67,B0HC469Y3C,TTCA-Towel-grey,,cccady,cccady,,B0HC46CXJ3,冷感运动毛巾-灰色,"Cooling Sports Towel, Quick Dry Fitness Towel for Gym Yoga Running Camping Golf Hiking Travel and Workouts, Gray"
工具未内置该ASIN,68,B0H9XV761M,KCC-XHYBJ-ZUO,,凯旋,凯旋,,B0H9Y63FP1,小黄鸭摆件,"Angry Yellow Duck Figurine, 3D Printed Mini Desktop Duck Ornament, Funny Cartoon Desk Decoration, Sitting"
工具未内置该ASIN,69,B0H9XXXNYF,KCC-XHYBJ-ZHAN,,凯旋,凯旋,,B0H9Y63FP1,小黄鸭摆件,"Angry Yellow Duck Figurine, 3D Printed Mini Desktop Duck Ornament, Funny Cartoon Desk Decoration, Standing"
工具未内置该ASIN,70,B0H9WHHVRL,KCC-NMJT-1,,凯旋,凯旋,,B0H94T31LX,纳米胶贴,"1 mm Thick x 3 cm Wide x 1 m Long, 3.8 cm Core，Clear Double Sided Nano Tape, Waterproof Removable Acrylic Mounting Tape, Trial Pack"
工具未内置该ASIN,99,B0HC4GC85N,TTCA-Towel-pink,,cccady,cccady,,B0HC46CXJ3,冷感运动毛巾-粉色,"Cooling Sports Towel, Quick Dry Fitness Towel for Gym Yoga Running Camping Golf Hiking Travel and Workouts, Pink"
工具未内置该ASIN,100,B0HC48VRVJ,TTCA-Fishtail-Ribbon-Wit,,cccady,cccady,,B0HC4829W2,鱼尾纱花束包装纸-白色-无卷芯,"Fishtail Ribbon Trim, Aurora White Bouquet Wrap Tie for Floral Arrangements, Gift Packaging, DIY Craft Decor"
工具未内置该ASIN,101,B0HBW1TV45,KCC-YJH-MTL,,凯旋,凯旋,,B0H2HJTZ7S,眼镜盒,"Boho Mandala Print Neoprene Sunglasses Case, Soft Zipper Eyeglass Storage Pouch With Detachable Carabiner, Shock Resistant Travel Protective Glasses Bag For Optical & Sun Glasses"
工具未内置该ASIN,102,B0HB4QYX2H,KCC-SCGL-Y,,凯旋,凯旋,,B0HB4NDTFT,水槽过滤,"Stainless Steel Sink Strainer Basket, Kitchen Sink Drain Filter Mesh Basket for Food Scraps, Reusable Drain Catcher, Stainless Steel Color, 4.33 Inch"
工具未内置该ASIN,1123,B0HCJFJKB8,TTCA-Pet-XQ-Airtag-Blue,,,cccady,,B0HCJ92929,,"Tracker Holder Pet Collar, Adjustable Dog and Cat Collar with Buckle, M Size Sky Blue for Outdoor Walking and Daily Wear"
工具未内置该ASIN,1124,B0HCJD8736,TTCA-Petchewtoy-bird,,,cccady,,B0HDLLWN8B,,"Cat Parrot Toy, Interactive Pet Chew Toy for Indoor Play and Activity, Parrot Shape, Natural Small Style"
工具未内置该ASIN,1125,B0HCJGM7R2,TTCA-Pettoy-Sisal,,,cccady,,B0HCJGM7R2,,"Cat Wobble Toy with Textured Body, Self-Righting Tumbler Toy for Indoor Cats, Battery-Free Solo Play, Small Natural"
工具未内置该ASIN,1126,B0HCJBPRZ3,TTCA-Pettoy-Feather,,,cccady,,B0HCJBPRZ3,,"Cat Wobble Toy with Feather Teaser, Self-Righting Tumbler Toy for Indoor Cats, Battery-Free Solo Play, Small Multicolor"
工具未内置该ASIN,1127,B0HCBBZT8S,KCC-ZWBD-20MM,,凯旋,凯旋,,B0H1VK6P8V,植物绑带,"Plant Tie Tape Roll 0.79 in x 9.84 ft, Reusable Adjustable Plant Securing Tape, Cut‑to‑Length Stem Bundling Strap For Houseplant, Patio & Garden Branch Fixing Vine Shaping"
工具未内置该ASIN,1128,B0HCBHQJZT,KCC-MTTZ-CAT,,凯旋,凯旋,,B0HCBHQJZT,垃圾桶贴纸,"Rectangular Throw Pillow Cover, Funny Black Cat Printed Cushion Sleeve with Humorous Quote, Envelope Closure Decorative Pillow Case for Sofa and Bedroom Indoor Space"
工具未内置该ASIN,1129,B0HCBC3KXJ,KCC-SQQJS1-BAI,,凯旋,凯旋,,B0H4F84574,神奇清洁刷,"Reusable Rubber Rust Remover Eraser, Multipurpose Stain Limescale Eraser for Faucet Sink Iron Metal Surface Cleaning"
工具未内置该ASIN,1130,B0HCB96BSC,KCC-SQQJS1-LAN,,凯旋,凯旋,,B0H4F84574,神奇清洁刷,"Reusable Rubber Rust Remover Eraser, Multipurpose Stain Limescale Eraser for Faucet Sink Iron Metal Surface Cleaning"
工具未内置该ASIN,1131,B0HC6MWL5L,KCC-JBPK-J,,凯旋,凯旋,,B0HC6KRM4N,金箔扑克,"Gold Foil Playing Cards, Rose Back Poker Deck, Gold Color Variant for Parties, Travel Card Games, 3.74 X 2.17 Inch"
工具未内置该ASIN,1132,B0HC6SR8TN,KCC-MJCT-H-V1,,凯旋,凯旋,,B0HB5463QH,美甲锉条,"2 Pcs Nail Files, Black 50 Count Double Sided 100/180 Grit Manicure Files for Shaping Buffing Salon and Home Use"
工具未内置该ASIN,1133,B0HC6NSFC2,TTCA-RepotMat-Green-50-R,,cccady,cccady,,B0HC6NHLPF,,"Repotting Mat for Indoor Gardening, Green Square Plant Transplanting Pad with Snap Corners, Potting Work Surface"
工具未内置该ASIN,1134,B0HC5WX6KQ,KCC-YXMQ-W,,凯旋,凯旋,,B0HC5PNQYC,眼线棉签,"Pointed Makeup Swabs, White Precision Tip Applicators for Eyeliner Cleanup, Brow Shaping, Nail Art Touch Ups, 2.76 Inch"
工具未内置该ASIN,1135,B0HC3ZH22D,TTCA-Towel-green,,cccady,cccady,,B0HC46CXJ3,冷感运动毛巾-绿色,"Cooling Sports Towel, Quick Dry Fitness Towel for Gym Yoga Running Camping Golf Hiking Travel and Workouts, Green"
工具未内置该ASIN,1136,B0HC3ZWK92,TTCA-Fishtail-Ribbon-Purp,,cccady,cccady,,B0HC3ZWK92,,"Fishtail Ribbon Trim, Purple Bouquet Wrap Tie for Floral Arrangements, Gift Packaging, DIY Craft Decor"
工具未内置该ASIN,1137,B0HC3ZPC6H,TTCA-Fishtail-Ribbon-Pik,,cccady,cccady,,B0HC3ZPC6H,鱼尾纱花束包装纸-粉色-无卷芯,"Fishtail Ribbon Trim, Pink Bouquet Wrap Tie for Floral Arrangements, Gift Packaging, DIY Craft Decor"
工具未内置该ASIN,1138,B0HC4BHN2H,TTCA-Shakerbottle-Green,,cccady,cccady,,B0HC4BHN2H,,"Protein Shaker Bottle 350 ML, Leak Proof Fitness Mixer Cup for Gym Workout Smoothies and Meal Prep, Green"
工具未内置该ASIN,1139,B0HC3Z7M1X,TTCA-Shakerbottle-Black,,cccady,cccady,,B0HC3Z7M1X,,"Protein Shaker Bottle 350 ML, Leak Proof Fitness Mixer Cup for Gym Workout Smoothies and Meal Prep, Black"
工具未内置该ASIN,1140,B0HC4CCJX8,TTCA-Shakerbottle-Pink,,cccady,cccady,,B0HC4CCJX8,,"Protein Shaker Bottle 350 ML, Leak Proof Fitness Mixer Cup for Gym Workout Smoothies and Meal Prep, Pink"
工具未内置该ASIN,1141,B0HC4C269F,TTCA-Clips-Brown-50,,cccady,cccady,,B0HC4C269F,,"Garden Plant Clips, Brown Orchid Stem Support Clamps for Vine Training, Flower Stake Holders, 50 Count Pack"
工具未内置该ASIN,1142,B0HC4C99XC,TTCA-Clips-Green-50,,cccady,cccady,,B0HC4C99XC,,"Garden Plant Clips, Green Orchid Stem Support Clamps for Vine Training, Flower Stake Holders, 50 Count Pack"
工具未内置该ASIN,1143,B0HC48FQDN,TTCA-Clips-White-50,,cccady,cccady,,B0HC48FQDN,,"Garden Plant Clips, White Orchid Stem Support Clamps for Vine Training, Flower Stake Holders, 50 Count Pack"
工具未内置该ASIN,1144,B0HC426YLT,TTCA-PetXQ-Airlight-WHITE,,cccady,cccady,,B0HC426YLT,,"Luminous Pet Collar with Tracker Holder, Breakaway Cat Collar for Small Pets, Night Visibility, Daily Wear, White"
工具未内置该ASIN,1145,B0HC42KHMP,TTCA-PetXQ-Airlight-PINK,,cccady,cccady,,B0HC42KHMP,,"Luminous Pet Collar with Tracker Holder, Breakaway Cat Collar for Small Pets, Night Visibility, Daily Wear, Pink"
工具未内置该ASIN,1146,B0HC3LRX15,TTCA-Sperators-Pearl,,cccady,cccady,,B0HC3RND7T,,"Toe Separators for Pedicure, Pearl Toe Spacers, Reusable Nail Care Tool for Foot Grooming and Polish"
工具未内置该ASIN,1147,B0HC3DJTF1,TTCA-Sperators-Flower-Pik,,cccady,cccady,,B0HC3RND7T,,"Toe Separators for Pedicure, Orange Flower Toe Spacers, Reusable Nail Care Tool for Foot Grooming and Polish"
工具未内置该ASIN,1148,B0HC3J2F63,TTCA-PetToy-Feather-R,,cccady,cccady,,B0HC3J2F63,,"Cat Feather Toy, Interactive Pet Chew Item for Indoor Play and Activity, Feather Style, Beige Small Style"
工具未内置该ASIN,1149,B0HC3B175R,TTCA-Washbag-Grey,,cccady,cccady,,B0HC3BQX2D,防水洗漱包-灰色-大号,"Waterproof Toiletry Bag, Large Travel Makeup Organizer Pouch for Gym, Swimming, Beach, Bathroom Storage, Transparent Gray"
工具未内置该ASIN,1150,B0HC3FKH5W,TTCA-Washbag-White,,cccady,cccady,,B0HC3BQX2D,防水洗漱包-白色-大号,"Waterproof Toiletry Bag, Large Travel Makeup Organizer Pouch for Gym, Swimming, Beach, Bathroom Storage, Transparent White"
工具未内置该ASIN,1151,B0HC2V5GCS,SP-huaben-mi,,图图,图图,,B0HC2WNV33,,"Secret Garden Adult Coloring Book, Intricate Floral Pattern Colouring Pages, Stress Relief Anxiety Calming Art Drawing Book for Relaxation"
工具未内置该ASIN,1152,B0HC2J31HX,SP-xiedai-cai,,图图,图图,,B0HBWN8JGN,,"12 Pack No Tie Silicone Shoe Laces, Quick Lock Elastic Lazy Shoelaces, Replacement Laces for Sneakers Canvas Casual Shoes"
工具未内置该ASIN,1153,B0H94G5KPB,SP-FDB-1,,图图,图图,,B0H94NK69W,,"Interlocking Silver Mirror Wind Sequin Wall Panels, DIY Splicable Shiny Decor Tiles for Home Wall, Wedding Photo Backdrop Party Background"
工具未内置该ASIN,1154,B0HBWX6FX1,SP-xiedai-bai,,图图,图图,,B0HBWN8JGN,,"12 Pack No Tie Silicone Shoe Laces, Quick Lock Elastic Lazy Shoelaces, Replacement Laces for Sneakers Canvas Casual Shoes"
工具未内置该ASIN,1155,B0HBWRHXFD,SP-fangtangjia-1hong,,图图,图图,,B0H1QP7PPS,,"3 in 1 Anti-Scald Plate Clip, Multifunctional Kitchen Bowl Gripper with Bottle Opener, Non Slip Heat Resistant Dish Lifter"
工具未内置该ASIN,1156,B0HBWQ2R9B,CA-Sock-S5-Green-R2,,cccady,cccady,,B0HBWLJMSK,,"Women's Non-Slip Five-Toe Yoga Grip Socks for Pilates Barre Dance, Low Cut Studio Toe Socks, One Pair, Green"
工具未内置该ASIN,1157,B0HBWSQ1YW,CA-Sock-S5-Purple-R2,,cccady,cccady,,B0HBWLJMSK,,"Women's Non-Slip Five-Toe Yoga Grip Socks for Pilates Barre Dance, Low Cut Studio Toe Socks, One Pair, Purple"
工具未内置该ASIN,1158,B0HBVDJCH3,KCC-DGNBXQ-1,,凯旋,凯旋,,B0HBVCXLJ5,多功能剥线器,"Multi Function Wire Stripper Pliers, Spring Loaded Generic Electrician Tool For Wire Stripping Cutting Crimping Household Circuit Repair"
工具未内置该ASIN,1159,B0HBBP7ZRS,KCC-DBJLLSD-B,,凯旋,凯旋,,B0H94PTFMM,短柄棘轮螺丝刀,"13-in-1 Short Handle Ratchet Screwdriver Set, Black Mini Magnetic Screwdriver with 12 Bits and Magnetizer, 6mm Bit Holder"
工具未内置该ASIN,1160,B0HB8XWH14,SP-motuochanrao-1,,图图,图图,,B0HB8YQ8Z7,,"Motorcycle Handlebar Wrap Grips, Anti-Slip Breathable Hand Grip Tape for Motorcycles, Scooters, Bikes, 1/2 Pack Universal Handlebar Covers"
工具未内置该ASIN,1161,B0HB9CYXZR,SP-motuochanrao-2,,图图,图图,,B0HB8YQ8Z7,,"Motorcycle Handlebar Wrap Grips, Anti-Slip Breathable Hand Grip Tape for Motorcycles, Scooters, Bikes, 1/2 Pack Universal Handlebar Covers"
工具未内置该ASIN,1162,B0HB8Q4WQG,SP-juanfacao-6,,图图,图图,,B0HB8YXNJW,,"6 Pack Strawberry Sponge Hair Curlers, No Heat Sleep-in Foam Rollers for Big Wavy Hair"
工具未内置该ASIN,1163,B0HB8WFKVH,SP-juanfacao-1,,图图,图图,,B0HB8YXNJW,,"1 Pack Strawberry Sponge Hair Curler, No Heat Sleep-in Foam Roller for Big Wavy Hair"
工具未内置该ASIN,1164,B0HB4LWQZ9,SP-kaipijiu-1,,图图,图图,,B0HD79BH6P,,"2 Pack Ace of Spades Bottle Openers, Stainless Steel Credit Card Style Beer Opener, Portable Poker Card Shaped Bottle Opener for Bar Kitchen Party"
工具未内置该ASIN,1165,B0HB4TXXNR,SP-zhijiaci-hei2,,图图,图图,,B0H9YDPSPX,,"Foldable Silicone Phone Stand, Adjustable Portable Cell Phone Holder with Random Lanyard, Roll Up Pocket Mount for Travel Home Office Video Call"
工具未内置该ASIN,1166,B0HB4SFQYB,SP-maojin-dae,,图图,图图,,B0GVR5WKNS,,"2 Pack Cute Duck Hanging Hand Towels, Ultra Absorbent Quick Dry Microfiber Towels, Soft Cartoon Cloth for Kitchen Bathroom Sink Home Decor"
工具未内置该ASIN,1167,B0HB48JQCY,KCC-BXTJ-5,,凯旋,凯旋,,B0HB49JPCY,冰箱贴夹,"Multicolor Magnetic Bag Sealer, 5 Pack Fridge Magnet Clips, 30 x 75 mm"
工具未内置该ASIN,1168,B0H9Y9SYT6,SP-kaidan-huang21,,图图,图图,,B0H94TYLWT,,"Manual Egg Cracker Tool With Matching Silicone Egg Poacher Cups, Multicolor Kitchen Egg Cooking Gadget Set For Breakfast Baking"
工具未内置该ASIN,1169,B0H9YG76P6,KCC-BXGQJS-Y,,凯旋,凯旋,,B0H9Y6VC4L,不锈钢清洁刷,"Stainless Steel Pot Cleaning Brush, Long Handle Wire Scrub Brush for Kitchen Pans, Durable Rust Resistant Dish Scrubber, Silver, 7.9 Inch"
工具未内置该ASIN,1170,B0H9YC58LD,SP-qingjieduocen-1,,图图,图图,,B0HB4KVWBG,,"2-in-1 Kitchen Cleaning Cloth Set, Peelable Rainbow Layer Sponge Wipe & Metal Wire Cleaning Cloth for Pots, Sinks & Tabletops"
工具未内置该ASIN,1171,B0H9YBTZFY,SP-zhijiaci-fen2,,图图,图图,,B0H9YDPSPX,,"Foldable Silicone Phone Stand, Adjustable Portable Cell Phone Holder with Random Lanyard, Roll Up Pocket Mount for Travel Home Office Video Call"
工具未内置该ASIN,1172,B0H9WK3DTW,KCC-LXQ-B,,凯旋,凯旋,,B0H94TT4GW,理线器,"Adhesive Cable Organizer Ties, 10 Pack Black 3M Backed Hook and Loop Cable Management Straps, 30 x 90 mm"
工具未内置该ASIN,1173,B0H9WLXF2K,KCC-NMJT-10,,凯旋,凯旋,,B0H94T31LX,纳米胶贴,"1 mm Thick x 3 cm Wide x 5 m Long, 3.8 cm Core，Clear Double Sided Nano Tape, Waterproof Removable Acrylic Mounting Tape, Regular Pack"
工具未内置该ASIN,1174,B0H9WP8QXB,KCC-SJWB-Black,,凯旋,凯旋,,B0H9WGMWB1,,"Generic Multifunctional Ergonomic Phone Grip, Pinky Finger Support, Stress Relief Ring Grip Phone Holder, Black"
工具未内置该ASIN,1175,B0H9RF8V1Q,KCC-FPhei-11,,凯旋,凯旋,,B0H9RF8V1Q,,"2 Pack White Caulk Tape, Toilet Seal Strip with Black Tool for Bathroom Base, Sink, Shower, Bathtub Edge and Countertop"
工具未内置该ASIN,1176,B0H9RJLTQW,KCC-FPfen-1,,凯旋,凯旋,,B0H9RJLTQW,,"2 Pack Powder Puff, Makeup Sponge, Sample Size Face Applicator for Loose Powder, Foundation, Travel And Vanity Routines"
工具未内置该ASIN,1177,B0H9LCRG1W,SP-fashua-3,,图图,图图,,B0H9LG9BSZ,,"Wide Tooth Styling Comb, Anti Static Detangling Hair Comb for Curly Thick Wavy Hair, Salon Home Hair Care Accessory"
工具未内置该ASIN,1178,B0H9L6XDLW,SP-fashua-1,,图图,图图,,B0H9LG9BSZ,,"Wide Tooth Styling Comb, Anti Static Detangling Hair Comb for Curly Thick Wavy Hair, Salon Home Hair Care Accessory"
工具未内置该ASIN,1179,B0H9KTC2GL,WESSP-shouzhibaohu-1,,图图,图图,,B0H9KQD27V,2店手指保护套6,"Ergonomic Silicone Thumb Picking Sleeve, Non-Slip Finger Guard for Garden Fruit Vegetable Harvesting"
工具未内置该ASIN,1240,B0H6BHRJ3D,SP-FP-tao02,,,,,B0H6BDX73N,,"2 Pcs Powder Puff Set, Cloud Diamond Square Triangle Puffs for Loose Pressed Powder Touch Up"
工具未内置该ASIN,1746,B0GXVNL9MH,KCC-FPFH-1,,凯旋,凯旋,,B0GXVNL9MH,,"2 Pack Triangle Powder Puff, Mini Finger Makeup Puff for Loose Setting, Pressed Powder, Foundation Touch Ups in Travel Bags"
工具未内置该ASIN,1813,B0HDM1NB6T,TTCA-Vase-Brown2S-R,,,cccady,,B0HDM1NB6T,,"Decorative Refrigerator Magnet Holder Set, Mini Tube Stem Display for Kitchen, Office and Living Room, 2 Pack, Brown"
工具未内置该ASIN,1814,B0HDCSSFLZ,KCC-MYQ-QP,,凯旋,凯旋,,B0H94R2RMG,沐浴球,"Bath Loofah, Shower Pouf Body Sponge for Bath, Shower, Travel, and Guest Room Use with Playful Face Design."
工具未内置该ASIN,1815,B0HDCSTJKZ,KCC-MYQ-XY,,凯旋,凯旋,,B0H94R2RMG,沐浴球,"Bath Loofah, Shower Pouf Body Sponge for Bath, Shower, Travel, and Guest Room Use with Winking Face Design."
工具未内置该ASIN,1816,B0HDCMSPC6,KCC-MYQ-MY,,凯旋,凯旋,,B0H94R2RMG,沐浴球,"Bath Loofah, Shower Pouf Body Sponge for Bath, Shower, Travel, and Guest Room Use with Decorative Smile Design."
工具未内置该ASIN,1817,B0HDCFG7ZX,KCC-MYQ-WX,,凯旋,凯旋,,B0H94R2RMG,沐浴球,"Bath Loofah, Shower Pouf Body Sponge for Bath, Shower, Travel, and Guest Room Use with Smile Face Design."
工具未内置该ASIN,1818,B0HDBM7CVC,KCC-FQWSL-FEN,,凯旋,凯旋,,B0HCZNFRW1,粉蔷薇手链,"Pink Beaded Stretch Bracelet, Rose Quartz Style Rectangular Bead Bracelet for Women, Elastic Cord Jewelry"
工具未内置该ASIN,1819,B0HDBFDT41,SP-kulou-1,,,,,B0HDBHCQJF,,"Aquarium Ornament Fish Tank Decor, Air‑Driven Dynamic Skeleton Figurine, Novelty Underwater Landscape Decoration for Freshwater Saltwater Aquariums"
工具未内置该ASIN,1820,B0HDBKV13V,SP-shuimu-1,,,,,B0HDBHCQJF,,"Floating Resin Jellyfish Aquarium Ornament with Suspension Float Ball, Realistic Glitter Jellyfish Fish Tank Decor for Freshwater Aquarium Landscape"
工具未内置该ASIN,1821,B0HDB6ZSNS,SP-kaidanshou-1,,,,,B0HDBKZNHX,,"Mini Aluminum Bottle Opener, Crescent Double‑Hook Opener with Integrated Finger Hole, 2‑in‑1 Portable Keychain & Refrigerator Magnet for Daily Use"
工具未内置该ASIN,1822,B0HD776QG4,SP-baozhen-nangua,,,,,B0HD717ZLB,,"15.75 * 17.75 inches Flocked Pumpkin Throw Pillow Cover, 3D Embossed Plush Cushion Case, Orange Soft Decor Pillow Cover for Sofa Autumn Home Party Decor"
工具未内置该ASIN,1823,B0HD6WR84R,SP-baohuzhao-60*80,,,,,B0H3N1959R,,"2 Pack 23.62×31.49 Inch Plant Protection Covers, Non‑Woven Plant Blanket with Zipper Drawstring, Wind Sun Bird Cold Guard for Trees Shrubs"
工具未内置该ASIN,1824,B0HD76WV3B,SP-naxian-6,,,,,B0HD732SD6,,"6 Rolls Waxed Polyester Cord, 0.8mm 20M Per Roll, Round Wax Thread for Bracelet Wallet Making, Sewing Macrame DIY Craft Supplies"
工具未内置该ASIN,1825,B0HD6YL3X1,SP-baohuzhao-1*1.2,,,,,B0H3N1959R,,"2 Pack 39.37×47.24 Inch Plant Protection Covers, Non‑Woven Plant Blanket with Zipper Drawstring, Wind Sun Bird Cold Guard for Trees Shrubs"
工具未内置该ASIN,1826,B0HD6XLWPD,SP-bingxiang05-mao,,,,,B0HD6VJH6R,,"2 Pack Cat Hugging Bottle Fridge Magnets, Two Styles Clear Acrylic Refrigerator Magnets for Kitchen Home Decor"
工具未内置该ASIN,1827,B0HD6NRZP4,SP-diy-16,,,,,B0HD73HLW3,,"16Pcs White Natural Stone Beads Set, 8 Shapes Star Cross Skull Sea Star Loose Spacer Beads for DIY Bracelet Necklace Jewelry Making"
工具未内置该ASIN,1828,B0HD5Z3FY8,SP-peihu-2,,,,,B0HCZGF1H1,,"2 Pack Refillable Card‑Shape Fine Mist Spray Bottles,1.28+1.69 Fl Oz Portable Empty Plastic Vial for Travel Perfume Toner Sanitizer Liquid"
工具未内置该ASIN,1829,B0HCZB2HCP,SP-qixing-black,,,,,B0HCZHG1HM,,"Shield Sports Cycling Sunglasses with Storage Case, Mirror UV Protection Lens, Unisex Adult Outdoor Glasses, Black Frame"
工具未内置该ASIN,1830,B0HCZ6TLW7,KCC-CZ-H8,,凯旋,凯旋,,B0HCZ8RWYH,尺子,"Acrylic Quilting Ruler Template, Yellow 8 Inch Square Sewing Measuring Tool for Fabric Cutting and Craft Projects"
工具未内置该ASIN,1831,B0HCZ3SCG1,KCC-FSTK-10,,凯旋,凯旋,,B0HCZ63Z2Q,防水套卡,"10 Pcs Transparent Card Sleeves, Horizontal Card Holder for ID, Social Security, Business Cards, 3.82 X 2.32 Inch"
工具未内置该ASIN,1832,B0HCZ5RGRM,KCC-XF-10,,凯旋,凯旋,,B0HCZ54MCW,信封,"10 Pack Embossed Floral Envelopes, Multicolor Invitation Card Sleeves for Greeting Cards and Wedding Stationery"
工具未内置该ASIN,1833,B0HCYC8DD1,SP-yinzhang-1,,,,,B0HCXTDCMD,,"Privacy Roller Stamp, Identity Theft Protection Confidential Mask Stamp, Quick Data Blocker for Mails Bills Documents, Multi Color Portable Privacy Roller Stamp"
工具未内置该ASIN,1834,B0HCXYBCH8,SP-zhelibi-8,,,,,,,"8 Pack Glitter Gel Highlight Pens, 1.0mm Metallic Shimmer Ink Markers, Multi Color Sparkling Pens for Adult Journaling Scrapbooking Card Making"
工具未内置该ASIN,1835,B0HCNYMYN6,KCC-BHQ-HUI,,凯旋,凯旋,,B0GZV46QKN,薄荷器,"Rotating Catnip Ball Toy, Wall Mounted Interactive Cat Chew Toy for Indoor Cats, Calming Lickable Catnip Treat Toy"
工具未内置该ASIN,1836,B0HCNYSW5X,KCC-BHQ-CHENG,,凯旋,凯旋,,B0GZV46QKN,薄荷器,"Rotating Catnip Ball Toy, Wall Mounted Interactive Cat Chew Toy for Indoor Cats, Calming Lickable Catnip Treat Toy"
工具未内置该ASIN,1837,B0HCNVCWXD,KCC-BHQ-LAN,,凯旋,凯旋,,B0GZV46QKN,薄荷器,"Rotating Catnip Ball Toy, Wall Mounted Interactive Cat Chew Toy for Indoor Cats, Calming Lickable Catnip Treat Toy"
工具未内置该ASIN,1838,B0HCN22Z4Z,KCC-DBQJP1-30,,凯旋,凯旋,,B0HCN3TK3T,地板清洁片,"Floor Cleaner Tablets, Blue 30 Count Dissolving Mop Cleaning Sheets for Tile, Laminate, Vinyl and Sealed Floors"
工具未内置该ASIN,1839,B0HCN943ZX,KCC-ZD1-150,,凯旋,凯旋,,B0HCN7WLWB,扎带,"Cable Ties, Black Self Locking Zip Ties 100 Pack 5.91 Inch Long for Wire Management and Workshop Use"
工具未内置该ASIN,1840,B0HCMPVGDY,KCC-ZD1-200,,凯旋,凯旋,,B0HCN7WLWB,扎带,"Cable Ties, Black Self Locking Zip Ties 100 Pack 7.87 Inch Long for Wire Management and Workshop Use"
工具未内置该ASIN,1841,B0HCN9LF9Y,KCC-MTFST1-YL,,凯旋,凯旋,,B0HCN6QGY8,马桶防水贴,"10.5 Ft x 1.5 in Self-Adhesive Toilet Base Decorative Strip, Water-Resistant Gap Cover for Bathroom Sink Edge"
工具未内置该ASIN,1842,B0HCN5PTF2,KCC-MTFST1-W,,凯旋,凯旋,,B0HCN6QGY8,马桶防水贴,"10.5 Ft x 1.5 in Waterproof Caulk Strip, Self-Adhesive Gap Sealing Tape for Toilet Sink Kitchen Stove, with 3 in 1 Tool"
工具未内置该ASIN,1843,B0HCMVCYS5,SP-FP-dingzhuang04,,,,,B0H6BD6LT4,,"4Pcs Black Pink Makeup Puff Kit, Powder Cushion Beauty Sponge & Mini Finger Puffs for All Makeup Steps"
工具未内置该ASIN,1844,B0HCJJQ5X3,TTCA-Pet-XQ-Airtag-Black,,,cccady,,B0HCJJQ5X3,,"Tracker Holder Pet Collar, Adjustable Dog and Cat Collar with Buckle, M Size Black for Outdoor Walking and Daily Wear"
工具未内置该ASIN,1845,B0HCJH94QJ,TTCA-Pet-XQ-Airtag-Pink,,,cccady,,B0HCJH94QJ,,"Tracker Holder Pet Collar, Adjustable Dog and Cat Collar with Buckle, M Size Pink for Outdoor Walking and Daily Wear"
工具未内置该ASIN,1846,B0HCJCZW53,TTCA-CatQtipToy-3PK,,,cccady,,B0HCJCZW53,,"3 Pack Cat Q Tip Toys with Catnip, Giant Swab Shape Indoor Cat Chew Toys for Chase, Kick, Boredom Play Set, Beige"
工具未内置该ASIN,1847,B0HCJ928HM,TTCA-Petchewtoy-ball,,,cccady,,B0HCJ928HM,,"Cat String Ball Toy, Interactive Pet Chew Toy for Indoor Play and Activity, Ball Shape, Natural Small Style"
工具未内置该ASIN,1848,B0HCJK8L7W,TTCA-Petchewtoy-mouse,,,cccady,,B0HCJK8L7W,,"Cat Mouse and Ball Toy, Interactive Pet Chew Toy for Indoor Play and Activity, Mouse Shape, Natural Small Style"
工具未内置该ASIN,1849,B0HCJ8S9VV,TTCA-Petchewtoy-fly,,,cccady,,B0HCJ8S9VV,,"Cat Butterfly Toy, Interactive Pet Chew Toy for Indoor Play and Activity, Butterfly Shape, Natural Small Style"
工具未内置该ASIN,1850,B0HCC6CRMC,TTCA-Vase-Yellow-2S,,,cccady,,B0HCBK2Q4M,,"Decorative Refrigerator Magnet Holder Set, Mini Tube Stem Display for Kitchen, Office and Living Room, 2 Pack, Yellow"
工具未内置该ASIN,1851,B0HCBWN6YD,KS157-36/37,,,,,B0HCBWN6YD,,
工具未内置该ASIN,1852,B0HCC3YZRV,KS137-36/37,,,,,B0HCC2FYQ2,,
工具未内置该ASIN,1853,B0HCBYCCFV,KS169-44/45,,,,,B0HCBYCCFV,,
工具未内置该ASIN,1854,B0HCC13LPF,KS125-44/45,,,,,B0HCBYT12L,,
工具未内置该ASIN,1855,B0HCC1VNCL,SKT2-941-XL,,,,,B0HCBQRPXK,,"Mens Swim Trunks, Pink Flamingo Print Board Shorts with Drawstring Waist for Resort and Summer Coastal Parties"
工具未内置该ASIN,1856,B0HCBWKMDZ,SKT2-942-L,,,,,B0HCBQRPXK,,"Mens Swim Trunks, Multi Color Pineapple Print Board Shorts with Drawstring Waist for Resort and Summer Casual Outings"
工具未内置该ASIN,1857,B0HCC14DDD,SKT3-AU-L,,,,,B0HCBSX9WX,,"Mens Swim Trunks, Pink Flamingo Print Board Shorts with Drawstring Waist for Resort and Summer Casual Parties"
工具未内置该ASIN,1858,B0HCBYQD2Y,SKT4-AH-XL,,,,,B0HCBZ5R31,,"Mens Swim Trunks, Pineapple Print Board Shorts with Drawstring Waist for Resort and Summer Casual Occasions"
工具未内置该ASIN,1859,B0HCBS92FJ,SKT2-8111-L,,,,,B0HCBQRPXK,,"Mens Swim Trunks, Tropical Floral Bird Print Board Shorts with Drawstring Waist for Resort and Summer Casual Events"
工具未内置该ASIN,1860,B0HCBWTDL7,SKT4-AU-L,,,,,B0HCBZ5R31,,"Mens Swim Trunks, Pink Flamingo Print Board Shorts with Drawstring Waist for Resort and Summer Casual Parties"
工具未内置该ASIN,1861,B0HCC1F8MN,SKT3-AG-XL,,,,,B0HCBSX9WX,,"Mens Swim Trunks, Watermelon Print Board Shorts with Drawstring Waist for Resort and Summer Casual Parties"
工具未内置该ASIN,1862,B0HCC3G194,SKT3-AE-L,,,,,B0HCBSX9WX,,"Mens Swim Trunks, Palm Tree Print Board Shorts with Drawstring Waist for Resort and Summer Casual Getaways"
工具未内置该ASIN,1863,B0HCBZ46Y5,SKT4-AQ-XL,,,,,B0HCBZ5R31,,"Mens Swim Trunks, Flamingo Print Board Shorts with Drawstring Waist for Resort and Summer Coastal Events"
工具未内置该ASIN,1864,B0HCBXLWND,SKT2-AN-L,,,,,B0HCBQRPXK,,"Mens Swim Trunks, Triangle Print Board Shorts with Drawstring Waist for Resort and Summer Casual Gatherings"
工具未内置该ASIN,1865,B0HCBYV6RC,SKT2-AA-L,,,,,B0HCBQRPXK,,"Mens Swim Trunks, Vertical Stripe Board Shorts with Drawstring Waist for Resort and Daily Leisure Events"
工具未内置该ASIN,1866,B0HCBZBTVV,SKT2-PG-XL,,,,,B0HCBQRPXK,,"Mens Swim Trunks, Two Tone Shark Print Board Shorts with Drawstring Waist for Resort and Summer Coastal Trips"
工具未内置该ASIN,1867,B0HCBRG2HB,SKT4-AK-XL,,,,,B0HCBZ5R31,,"Mens Swim Trunks, Large Pineapple Print Board Shorts with Drawstring Waist for Resort and Summer Casual Events"
工具未内置该ASIN,1868,B0HCBTL9VK,SKT3-AT-XL,,,,,B0HCBSX9WX,,"Mens Swim Trunks, Shark Print Board Shorts with Drawstring Waist for Resort and Summer Coastal Gatherings"
工具未内置该ASIN,1869,B0HCC6NW5X,SKT4-AG-L,,,,,B0HCBZ5R31,,"Mens Swim Trunks, Watermelon Print Board Shorts with Drawstring Waist for Resort and Summer Casual Parties"
工具未内置该ASIN,1870,B0HCC2GGGW,SKT3-AK-XL,,,,,B0HCBSX9WX,,"Mens Swim Trunks, Large Pineapple Print Board Shorts with Drawstring Waist for Resort and Summer Casual Events"
工具未内置该ASIN,1871,B0HCBTZQ9X,SKT4-AU-XL,,,,,B0HCBZ5R31,,"Mens Swim Trunks, Pink Flamingo Print Board Shorts with Drawstring Waist for Resort and Summer Casual Parties"
工具未内置该ASIN,1872,B0HCC5MB2P,SKT3-A8-L,,,,,B0HCBSX9WX,,"Mens Swim Trunks, Cactus Print Board Shorts with Drawstring Waist for Resort and Summer Casual Events"
工具未内置该ASIN,1873,B0HCBQZ9GM,SKT3-AK-L,,,,,B0HCBSX9WX,,"Mens Swim Trunks, Large Pineapple Print Board Shorts with Drawstring Waist for Resort and Summer Casual Events"
工具未内置该ASIN,1874,B0HCBVT31C,SKT1-A4-XL,,,,,B0HCBPZZKX,,"Mens Swim Trunks, Flamingo Print Board Shorts with Drawstring Waist for Beach and Daily Casual Occasions"
工具未内置该ASIN,1875,B0HCBTTX8P,SKT2-AE-XL,,,,,B0HCBQRPXK,,"Mens Swim Trunks, Palm Tree Print Board Shorts with Drawstring Waist for Resort and Summer Casual Getaways"
工具未内置该ASIN,1876,B0HCBTR4NC,SKT3-AA-XL,,,,,B0HCBSX9WX,,"Mens Swim Trunks, Vertical Stripe Board Shorts with Drawstring Waist for Resort and Daily Leisure Events"
工具未内置该ASIN,1877,B0HCBTH3TY,SKT4-AR-L,,,,,B0HCBZ5R31,,"Mens Swim Trunks, Palm Tree Print Board Shorts with Drawstring Waist for Resort and Summer Casual Getaways"
工具未内置该ASIN,1878,B0HCC33DFZ,SKT1-AL-XL,,,,,B0HCBPZZKX,,"Mens Swim Trunks, Flamingo Print Board Shorts with Drawstring Waist for Resort and Summer Coastal Parties"
工具未内置该ASIN,1879,B0HCBWSB18,SKT2-8113-XL,,,,,B0HCBQRPXK,,"Mens Swim Trunks, Mini Palm Tree Print Board Shorts with Drawstring Waist for Resort and Summer Casual Getaways"
工具未内置该ASIN,1880,B0HCBZPV41,SKT3-A9-XL,,,,,B0HCBSX9WX,,"Mens Swim Trunks, Pear Print Board Shorts with Drawstring Waist for Resort and Summer Casual Plans"
工具未内置该ASIN,1881,B0HCC14WNB,SKT4-PG-L,,,,,B0HCBZ5R31,,"Mens Swim Trunks, Two Tone Shark Print Board Shorts with Drawstring Waist for Resort and Summer Coastal Trips"
工具未内置该ASIN,1882,B0HCBX3T72,SKT3-AQ-XL,,,,,B0HCBSX9WX,,"Mens Swim Trunks, Flamingo Print Board Shorts with Drawstring Waist for Resort and Summer Coastal Events"
工具未内置该ASIN,1883,B0HCBW6CFB,SKT3-AF-L,,,,,B0HCBSX9WX,,"Mens Swim Trunks, Block Stripe Board Shorts with Drawstring Waist for Resort and Daily Casual Trips"
工具未内置该ASIN,1884,B0HCBVGJ51,SKT2-PF-L,,,,,B0HCBQRPXK,,"Mens Swim Trunks, Anchor Print Board Shorts with Drawstring Waist for Resort and Nautical Casual Events"
工具未内置该ASIN,1885,B0HCC4GMB6,SKT1-8111-XL,,,,,B0HCBPZZKX,,"Mens Swim Trunks, Tropical Floral Bird Print Board Shorts with Drawstring Waist for Resort and Summer Casual Events"
工具未内置该ASIN,1886,B0HCBWNM2X,SKT2-8111-XL,,,,,B0HCBQRPXK,,"Mens Swim Trunks, Tropical Floral Bird Print Board Shorts with Drawstring Waist for Resort and Summer Casual Events"
工具未内置该ASIN,1887,B0HCC4G16S,SKT1-AA-L,,,,,B0HCBPZZKX,,"Mens Swim Trunks, Vertical Stripe Board Shorts with Drawstring Waist for Resort and Daily Leisure Events"
工具未内置该ASIN,1888,B0HCC5MPZ8,SKT1-AH-L,,,,,B0HCBPZZKX,,"Mens Swim Trunks, Pineapple Print Board Shorts with Drawstring Waist for Resort and Summer Casual Occasions"
工具未内置该ASIN,1889,B0HCBPYHWS,SKT1-A6-L,,,,,B0HCBPZZKX,,"Mens Swim Trunks, Pineapple Print Board Shorts with Drawstring Waist for Resort and Summer Casual Scenarios"
工具未内置该ASIN,1890,B0HCBTJBB7,SKT3-AE-XL,,,,,B0HCBSX9WX,,"Mens Swim Trunks, Palm Tree Print Board Shorts with Drawstring Waist for Resort and Summer Casual Getaways"
工具未内置该ASIN,1891,B0HCBYNG6R,SKT3-AQ-L,,,,,B0HCBSX9WX,,"Mens Swim Trunks, Flamingo Print Board Shorts with Drawstring Waist for Resort and Summer Coastal Events"
工具未内置该ASIN,1892,B0HCBLHFT3,SKT1-AE-L,,,,,B0HCBPZZKX,,"Mens Swim Trunks, Palm Tree Print Board Shorts with Drawstring Waist for Resort and Summer Casual Getaways"
工具未内置该ASIN,1893,B0HCBXJDPG,SKT4-942-L,,,,,B0HCBZ5R31,,"Mens Swim Trunks, Multi Color Pineapple Print Board Shorts with Drawstring Waist for Resort and Summer Casual Outings"
工具未内置该ASIN,1894,B0HCC51X7G,SKT3-A6-XL,,,,,B0HCBSX9WX,,"Mens Swim Trunks, Pineapple Print Board Shorts with Drawstring Waist for Resort and Summer Casual Scenarios"
工具未内置该ASIN,1895,B0HCBXC9FS,SKT4-AH-L,,,,,B0HCBZ5R31,,"Mens Swim Trunks, Pineapple Print Board Shorts with Drawstring Waist for Resort and Summer Casual Occasions"
工具未内置该ASIN,1896,B0HCBZ23VQ,SKT4-AK-L,,,,,B0HCBZ5R31,,"Mens Swim Trunks, Large Pineapple Print Board Shorts with Drawstring Waist for Resort and Summer Casual Events"
工具未内置该ASIN,1897,B0HCC51J3P,SKT2-A6-XL,,,,,B0HCBQRPXK,,"Mens Swim Trunks, Pineapple Print Board Shorts with Drawstring Waist for Resort and Summer Casual Scenarios"
工具未内置该ASIN,1898,B0HCBYDTYZ,SKT1-A8-L,,,,,B0HCBPZZKX,,"Mens Swim Trunks, Cactus Print Board Shorts with Drawstring Waist for Resort and Summer Casual Events"
工具未内置该ASIN,1899,B0HCBXH744,SKT1-8113-L,,,,,B0HCBPZZKX,,"Mens Swim Trunks, Mini Palm Tree Print Board Shorts with Drawstring Waist for Resort and Summer Casual Getaways"
工具未内置该ASIN,1900,B0HCC3C4TB,SKT2-AL-L,,,,,B0HCBQRPXK,,"Mens Swim Trunks, Flamingo Print Board Shorts with Drawstring Waist for Resort and Summer Coastal Parties"
工具未内置该ASIN,1901,B0HCC3DQPZ,SKT3-PG-XL,,,,,B0HCBSX9WX,,"Mens Swim Trunks, Two Tone Shark Print Board Shorts with Drawstring Waist for Resort and Summer Coastal Trips"
工具未内置该ASIN,1902,B0HCBRD2VS,SKT2-AQ-XL,,,,,B0HCBQRPXK,,"Mens Swim Trunks, Flamingo Print Board Shorts with Drawstring Waist for Resort and Summer Coastal Events"
工具未内置该ASIN,1903,B0HCBW45YB,SKT3-A5-XL,,,,,B0HCBSX9WX,,"Mens Swim Trunks, Patriotic Flag Print Board Shorts with Drawstring Waist for Holiday and Resort Casual Activities"
工具未内置该ASIN,1904,B0HCBWQZDS,SKT4-AM-L,,,,,B0HCBZ5R31,,"Mens Swim Trunks, Mini Pineapple Print Board Shorts with Drawstring Waist for Resort and Summer Casual Trips"
工具未内置该ASIN,1905,B0HCBZGD9M,SKT1-A9-L,,,,,B0HCBPZZKX,,"Mens Swim Trunks, Pear Print Board Shorts with Drawstring Waist for Resort and Summer Casual Plans"
工具未内置该ASIN,1906,B0HCC4VH8Q,SKT4-8113-XL,,,,,B0HCBZ5R31,,"Mens Swim Trunks, Mini Palm Tree Print Board Shorts with Drawstring Waist for Resort and Summer Casual Getaways"
工具未内置该ASIN,1907,B0HCC5WHXC,SKT4-A7-L,,,,,B0HCBZ5R31,,"Mens Swim Trunks, Bird Print Board Shorts with Drawstring Waist for Resort and Summer Leisure Occasions"
工具未内置该ASIN,1908,B0HCC5D3HR,SKT1-AT-L,,,,,B0HCBPZZKX,,"Mens Swim Trunks, Shark Print Board Shorts with Drawstring Waist for Resort and Summer Coastal Gatherings"
工具未内置该ASIN,1909,B0HCC2HTN4,SKT2-A7-L,,,,,B0HCBQRPXK,,"Mens Swim Trunks, Bird Print Board Shorts with Drawstring Waist for Resort and Summer Leisure Occasions"
工具未内置该ASIN,1910,B0HCC1WN2W,SKT1-AP-XL,,,,,B0HCBPZZKX,,"Mens Swim Trunks, Banana Print Board Shorts with Drawstring Waist for Resort and Summer Casual Outings"
工具未内置该ASIN,1911,B0HCBXZ3JZ,SKT2-AT-XL,,,,,B0HCBQRPXK,,"Mens Swim Trunks, Shark Print Board Shorts with Drawstring Waist for Resort and Summer Coastal Gatherings"
工具未内置该ASIN,1912,B0HCBPNB7Z,SKT4-PF-L,,,,,B0HCBZ5R31,,"Mens Swim Trunks, Anchor Print Board Shorts with Drawstring Waist for Resort and Nautical Casual Events"
工具未内置该ASIN,1913,B0HCBXP65Z,SKT3-AR-L,,,,,B0HCBSX9WX,,"Mens Swim Trunks, Palm Tree Print Board Shorts with Drawstring Waist for Resort and Summer Casual Getaways"
工具未内置该ASIN,1914,B0HCC8WR4J,SKT1-AU-XL,,,,,B0HCBPZZKX,,"Mens Swim Trunks, Pink Flamingo Print Board Shorts with Drawstring Waist for Resort and Summer Casual Parties"
工具未内置该ASIN,1915,B0HCBTL9V5,SKT1-AM-XL,,,,,B0HCBPZZKX,,"Mens Swim Trunks, Mini Pineapple Print Board Shorts with Drawstring Waist for Resort and Summer Casual Trips"
工具未内置该ASIN,1916,B0HCC51X74,SKT1-AR-XL,,,,,B0HCBPZZKX,,"Mens Swim Trunks, Palm Tree Print Board Shorts with Drawstring Waist for Resort and Summer Casual Getaways"
工具未内置该ASIN,1917,B0HCBW98QL,SKT4-AJ-XL,,,,,B0HCBZ5R31,,"Mens Swim Trunks, School of Fish Print Board Shorts with Drawstring Waist for Resort and Summer Coastal Gatherings"
工具未内置该ASIN,1918,B0HCBY2FFH,SKT2-AU-XL,,,,,B0HCBQRPXK,,"Mens Swim Trunks, Pink Flamingo Print Board Shorts with Drawstring Waist for Resort and Summer Casual Parties"
工具未内置该ASIN,1919,B0HCBZFYSV,SKT1-8111-L,,,,,B0HCBPZZKX,,"Mens Swim Trunks, Tropical Floral Bird Print Board Shorts with Drawstring Waist for Resort and Summer Casual Events"
工具未内置该ASIN,1920,B0HCBXWMW4,SKT3-AH-XL,,,,,B0HCBSX9WX,,"Mens Swim Trunks, Pineapple Print Board Shorts with Drawstring Waist for Resort and Summer Casual Occasions"
工具未内置该ASIN,1921,B0HCC1Q5DW,SKT2-AN-XL,,,,,B0HCBQRPXK,,"Mens Swim Trunks, Triangle Print Board Shorts with Drawstring Waist for Resort and Summer Casual Gatherings"
工具未内置该ASIN,1922,B0HCBVW4ZB,SKT1-AG-L,,,,,B0HCBPZZKX,,"Mens Swim Trunks, Watermelon Print Board Shorts with Drawstring Waist for Resort and Summer Casual Parties"
工具未内置该ASIN,1923,B0HCBSVM3Q,SKT1-AJ-XL,,,,,B0HCBPZZKX,,"Mens Swim Trunks, School of Fish Print Board Shorts with Drawstring Waist for Resort and Summer Coastal Gatherings"
工具未内置该ASIN,1924,B0HCBXGQFQ,SKT1-942-XL,,,,,B0HCBPZZKX,,"Mens Swim Trunks, Multi Color Pineapple Print Board Shorts with Drawstring Waist for Resort and Summer Casual Outings"
工具未内置该ASIN,1925,B0HCBYLVBR,SKT3-AG-L,,,,,B0HCBSX9WX,,"Mens Swim Trunks, Watermelon Print Board Shorts with Drawstring Waist for Resort and Summer Casual Parties"
工具未内置该ASIN,1926,B0HCC84BGK,SKT1-AJ-L,,,,,B0HCBPZZKX,,"Mens Swim Trunks, School of Fish Print Board Shorts with Drawstring Waist for Resort and Summer Coastal Gatherings"
工具未内置该ASIN,1927,B0HCBVZ33W,SKT2-AG-XL,,,,,B0HCBQRPXK,,"Mens Swim Trunks, Watermelon Print Board Shorts with Drawstring Waist for Resort and Summer Casual Parties"
工具未内置该ASIN,1928,B0HCBYBFFQ,SKT1-941-XL,,,,,B0HCBPZZKX,,"Mens Swim Trunks, Pink Flamingo Print Board Shorts with Drawstring Waist for Resort and Summer Coastal Parties"
工具未内置该ASIN,1929,B0HCBZYZ2N,SKT2-PG-L,,,,,B0HCBQRPXK,,"Mens Swim Trunks, Two Tone Shark Print Board Shorts with Drawstring Waist for Resort and Summer Coastal Trips"
工具未内置该ASIN,1930,B0HCC3QBJM,SKT1-A4-L,,,,,B0HCBPZZKX,,"Mens Swim Trunks, Flamingo Print Board Shorts with Drawstring Waist for Beach and Daily Casual Occasions"
工具未内置该ASIN,1931,B0HCBSDYS2,SKT3-AF-XL,,,,,B0HCBSX9WX,,"Mens Swim Trunks, Block Stripe Board Shorts with Drawstring Waist for Resort and Daily Casual Trips"
工具未内置该ASIN,1932,B0HCC8XR2D,SKT2-A5-XL,,,,,B0HCBQRPXK,,"Mens Swim Trunks, Patriotic Flag Print Board Shorts with Drawstring Waist for Holiday and Resort Casual Activities"
工具未内置该ASIN,1933,B0HCC2H2DY,SKT1-AQ-XL,,,,,B0HCBPZZKX,,"Mens Swim Trunks, Flamingo Print Board Shorts with Drawstring Waist for Resort and Summer Coastal Events"
工具未内置该ASIN,1934,B0HCBZSTVK,SKT3-AP-L,,,,,B0HCBSX9WX,,"Mens Swim Trunks, Banana Print Board Shorts with Drawstring Waist for Resort and Summer Casual Outings"
工具未内置该ASIN,1935,B0HCBTTJCS,SKT4-A4-L,,,,,B0HCBZ5R31,,"Mens Swim Trunks, Flamingo Print Board Shorts with Drawstring Waist for Beach and Daily Casual Occasions"
工具未内置该ASIN,1936,B0HCBVH9LB,SKT2-AH-L,,,,,B0HCBQRPXK,,"Mens Swim Trunks, Pineapple Print Board Shorts with Drawstring Waist for Resort and Summer Casual Occasions"
工具未内置该ASIN,1937,B0HCC3PQ4W,SKT4-A5-XL,,,,,B0HCBZ5R31,,"Mens Swim Trunks, Patriotic Flag Print Board Shorts with Drawstring Waist for Holiday and Resort Casual Activities"
工具未内置该ASIN,1938,B0HCBYH85P,SKT3-AB-XL,,,,,B0HCBSX9WX,,"Mens Swim Trunks, Steamed Dumpling Print Board Shorts with Drawstring Waist for Resort and Summer Casual Gatherings"
工具未内置该ASIN,1939,B0HCBPVPWS,SKT2-A8-XL,,,,,B0HCBQRPXK,,"Mens Swim Trunks, Cactus Print Board Shorts with Drawstring Waist for Resort and Summer Casual Events"
工具未内置该ASIN,1940,B0HCBYXSKT,SKT3-PF-XL,,,,,B0HCBSX9WX,,"Mens Swim Trunks, Anchor Print Board Shorts with Drawstring Waist for Resort and Nautical Casual Events"
工具未内置该ASIN,1941,B0HCBQVZPG,SKT1-8113-XL,,,,,B0HCBPZZKX,,"Mens Swim Trunks, Mini Palm Tree Print Board Shorts with Drawstring Waist for Resort and Summer Casual Getaways"
工具未内置该ASIN,1942,B0HCBX3T6P,SKT1-AB-L,,,,,B0HCBPZZKX,,"Mens Swim Trunks, Steamed Dumpling Print Board Shorts with Drawstring Waist for Resort and Summer Casual Gatherings"
工具未内置该ASIN,1943,B0HCBZK2WS,SKT2-AM-L,,,,,B0HCBQRPXK,,"Mens Swim Trunks, Mini Pineapple Print Board Shorts with Drawstring Waist for Resort and Summer Casual Trips"
工具未内置该ASIN,1944,B0HCC4L6XQ,SKT3-8111-XL,,,,,B0HCBSX9WX,,"Mens Swim Trunks, Tropical Floral Bird Print Board Shorts with Drawstring Waist for Resort and Summer Casual Events"
工具未内置该ASIN,1945,B0HCC9Q7HK,SKT3-AJ-L,,,,,B0HCBSX9WX,,"Mens Swim Trunks, School of Fish Print Board Shorts with Drawstring Waist for Resort and Summer Coastal Gatherings"
工具未内置该ASIN,1946,B0HCBN8HHB,SKT4-AL-XL,,,,,B0HCBZ5R31,,"Mens Swim Trunks, Flamingo Print Board Shorts with Drawstring Waist for Resort and Summer Coastal Parties"
工具未内置该ASIN,1947,B0HCBXCDWD,SKT1-AN-XL,,,,,B0HCBPZZKX,,"Mens Swim Trunks, Triangle Print Board Shorts with Drawstring Waist for Resort and Summer Casual Gatherings"
工具未内置该ASIN,1948,B0HCBSYPNY,SKT2-A7-XL,,,,,B0HCBQRPXK,,"Mens Swim Trunks, Bird Print Board Shorts with Drawstring Waist for Resort and Summer Leisure Occasions"
工具未内置该ASIN,1949,B0HCC32WCS,SKT4-AB-L,,,,,B0HCBZ5R31,,"Mens Swim Trunks, Steamed Dumpling Print Board Shorts with Drawstring Waist for Resort and Summer Casual Gatherings"
工具未内置该ASIN,1950,B0HCC3J7DL,SKT2-A9-XL,,,,,B0HCBQRPXK,,"Mens Swim Trunks, Pear Print Board Shorts with Drawstring Waist for Resort and Summer Casual Plans"
工具未内置该ASIN,1951,B0HCBX7B5F,SKT2-942-XL,,,,,B0HCBQRPXK,,"Mens Swim Trunks, Multi Color Pineapple Print Board Shorts with Drawstring Waist for Resort and Summer Casual Outings"
工具未内置该ASIN,1952,B0HCBX5X25,SKT1-PF-L,,,,,B0HCBPZZKX,,"Mens Swim Trunks, Anchor Print Board Shorts with Drawstring Waist for Resort and Nautical Casual Events"
工具未内置该ASIN,1953,B0HCBYM1RF,SKT3-AN-L,,,,,B0HCBSX9WX,,"Mens Swim Trunks, Triangle Print Board Shorts with Drawstring Waist for Resort and Summer Casual Gatherings"
工具未内置该ASIN,1954,B0HCC1XR76,SKT4-AR-XL,,,,,B0HCBZ5R31,,"Mens Swim Trunks, Palm Tree Print Board Shorts with Drawstring Waist for Resort and Summer Casual Getaways"
工具未内置该ASIN,1955,B0HCBTV7LT,SKT3-AL-XL,,,,,B0HCBSX9WX,,"Mens Swim Trunks, Flamingo Print Board Shorts with Drawstring Waist for Resort and Summer Coastal Parties"
工具未内置该ASIN,1956,B0HCBYV9M1,SKT4-AT-XL,,,,,B0HCBZ5R31,,"Mens Swim Trunks, Shark Print Board Shorts with Drawstring Waist for Resort and Summer Coastal Gatherings"
工具未内置该ASIN,1957,B0HCC2R4BL,SKT4-8113-L,,,,,B0HCBZ5R31,,"Mens Swim Trunks, Mini Palm Tree Print Board Shorts with Drawstring Waist for Resort and Summer Casual Getaways"
工具未内置该ASIN,1958,B0HCBTZSRX,SKT3-A7-XL,,,,,B0HCBSX9WX,,"Mens Swim Trunks, Bird Print Board Shorts with Drawstring Waist for Resort and Summer Leisure Occasions"
工具未内置该ASIN,1959,B0HCBZN7X3,SKT3-AU-XL,,,,,B0HCBSX9WX,,"Mens Swim Trunks, Pink Flamingo Print Board Shorts with Drawstring Waist for Resort and Summer Casual Parties"
工具未内置该ASIN,1960,B0HCBTZQ96,SKT2-A4-XL,,,,,B0HCBQRPXK,,"Mens Swim Trunks, Flamingo Print Board Shorts with Drawstring Waist for Beach and Daily Casual Occasions"
工具未内置该ASIN,1961,B0HCC59WQ9,SKT3-AH-L,,,,,B0HCBSX9WX,,"Mens Swim Trunks, Pineapple Print Board Shorts with Drawstring Waist for Resort and Summer Casual Occasions"
工具未内置该ASIN,1962,B0HCBVPY41,SKT4-A6-XL,,,,,B0HCBZ5R31,,"Mens Swim Trunks, Pineapple Print Board Shorts with Drawstring Waist for Resort and Summer Casual Scenarios"
工具未内置该ASIN,1963,B0HCBZLKM5,SKT3-AM-L,,,,,B0HCBSX9WX,,"Mens Swim Trunks, Mini Pineapple Print Board Shorts with Drawstring Waist for Resort and Summer Casual Trips"
工具未内置该ASIN,1964,B0HCBXW4RF,SKT4-AQ-L,,,,,B0HCBZ5R31,,"Mens Swim Trunks, Flamingo Print Board Shorts with Drawstring Waist for Resort and Summer Coastal Events"
工具未内置该ASIN,1965,B0HCBPST28,SKT1-AF-XL,,,,,B0HCBPZZKX,,"Mens Swim Trunks, Block Stripe Board Shorts with Drawstring Waist for Resort and Daily Casual Trips"
工具未内置该ASIN,1966,B0HCC2BT9S,SKT2-AH-XL,,,,,B0HCBQRPXK,,"Mens Swim Trunks, Pineapple Print Board Shorts with Drawstring Waist for Resort and Summer Casual Occasions"
工具未内置该ASIN,1967,B0HCBQLSVX,SKT3-AA-L,,,,,B0HCBSX9WX,,"Mens Swim Trunks, Vertical Stripe Board Shorts with Drawstring Waist for Resort and Daily Leisure Events"
工具未内置该ASIN,1968,B0HCC9VN3N,SKT1-A5-XL,,,,,B0HCBPZZKX,,"Mens Swim Trunks, Patriotic Flag Print Board Shorts with Drawstring Waist for Holiday and Resort Casual Activities"
工具未内置该ASIN,1969,B0HCC1M2RZ,SKT3-AT-L,,,,,B0HCBSX9WX,,"Mens Swim Trunks, Shark Print Board Shorts with Drawstring Waist for Resort and Summer Coastal Gatherings"
工具未内置该ASIN,1970,B0HCBT8F58,SKT4-A8-XL,,,,,B0HCBZ5R31,,"Mens Swim Trunks, Cactus Print Board Shorts with Drawstring Waist for Resort and Summer Casual Events"
工具未内置该ASIN,1971,B0HCC1S8F4,SKT2-AU-L,,,,,B0HCBQRPXK,,"Mens Swim Trunks, Pink Flamingo Print Board Shorts with Drawstring Waist for Resort and Summer Casual Parties"
工具未内置该ASIN,1972,B0HCBT4TMK,SKT4-AL-L,,,,,B0HCBZ5R31,,"Mens Swim Trunks, Flamingo Print Board Shorts with Drawstring Waist for Resort and Summer Coastal Parties"
工具未内置该ASIN,1973,B0HCBX3BLN,SKT3-AM-XL,,,,,B0HCBSX9WX,,"Mens Swim Trunks, Mini Pineapple Print Board Shorts with Drawstring Waist for Resort and Summer Casual Trips"
工具未内置该ASIN,1974,B0HCBZC1S5,SKT2-AP-XL,,,,,B0HCBQRPXK,,"Mens Swim Trunks, Banana Print Board Shorts with Drawstring Waist for Resort and Summer Casual Outings"
工具未内置该ASIN,1975,B0HCBX4B7G,SKT2-AT-L,,,,,B0HCBQRPXK,,"Mens Swim Trunks, Shark Print Board Shorts with Drawstring Waist for Resort and Summer Coastal Gatherings"
工具未内置该ASIN,1976,B0HCBTY78L,SKT1-PF-XL,,,,,B0HCBPZZKX,,"Mens Swim Trunks, Anchor Print Board Shorts with Drawstring Waist for Resort and Nautical Casual Events"
工具未内置该ASIN,1977,B0HCBT4K2R,SKT4-AN-XL,,,,,B0HCBZ5R31,,"Mens Swim Trunks, Triangle Print Board Shorts with Drawstring Waist for Resort and Summer Casual Gatherings"
工具未内置该ASIN,1978,B0HCBZY8TM,SKT1-AN-L,,,,,B0HCBPZZKX,,"Mens Swim Trunks, Triangle Print Board Shorts with Drawstring Waist for Resort and Summer Casual Gatherings"
工具未内置该ASIN,1979,B0HCC1Y5B8,SKT3-A7-L,,,,,B0HCBSX9WX,,"Mens Swim Trunks, Bird Print Board Shorts with Drawstring Waist for Resort and Summer Leisure Occasions"
工具未内置该ASIN,1980,B0HCBWTPSK,SKT3-8113-XL,,,,,B0HCBSX9WX,,"Mens Swim Trunks, Mini Palm Tree Print Board Shorts with Drawstring Waist for Resort and Summer Casual Getaways"
工具未内置该ASIN,1981,B0HCBVJC16,SKT1-AL-L,,,,,B0HCBPZZKX,,"Mens Swim Trunks, Flamingo Print Board Shorts with Drawstring Waist for Resort and Summer Coastal Parties"
工具未内置该ASIN,1982,B0HCBT3N2M,SKT4-AA-L,,,,,B0HCBZ5R31,,"Mens Swim Trunks, Vertical Stripe Board Shorts with Drawstring Waist for Resort and Daily Leisure Events"
工具未内置该ASIN,1983,B0HCBWPM8C,SKT1-A6-XL,,,,,B0HCBPZZKX,,"Mens Swim Trunks, Pineapple Print Board Shorts with Drawstring Waist for Resort and Summer Casual Scenarios"
工具未内置该ASIN,1984,B0HCC5KJDD,SKT2-PF-XL,,,,,B0HCBQRPXK,,"Mens Swim Trunks, Anchor Print Board Shorts with Drawstring Waist for Resort and Nautical Casual Events"
工具未内置该ASIN,1985,B0HCC1VNCC,SKT2-A5-L,,,,,B0HCBQRPXK,,"Mens Swim Trunks, Patriotic Flag Print Board Shorts with Drawstring Waist for Holiday and Resort Casual Activities"
工具未内置该ASIN,1986,B0HCBZKVCF,SKT1-AE-XL,,,,,B0HCBPZZKX,,"Mens Swim Trunks, Palm Tree Print Board Shorts with Drawstring Waist for Resort and Summer Casual Getaways"
工具未内置该ASIN,1987,B0HCC2W6P1,SKT1-A7-L,,,,,B0HCBPZZKX,,"Mens Swim Trunks, Bird Print Board Shorts with Drawstring Waist for Resort and Summer Leisure Occasions"
工具未内置该ASIN,1988,B0HCC3H1GV,SKT3-AN-XL,,,,,B0HCBSX9WX,,"Mens Swim Trunks, Triangle Print Board Shorts with Drawstring Waist for Resort and Summer Casual Gatherings"
工具未内置该ASIN,1989,B0HCBQS3RT,SKT3-AB-L,,,,,B0HCBSX9WX,,"Mens Swim Trunks, Steamed Dumpling Print Board Shorts with Drawstring Waist for Resort and Summer Casual Gatherings"
工具未内置该ASIN,1990,B0HCBWW39H,SKT1-A5-L,,,,,B0HCBPZZKX,,"Mens Swim Trunks, Patriotic Flag Print Board Shorts with Drawstring Waist for Holiday and Resort Casual Activities"
工具未内置该ASIN,1991,B0HCBVNCN5,SKT4-PG-XL,,,,,B0HCBZ5R31,,"Mens Swim Trunks, Two Tone Shark Print Board Shorts with Drawstring Waist for Resort and Summer Coastal Trips"
工具未内置该ASIN,1992,B0HCBXP959,SKT4-AM-XL,,,,,B0HCBZ5R31,,"Mens Swim Trunks, Mini Pineapple Print Board Shorts with Drawstring Waist for Resort and Summer Casual Trips"
工具未内置该ASIN,1993,B0HCBSLM83,SKT2-AJ-L,,,,,B0HCBQRPXK,,"Mens Swim Trunks, School of Fish Print Board Shorts with Drawstring Waist for Resort and Summer Coastal Gatherings"
工具未内置该ASIN,1994,B0HCBX56WW,SKT1-A8-XL,,,,,B0HCBPZZKX,,"Mens Swim Trunks, Cactus Print Board Shorts with Drawstring Waist for Resort and Summer Casual Events"
工具未内置该ASIN,1995,B0HCBLMM57,SKT2-A6-L,,,,,B0HCBQRPXK,,"Mens Swim Trunks, Pineapple Print Board Shorts with Drawstring Waist for Resort and Summer Casual Scenarios"
工具未内置该ASIN,1996,B0HCBX7B59,SKT2-AJ-XL,,,,,B0HCBQRPXK,,"Mens Swim Trunks, School of Fish Print Board Shorts with Drawstring Waist for Resort and Summer Coastal Gatherings"
工具未内置该ASIN,1997,B0HCC89P6M,SKT4-PF-XL,,,,,B0HCBZ5R31,,"Mens Swim Trunks, Anchor Print Board Shorts with Drawstring Waist for Resort and Nautical Casual Events"
工具未内置该ASIN,1998,B0HCC8T58W,SKT2-AQ-L,,,,,B0HCBQRPXK,,"Mens Swim Trunks, Flamingo Print Board Shorts with Drawstring Waist for Resort and Summer Coastal Events"
工具未内置该ASIN,1999,B0HCC6KDJZ,SKT1-AK-XL,,,,,B0HCBPZZKX,,"Mens Swim Trunks, Large Pineapple Print Board Shorts with Drawstring Waist for Resort and Summer Casual Events"
工具未内置该ASIN,2000,B0HCBYDV11,SKT3-AR-XL,,,,,B0HCBSX9WX,,"Mens Swim Trunks, Palm Tree Print Board Shorts with Drawstring Waist for Resort and Summer Casual Getaways"
工具未内置该ASIN,2001,B0HCC3LB75,SKT3-A6-L,,,,,B0HCBSX9WX,,"Mens Swim Trunks, Pineapple Print Board Shorts with Drawstring Waist for Resort and Summer Casual Scenarios"
工具未内置该ASIN,2002,B0HCBPBZRN,SKT1-A9-XL,,,,,B0HCBPZZKX,,"Mens Swim Trunks, Pear Print Board Shorts with Drawstring Waist for Resort and Summer Casual Plans"
工具未内置该ASIN,2003,B0HCBY1BCJ,SKT2-8113-L,,,,,B0HCBQRPXK,,"Mens Swim Trunks, Mini Palm Tree Print Board Shorts with Drawstring Waist for Resort and Summer Casual Getaways"
工具未内置该ASIN,2004,B0HCC1DYSL,SKT1-AR-L,,,,,B0HCBPZZKX,,"Mens Swim Trunks, Palm Tree Print Board Shorts with Drawstring Waist for Resort and Summer Casual Getaways"
工具未内置该ASIN,2005,B0HCBZJ1Z3,SKT3-AP-XL,,,,,B0HCBSX9WX,,"Mens Swim Trunks, Banana Print Board Shorts with Drawstring Waist for Resort and Summer Casual Outings"
工具未内置该ASIN,2006,B0HCC39FRF,SKT2-AL-XL,,,,,B0HCBQRPXK,,"Mens Swim Trunks, Flamingo Print Board Shorts with Drawstring Waist for Resort and Summer Coastal Parties"
工具未内置该ASIN,2007,B0HCBZH8KN,SKT1-AP-L,,,,,B0HCBPZZKX,,"Mens Swim Trunks, Banana Print Board Shorts with Drawstring Waist for Resort and Summer Casual Outings"
工具未内置该ASIN,2008,B0HCC33DGM,SKT4-AA-XL,,,,,B0HCBZ5R31,,"Mens Swim Trunks, Vertical Stripe Board Shorts with Drawstring Waist for Resort and Daily Leisure Events"
工具未内置该ASIN,2009,B0HCBYX6DZ,SKT1-AU-L,,,,,B0HCBPZZKX,,"Mens Swim Trunks, Pink Flamingo Print Board Shorts with Drawstring Waist for Resort and Summer Casual Parties"
工具未内置该ASIN,2010,B0HCBTY3ZN,SKT2-AR-L,,,,,B0HCBQRPXK,,"Mens Swim Trunks, Palm Tree Print Board Shorts with Drawstring Waist for Resort and Summer Casual Getaways"
工具未内置该ASIN,2011,B0HCBXQ38R,SKT3-A4-XL,,,,,B0HCBSX9WX,,"Mens Swim Trunks, Flamingo Print Board Shorts with Drawstring Waist for Beach and Daily Casual Occasions"
工具未内置该ASIN,2012,B0HCC13LTR,SKT1-AT-XL,,,,,B0HCBPZZKX,,"Mens Swim Trunks, Shark Print Board Shorts with Drawstring Waist for Resort and Summer Coastal Gatherings"
工具未内置该ASIN,2013,B0HCBXYKTL,SKT4-AN-L,,,,,B0HCBZ5R31,,"Mens Swim Trunks, Triangle Print Board Shorts with Drawstring Waist for Resort and Summer Casual Gatherings"
工具未内置该ASIN,2014,B0HCC1B3GT,SKT3-8111-L,,,,,B0HCBSX9WX,,"Mens Swim Trunks, Tropical Floral Bird Print Board Shorts with Drawstring Waist for Resort and Summer Casual Events"
工具未内置该ASIN,2015,B0HCC377XZ,SKT2-AP-L,,,,,B0HCBQRPXK,,"Mens Swim Trunks, Banana Print Board Shorts with Drawstring Waist for Resort and Summer Casual Outings"
工具未内置该ASIN,2016,B0HCC2P43C,SKT2-A8-L,,,,,B0HCBQRPXK,,"Mens Swim Trunks, Cactus Print Board Shorts with Drawstring Waist for Resort and Summer Casual Events"
工具未内置该ASIN,2017,B0HCBTG3TK,SKT4-AG-XL,,,,,B0HCBZ5R31,,"Mens Swim Trunks, Watermelon Print Board Shorts with Drawstring Waist for Resort and Summer Casual Parties"
工具未内置该ASIN,2018,B0HCBXM6BZ,SKT2-A9-L,,,,,B0HCBQRPXK,,"Mens Swim Trunks, Pear Print Board Shorts with Drawstring Waist for Resort and Summer Casual Plans"
工具未内置该ASIN,2019,B0HCBWN44J,SKT2-AG-L,,,,,B0HCBQRPXK,,"Mens Swim Trunks, Watermelon Print Board Shorts with Drawstring Waist for Resort and Summer Casual Parties"
工具未内置该ASIN,2020,B0HCBYR7N3,SKT4-AP-L,,,,,B0HCBZ5R31,,"Mens Swim Trunks, Banana Print Board Shorts with Drawstring Waist for Resort and Summer Casual Outings"
工具未内置该ASIN,2021,B0HCC38WGR,SKT1-AA-XL,,,,,B0HCBPZZKX,,"Mens Swim Trunks, Vertical Stripe Board Shorts with Drawstring Waist for Resort and Daily Leisure Events"
工具未内置该ASIN,2022,B0HCBQN3NR,SKT4-AP-XL,,,,,B0HCBZ5R31,,"Mens Swim Trunks, Banana Print Board Shorts with Drawstring Waist for Resort and Summer Casual Outings"
工具未内置该ASIN,2023,B0HCC2RLW1,SKT3-PG-L,,,,,B0HCBSX9WX,,"Mens Swim Trunks, Two Tone Shark Print Board Shorts with Drawstring Waist for Resort and Summer Coastal Trips"
工具未内置该ASIN,2024,B0HCBZ8TXV,SKT1-AH-XL,,,,,B0HCBPZZKX,,"Mens Swim Trunks, Pineapple Print Board Shorts with Drawstring Waist for Resort and Summer Casual Occasions"
工具未内置该ASIN,2025,B0HCC1QNKJ,SKT1-AK-L,,,,,B0HCBPZZKX,,"Mens Swim Trunks, Large Pineapple Print Board Shorts with Drawstring Waist for Resort and Summer Casual Events"
工具未内置该ASIN,2026,B0HCBYLVBF,SKT1-AB-XL,,,,,B0HCBPZZKX,,"Mens Swim Trunks, Steamed Dumpling Print Board Shorts with Drawstring Waist for Resort and Summer Casual Gatherings"
工具未内置该ASIN,2027,B0HCBTJBB9,SKT3-A4-L,,,,,B0HCBSX9WX,,"Mens Swim Trunks, Flamingo Print Board Shorts with Drawstring Waist for Beach and Daily Casual Occasions"
工具未内置该ASIN,2028,B0HCBZSBQF,SKT2-AR-XL,,,,,B0HCBQRPXK,,"Mens Swim Trunks, Palm Tree Print Board Shorts with Drawstring Waist for Resort and Summer Casual Getaways"
工具未内置该ASIN,2029,B0HCBTY78J,SKT2-AF-L,,,,,B0HCBQRPXK,,"Mens Swim Trunks, Block Stripe Board Shorts with Drawstring Waist for Resort and Daily Casual Trips"
工具未内置该ASIN,2030,B0HCC22221,SKT4-A9-L,,,,,B0HCBZ5R31,,"Mens Swim Trunks, Pear Print Board Shorts with Drawstring Waist for Resort and Summer Casual Plans"
工具未内置该ASIN,2031,B0HCBZLGK5,SKT2-AE-L,,,,,B0HCBQRPXK,,"Mens Swim Trunks, Palm Tree Print Board Shorts with Drawstring Waist for Resort and Summer Casual Getaways"
工具未内置该ASIN,2032,B0HCBYY66Q,SKT4-AF-XL,,,,,B0HCBZ5R31,,"Mens Swim Trunks, Block Stripe Board Shorts with Drawstring Waist for Resort and Daily Casual Trips"
工具未内置该ASIN,2033,B0HCBYWWKY,SKT3-A9-L,,,,,B0HCBSX9WX,,"Mens Swim Trunks, Pear Print Board Shorts with Drawstring Waist for Resort and Summer Casual Plans"
工具未内置该ASIN,2034,B0HCBTBXFX,SKT1-A7-XL,,,,,B0HCBPZZKX,,"Mens Swim Trunks, Bird Print Board Shorts with Drawstring Waist for Resort and Summer Leisure Occasions"
工具未内置该ASIN,2035,B0HCBT3QTB,SKT4-941-XL,,,,,B0HCBZ5R31,,"Mens Swim Trunks, Pink Flamingo Print Board Shorts with Drawstring Waist for Resort and Summer Coastal Parties"
工具未内置该ASIN,2036,B0HCC28WQG,SKT1-942-L,,,,,B0HCBPZZKX,,"Mens Swim Trunks, Multi Color Pineapple Print Board Shorts with Drawstring Waist for Resort and Summer Casual Outings"
工具未内置该ASIN,2037,B0HCBWZBM4,SKT3-942-L,,,,,B0HCBSX9WX,,"Mens Swim Trunks, Multi Color Pineapple Print Board Shorts with Drawstring Waist for Resort and Summer Casual Outings"
工具未内置该ASIN,2038,B0HCBVK61F,SKT2-AB-XL,,,,,B0HCBQRPXK,,"Mens Swim Trunks, Steamed Dumpling Print Board Shorts with Drawstring Waist for Resort and Summer Casual Gatherings"
工具未内置该ASIN,2039,B0HCC1XR6G,SKT2-A4-L,,,,,B0HCBQRPXK,,"Mens Swim Trunks, Flamingo Print Board Shorts with Drawstring Waist for Beach and Daily Casual Occasions"
工具未内置该ASIN,2040,B0HCBT54DG,SKT4-AT-L,,,,,B0HCBZ5R31,,"Mens Swim Trunks, Shark Print Board Shorts with Drawstring Waist for Resort and Summer Coastal Gatherings"
工具未内置该ASIN,2041,B0HCBT57NW,SKT4-AB-XL,,,,,B0HCBZ5R31,,"Mens Swim Trunks, Steamed Dumpling Print Board Shorts with Drawstring Waist for Resort and Summer Casual Gatherings"
工具未内置该ASIN,2042,B0HCBQMZW3,SKT3-AJ-XL,,,,,B0HCBSX9WX,,"Mens Swim Trunks, School of Fish Print Board Shorts with Drawstring Waist for Resort and Summer Coastal Gatherings"
工具未内置该ASIN,2043,B0HCC8SKHG,SKT4-8111-L,,,,,B0HCBZ5R31,,"Mens Swim Trunks, Tropical Floral Bird Print Board Shorts with Drawstring Waist for Resort and Summer Casual Events"
工具未内置该ASIN,2044,B0HCC1FG8Q,SKT2-AB-L,,,,,B0HCBQRPXK,,"Mens Swim Trunks, Steamed Dumpling Print Board Shorts with Drawstring Waist for Resort and Summer Casual Gatherings"
工具未内置该ASIN,2045,B0HCC3R4XG,SKT4-A4-XL,,,,,B0HCBZ5R31,,"Mens Swim Trunks, Flamingo Print Board Shorts with Drawstring Waist for Beach and Daily Casual Occasions"
工具未内置该ASIN,2046,B0HCC19VQT,SKT4-AJ-L,,,,,B0HCBZ5R31,,"Mens Swim Trunks, School of Fish Print Board Shorts with Drawstring Waist for Resort and Summer Coastal Gatherings"
工具未内置该ASIN,2047,B0HCBQCP6F,SKT3-8113-L,,,,,B0HCBSX9WX,,"Mens Swim Trunks, Mini Palm Tree Print Board Shorts with Drawstring Waist for Resort and Summer Casual Getaways"
工具未内置该ASIN,2048,B0HCC15P7H,SKT1-AF-L,,,,,B0HCBPZZKX,,"Mens Swim Trunks, Block Stripe Board Shorts with Drawstring Waist for Resort and Daily Casual Trips"
工具未内置该ASIN,2049,B0HCBZFW1S,SKT4-A9-XL,,,,,B0HCBZ5R31,,"Mens Swim Trunks, Pear Print Board Shorts with Drawstring Waist for Resort and Summer Casual Plans"
工具未内置该ASIN,2050,B0HCBTP7WK,SKT4-AE-L,,,,,B0HCBZ5R31,,"Mens Swim Trunks, Palm Tree Print Board Shorts with Drawstring Waist for Resort and Summer Casual Getaways"
工具未内置该ASIN,2051,B0HCBXCSJ4,SKT4-942-XL,,,,,B0HCBZ5R31,,"Mens Swim Trunks, Multi Color Pineapple Print Board Shorts with Drawstring Waist for Resort and Summer Casual Outings"
工具未内置该ASIN,2052,B0HCBZFW1T,SKT4-A8-L,,,,,B0HCBZ5R31,,"Mens Swim Trunks, Cactus Print Board Shorts with Drawstring Waist for Resort and Summer Casual Events"
工具未内置该ASIN,2053,B0HCC5NT6R,SKT4-A7-XL,,,,,B0HCBZ5R31,,"Mens Swim Trunks, Bird Print Board Shorts with Drawstring Waist for Resort and Summer Leisure Occasions"
工具未内置该ASIN,2054,B0HCC3FFN1,KS144-44/45,,,,,B0HCC3FFN1,,
工具未内置该ASIN,2055,B0HCBXH741,SKT1-AQ-L,,,,,B0HCBPZZKX,,"Mens Swim Trunks, Flamingo Print Board Shorts with Drawstring Waist for Resort and Summer Coastal Events"
工具未内置该ASIN,2056,B0HCC5HHNN,SKT3-A8-XL,,,,,B0HCBSX9WX,,"Mens Swim Trunks, Cactus Print Board Shorts with Drawstring Waist for Resort and Summer Casual Events"
工具未内置该ASIN,2057,B0HCBTDHTP,SKT4-AE-XL,,,,,B0HCBZ5R31,,"Mens Swim Trunks, Palm Tree Print Board Shorts with Drawstring Waist for Resort and Summer Casual Getaways"
工具未内置该ASIN,2058,B0HCBT99ZW,KS133-40/41,,,,,B0HCBT99ZW,,
工具未内置该ASIN,2059,B0HCC16Z8M,SKT2-941-L,,,,,B0HCBQRPXK,,"Mens Swim Trunks, Pink Flamingo Print Board Shorts with Drawstring Waist for Resort and Summer Coastal Parties"
工具未内置该ASIN,2060,B0HCBY2BM2,SKT1-941-L,,,,,B0HCBPZZKX,,"Mens Swim Trunks, Pink Flamingo Print Board Shorts with Drawstring Waist for Resort and Summer Coastal Parties"
工具未内置该ASIN,2061,B0HCC3V977,SKT4-A6-L,,,,,B0HCBZ5R31,,"Mens Swim Trunks, Pineapple Print Board Shorts with Drawstring Waist for Resort and Summer Casual Scenarios"
工具未内置该ASIN,2062,B0HCBZ9F62,SKT1-AG-XL,,,,,B0HCBPZZKX,,"Mens Swim Trunks, Watermelon Print Board Shorts with Drawstring Waist for Resort and Summer Casual Parties"
工具未内置该ASIN,2063,B0HCBVM2P1,SKT2-AK-L,,,,,B0HCBQRPXK,,"Mens Swim Trunks, Large Pineapple Print Board Shorts with Drawstring Waist for Resort and Summer Casual Events"
工具未内置该ASIN,2064,B0HCC2J4XJ,SKT2-AM-XL,,,,,B0HCBQRPXK,,"Mens Swim Trunks, Mini Pineapple Print Board Shorts with Drawstring Waist for Resort and Summer Casual Trips"
工具未内置该ASIN,2065,B0HCBXCHJK,SKT3-941-XL,,,,,B0HCBSX9WX,,"Mens Swim Trunks, Pink Flamingo Print Board Shorts with Drawstring Waist for Resort and Summer Coastal Parties"
工具未内置该ASIN,2066,B0HCBX3FFD,SKT4-941-L,,,,,B0HCBZ5R31,,"Mens Swim Trunks, Pink Flamingo Print Board Shorts with Drawstring Waist for Resort and Summer Coastal Parties"
工具未内置该ASIN,2067,B0HCBWVHMQ,SKT4-A5-L,,,,,B0HCBZ5R31,,"Mens Swim Trunks, Patriotic Flag Print Board Shorts with Drawstring Waist for Holiday and Resort Casual Activities"
工具未内置该ASIN,2068,B0HCBWJTW8,SKT3-A5-L,,,,,B0HCBSX9WX,,"Mens Swim Trunks, Patriotic Flag Print Board Shorts with Drawstring Waist for Holiday and Resort Casual Activities"
工具未内置该ASIN,2069,B0HCC3QN7Y,SKT1-AM-L,,,,,B0HCBPZZKX,,"Mens Swim Trunks, Mini Pineapple Print Board Shorts with Drawstring Waist for Resort and Summer Casual Trips"
工具未内置该ASIN,2070,B0HCC1W58C,SKT3-942-XL,,,,,B0HCBSX9WX,,"Mens Swim Trunks, Multi Color Pineapple Print Board Shorts with Drawstring Waist for Resort and Summer Casual Outings"
工具未内置该ASIN,2071,B0HCBXK5YN,SKT2-AA-XL,,,,,B0HCBQRPXK,,"Mens Swim Trunks, Vertical Stripe Board Shorts with Drawstring Waist for Resort and Daily Leisure Events"
工具未内置该ASIN,2072,B0HCBYYWCT,SKT2-AF-XL,,,,,B0HCBQRPXK,,"Mens Swim Trunks, Block Stripe Board Shorts with Drawstring Waist for Resort and Daily Casual Trips"
工具未内置该ASIN,2073,B0HCC91G3F,SKT1-PG-XL,,,,,B0HCBPZZKX,,"Mens Swim Trunks, Two Tone Shark Print Board Shorts with Drawstring Waist for Resort and Summer Coastal Trips"
工具未内置该ASIN,2074,B0HCBZLY17,SKT3-AL-L,,,,,B0HCBSX9WX,,"Mens Swim Trunks, Flamingo Print Board Shorts with Drawstring Waist for Resort and Summer Coastal Parties"
工具未内置该ASIN,2075,B0HCC31HMS,SKT3-941-L,,,,,B0HCBSX9WX,,"Mens Swim Trunks, Pink Flamingo Print Board Shorts with Drawstring Waist for Resort and Summer Coastal Parties"
工具未内置该ASIN,2076,B0HCC8Q2P4,SKT2-AK-XL,,,,,B0HCBQRPXK,,"Mens Swim Trunks, Large Pineapple Print Board Shorts with Drawstring Waist for Resort and Summer Casual Events"
工具未内置该ASIN,2077,B0HCBQW9CR,SKT4-8111-XL,,,,,B0HCBZ5R31,,"Mens Swim Trunks, Tropical Floral Bird Print Board Shorts with Drawstring Waist for Resort and Summer Casual Events"
工具未内置该ASIN,2078,B0HCBTP1J3,SKT3-PF-L,,,,,B0HCBSX9WX,,"Mens Swim Trunks, Anchor Print Board Shorts with Drawstring Waist for Resort and Nautical Casual Events"
工具未内置该ASIN,2079,B0HCBZ5G4Q,SKT4-AF-L,,,,,B0HCBZ5R31,,"Mens Swim Trunks, Block Stripe Board Shorts with Drawstring Waist for Resort and Daily Casual Trips"
工具未内置该ASIN,2080,B0HCBPSLL2,SKT1-PG-L,,,,,B0HCBPZZKX,,"Mens Swim Trunks, Two Tone Shark Print Board Shorts with Drawstring Waist for Resort and Summer Coastal Trips"
工具未内置该ASIN,2081,B0HCBX6B44,KS174-36/37,,,,,B0HCBQKX2N,,
工具未内置该ASIN,2082,B0HCBBNYX6,KCC-ZWBD-15MM,,凯旋,凯旋,,B0H1VK6P8V,植物绑带,"plant tie tape roll,0.59 in x 9.84 ft plant securing tape,reusable garden plant ties,adjustable plant stem binding tape,cut‑to‑length vine shaping strap"
工具未内置该ASIN,2083,B0HCB7VFH2,KCC-ZWBD-10PCS,,凯旋,凯旋,,B0H1VK6P8V,植物绑带,"10 Pack Reusable Plant Ties, Adjustable Plant Securing Straps, Releasable Stem Bundling Ties For Houseplant, Patio And Garden Branch Fixing & Vine Shaping"
工具未内置该ASIN,2084,B0HCBPBCRP,KCC-CZS-duan,,凯旋,凯旋,,B0GTKNBJ45,软毛刷,"Short Handle Car Detail Brush, Curved Bristle Dust Brush, Standable Hand‑Grip Dust Removal Tool for Vehicle Dashboard, Desktop and Workstation Multi‑Surface Use"
工具未内置该ASIN,2085,B0HCBDTP8B,KCC-CZS-chang,,凯旋,凯旋,,B0GTKNBJ45,软毛刷,"Car Interior Cleaning Brush, Soft Bristle Detail Brush, Handheld Dust Removal Tool for Vehicle Dashboard, Desktop and Workstation Multi‑Surface Use"
工具未内置该ASIN,2086,B0HC6NVFWD,SP-boliqi-1,,图图,图图,,B0HC6DXMV4,,"Stainless Steel Herb Stripper Tool, 9 Multi-Size Holes Herb Leaf Remover with Protective Cover, Kitchen Gadget for Rosemary, Thyme, Basil"
工具未内置该ASIN,2087,B0HC6N7M63,SP-faquan-2gf,,图图,图图,,B0HC6N7M63,,"2 Pack Satin Scrunchie with Hidden Zipper Pocket, Silky Storage Hair Tie, Solid Color Fabric Hair Scrunchies for Women Hair Accessories"
工具未内置该ASIN,2088,B0HC6F62SN,SP-matongshuai-2,,图图,图图,,B0HC6VNMVC,,"Pumice Stone Toilet Bowl Cleaner with Handle, Heavy Duty Porcelain Cleaning Block for Bathroom, Includes Toilet Deodorizing Tablets"
工具未内置该ASIN,2089,B0HC6JM9GK,SP-faquan-2zh,,图图,图图,,B0HC6JM9GK,,"2 Pack Satin Scrunchie with Hidden Zipper Pocket, Silky Storage Hair Tie, Solid Color Fabric Hair Scrunchies for Women Hair Accessories"
工具未内置该ASIN,2090,B0HBWYXSRZ,SP-lunzi-4cheng,,图图,图图,,B0HBWR76QC,,"8 Pack Luggage Wheel Silicone Protector Covers, Wear Resistant Noise Reduction Suitcase Caster Sleeve, Easy Install Rolling Luggage Wheel Guards"
工具未内置该ASIN,2091,B0HBWX7SFX,SP-lunzi-1hei,,图图,图图,,B0HBWR76QC,,"4 Pack Luggage Wheel Silicone Protector Covers, Wear Resistant Noise Reduction Suitcase Caster Sleeve, Easy Install Rolling Luggage Wheel Guards"
工具未内置该ASIN,2092,B0HBWL8LC9,SP-guasha-1,,图图,图图,,B0HC6QPLGZ,,"Wooden Facial Massage Comb, Multi Function Gua Sha Scraping Tool for Face, Jawline Sculpting Massage Instrument"
工具未内置该ASIN,2093,B0HBWRK7LH,SP-guaigou-1mao,,图图,图图,,B0H1HKKBJB,,"Cute Cat Over Cabinet Door Hook, Punch-Free Metal Hanging Hook, Cartoon Decorative Hook for Kitchen Bathroom Closet"
工具未内置该ASIN,2094,B0H94FLQ9J,SP-FDB-3,,图图,图图,,B0H94NK69W,,"Interlocking Silver Mirror Wind Sequin Wall Panels, DIY Splicable Shiny Decor Tiles for Home Wall, Wedding Photo Backdrop Party Background"
工具未内置该ASIN,2095,B0HBWPL1GZ,SP-shuqian-ye,,图图,图图,,B0H8BS1F8F,,"Vintage Metal Ginkgo Leaf Bookmark with Tassel, Hollow Brass Book Marker, Elegant Page Marker Gift for Book Lovers, Students, Reading Enthusiasts"
工具未内置该ASIN,2096,B0HBW2CFMM,KCC-XMJ,,凯旋,凯旋,,B0HBW2CFMM,,"Eyebrow Scissors, Brow Trimming Tool with Comb Edge for Face Grooming, Makeup Bag and Travel Cosmetic Use"
工具未内置该ASIN,2097,B0HBV41GZ2,SP-fenzhiqi3-s,,,,,B0HCY3HK4F,,"2 Pack Fabric Sleeve Toe Spacers, Reusable Nail Care Tool for Overlapping Toes Foot Grooming, Bonus Adhesive Tape"
工具未内置该ASIN,2098,B0HBV8SNDR,SP-fenzhiqi3-l,,,,,B0HCY3HK4F,,"2 Pack Fabric Sleeve Toe Spacers, Reusable Nail Care Tool for Overlapping Toes Foot Grooming, Bonus Adhesive Tape"
工具未内置该ASIN,2099,B0HBQMTS64,KS100-40/41,,,,,B0HBQMTS64,,"Water Shoes for Women Men, Aqua Socks, Quick Dry Slip On for Beach Pool Resort Lake Travel Pair, KS100, Adult Travel"
工具未内置该ASIN,2100,B0HBQHJ1LY,KS100-42/43,,,,,B0HBQHJ1LY,,"Water Shoes for Women Men, Aqua Socks, Quick Dry Slip On for Beach Pool Resort Lake Travel Pair, KS100, Adult Travel"
工具未内置该ASIN,2101,B0HBQMTP77,KS110-44/45,,,,,B0HBQRBG8J,,
工具未内置该ASIN,2102,B0HBQMPYGL,KS100-44/45,,,,,B0HBQMPYGL,,"Water Shoes for Women Men, Aqua Socks, Quick Dry Slip On for Beach Pool Resort Lake Travel Pair, KS100, Adult Travel"
工具未内置该ASIN,2103,B0HBQQVZGJ,KS100-38/39,,,,,B0HBQQVZGJ,,"Water Shoes for Women Men, Aqua Socks, Quick Dry Slip On for Beach Pool Resort Lake Travel Pair, KS100, Adult Travel"
工具未内置该ASIN,2104,B0HBQRY2V3,KS100-36/37,,,,,B0HBQRY2V3,,"Water Shoes for Women Men, Aqua Socks, Quick Dry Slip On for Beach Pool Resort Lake Travel Pair, KS100, Adult Travel"
工具未内置该ASIN,2105,B0H9RJ22JF,KCC-FPfen-111,,凯旋,凯旋,,B0H9RJ22JF,,"Makeup Sponge, Foundation Blender for Liquid, Cream, Powder And Concealer Application, Single Trial Puff for Travel Vanity"
工具未内置该ASIN,2151,B0H75FDTFJ,SP-qingwa1-1,,,,,B0H74ZCLDL,,"Frog Couple Bench Garden Decoration, 2D Retro Acrylic Lawn Ornament, Cute Frog Statue Sign for Courtyard Lawn Patio Outdoor Decor (Green)"
工具未内置该ASIN,2158,B0H4R6CF53,SP-aixin-whlite,,,,,B0H4R3H2MW,,"Plush Heart-Shaped Cosmetic Bag, Soft Square Makeup Pouch, Creative Quilted Toiletry Organizer for Women"
工具未内置该ASIN,2160,B0H4H415P6,SKT4-AG-L,,,,,B0H4KCMXGQ,,"Mens Swim Trunks, Watermelon Print Board Shorts with Drawstring Waist for Resort and Summer Casual Parties"
工具未内置该ASIN,2161,B0H4H21S5H,SKT4-AU-XL,,,,,B0H4KCMXGQ,,"Mens Swim Trunks, Pink Flamingo Print Board Shorts with Drawstring Waist for Resort and Summer Casual Parties"
工具未内置该ASIN,2162,B0H4GYKSP5,SKT2-AQ-XL,,,,,B0HBVQFW9W,,"Mens Swim Trunks, Flamingo Print Board Shorts with Drawstring Waist for Resort and Summer Coastal Events"
工具未内置该ASIN,2163,B0H4H8NRVX,SKT3-A6-L,,,,,B0HBTQQ1V3,,"Mens Swim Trunks, Pineapple Print Board Shorts with Drawstring Waist for Resort and Summer Casual Scenarios"
工具未内置该ASIN,2164,B0H4H1YHX5,SKT3-AF-L,,,,,B0H4KJW7Y8,,"Mens Swim Trunks, Block Stripe Board Shorts with Drawstring Waist for Resort and Daily Casual Trips"
工具未内置该ASIN,2165,B0H4H6G3W9,SKT3-A5-L,,,,,B0HBTQQ1V3,,"Mens Swim Trunks, Patriotic Flag Print Board Shorts with Drawstring Waist for Holiday and Resort Casual Activities"
工具未内置该ASIN,2166,B0H4H4S7X2,SKT2-A9-L,,,,,B0HBVQFW9W,,"Mens Swim Trunks, Pear Print Board Shorts with Drawstring Waist for Resort and Summer Casual Plans"
工具未内置该ASIN,2167,B0H4H2Y91L,SKT4-AA-XL,,,,,B0HBVR3V51,,"Mens Swim Trunks, Vertical Stripe Board Shorts with Drawstring Waist for Resort and Daily Leisure Events"
工具未内置该ASIN,2168,B0H4H2H5D2,SKT2-AR-XL,,,,,B0H4JXMNSP,,"Mens Swim Trunks, Palm Tree Print Board Shorts with Drawstring Waist for Resort and Summer Casual Getaways"
工具未内置该ASIN,2169,B0H4H1Q7CP,SKT2-AQ-L,,,,,B0H4JXMNSP,,"Mens Swim Trunks, Flamingo Print Board Shorts with Drawstring Waist for Resort and Summer Coastal Events"
工具未内置该ASIN,2170,B0H4H1QDPG,SKT3-PG-XL,,,,,B0HBTQQ1V3,,"Mens Swim Trunks, Two Tone Shark Print Board Shorts with Drawstring Waist for Resort and Summer Coastal Trips"
工具未内置该ASIN,2171,B0H4GY6RS2,SKT4-942-XL,,,,,B0H4KCMXGQ,,"Mens Swim Trunks, Multi Color Pineapple Print Board Shorts with Drawstring Waist for Resort and Summer Casual Outings"
工具未内置该ASIN,2172,B0H4GSLB4F,SKT3-942-L,,,,,B0HBTQQ1V3,,"Mens Swim Trunks, Multi Color Pineapple Print Board Shorts with Drawstring Waist for Resort and Summer Casual Outings"
工具未内置该ASIN,2173,B0H4H2H27X,SKT2-A8-XL,,,,,B0HBVQFW9W,,"Mens Swim Trunks, Cactus Print Board Shorts with Drawstring Waist for Resort and Summer Casual Events"
工具未内置该ASIN,2174,B0H4H255C7,SKT2-AE-XL,,,,,B0H4JXMNSP,,"Mens Swim Trunks, Palm Tree Print Board Shorts with Drawstring Waist for Resort and Summer Casual Getaways"
工具未内置该ASIN,2175,B0H4GZSHK2,SKT4-AK-XL,,,,,B0HBVR3V51,,"Mens Swim Trunks, Large Pineapple Print Board Shorts with Drawstring Waist for Resort and Summer Casual Events"
工具未内置该ASIN,2176,B0H4H2X8Q7,SKT3-A7-XL,,,,,B0H4KJW7Y8,,"Mens Swim Trunks, Bird Print Board Shorts with Drawstring Waist for Resort and Summer Leisure Occasions"
工具未内置该ASIN,2177,B0H4H3M3VX,SKT3-A6-XL,,,,,B0HBTQQ1V3,,"Mens Swim Trunks, Pineapple Print Board Shorts with Drawstring Waist for Resort and Summer Casual Scenarios"
工具未内置该ASIN,2178,B0H4GWFSK7,SKT4-PG-L,,,,,B0H4KCMXGQ,,"Mens Swim Trunks, Two Tone Shark Print Board Shorts with Drawstring Waist for Resort and Summer Coastal Trips"
工具未内置该ASIN,2179,B0H4H8P2GG,SKT2-AM-L,,,,,B0HBVQFW9W,,"Mens Swim Trunks, Mini Pineapple Print Board Shorts with Drawstring Waist for Resort and Summer Casual Trips"
工具未内置该ASIN,2180,B0H4H2BFVR,SKT2-A8-L,,,,,B0HBVQFW9W,,"Mens Swim Trunks, Cactus Print Board Shorts with Drawstring Waist for Resort and Summer Casual Events"
工具未内置该ASIN,2181,B0H4GYD65W,SKT2-AH-L,,,,,B0HBVQFW9W,,"Mens Swim Trunks, Pineapple Print Board Shorts with Drawstring Waist for Resort and Summer Casual Occasions"
工具未内置该ASIN,2182,B0H4GYDNYW,SKT3-AN-L,,,,,B0HBTQQ1V3,,"Mens Swim Trunks, Triangle Print Board Shorts with Drawstring Waist for Resort and Summer Casual Gatherings"
工具未内置该ASIN,2183,B0H4H6HSRS,SKT3-AM-XL,,,,,B0H4KJW7Y8,,"Mens Swim Trunks, Mini Pineapple Print Board Shorts with Drawstring Waist for Resort and Summer Casual Trips"
工具未内置该ASIN,2184,B0H4H53SHM,SKT3-A8-XL,,,,,B0HBTQQ1V3,,"Mens Swim Trunks, Cactus Print Board Shorts with Drawstring Waist for Resort and Summer Casual Events"
工具未内置该ASIN,2185,B0H4GZDFBP,SKT3-AT-L,,,,,B0H4KJW7Y8,,"Mens Swim Trunks, Shark Print Board Shorts with Drawstring Waist for Resort and Summer Coastal Gatherings"
工具未内置该ASIN,2186,B0H4H5Y266,SKT3-AN-XL,,,,,B0HBTQQ1V3,,"Mens Swim Trunks, Triangle Print Board Shorts with Drawstring Waist for Resort and Summer Casual Gatherings"
工具未内置该ASIN,2187,B0H4GZC193,SKT3-8111-L,,,,,B0HBTQQ1V3,,"Mens Swim Trunks, Tropical Floral Bird Print Board Shorts with Drawstring Waist for Resort and Summer Casual Events"
工具未内置该ASIN,2188,B0H4H3Q2SJ,SKT4-AL-XL,,,,,B0HBVR3V51,,"Mens Swim Trunks, Flamingo Print Board Shorts with Drawstring Waist for Resort and Summer Coastal Parties"
工具未内置该ASIN,2189,B0H4H1KZ7P,SKT4-AG-XL,,,,,B0H4KCMXGQ,,"Mens Swim Trunks, Watermelon Print Board Shorts with Drawstring Waist for Resort and Summer Casual Parties"
工具未内置该ASIN,2190,B0H4H2FVDD,SKT4-941-XL,,,,,B0HBVR3V51,,"Mens Swim Trunks, Pink Flamingo Print Board Shorts with Drawstring Waist for Resort and Summer Coastal Parties"
工具未内置该ASIN,2191,B0H4H6MZZC,SKT4-PF-L,,,,,B0HBVR3V51,,"Mens Swim Trunks, Anchor Print Board Shorts with Drawstring Waist for Resort and Nautical Casual Events"
工具未内置该ASIN,2192,B0H4GWC6TT,SKT2-8111-XL,,,,,B0HBVQFW9W,,"Mens Swim Trunks, Tropical Floral Bird Print Board Shorts with Drawstring Waist for Resort and Summer Casual Events"
工具未内置该ASIN,2193,B0H4GW7WG2,SKT3-PF-XL,,,,,B0HBTQQ1V3,,"Mens Swim Trunks, Anchor Print Board Shorts with Drawstring Waist for Resort and Nautical Casual Events"
工具未内置该ASIN,2194,B0H4H1R6YP,SKT3-AQ-L,,,,,B0HBTQQ1V3,,"Mens Swim Trunks, Flamingo Print Board Shorts with Drawstring Waist for Resort and Summer Coastal Events"
工具未内置该ASIN,2195,B0H4H3LWZD,SKT3-PF-L,,,,,B0HBTQQ1V3,,"Mens Swim Trunks, Anchor Print Board Shorts with Drawstring Waist for Resort and Nautical Casual Events"
工具未内置该ASIN,2196,B0H4GXTPSY,SKT2-AG-L,,,,,B0HBVQFW9W,,"Mens Swim Trunks, Watermelon Print Board Shorts with Drawstring Waist for Resort and Summer Casual Parties"
工具未内置该ASIN,2197,B0H4H4LJ4N,SKT3-PG-L,,,,,B0HBTQQ1V3,,"Mens Swim Trunks, Two Tone Shark Print Board Shorts with Drawstring Waist for Resort and Summer Coastal Trips"
工具未内置该ASIN,2198,B0H4GTWY78,SKT2-AA-L,,,,,B0HBVQFW9W,,"Mens Swim Trunks, Vertical Stripe Board Shorts with Drawstring Waist for Resort and Daily Leisure Events"
工具未内置该ASIN,2199,B0H4H52Z64,SKT4-AM-L,,,,,B0HBVR3V51,,"Mens Swim Trunks, Mini Pineapple Print Board Shorts with Drawstring Waist for Resort and Summer Casual Trips"
工具未内置该ASIN,2200,B0H4GYKFNV,SKT4-A4-L,,,,,B0H4KCMXGQ,,"Mens Swim Trunks, Flamingo Print Board Shorts with Drawstring Waist for Beach and Daily Casual Occasions"
工具未内置该ASIN,2201,B0H4H6SYH6,SKT4-A4-XL,,,,,B0HBVR3V51,,"Mens Swim Trunks, Flamingo Print Board Shorts with Drawstring Waist for Beach and Daily Casual Occasions"
工具未内置该ASIN,2202,B0H4H183FR,SKT2-AA-XL,,,,,B0H4JXMNSP,,"Mens Swim Trunks, Vertical Stripe Board Shorts with Drawstring Waist for Resort and Daily Leisure Events"
工具未内置该ASIN,2203,B0H4GXRNLF,SKT3-AG-L,,,,,B0H4KJW7Y8,,"Mens Swim Trunks, Watermelon Print Board Shorts with Drawstring Waist for Resort and Summer Casual Parties"
工具未内置该ASIN,2204,B0H4HH7HT8,SKT4-AA-L,,,,,B0HBVR3V51,,"Mens Swim Trunks, Vertical Stripe Board Shorts with Drawstring Waist for Resort and Daily Leisure Events"
工具未内置该ASIN,2205,B0H4HCPHMY,SKT2-AL-XL,,,,,B0HBVQFW9W,,"Mens Swim Trunks, Flamingo Print Board Shorts with Drawstring Waist for Resort and Summer Coastal Parties"
工具未内置该ASIN,2206,B0H4GR5C8H,SKT3-AJ-XL,,,,,B0HBTQQ1V3,,"Mens Swim Trunks, School of Fish Print Board Shorts with Drawstring Waist for Resort and Summer Coastal Gatherings"
工具未内置该ASIN,2207,B0H4H5588S,SKT4-AL-L,,,,,B0HBVR3V51,,"Mens Swim Trunks, Flamingo Print Board Shorts with Drawstring Waist for Resort and Summer Coastal Parties"
工具未内置该ASIN,2208,B0H4H3SJ3Q,SKT4-AB-XL,,,,,B0HBVR3V51,,"Mens Swim Trunks, Steamed Dumpling Print Board Shorts with Drawstring Waist for Resort and Summer Casual Gatherings"
工具未内置该ASIN,2209,B0H4H6N6JV,SKT2-942-L,,,,,B0H4JXMNSP,,"Mens Swim Trunks, Multi Color Pineapple Print Board Shorts with Drawstring Waist for Resort and Summer Casual Outings"
工具未内置该ASIN,2210,B0H4GZJ2NG,SKT2-AU-L,,,,,B0H4JXMNSP,,"Mens Swim Trunks, Pink Flamingo Print Board Shorts with Drawstring Waist for Resort and Summer Casual Parties"
工具未内置该ASIN,2211,B0H4GZXHTH,SKT4-A5-L,,,,,B0H4KCMXGQ,,"Mens Swim Trunks, Patriotic Flag Print Board Shorts with Drawstring Waist for Holiday and Resort Casual Activities"
工具未内置该ASIN,2212,B0H4H66QJY,SKT4-AF-XL,,,,,B0HBVR3V51,,"Mens Swim Trunks, Block Stripe Board Shorts with Drawstring Waist for Resort and Daily Casual Trips"
工具未内置该ASIN,2213,B0H4H3LLJW,SKT3-AE-L,,,,,B0H4KJW7Y8,,"Mens Swim Trunks, Palm Tree Print Board Shorts with Drawstring Waist for Resort and Summer Casual Getaways"
工具未内置该ASIN,2214,B0H4H1F5R1,SKT3-A9-L,,,,,B0HBTQQ1V3,,"Mens Swim Trunks, Pear Print Board Shorts with Drawstring Waist for Resort and Summer Casual Plans"
工具未内置该ASIN,2215,B0H4GVDFLC,SKT3-AB-XL,,,,,B0HBTQQ1V3,,"Mens Swim Trunks, Steamed Dumpling Print Board Shorts with Drawstring Waist for Resort and Summer Casual Gatherings"
工具未内置该ASIN,2216,B0H4H4JS4K,SKT4-AQ-L,,,,,B0H4KCMXGQ,,"Mens Swim Trunks, Flamingo Print Board Shorts with Drawstring Waist for Resort and Summer Coastal Events"
工具未内置该ASIN,2217,B0H4H7CN16,SKT4-PG-XL,,,,,B0H4KCMXGQ,,"Mens Swim Trunks, Two Tone Shark Print Board Shorts with Drawstring Waist for Resort and Summer Coastal Trips"
工具未内置该ASIN,2218,B0H4GWCYWZ,SKT2-941-L,,,,,B0H4JXMNSP,,"Mens Swim Trunks, Pink Flamingo Print Board Shorts with Drawstring Waist for Resort and Summer Coastal Parties"
工具未内置该ASIN,2219,B0H4H1CNRP,SKT2-AH-XL,,,,,B0HBVQFW9W,,"Mens Swim Trunks, Pineapple Print Board Shorts with Drawstring Waist for Resort and Summer Casual Occasions"
工具未内置该ASIN,2220,B0H4H8RW5T,SKT3-AB-L,,,,,B0HBTQQ1V3,,"Mens Swim Trunks, Steamed Dumpling Print Board Shorts with Drawstring Waist for Resort and Summer Casual Gatherings"
工具未内置该ASIN,2221,B0H4GZDQDS,SKT3-AK-XL,,,,,B0HBTQQ1V3,,"Mens Swim Trunks, Large Pineapple Print Board Shorts with Drawstring Waist for Resort and Summer Casual Events"
工具未内置该ASIN,2222,B0H4H1VRKJ,SKT3-AL-XL,,,,,B0HBTQQ1V3,,"Mens Swim Trunks, Flamingo Print Board Shorts with Drawstring Waist for Resort and Summer Coastal Parties"
工具未内置该ASIN,2223,B0H4H35FFY,SKT4-AT-XL,,,,,B0HBVR3V51,,"Mens Swim Trunks, Shark Print Board Shorts with Drawstring Waist for Resort and Summer Coastal Gatherings"
工具未内置该ASIN,2224,B0H4H789ZV,SKT2-PF-XL,,,,,B0HBVQFW9W,,"Mens Swim Trunks, Anchor Print Board Shorts with Drawstring Waist for Resort and Nautical Casual Events"
工具未内置该ASIN,2225,B0H4GZLJ2W,SKT3-8113-XL,,,,,B0H4KJW7Y8,,"Mens Swim Trunks, Mini Palm Tree Print Board Shorts with Drawstring Waist for Resort and Summer Casual Getaways"
工具未内置该ASIN,2226,B0H4H65R2R,SKT3-AP-L,,,,,B0H4KJW7Y8,,"Mens Swim Trunks, Banana Print Board Shorts with Drawstring Waist for Resort and Summer Casual Outings"
工具未内置该ASIN,2227,B0H4H2BX47,SKT2-A5-XL,,,,,B0HBVQFW9W,,"Mens Swim Trunks, Patriotic Flag Print Board Shorts with Drawstring Waist for Holiday and Resort Casual Activities"
工具未内置该ASIN,2228,B0H4HDTSJ9,SKT4-A6-L,,,,,B0H4KCMXGQ,,"Mens Swim Trunks, Pineapple Print Board Shorts with Drawstring Waist for Resort and Summer Casual Scenarios"
工具未内置该ASIN,2229,B0H4GXYDQV,SKT4-AP-L,,,,,B0HBVR3V51,,"Mens Swim Trunks, Banana Print Board Shorts with Drawstring Waist for Resort and Summer Casual Outings"
工具未内置该ASIN,2230,B0H4H2DX28,SKT2-941-XL,,,,,B0H4JXMNSP,,"Mens Swim Trunks, Pink Flamingo Print Board Shorts with Drawstring Waist for Resort and Summer Coastal Parties"
工具未内置该ASIN,2231,B0H4H5B6Q5,SKT2-PF-L,,,,,B0HBVQFW9W,,"Mens Swim Trunks, Anchor Print Board Shorts with Drawstring Waist for Resort and Nautical Casual Events"
工具未内置该ASIN,2232,B0H4H1FS2S,SKT4-A8-L,,,,,B0H4KCMXGQ,,"Mens Swim Trunks, Cactus Print Board Shorts with Drawstring Waist for Resort and Summer Casual Events"
工具未内置该ASIN,2233,B0H4H5FM5M,SKT2-PG-L,,,,,B0HBVQFW9W,,"Mens Swim Trunks, Two Tone Shark Print Board Shorts with Drawstring Waist for Resort and Summer Coastal Trips"
工具未内置该ASIN,2234,B0H4H5B6Q4,SKT2-AK-XL,,,,,B0HBVQFW9W,,"Mens Swim Trunks, Large Pineapple Print Board Shorts with Drawstring Waist for Resort and Summer Casual Events"
工具未内置该ASIN,2235,B0H4H94H7Y,SKT2-A7-L,,,,,B0HBVQFW9W,,"Mens Swim Trunks, Bird Print Board Shorts with Drawstring Waist for Resort and Summer Leisure Occasions"
工具未内置该ASIN,2236,B0H4H2P3WF,SKT2-A4-XL,,,,,B0HBVQFW9W,,"Mens Swim Trunks, Flamingo Print Board Shorts with Drawstring Waist for Beach and Daily Casual Occasions"
工具未内置该ASIN,2237,B0H4H66HNQ,SKT4-A6-XL,,,,,B0HBVR3V51,,"Mens Swim Trunks, Pineapple Print Board Shorts with Drawstring Waist for Resort and Summer Casual Scenarios"
工具未内置该ASIN,2238,B0H4H35KZ2,SKT4-AK-L,,,,,B0HBVR3V51,,"Mens Swim Trunks, Large Pineapple Print Board Shorts with Drawstring Waist for Resort and Summer Casual Events"
工具未内置该ASIN,2239,B0H4H6CYVH,SKT3-AG-XL,,,,,B0HBTQQ1V3,,"Mens Swim Trunks, Watermelon Print Board Shorts with Drawstring Waist for Resort and Summer Casual Parties"
工具未内置该ASIN,2240,B0H4HCGHZ4,SKT3-AR-XL,,,,,B0HBTQQ1V3,,"Mens Swim Trunks, Palm Tree Print Board Shorts with Drawstring Waist for Resort and Summer Casual Getaways"
工具未内置该ASIN,2241,B0H4GQH2JQ,SKT4-AF-L,,,,,B0HBVR3V51,,"Mens Swim Trunks, Block Stripe Board Shorts with Drawstring Waist for Resort and Daily Casual Trips"
工具未内置该ASIN,2242,B0H4H6H12D,SKT3-AU-L,,,,,B0HBTQQ1V3,,"Mens Swim Trunks, Pink Flamingo Print Board Shorts with Drawstring Waist for Resort and Summer Casual Parties"
工具未内置该ASIN,2243,B0H4H4GJJS,SKT2-A9-XL,,,,,B0HBVQFW9W,,"Mens Swim Trunks, Pear Print Board Shorts with Drawstring Waist for Resort and Summer Casual Plans"
工具未内置该ASIN,2244,B0H4GXH9P7,SKT2-AT-L,,,,,B0HBVQFW9W,,"Mens Swim Trunks, Shark Print Board Shorts with Drawstring Waist for Resort and Summer Coastal Gatherings"
工具未内置该ASIN,2245,B0H4H93CKV,SKT2-AN-L,,,,,B0HBVQFW9W,,"Mens Swim Trunks, Triangle Print Board Shorts with Drawstring Waist for Resort and Summer Casual Gatherings"
工具未内置该ASIN,2246,B0H4HCPW3R,SKT3-941-XL,,,,,B0HBTQQ1V3,,"Mens Swim Trunks, Pink Flamingo Print Board Shorts with Drawstring Waist for Resort and Summer Coastal Parties"
工具未内置该ASIN,2247,B0H4H6SJMW,SKT3-AJ-L,,,,,B0HBTQQ1V3,,"Mens Swim Trunks, School of Fish Print Board Shorts with Drawstring Waist for Resort and Summer Coastal Gatherings"
工具未内置该ASIN,2248,B0H4H7FG26,SKT4-AH-L,,,,,B0HBVR3V51,,"Mens Swim Trunks, Pineapple Print Board Shorts with Drawstring Waist for Resort and Summer Casual Occasions"
工具未内置该ASIN,2249,B0H4H5FFB8,SKT2-AR-L,,,,,B0HBVQFW9W,,"Mens Swim Trunks, Palm Tree Print Board Shorts with Drawstring Waist for Resort and Summer Casual Getaways"
工具未内置该ASIN,2250,B0H4H5NHN1,SKT3-AQ-XL,,,,,B0HBTQQ1V3,,"Mens Swim Trunks, Flamingo Print Board Shorts with Drawstring Waist for Resort and Summer Coastal Events"
工具未内置该ASIN,2251,B0H4H1QB7J,SKT4-AQ-XL,,,,,B0HBVR3V51,,"Mens Swim Trunks, Flamingo Print Board Shorts with Drawstring Waist for Resort and Summer Coastal Events"
工具未内置该ASIN,2252,B0H4GWLRD1,SKT3-A9-XL,,,,,B0H4KJW7Y8,,"Mens Swim Trunks, Pear Print Board Shorts with Drawstring Waist for Resort and Summer Casual Plans"
工具未内置该ASIN,2253,B0H4H6PHHR,SKT2-AJ-L,,,,,B0HBVQFW9W,,"Mens Swim Trunks, School of Fish Print Board Shorts with Drawstring Waist for Resort and Summer Coastal Gatherings"
工具未内置该ASIN,2254,B0H4H6M6T5,SKT2-AK-L,,,,,B0HBVQFW9W,,"Mens Swim Trunks, Large Pineapple Print Board Shorts with Drawstring Waist for Resort and Summer Casual Events"
工具未内置该ASIN,2255,B0H4H9VYL2,SKT4-A9-XL,,,,,B0H4KCMXGQ,,"Mens Swim Trunks, Pear Print Board Shorts with Drawstring Waist for Resort and Summer Casual Plans"
工具未内置该ASIN,2256,B0H4GY3B2V,SKT4-A7-XL,,,,,B0HBVR3V51,,"Mens Swim Trunks, Bird Print Board Shorts with Drawstring Waist for Resort and Summer Leisure Occasions"
工具未内置该ASIN,2257,B0H4H1G535,SKT4-AJ-XL,,,,,B0HBVR3V51,,"Mens Swim Trunks, School of Fish Print Board Shorts with Drawstring Waist for Resort and Summer Coastal Gatherings"
工具未内置该ASIN,2258,B0H4H96WSR,SKT2-8113-XL,,,,,B0HBVQFW9W,,"Mens Swim Trunks, Mini Palm Tree Print Board Shorts with Drawstring Waist for Resort and Summer Casual Getaways"
工具未内置该ASIN,2259,B0H4GY83PT,SKT2-AL-L,,,,,B0HBVQFW9W,,"Mens Swim Trunks, Flamingo Print Board Shorts with Drawstring Waist for Resort and Summer Coastal Parties"
工具未内置该ASIN,2260,B0H4H319N1,SKT4-AB-L,,,,,B0HBVR3V51,,"Mens Swim Trunks, Steamed Dumpling Print Board Shorts with Drawstring Waist for Resort and Summer Casual Gatherings"
工具未内置该ASIN,2261,B0H4H1Y4R6,SKT3-AA-L,,,,,B0HBTQQ1V3,,"Mens Swim Trunks, Vertical Stripe Board Shorts with Drawstring Waist for Resort and Daily Leisure Events"
工具未内置该ASIN,2262,B0H4GWCPC2,SKT4-AR-L,,,,,B0H4KCMXGQ,,"Mens Swim Trunks, Palm Tree Print Board Shorts with Drawstring Waist for Resort and Summer Casual Getaways"
工具未内置该ASIN,2263,B0H4H3WC72,SKT2-A4-L,,,,,B0HBVQFW9W,,"Mens Swim Trunks, Flamingo Print Board Shorts with Drawstring Waist for Beach and Daily Casual Occasions"
工具未内置该ASIN,2264,B0H4H9V8L9,SKT4-AP-XL,,,,,B0HBVR3V51,,"Mens Swim Trunks, Banana Print Board Shorts with Drawstring Waist for Resort and Summer Casual Outings"
工具未内置该ASIN,2265,B0H4H3TYTW,SKT4-8111-XL,,,,,B0HBVR3V51,,"Mens Swim Trunks, Tropical Floral Bird Print Board Shorts with Drawstring Waist for Resort and Summer Casual Events"
工具未内置该ASIN,2266,B0H4H52Z61,SKT4-AE-XL,,,,,B0HBVR3V51,,"Mens Swim Trunks, Palm Tree Print Board Shorts with Drawstring Waist for Resort and Summer Casual Getaways"
工具未内置该ASIN,2267,B0H4H6JPPZ,SKT2-AP-XL,,,,,B0H4JXMNSP,,"Mens Swim Trunks, Banana Print Board Shorts with Drawstring Waist for Resort and Summer Casual Outings"
工具未内置该ASIN,2268,B0H4H8JYV7,SKT4-A9-L,,,,,B0H4KCMXGQ,,"Mens Swim Trunks, Pear Print Board Shorts with Drawstring Waist for Resort and Summer Casual Plans"
工具未内置该ASIN,2269,B0H4H96DW9,SKT3-AE-XL,,,,,B0HBTQQ1V3,,"Mens Swim Trunks, Palm Tree Print Board Shorts with Drawstring Waist for Resort and Summer Casual Getaways"
工具未内置该ASIN,2270,B0H4H3KGJM,SKT3-A5-XL,,,,,B0HBTQQ1V3,,"Mens Swim Trunks, Patriotic Flag Print Board Shorts with Drawstring Waist for Holiday and Resort Casual Activities"
工具未内置该ASIN,2271,B0H4H1M52C,SKT3-8111-XL,,,,,B0HBTQQ1V3,,"Mens Swim Trunks, Tropical Floral Bird Print Board Shorts with Drawstring Waist for Resort and Summer Casual Events"
工具未内置该ASIN,2272,B0H4H688T4,SKT3-8113-L,,,,,B0HBTQQ1V3,,"Mens Swim Trunks, Mini Palm Tree Print Board Shorts with Drawstring Waist for Resort and Summer Casual Getaways"
工具未内置该ASIN,2273,B0H4H1J3QV,SKT4-A5-XL,,,,,B0H4KCMXGQ,,"Mens Swim Trunks, Patriotic Flag Print Board Shorts with Drawstring Waist for Holiday and Resort Casual Activities"
工具未内置该ASIN,2274,B0H4H3Q92K,SKT4-AT-L,,,,,B0HBVR3V51,,"Mens Swim Trunks, Shark Print Board Shorts with Drawstring Waist for Resort and Summer Coastal Gatherings"
工具未内置该ASIN,2275,B0H4H36KFR,SKT4-AH-XL,,,,,B0HBVR3V51,,"Mens Swim Trunks, Pineapple Print Board Shorts with Drawstring Waist for Resort and Summer Casual Occasions"
工具未内置该ASIN,2276,B0H4H95TD4,SKT4-PF-XL,,,,,B0HBVR3V51,,"Mens Swim Trunks, Anchor Print Board Shorts with Drawstring Waist for Resort and Nautical Casual Events"
工具未内置该ASIN,2277,B0H4GZ8HYV,SKT3-AP-XL,,,,,B0HBTQQ1V3,,"Mens Swim Trunks, Banana Print Board Shorts with Drawstring Waist for Resort and Summer Casual Outings"
工具未内置该ASIN,2278,B0H4H2RH2R,SKT4-AJ-L,,,,,B0H4KCMXGQ,,"Mens Swim Trunks, School of Fish Print Board Shorts with Drawstring Waist for Resort and Summer Coastal Gatherings"
工具未内置该ASIN,2279,B0H4H93S6M,SKT3-A4-L,,,,,B0HBTQQ1V3,,"Mens Swim Trunks, Flamingo Print Board Shorts with Drawstring Waist for Beach and Daily Casual Occasions"
工具未内置该ASIN,2280,B0H4H3KY3C,SKT4-8113-XL,,,,,B0HBVR3V51,,"Mens Swim Trunks, Mini Palm Tree Print Board Shorts with Drawstring Waist for Resort and Summer Casual Getaways"
工具未内置该ASIN,2281,B0H4GRY6FH,SKT3-AT-XL,,,,,B0HBTQQ1V3,,"Mens Swim Trunks, Shark Print Board Shorts with Drawstring Waist for Resort and Summer Coastal Gatherings"
工具未内置该ASIN,2282,B0H4HCH8NT,SKT2-AF-XL,,,,,B0H4JXMNSP,,"Mens Swim Trunks, Block Stripe Board Shorts with Drawstring Waist for Resort and Daily Casual Trips"
工具未内置该ASIN,2283,B0H4HCDRP4,SKT2-AF-L,,,,,B0HBVQFW9W,,"Mens Swim Trunks, Block Stripe Board Shorts with Drawstring Waist for Resort and Daily Casual Trips"
工具未内置该ASIN,2284,B0H4H1H7TQ,SKT4-AE-L,,,,,B0HBVR3V51,,"Mens Swim Trunks, Palm Tree Print Board Shorts with Drawstring Waist for Resort and Summer Casual Getaways"
工具未内置该ASIN,2285,B0H4H98LLM,SKT2-PG-XL,,,,,B0H4JXMNSP,,"Mens Swim Trunks, Two Tone Shark Print Board Shorts with Drawstring Waist for Resort and Summer Coastal Trips"
工具未内置该ASIN,2286,B0H4H41ZG8,SKT2-A7-XL,,,,,B0HBVQFW9W,,"Mens Swim Trunks, Bird Print Board Shorts with Drawstring Waist for Resort and Summer Leisure Occasions"
工具未内置该ASIN,2287,B0H4H1P69Y,SKT3-A4-XL,,,,,B0HBTQQ1V3,,"Mens Swim Trunks, Flamingo Print Board Shorts with Drawstring Waist for Beach and Daily Casual Occasions"
工具未内置该ASIN,2288,B0H4GTV7CL,SKT4-8111-L,,,,,B0HBVR3V51,,"Mens Swim Trunks, Tropical Floral Bird Print Board Shorts with Drawstring Waist for Resort and Summer Casual Events"
工具未内置该ASIN,2289,B0H4GZ8DT3,SKT3-AL-L,,,,,B0HBTQQ1V3,,"Mens Swim Trunks, Flamingo Print Board Shorts with Drawstring Waist for Resort and Summer Coastal Parties"
工具未内置该ASIN,2290,B0H4H27GBV,SKT3-A7-L,,,,,B0H4KJW7Y8,,"Mens Swim Trunks, Bird Print Board Shorts with Drawstring Waist for Resort and Summer Leisure Occasions"
工具未内置该ASIN,2291,B0H4H1SST9,SKT2-AU-XL,,,,,B0HBVQFW9W,,"Mens Swim Trunks, Pink Flamingo Print Board Shorts with Drawstring Waist for Resort and Summer Casual Parties"
工具未内置该ASIN,2292,B0H4H1SX3N,SKT3-942-XL,,,,,B0H4KJW7Y8,,"Mens Swim Trunks, Multi Color Pineapple Print Board Shorts with Drawstring Waist for Resort and Summer Casual Outings"
工具未内置该ASIN,2293,B0H4H96WSN,SKT2-AT-XL,,,,,B0HBVQFW9W,,"Mens Swim Trunks, Shark Print Board Shorts with Drawstring Waist for Resort and Summer Coastal Gatherings"
工具未内置该ASIN,2294,B0H4GNWGNP,SKT2-AN-XL,,,,,B0H4JXMNSP,,"Mens Swim Trunks, Triangle Print Board Shorts with Drawstring Waist for Resort and Summer Casual Gatherings"
工具未内置该ASIN,2295,B0H4H6S135,SKT4-AN-XL,,,,,B0HBVR3V51,,"Mens Swim Trunks, Triangle Print Board Shorts with Drawstring Waist for Resort and Summer Casual Gatherings"
工具未内置该ASIN,2296,B0H4H2T3BJ,SKT4-942-L,,,,,B0HBVR3V51,,"Mens Swim Trunks, Multi Color Pineapple Print Board Shorts with Drawstring Waist for Resort and Summer Casual Outings"
工具未内置该ASIN,2297,B0H4H6QXND,SKT4-AR-XL,,,,,B0H4KCMXGQ,,"Mens Swim Trunks, Palm Tree Print Board Shorts with Drawstring Waist for Resort and Summer Casual Getaways"
工具未内置该ASIN,2298,B0H4GX69LV,SKT3-AR-L,,,,,B0HBTQQ1V3,,"Mens Swim Trunks, Palm Tree Print Board Shorts with Drawstring Waist for Resort and Summer Casual Getaways"
工具未内置该ASIN,2299,B0H4GZJ6XG,SKT3-AU-XL,,,,,B0H4KJW7Y8,,"Mens Swim Trunks, Pink Flamingo Print Board Shorts with Drawstring Waist for Resort and Summer Casual Parties"
工具未内置该ASIN,2300,B0H4H3MVCB,SKT4-AU-L,,,,,B0H4KCMXGQ,,"Mens Swim Trunks, Pink Flamingo Print Board Shorts with Drawstring Waist for Resort and Summer Casual Parties"
工具未内置该ASIN,2301,B0H4H1VGD1,SKT2-A6-L,,,,,B0H4JXMNSP,,"Mens Swim Trunks, Pineapple Print Board Shorts with Drawstring Waist for Resort and Summer Casual Scenarios"
工具未内置该ASIN,2302,B0H4H27CVT,SKT4-A8-XL,,,,,B0H4KCMXGQ,,"Mens Swim Trunks, Cactus Print Board Shorts with Drawstring Waist for Resort and Summer Casual Events"
工具未内置该ASIN,2303,B0H4H4DB1G,SKT2-AP-L,,,,,B0H4JXMNSP,,"Mens Swim Trunks, Banana Print Board Shorts with Drawstring Waist for Resort and Summer Casual Outings"
工具未内置该ASIN,2304,B0H4H1R9S9,SKT3-AH-XL,,,,,B0HBTQQ1V3,,"Mens Swim Trunks, Pineapple Print Board Shorts with Drawstring Waist for Resort and Summer Casual Occasions"
工具未内置该ASIN,2305,B0H4H7XC7M,SKT2-A6-XL,,,,,B0HBVQFW9W,,"Mens Swim Trunks, Pineapple Print Board Shorts with Drawstring Waist for Resort and Summer Casual Scenarios"
工具未内置该ASIN,2306,B0H4GSNPWH,SKT3-AM-L,,,,,B0H4KJW7Y8,,"Mens Swim Trunks, Mini Pineapple Print Board Shorts with Drawstring Waist for Resort and Summer Casual Trips"
工具未内置该ASIN,2307,B0H4H8YDND,SKT3-941-L,,,,,B0H4KJW7Y8,,"Mens Swim Trunks, Pink Flamingo Print Board Shorts with Drawstring Waist for Resort and Summer Coastal Parties"
工具未内置该ASIN,2308,B0H4GXWKSS,SKT3-AA-XL,,,,,B0H4KJW7Y8,,"Mens Swim Trunks, Vertical Stripe Board Shorts with Drawstring Waist for Resort and Daily Leisure Events"
工具未内置该ASIN,2309,B0H4GWZHHS,SKT2-8111-L,,,,,B0HBVQFW9W,,"Mens Swim Trunks, Tropical Floral Bird Print Board Shorts with Drawstring Waist for Resort and Summer Casual Events"
工具未内置该ASIN,2310,B0H4HCFTV2,SKT2-942-XL,,,,,B0HBVQFW9W,,"Mens Swim Trunks, Multi Color Pineapple Print Board Shorts with Drawstring Waist for Resort and Summer Casual Outings"
工具未内置该ASIN,2311,B0H4H1HBMJ,SKT2-AG-XL,,,,,B0HBVQFW9W,,"Mens Swim Trunks, Watermelon Print Board Shorts with Drawstring Waist for Resort and Summer Casual Parties"
工具未内置该ASIN,2312,B0H4GWG9G6,SKT3-AK-L,,,,,B0HBTQQ1V3,,"Mens Swim Trunks, Large Pineapple Print Board Shorts with Drawstring Waist for Resort and Summer Casual Events"
工具未内置该ASIN,2313,B0H4GSWPL1,SKT2-AE-L,,,,,B0HBVQFW9W,,"Mens Swim Trunks, Palm Tree Print Board Shorts with Drawstring Waist for Resort and Summer Casual Getaways"
工具未内置该ASIN,2314,B0H4GZM7CS,SKT2-8113-L,,,,,B0HBVQFW9W,,"Mens Swim Trunks, Mini Palm Tree Print Board Shorts with Drawstring Waist for Resort and Summer Casual Getaways"
工具未内置该ASIN,2315,B0H4H19M9X,SKT4-AM-XL,,,,,B0HBVR3V51,,"Mens Swim Trunks, Mini Pineapple Print Board Shorts with Drawstring Waist for Resort and Summer Casual Trips"
工具未内置该ASIN,2316,B0H4H1DKWS,SKT2-AM-XL,,,,,B0HBVQFW9W,,"Mens Swim Trunks, Mini Pineapple Print Board Shorts with Drawstring Waist for Resort and Summer Casual Trips"
工具未内置该ASIN,2317,B0H4GY9PRX,SKT3-AF-XL,,,,,B0HBTQQ1V3,,"Mens Swim Trunks, Block Stripe Board Shorts with Drawstring Waist for Resort and Daily Casual Trips"
工具未内置该ASIN,2318,B0H4GYY4K4,SKT3-A8-L,,,,,B0HBTQQ1V3,,"Mens Swim Trunks, Cactus Print Board Shorts with Drawstring Waist for Resort and Summer Casual Events"
工具未内置该ASIN,2319,B0H4GXYRGJ,SKT3-AH-L,,,,,B0H4KJW7Y8,,"Mens Swim Trunks, Pineapple Print Board Shorts with Drawstring Waist for Resort and Summer Casual Occasions"
工具未内置该ASIN,2320,B0H4H67YG9,SKT4-A7-L,,,,,B0HBVR3V51,,"Mens Swim Trunks, Bird Print Board Shorts with Drawstring Waist for Resort and Summer Leisure Occasions"
工具未内置该ASIN,2321,B0H4GSWKR5,SKT2-AB-L,,,,,B0HBVQFW9W,,"Mens Swim Trunks, Steamed Dumpling Print Board Shorts with Drawstring Waist for Resort and Summer Casual Gatherings"
工具未内置该ASIN,2322,B0H4GYHPZP,SKT2-AB-XL,,,,,B0H4JXMNSP,,"Mens Swim Trunks, Steamed Dumpling Print Board Shorts with Drawstring Waist for Resort and Summer Casual Gatherings"
工具未内置该ASIN,2323,B0H4H58SQD,SKT4-8113-L,,,,,B0HBVR3V51,,"Mens Swim Trunks, Mini Palm Tree Print Board Shorts with Drawstring Waist for Resort and Summer Casual Getaways"
工具未内置该ASIN,2324,B0H4H6G3W4,SKT2-AJ-XL,,,,,B0HBVQFW9W,,"Mens Swim Trunks, School of Fish Print Board Shorts with Drawstring Waist for Resort and Summer Coastal Gatherings"
工具未内置该ASIN,2325,B0H4H39RTR,SKT2-A5-L,,,,,B0HBVQFW9W,,"Mens Swim Trunks, Patriotic Flag Print Board Shorts with Drawstring Waist for Holiday and Resort Casual Activities"
工具未内置该ASIN,2326,B0H4H3VGMZ,SKT4-941-L,,,,,B0HBVR3V51,,"Mens Swim Trunks, Pink Flamingo Print Board Shorts with Drawstring Waist for Resort and Summer Coastal Parties"
工具未内置该ASIN,2327,B0H4H6S13B,SKT4-AN-L,,,,,B0HBVR3V51,,"Mens Swim Trunks, Triangle Print Board Shorts with Drawstring Waist for Resort and Summer Casual Gatherings"
工具未内置该ASIN,2328,B0H4H6LPSX,SKT1-A4-L,,,,,B0H4H7CTF3,,"Mens Swim Trunks, Flamingo Print Board Shorts with Drawstring Waist for Beach and Daily Casual Occasions"
工具未内置该ASIN,2329,B0H4HDRVNN,SKT1-PG-XL,,,,,B0H4H7CTF3,,"Mens Swim Trunks, Two Tone Shark Print Board Shorts with Drawstring Waist for Resort and Summer Coastal Trips"
工具未内置该ASIN,2330,B0H4H3VGMH,SKT1-AL-XL,,,,,B0HBVQFW9L,,"Mens Swim Trunks, Flamingo Print Board Shorts with Drawstring Waist for Resort and Summer Coastal Parties"
工具未内置该ASIN,2331,B0H4H7LQS4,SKT1-AL-L,,,,,B0HBVQFW9L,,"Mens Swim Trunks, Flamingo Print Board Shorts with Drawstring Waist for Resort and Summer Coastal Parties"
工具未内置该ASIN,2332,B0H4H1SZJJ,SKT1-A9-XL,,,,,B0HBVQFW9L,,"Mens Swim Trunks, Pear Print Board Shorts with Drawstring Waist for Resort and Summer Casual Plans"
工具未内置该ASIN,2333,B0H4H1M23R,SKT1-A8-L,,,,,B0HBVQFW9L,,"Mens Swim Trunks, Cactus Print Board Shorts with Drawstring Waist for Resort and Summer Casual Events"
工具未内置该ASIN,2334,B0H4HKSKFH,SKT1-AJ-XL,,,,,B0HBVQFW9L,,"Mens Swim Trunks, School of Fish Print Board Shorts with Drawstring Waist for Resort and Summer Coastal Gatherings"
工具未内置该ASIN,2335,B0H4GY9Z83,SKT1-AR-XL,,,,,B0HBVQFW9L,,"Mens Swim Trunks, Palm Tree Print Board Shorts with Drawstring Waist for Resort and Summer Casual Getaways"
工具未内置该ASIN,2336,B0H4GZ6JPQ,SKT1-PF-XL,,,,,B0HBVQFW9L,,"Mens Swim Trunks, Anchor Print Board Shorts with Drawstring Waist for Resort and Nautical Casual Events"
工具未内置该ASIN,2337,B0H4H52Z5R,SKT1-A6-L,,,,,B0HBVQFW9L,,"Mens Swim Trunks, Pineapple Print Board Shorts with Drawstring Waist for Resort and Summer Casual Scenarios"
工具未内置该ASIN,2338,B0H4GWGQ6Z,SKT1-8113-XL,,,,,B0HBVQFW9L,,"Mens Swim Trunks, Mini Palm Tree Print Board Shorts with Drawstring Waist for Resort and Summer Casual Getaways"
工具未内置该ASIN,2339,B0H4H27GBQ,SKT1-PG-L,,,,,B0HBVQFW9L,,"Mens Swim Trunks, Two Tone Shark Print Board Shorts with Drawstring Waist for Resort and Summer Coastal Trips"
工具未内置该ASIN,2340,B0H4GYD327,SKT1-A5-L,,,,,B0HBVQFW9L,,"Mens Swim Trunks, Patriotic Flag Print Board Shorts with Drawstring Waist for Holiday and Resort Casual Activities"
工具未内置该ASIN,2341,B0H4GXS953,SKT1-AF-L,,,,,B0HBVQFW9L,,"Mens Swim Trunks, Block Stripe Board Shorts with Drawstring Waist for Resort and Daily Casual Trips"
工具未内置该ASIN,2342,B0H4H7PYLD,SKT1-942-XL,,,,,B0HBVQFW9L,,"Mens Swim Trunks, Multi Color Pineapple Print Board Shorts with Drawstring Waist for Resort and Summer Casual Outings"
工具未内置该ASIN,2343,B0H4GQH2J9,SKT1-AP-XL,,,,,B0HBVQFW9L,,"Mens Swim Trunks, Banana Print Board Shorts with Drawstring Waist for Resort and Summer Casual Outings"
工具未内置该ASIN,2344,B0H4H4HQDV,SKT1-A7-L,,,,,B0HBVQFW9L,,"Mens Swim Trunks, Bird Print Board Shorts with Drawstring Waist for Resort and Summer Leisure Occasions"
工具未内置该ASIN,2345,B0H4GX7KD8,SKT1-941-XL,,,,,B0HBVQFW9L,,"Mens Swim Trunks, Pink Flamingo Print Board Shorts with Drawstring Waist for Resort and Summer Coastal Parties"
工具未内置该ASIN,2346,B0H4GYZT3J,SKT1-8111-XL,,,,,B0HBVQFW9L,,"Mens Swim Trunks, Tropical Floral Bird Print Board Shorts with Drawstring Waist for Resort and Summer Casual Events"
工具未内置该ASIN,2347,B0H4H281J5,SKT1-A9-L,,,,,B0HBVQFW9L,,"Mens Swim Trunks, Pear Print Board Shorts with Drawstring Waist for Resort and Summer Casual Plans"
工具未内置该ASIN,2348,B0H4H645YT,SKT1-AB-L,,,,,B0HBVQFW9L,,"Mens Swim Trunks, Steamed Dumpling Print Board Shorts with Drawstring Waist for Resort and Summer Casual Gatherings"
工具未内置该ASIN,2349,B0H4GVY7SN,SKT1-8113-L,,,,,B0H4H7CTF3,,"Mens Swim Trunks, Mini Palm Tree Print Board Shorts with Drawstring Waist for Resort and Summer Casual Getaways"
工具未内置该ASIN,2350,B0H4H4HMDB,SKT1-AT-L,,,,,B0HBVQFW9L,,"Mens Swim Trunks, Shark Print Board Shorts with Drawstring Waist for Resort and Summer Coastal Gatherings"
工具未内置该ASIN,2351,B0H4GYCCW4,SKT1-AM-L,,,,,B0HBVQFW9L,,"Mens Swim Trunks, Mini Pineapple Print Board Shorts with Drawstring Waist for Resort and Summer Casual Trips"
工具未内置该ASIN,2352,B0H4H35XQ6,SKT1-AE-XL,,,,,B0HBVQFW9L,,"Mens Swim Trunks, Palm Tree Print Board Shorts with Drawstring Waist for Resort and Summer Casual Getaways"
工具未内置该ASIN,2353,B0H4GZKF7Y,SKT1-AG-XL,,,,,B0HBVQFW9L,,"Mens Swim Trunks, Watermelon Print Board Shorts with Drawstring Waist for Resort and Summer Casual Parties"
工具未内置该ASIN,2354,B0H4GY16LT,SKT1-PF-L,,,,,B0HBVQFW9L,,"Mens Swim Trunks, Anchor Print Board Shorts with Drawstring Waist for Resort and Nautical Casual Events"
工具未内置该ASIN,2355,B0H4H8C2CB,SKT1-AE-L,,,,,B0H4H7CTF3,,"Mens Swim Trunks, Palm Tree Print Board Shorts with Drawstring Waist for Resort and Summer Casual Getaways"
工具未内置该ASIN,2356,B0H4H1X26W,SKT1-AG-L,,,,,B0HBVQFW9L,,"Mens Swim Trunks, Watermelon Print Board Shorts with Drawstring Waist for Resort and Summer Casual Parties"
工具未内置该ASIN,2357,B0H4H6NSNQ,SKT1-941-L,,,,,B0HBVQFW9L,,"Mens Swim Trunks, Pink Flamingo Print Board Shorts with Drawstring Waist for Resort and Summer Coastal Parties"
工具未内置该ASIN,2358,B0H4H8RW5M,SKT1-A7-XL,,,,,B0HBVQFW9L,,"Mens Swim Trunks, Bird Print Board Shorts with Drawstring Waist for Resort and Summer Leisure Occasions"
工具未内置该ASIN,2359,B0H4GZ8HYH,SKT1-8111-L,,,,,B0HBVQFW9L,,"Mens Swim Trunks, Tropical Floral Bird Print Board Shorts with Drawstring Waist for Resort and Summer Casual Events"
工具未内置该ASIN,2360,B0H4HCG8SW,SKT1-AT-XL,,,,,B0HBVQFW9L,,"Mens Swim Trunks, Shark Print Board Shorts with Drawstring Waist for Resort and Summer Coastal Gatherings"
工具未内置该ASIN,2361,B0H4GY6RRG,SKT1-AP-L,,,,,B0HBVQFW9L,,"Mens Swim Trunks, Banana Print Board Shorts with Drawstring Waist for Resort and Summer Casual Outings"
工具未内置该ASIN,2362,B0H4H1S731,SKT1-A8-XL,,,,,B0HBVQFW9L,,"Mens Swim Trunks, Cactus Print Board Shorts with Drawstring Waist for Resort and Summer Casual Events"
工具未内置该ASIN,2363,B0H4H4YQXB,SKT1-AQ-L,,,,,B0H4H7CTF3,,"Mens Swim Trunks, Flamingo Print Board Shorts with Drawstring Waist for Resort and Summer Coastal Events"
工具未内置该ASIN,2364,B0H4H3KY2J,SKT1-A6-XL,,,,,B0H4H7CTF3,,"Mens Swim Trunks, Pineapple Print Board Shorts with Drawstring Waist for Resort and Summer Casual Scenarios"
工具未内置该ASIN,2365,B0H4H5YCPQ,SKT1-AU-L,,,,,B0H4H7CTF3,,"Mens Swim Trunks, Pink Flamingo Print Board Shorts with Drawstring Waist for Resort and Summer Casual Parties"
工具未内置该ASIN,2366,B0H4H5277B,SKT1-942-L,,,,,B0HBVQFW9L,,"Mens Swim Trunks, Multi Color Pineapple Print Board Shorts with Drawstring Waist for Resort and Summer Casual Outings"
工具未内置该ASIN,2367,B0H4GYKZGC,SKT1-AR-L,,,,,B0HBVQFW9L,,"Mens Swim Trunks, Palm Tree Print Board Shorts with Drawstring Waist for Resort and Summer Casual Getaways"
工具未内置该ASIN,2368,B0H4H3GWW1,SKT1-AF-XL,,,,,B0HBVQFW9L,,"Mens Swim Trunks, Block Stripe Board Shorts with Drawstring Waist for Resort and Daily Casual Trips"
工具未内置该ASIN,2369,B0H4GWLCFV,SKT1-AK-XL,,,,,B0HBVQFW9L,,"Mens Swim Trunks, Large Pineapple Print Board Shorts with Drawstring Waist for Resort and Summer Casual Events"
工具未内置该ASIN,2370,B0H4H2BB1B,SKT1-AJ-L,,,,,B0HBVQFW9L,,"Mens Swim Trunks, School of Fish Print Board Shorts with Drawstring Waist for Resort and Summer Coastal Gatherings"
工具未内置该ASIN,2371,B0H4H645YY,SKT1-AQ-XL,,,,,B0HBVQFW9L,,"Mens Swim Trunks, Flamingo Print Board Shorts with Drawstring Waist for Resort and Summer Coastal Events"
工具未内置该ASIN,2372,B0H4GYCWDD,SKT1-AA-XL,,,,,B0HBVQFW9L,,"Mens Swim Trunks, Vertical Stripe Board Shorts with Drawstring Waist for Resort and Daily Leisure Events"
工具未内置该ASIN,2373,B0H4H6J17H,SKT1-AB-XL,,,,,B0HBVQFW9L,,"Mens Swim Trunks, Steamed Dumpling Print Board Shorts with Drawstring Waist for Resort and Summer Casual Gatherings"
工具未内置该ASIN,2374,B0H4GYGN7C,SKT1-AH-XL,,,,,B0HBVQFW9L,,"Mens Swim Trunks, Pineapple Print Board Shorts with Drawstring Waist for Resort and Summer Casual Occasions"
工具未内置该ASIN,2375,B0H4H14YQG,SKT1-AM-XL,,,,,B0HBVQFW9L,,"Mens Swim Trunks, Mini Pineapple Print Board Shorts with Drawstring Waist for Resort and Summer Casual Trips"
工具未内置该ASIN,2376,B0H4H3T4K9,SKT1-AK-L,,,,,B0HBVQFW9L,,"Mens Swim Trunks, Large Pineapple Print Board Shorts with Drawstring Waist for Resort and Summer Casual Events"
工具未内置该ASIN,2377,B0H4H415NS,SKT1-AU-XL,,,,,B0HBVQFW9L,,"Mens Swim Trunks, Pink Flamingo Print Board Shorts with Drawstring Waist for Resort and Summer Casual Parties"
工具未内置该ASIN,2378,B0H4HD7WZY,SKT1-AN-L,,,,,B0HBVQFW9L,,"Mens Swim Trunks, Triangle Print Board Shorts with Drawstring Waist for Resort and Summer Casual Gatherings"
工具未内置该ASIN,2379,B0H4GWLRCS,SKT1-AN-XL,,,,,B0HBVQFW9L,,"Mens Swim Trunks, Triangle Print Board Shorts with Drawstring Waist for Resort and Summer Casual Gatherings"
工具未内置该ASIN,2380,B0H4H3SJ3B,SKT1-AA-L,,,,,B0HBVQFW9L,,"Mens Swim Trunks, Vertical Stripe Board Shorts with Drawstring Waist for Resort and Daily Leisure Events"
工具未内置该ASIN,2381,B0H4H3783J,SKT1-AH-L,,,,,B0HBVQFW9L,,"Mens Swim Trunks, Pineapple Print Board Shorts with Drawstring Waist for Resort and Summer Casual Occasions"
工具未内置该ASIN,2382,B0H4H925HN,SKT1-A5-XL,,,,,B0HBVQFW9L,,"Mens Swim Trunks, Patriotic Flag Print Board Shorts with Drawstring Waist for Holiday and Resort Casual Activities"
工具未内置该ASIN,2383,B0H4H6GJ9K,SKT1-A4-XL,,,,,B0HBVQFW9L,,"Mens Swim Trunks, Flamingo Print Board Shorts with Drawstring Waist for Beach and Daily Casual Occasions"
工具未内置该ASIN,2384,B0H4GNP5FK,WESQS-015-42/43,,,,,B0H4GS7TKW,,Non Slip Water Shoes Quick Dry Comfort Beach Shoes for Swimming Walking Purple
工具未内置该ASIN,2385,B0H4GL1YPZ,WESQS-015-44/45,,,,,B0H4GS7TKW,,Non Slip Water Shoes Quick Dry Comfort Beach Shoes for Swimming Walking Purple
工具未内置该ASIN,2386,B0H4GQRWRT,WESQS-015-38/39,,,,,B0H4GS7TKW,,Non Slip Water Shoes Quick Dry Comfort Beach Shoes for Swimming Walking Purple
工具未内置该ASIN,2387,B0H4GTBDSJ,WESQS-sport-F44/45,,,,,B0H4J6BHC1,,"Unisex Water Shoes, Quick Dry Non Slip Aqua Socks, Lightweight Breathable Barefoot Shoes for Beach Swim Surf Yoga Outdoor Sports"
工具未内置该ASIN,2388,B0H4GPKBJS,WESQS-sport-H44/45,,,,,B0H4J6BHC1,,"Unisex Water Shoes, Quick Dry Non Slip Aqua Socks, Lightweight Breathable Barefoot Shoes for Beach Swim Surf Yoga Outdoor Sports"
工具未内置该ASIN,2389,B0H4GN6ZVR,WESQS-087-38/39,,,,,B0H4GS7TKW,,Men Women Water Shoes Breathable Anti-Slip Aqua Socks Quick Dry for Beach Swimming Surfing Yoga
工具未内置该ASIN,2390,B0H4GMZJR1,WESQS-047-44/45,,,,,B0H4GS7TKW,,Water Shoes for Women Men Quick Dry Barefoot Beach Swim Pool Walking Shoes
工具未内置该ASIN,2391,B0H4GHDF3F,WESQS-040-38/39,,,,,B0H4GS7TKW,,"Rafting Water Shoes Unisex, Non Slip Rubber Sole, Stretch Fit Slip On Aqua Shoes"
工具未内置该ASIN,2392,B0H4GNYRXG,WESQS-014-38/39,,,,,B0H4GS7TKW,,"Water Shoes Unisex, Anti Slip Pattern Sole, Thick Insole, for Creek River Beach"
工具未内置该ASIN,2393,B0H4GQC7TX,WESQS-087-42/43,,,,,B0H4GS7TKW,,Men Women Water Shoes Breathable Anti-Slip Aqua Socks Quick Dry for Beach Swimming Surfing Yoga
工具未内置该ASIN,2394,B0H4GTFFB1,WESQS-031-42/43,,,,,B0H4GS7TKW,,"Slip On Aqua Water Shoes Men Women, Non Slip Sole, Printed Beach Swim Shoes"
工具未内置该ASIN,2395,B0H4GMY1GQ,WESQS-087-40/41,,,,,B0H4GS7TKW,,Men Women Water Shoes Breathable Anti-Slip Aqua Socks Quick Dry for Beach Swimming Surfing Yoga
工具未内置该ASIN,2396,B0H4GNY88F,WESQS-087-36/37,,,,,B0H4GS7TKW,,Men Women Water Shoes Breathable Anti-Slip Aqua Socks Quick Dry for Beach Swimming Surfing Yoga
工具未内置该ASIN,2397,B0H4GR43KB,WESQS-074-36/37,,,,,B0H4GS7TKW,,Quick Dry Water Shoes for Men Women Portable Lightweight Anti-Slip Beach Swim Surf Shoes
工具未内置该ASIN,2398,B0H4GV6JJD,WESQS-sport-S44/45,,,,,B0H4J6BHC1,,"Unisex Water Shoes, Quick Dry Non Slip Aqua Socks, Lightweight Breathable Barefoot Shoes for Beach Swim Surf Yoga Outdoor Sports"
工具未内置该ASIN,2399,B0H4GQWPRS,WESQS-021-36/37,,,,,B0H4GS7TKW,,"Non Slip Aqua Shoes Unisex, Quick Dry Beach Swim Shoes, Comfort Insole, Packable"
工具未内置该ASIN,2400,B0H4GS7J98,WESQS-sport-L42/43,,,,,B0H4J6BHC1,,"Unisex Water Shoes, Quick Dry Non Slip Aqua Socks, Lightweight Breathable Barefoot Shoes for Beach Swim Surf Yoga Outdoor Sports"
工具未内置该ASIN,2401,B0H4GVQMPV,WESQS-066-44/45,,,,,B0H4GS7TKW,,Breathable Water Shoes Non Slip Beach Shoes for Women Men Outdoor Sports
工具未内置该ASIN,2402,B0H4GNWWVP,WESQS-031-44/45,,,,,B0H4GS7TKW,,"Slip On Aqua Water Shoes Men Women, Non Slip Sole, Printed Beach Swim Shoes"
工具未内置该ASIN,2403,B0H4GQJJNG,WESQS-sport-Q38/39,,,,,B0H4J6BHC1,,"Unisex Water Shoes, Quick Dry Non Slip Aqua Socks, Lightweight Breathable Barefoot Shoes for Beach Swim Surf Yoga Outdoor Sports"
工具未内置该ASIN,2404,B0H4GRSNHY,WESQS-003-38/39,,,,,B0H4GS7TKW,,"Slip On Swim Shoes Unisex, Non Slip Rubber Sole, Lightweight Quick Dry Aqua Shoes"
工具未内置该ASIN,2405,B0H4GYC3RP,WESQS-sport-F38/39,,,,,B0H4J6BHC1,,"Unisex Water Shoes, Quick Dry Non Slip Aqua Socks, Lightweight Breathable Barefoot Shoes for Beach Swim Surf Yoga Outdoor Sports"
工具未内置该ASIN,2406,B0H4GNCNT9,WESQS-sport-H38/39,,,,,B0H4J6BHC1,,"Unisex Water Shoes, Quick Dry Non Slip Aqua Socks, Lightweight Breathable Barefoot Shoes for Beach Swim Surf Yoga Outdoor Sports"
工具未内置该ASIN,2407,B0H4GPJ1VL,WESQS-sport-Q44/45,,,,,B0H4J6BHC1,,"Unisex Water Shoes, Quick Dry Non Slip Aqua Socks, Lightweight Breathable Barefoot Shoes for Beach Swim Surf Yoga Outdoor Sports"
工具未内置该ASIN,2408,B0H4GL7H16,WESQS-087-44/45,,,,,B0H4GS7TKW,,Men Women Water Shoes Breathable Anti-Slip Aqua Socks Quick Dry for Beach Swimming Surfing Yoga
工具未内置该ASIN,2409,B0H4GZ1Z5J,WESQS-022-38/39,,,,,B0H4GS7TKW,,"Beach Shoes for Men Women, Non Slip Rubber Sole, Quick Dry Printed Aqua Shoes"
工具未内置该ASIN,2410,B0H4GKBPRJ,WESQS-sport-Z40/41,,,,,B0H4J6BHC1,,"Unisex Water Shoes, Quick Dry Non Slip Aqua Socks, Lightweight Breathable Barefoot Shoes for Beach Swim Surf Yoga Outdoor Sports"
工具未内置该ASIN,2411,B0H4GKGTLJ,WESQS-015-36/37,,,,,B0H4GS7TKW,,Non Slip Water Shoes Quick Dry Comfort Beach Shoes for Swimming Walking Purple
工具未内置该ASIN,2412,B0H4GRHBW1,WESQS-074-38/39,,,,,B0H4GS7TKW,,Quick Dry Water Shoes for Men Women Portable Lightweight Anti-Slip Beach Swim Surf Shoes
工具未内置该ASIN,2413,B0H4GWWN6G,WESQS-sport-Z38/39,,,,,B0H4J6BHC1,,"Unisex Water Shoes, Quick Dry Non Slip Aqua Socks, Lightweight Breathable Barefoot Shoes for Beach Swim Surf Yoga Outdoor Sports"
工具未内置该ASIN,2414,B0H4GP8PZ2,WESQS-004-36/37,,,,,B0H4GS7TKW,,"Slip On Water Shoes for Men Women, Non Slip Sole, Lightweight Travel Beach Shoes"
工具未内置该ASIN,2415,B0H4GM6RXC,WESQS-sport-Q40/41,,,,,B0H4J6BHC1,,"Unisex Water Shoes, Quick Dry Non Slip Aqua Socks, Lightweight Breathable Barefoot Shoes for Beach Swim Surf Yoga Outdoor Sports"
工具未内置该ASIN,2416,B0H4GSTWFW,WESQS-sport-L38/39,,,,,B0H4J6BHC1,,"Unisex Water Shoes, Quick Dry Non Slip Aqua Socks, Lightweight Breathable Barefoot Shoes for Beach Swim Surf Yoga Outdoor Sports"
工具未内置该ASIN,2417,B0H4H2KL22,WESQS-066-38/39,,,,,B0H4GS7TKW,,Breathable Water Shoes Non Slip Beach Shoes for Women Men Outdoor Sports
工具未内置该ASIN,2418,B0H4GV6F4W,WESQS-004-38/39,,,,,B0H4GS7TKW,,"Slip On Water Shoes for Men Women, Non Slip Sole, Lightweight Travel Beach Shoes"
工具未内置该ASIN,2419,B0H4GV24B9,WESQS-sport-S40/41,,,,,B0H4J6BHC1,,"Unisex Water Shoes, Quick Dry Non Slip Aqua Socks, Lightweight Breathable Barefoot Shoes for Beach Swim Surf Yoga Outdoor Sports"
工具未内置该ASIN,2420,B0H4GSHK2H,WESQS-066-42/43,,,,,B0H4GS7TKW,,Breathable Water Shoes Non Slip Beach Shoes for Women Men Outdoor Sports
工具未内置该ASIN,2421,B0H4GHLKNH,WESQS-040-40/41,,,,,B0H4GS7TKW,,"Rafting Water Shoes Unisex, Non Slip Rubber Sole, Stretch Fit Slip On Aqua Shoes"
工具未内置该ASIN,2422,B0H4GD4RQP,WESQS-016-36/37,,,,,B0H4GS7TKW,,"Unisex Reef Shoes, Non Slip Rubber Sole, Protective Water Shoes for Beach Ocean"
工具未内置该ASIN,2423,B0H4GTDB89,WESQS-014-42/43,,,,,B0H4GS7TKW,,"Water Shoes Unisex, Anti Slip Pattern Sole, Thick Insole, for Creek River Beach"
工具未内置该ASIN,2424,B0H4GL5T2D,WESQS-014-36/37,,,,,B0H4GS7TKW,,"Water Shoes Unisex, Anti Slip Pattern Sole, Thick Insole, for Creek River Beach"
工具未内置该ASIN,2425,B0H4GTV52L,WESQS-066-36/37,,,,,B0H4GS7TKW,,Breathable Water Shoes Non Slip Beach Shoes for Women Men Outdoor Sports
工具未内置该ASIN,2426,B0H4GMBTWC,WESQS-016-44/45,,,,,B0H4GS7TKW,,"Unisex Reef Shoes, Non Slip Rubber Sole, Protective Water Shoes for Beach Ocean"
工具未内置该ASIN,2427,B0H4GRCZ8V,WESQS-016-38/39,,,,,B0H4GS7TKW,,"Unisex Reef Shoes, Non Slip Rubber Sole, Protective Water Shoes for Beach Ocean"
工具未内置该ASIN,2428,B0H4GX31ZZ,WESQS-021-44/45,,,,,B0H4GS7TKW,,"Non Slip Aqua Shoes Unisex, Quick Dry Beach Swim Shoes, Comfort Insole, Packable"
工具未内置该ASIN,2429,B0H4GHDJ15,WESQS-021-40/41,,,,,B0H4GS7TKW,,"Non Slip Aqua Shoes Unisex, Quick Dry Beach Swim Shoes, Comfort Insole, Packable"
工具未内置该ASIN,2430,B0H4GV3SRQ,WESQS-022-40/41,,,,,B0H4GS7TKW,,"Beach Shoes for Men Women, Non Slip Rubber Sole, Quick Dry Printed Aqua Shoes"
工具未内置该ASIN,2431,B0H4GTK9G6,WESQS-004-44/45,,,,,B0H4GS7TKW,,"Slip On Water Shoes for Men Women, Non Slip Sole, Lightweight Travel Beach Shoes"
工具未内置该ASIN,2432,B0H4GZ72GT,WESQS-040-42/43,,,,,B0H4GS7TKW,,"Rafting Water Shoes Unisex, Non Slip Rubber Sole, Stretch Fit Slip On Aqua Shoes"
工具未内置该ASIN,2433,B0H4GH9WFL,WESQS-003-42/43,,,,,B0H4GS7TKW,,"Slip On Swim Shoes Unisex, Non Slip Rubber Sole, Lightweight Quick Dry Aqua Shoes"
工具未内置该ASIN,2434,B0H4GPQ5PR,WESQS-sport-Z36/37,,,,,B0H4J6BHC1,,"Unisex Water Shoes, Quick Dry Non Slip Aqua Socks, Lightweight Breathable Barefoot Shoes for Beach Swim Surf Yoga Outdoor Sports"
工具未内置该ASIN,2435,B0H4GHGPX6,WESQS-008-40/41,,,,,B0H4GS7TKW,,"Surf Water Shoes for Men Women, Anti Slip Rubber Sole, Stretch Upper, Quick Dry"
工具未内置该ASIN,2436,B0H4GV8VSZ,WESQS-008-44/45,,,,,B0H4GS7TKW,,"Surf Water Shoes for Men Women, Anti Slip Rubber Sole, Stretch Upper, Quick Dry"
工具未内置该ASIN,2437,B0H4GRD5G5,WESQS-015-40/41,,,,,B0H4GS7TKW,,Non Slip Water Shoes Quick Dry Comfort Beach Shoes for Swimming Walking Purple
工具未内置该ASIN,2438,B0H4GRR62L,WESQS-022-42/43,,,,,B0H4GS7TKW,,"Beach Shoes for Men Women, Non Slip Rubber Sole, Quick Dry Printed Aqua Shoes"
工具未内置该ASIN,2439,B0H4GL18HH,WESQS-sport-L36/37,,,,,B0H4J6BHC1,,"Unisex Water Shoes, Quick Dry Non Slip Aqua Socks, Lightweight Breathable Barefoot Shoes for Beach Swim Surf Yoga Outdoor Sports"
工具未内置该ASIN,2440,B0H4GPP3PM,WESQS-003-40/41,,,,,B0H4GS7TKW,,"Slip On Swim Shoes Unisex, Non Slip Rubber Sole, Lightweight Quick Dry Aqua Shoes"
工具未内置该ASIN,2441,B0H4GNXFVQ,WESQS-047-40/41,,,,,B0H4GS7TKW,,Water Shoes for Women Men Quick Dry Barefoot Beach Swim Pool Walking Shoes
工具未内置该ASIN,2442,B0H4GKFBJD,WESQS-004-40/41,,,,,B0H4GS7TKW,,"Slip On Water Shoes for Men Women, Non Slip Sole, Lightweight Travel Beach Shoes"
工具未内置该ASIN,2443,B0H4GTNS8V,WESQS-074-44/45,,,,,B0H4GS7TKW,,Quick Dry Water Shoes for Men Women Portable Lightweight Anti-Slip Beach Swim Surf Shoes
工具未内置该ASIN,2444,B0H4GPJ5BZ,WESQS-047-36/37,,,,,B0H4GS7TKW,,Water Shoes for Women Men Quick Dry Barefoot Beach Swim Pool Walking Shoes
工具未内置该ASIN,2445,B0H4GKM122,WESQS-074-42/43,,,,,B0H4GS7TKW,,Quick Dry Water Shoes for Men Women Portable Lightweight Anti-Slip Beach Swim Surf Shoes
工具未内置该ASIN,2446,B0H4GKW6GN,WESQS-029-40/41,,,,,B0H4GS7TKW,,"Beach Shoes for Men Women, Non Slip Rubber Sole, Quick Dry Printed Aqua Shoes"
工具未内置该ASIN,2447,B0H4GRWSCK,WESQS-008-38/39,,,,,B0H4GS7TKW,,"Surf Water Shoes for Men Women, Anti Slip Rubber Sole, Stretch Upper, Quick Dry"
工具未内置该ASIN,2448,B0H4GKJKN7,WESQS-sport-F42/43,,,,,B0H4J6BHC1,,"Unisex Water Shoes, Quick Dry Non Slip Aqua Socks, Lightweight Breathable Barefoot Shoes for Beach Swim Surf Yoga Outdoor Sports"
工具未内置该ASIN,2449,B0H4GFKX1P,WESQS-sport-S36/37,,,,,B0H4J6BHC1,,"Unisex Water Shoes, Quick Dry Non Slip Aqua Socks, Lightweight Breathable Barefoot Shoes for Beach Swim Surf Yoga Outdoor Sports"
工具未内置该ASIN,2450,B0H4GWN8KY,WESQS-sport-F40/41,,,,,B0H4J6BHC1,,"Unisex Water Shoes, Quick Dry Non Slip Aqua Socks, Lightweight Breathable Barefoot Shoes for Beach Swim Surf Yoga Outdoor Sports"
工具未内置该ASIN,2451,B0H4GL9L5F,WESQS-047-42/43,,,,,B0H4GS7TKW,,Water Shoes for Women Men Quick Dry Barefoot Beach Swim Pool Walking Shoes
工具未内置该ASIN,2452,B0H4GL3LYJ,WESQS-sport-S42/43,,,,,B0H4J6BHC1,,"Unisex Water Shoes, Quick Dry Non Slip Aqua Socks, Lightweight Breathable Barefoot Shoes for Beach Swim Surf Yoga Outdoor Sports"
工具未内置该ASIN,2453,B0H4GP2686,WESQS-066-40/41,,,,,B0H4GS7TKW,,Breathable Water Shoes Non Slip Beach Shoes for Women Men Outdoor Sports
工具未内置该ASIN,2454,B0H4GHQQ59,WESQS-031-38/39,,,,,B0H4GS7TKW,,"Slip On Aqua Water Shoes Men Women, Non Slip Sole, Printed Beach Swim Shoes"
工具未内置该ASIN,2455,B0H4GVNRT2,WESQS-074-40/41,,,,,B0H4GS7TKW,,Quick Dry Water Shoes for Men Women Portable Lightweight Anti-Slip Beach Swim Surf Shoes
工具未内置该ASIN,2456,B0H4GXLS6Y,WESQS-008-42/43,,,,,B0H4GS7TKW,,"Surf Water Shoes for Men Women, Anti Slip Rubber Sole, Stretch Upper, Quick Dry"
工具未内置该ASIN,2457,B0H4GD8PRM,WESQS-003-44/45,,,,,B0H4GS7TKW,,"Slip On Swim Shoes Unisex, Non Slip Rubber Sole, Lightweight Quick Dry Aqua Shoes"
工具未内置该ASIN,2458,B0H4GPKXFW,WESQS-003-36/37,,,,,B0H4GS7TKW,,"Slip On Swim Shoes Unisex, Non Slip Rubber Sole, Lightweight Quick Dry Aqua Shoes"
工具未内置该ASIN,2459,B0H4GJV1G6,WESQS-sport-Z44/45,,,,,B0H4J6BHC1,,"Unisex Water Shoes, Quick Dry Non Slip Aqua Socks, Lightweight Breathable Barefoot Shoes for Beach Swim Surf Yoga Outdoor Sports"
工具未内置该ASIN,2460,B0H4GNYNPJ,WESQS-047-38/39,,,,,B0H4GS7TKW,,Water Shoes for Women Men Quick Dry Barefoot Beach Swim Pool Walking Shoes
工具未内置该ASIN,2461,B0H4GNFVKZ,WESQS-sport-H36/37,,,,,B0H4J6BHC1,,"Unisex Water Shoes, Quick Dry Non Slip Aqua Socks, Lightweight Breathable Barefoot Shoes for Beach Swim Surf Yoga Outdoor Sports"
工具未内置该ASIN,2462,B0H4GS6142,WESQS-029-38/39,,,,,B0H4GS7TKW,,"Beach Shoes for Men Women, Non Slip Rubber Sole, Quick Dry Printed Aqua Shoes"
工具未内置该ASIN,2463,B0H4GTWP1H,WESQS-040-36/37,,,,,B0H4GS7TKW,,"Rafting Water Shoes Unisex, Non Slip Rubber Sole, Stretch Fit Slip On Aqua Shoes"
工具未内置该ASIN,2464,B0H4GQWFFZ,WESQS-021-38/39,,,,,B0H4GS7TKW,,"Non Slip Aqua Shoes Unisex, Quick Dry Beach Swim Shoes, Comfort Insole, Packable"
工具未内置该ASIN,2465,B0H4GHDX5Q,WESQS-021-42/43,,,,,B0H4GS7TKW,,"Non Slip Aqua Shoes Unisex, Quick Dry Beach Swim Shoes, Comfort Insole, Packable"
工具未内置该ASIN,2466,B0H4GNF5ZM,WESQS-sport-Z42/43,,,,,B0H4J6BHC1,,"Unisex Water Shoes, Quick Dry Non Slip Aqua Socks, Lightweight Breathable Barefoot Shoes for Beach Swim Surf Yoga Outdoor Sports"
工具未内置该ASIN,2467,B0H4GR142C,WESQS-016-40/41,,,,,B0H4GS7TKW,,"Unisex Reef Shoes, Non Slip Rubber Sole, Protective Water Shoes for Beach Ocean"
工具未内置该ASIN,2468,B0H4GNLMYS,WESQS-004-42/43,,,,,B0H4GS7TKW,,"Slip On Water Shoes for Men Women, Non Slip Sole, Lightweight Travel Beach Shoes"
工具未内置该ASIN,2469,B0H4GNB8J5,WESQS-022-36/37,,,,,B0H4GS7TKW,,"Beach Shoes for Men Women, Non Slip Rubber Sole, Quick Dry Printed Aqua Shoes"
工具未内置该ASIN,2470,B0H4GV6XBT,WESQS-sport-L44/45,,,,,B0H4J6BHC1,,"Unisex Water Shoes, Quick Dry Non Slip Aqua Socks, Lightweight Breathable Barefoot Shoes for Beach Swim Surf Yoga Outdoor Sports"
工具未内置该ASIN,2471,B0H4GP2VF6,WESQS-sport-Q36/37,,,,,B0H4J6BHC1,,"Unisex Water Shoes, Quick Dry Non Slip Aqua Socks, Lightweight Breathable Barefoot Shoes for Beach Swim Surf Yoga Outdoor Sports"
工具未内置该ASIN,2472,B0H4GLC2XD,WESQS-040-44/45,,,,,B0H4GS7TKW,,"Rafting Water Shoes Unisex, Non Slip Rubber Sole, Stretch Fit Slip On Aqua Shoes"
工具未内置该ASIN,2473,B0H4GRFTRV,WESQS-008-36/37,,,,,B0H4GS7TKW,,"Surf Water Shoes for Men Women, Anti Slip Rubber Sole, Stretch Upper, Quick Dry"
工具未内置该ASIN,2474,B0H4GQHW6H,WESQS-sport-L40/41,,,,,B0H4J6BHC1,,"Unisex Water Shoes, Quick Dry Non Slip Aqua Socks, Lightweight Breathable Barefoot Shoes for Beach Swim Surf Yoga Outdoor Sports"
工具未内置该ASIN,2475,B0H4GKR832,WESQS-029-36/37,,,,,B0H4GS7TKW,,"Beach Shoes for Men Women, Non Slip Rubber Sole, Quick Dry Printed Aqua Shoes"
工具未内置该ASIN,2476,B0H4GZ32X6,WESQS-016-42/43,,,,,B0H4GS7TKW,,"Unisex Reef Shoes, Non Slip Rubber Sole, Protective Water Shoes for Beach Ocean"
工具未内置该ASIN,2477,B0H4GQKNNW,WESQS-031-40/41,,,,,B0H4GS7TKW,,"Slip On Aqua Water Shoes Men Women, Non Slip Sole, Printed Beach Swim Shoes"
工具未内置该ASIN,2478,B0H4GWYDNR,WESQS-sport-S38/39,,,,,B0H4J6BHC1,,"Unisex Water Shoes, Quick Dry Non Slip Aqua Socks, Lightweight Breathable Barefoot Shoes for Beach Swim Surf Yoga Outdoor Sports"
工具未内置该ASIN,2479,B0H4GX3211,WESQS-022-44/45,,,,,B0H4GS7TKW,,"Beach Shoes for Men Women, Non Slip Rubber Sole, Quick Dry Printed Aqua Shoes"
工具未内置该ASIN,2480,B0H4GJF5BQ,WESQS-sport-H40/41,,,,,B0H4J6BHC1,,"Unisex Water Shoes, Quick Dry Non Slip Aqua Socks, Lightweight Breathable Barefoot Shoes for Beach Swim Surf Yoga Outdoor Sports"
工具未内置该ASIN,2481,B0H4GZD878,WESQS-sport-Q42/43,,,,,B0H4J6BHC1,,"Unisex Water Shoes, Quick Dry Non Slip Aqua Socks, Lightweight Breathable Barefoot Shoes for Beach Swim Surf Yoga Outdoor Sports"
工具未内置该ASIN,2482,B0H4GKP225,WESQS-029-44/45,,,,,B0H4GS7TKW,,"Beach Shoes for Men Women, Non Slip Rubber Sole, Quick Dry Printed Aqua Shoes"
工具未内置该ASIN,2483,B0H4GKQ4BQ,WESQS-sport-F36/37,,,,,B0H4J6BHC1,,"Unisex Water Shoes, Quick Dry Non Slip Aqua Socks, Lightweight Breathable Barefoot Shoes for Beach Swim Surf Yoga Outdoor Sports"
工具未内置该ASIN,2484,B0H4GMPWSD,WESQS-029-42/43,,,,,B0H4GS7TKW,,"Beach Shoes for Men Women, Non Slip Rubber Sole, Quick Dry Printed Aqua Shoes"
工具未内置该ASIN,2485,B0H4GNLN1G,WESQS-sport-H42/43,,,,,B0H4J6BHC1,,"Unisex Water Shoes, Quick Dry Non Slip Aqua Socks, Lightweight Breathable Barefoot Shoes for Beach Swim Surf Yoga Outdoor Sports"
工具未内置该ASIN,2486,B0H4GTS7BT,WESQS-031-36/37,,,,,B0H4GS7TKW,,"Slip On Aqua Water Shoes Men Women, Non Slip Sole, Printed Beach Swim Shoes"
工具未内置该ASIN,2487,B0H4GL18GT,WESQS-014-40/41,,,,,B0H4GS7TKW,,"Water Shoes Unisex, Anti Slip Pattern Sole, Thick Insole, for Creek River Beach"
工具未内置该ASIN,2488,B0H4GKC3GX,WESQS-014-44/45,,,,,B0H4GS7TKW,,"Water Shoes Unisex, Anti Slip Pattern Sole, Thick Insole, for Creek River Beach"
工具未内置该ASIN,2760,B0GZNTMFJR,QS-516-D3-28-29,,公司,公司,,B0GYX16S5J,,"Kids Water Shoes, Cute Octopus Print Quick-Dry Aqua Socks for Toddler Boys Girls, Non-Slip Swim Shoes for Beach, Pool, Water Park, River Trekking, and Indoor Activities"
工具未内置该ASIN,2761,B0GZP2LFS5,QS-516-D3-26-27,,公司,公司,,B0GYX16S5J,,"Kids Water Shoes, Cute Octopus Print Quick-Dry Aqua Socks for Toddler Boys Girls, Non-Slip Swim Shoes for Beach, Pool, Water Park, River Trekking, and Indoor Activities"
工具未内置该ASIN,2814,B0GYY98FSZ,QS-516-D3-34-35,,公司,公司,,B0GYX16S5J,潜水溯溪鞋,"Kids Water Shoes, Cute Octopus Print Quick-Dry Aqua Socks for Toddler Boys Girls, Non-Slip Swim Shoes for Beach, Pool, Water Park, River Trekking, and Indoor Activities"
工具未内置该ASIN,2823,B0GYX7ZTS9,QS-516-D3-30-31,,公司,公司,,B0GYX16S5J,潜水溯溪鞋,"Kids Water Shoes, Cute Octopus Print Quick-Dry Aqua Socks for Toddler Boys Girls, Non-Slip Swim Shoes for Beach, Pool, Water Park, River Trekking, and Indoor Activities"
工具未内置该ASIN,2834,B0GYWS5PPT,QS-516-D3-32-33,,公司,公司,,B0GYX16S5J,潜水溯溪鞋,"Kids Water Shoes, Cute Octopus Print Quick-Dry Aqua Socks for Toddler Boys Girls, Non-Slip Swim Shoes for Beach, Pool, Water Park, River Trekking, and Indoor Activities"
工具未内置该ASIN,2966,B0GTPD9P52,D324-B15-L107,,,,,B0GTPD9P52,,Denim Look Bikini Set Casual Style Two Piece Swimsuit Daily Bathing Suit
工具未内置该ASIN,2967,B0GTNVXRHC,D324-B15-L059,,,,,B0GTNVXRHC,,Slimming One Piece Swimsuit Body Shaping Bathing Suit Tummy Control Swimwear
工具未内置该ASIN,2968,B0GTPJNZ55,D324-B15-L098,,,,,B0GTPJNZ55,,Ruffled Bikini Top with High Waisted Bottom Two Piece Swimsuit Sweet Bathing Suit
工具未内置该ASIN,2969,B0GTNQ4WN2,D324-B15-L104,,,,,B0GTNQ4WN2,,Women's UV Protection Swimsuit One Piece Rash Guard Bathing Suit Outdoor Swimwear
工具未内置该ASIN,2970,B0GTNLF1FV,D324-B15-L113,,,,,B0GTNLF1FV,,Low Rise Bikini Set Minimalist Top Two Piece Swimsuit Sexy Bathing Suit
工具未内置该ASIN,2971,B0GTNT61S2,D324-B15-L035,,,,,B0GTNT61S2,,Wrap Front One Piece Swimsuit Tummy Control Back Tie Bathing Suit for Women
工具未内置该ASIN,2972,B0GTNVDY9M,D324-B15-L109,,,,,B0GTNVDY9M,,Adjustable Strap One Piece Swimsuit Custom Fit Comfort Bathing Suit Swimwear
工具未内置该ASIN,2973,B0GTP11BR2,D324-B15-L080,,,,,B0GTP11BR2,,Tummy Control One Piece Swimsuit Full Coverage Back Modest Bathing Suit Swimwear
工具未内置该ASIN,2974,B0GTP1TK18,D324-B15-L038,,,,,B0GTP1TK18,,Striped Bikini Set High Waisted Two Piece Swimsuit Retro Vintage Bathing Suit
工具未内置该ASIN,2975,B0GTNG12DK,D324-B15-L047,,,,,B0GTNG12DK,,Women's Athletic One Piece Swimsuit Racerback Training Bathing Suit Sport Swimwear
工具未内置该ASIN,2976,B0GTP1SLQD,D324-B15-L031,,,,,B0GTP1SLQD,,Floral Print Bikini Set High Cut Two Piece Swimsuit Cheeky Bottom Bathing Suit
工具未内置该ASIN,2977,B0GTP1SLQR,D324-B15-L116,,,,,B0GTP1SLQR,,Women's Beach Cover Up Swimsuit One Piece with Dress Overlay Bathing Suit
工具未内置该ASIN,2978,B0GTNWPK5N,D324-B15-L119,,,,,B0GTNWPK5N,,Women's Performance Swimsuit One Piece Competition Training Bathing Suit Swimwear
工具未内置该ASIN,2979,B0GTNVVZCD,D324-B15-L112,,,,,B0GTNVVZCD,,Balloon Sleeve One Piece Swimsuit Puff Sleeve Design Cute Bathing Suit Swimwear
工具未内置该ASIN,2980,B0GTP6NHBG,D324-B15-L102,,,,,B0GTP6NHBG,,Slim Fit One Piece Swimsuit Bodycon Design Tummy Control Bathing Suit Swimwear
工具未内置该ASIN,2981,B0GTNS49LJ,D324-B15-L077,,,,,B0GTNS49LJ,,Neon Color One Piece Swimsuit Bright Tone Slim Fit Bathing Suit Party Swimwear
工具未内置该ASIN,2982,B0GTP2X9HC,D324-B15-L063,,,,,B0GTP2X9HC,,High Waisted Bikini Set Ruffled Top Two Piece Swimsuit Vintage Bathing Suit
工具未内置该ASIN,2983,B0GTP96H7Y,D324-B15-L099,,,,,B0GTP96H7Y,,Cold Shoulder One Piece Swimsuit Cutout Shoulder Modest Bathing Suit Swimwear
工具未内置该ASIN,2984,B0GTP8TYKW,D324-B15-L094,,,,,B0GTP8TYKW,,Halter One Piece Swimsuit Tie Back Neck Sexy Slimming Bathing Suit Swimwear
工具未内置该ASIN,2985,B0GTP8F8T1,D324-B15-L030,,,,,B0GTP8F8T1,,Cutout One Piece Swimsuit Backless Monokini Sexy Swimwear for Summer Beach
工具未内置该ASIN,2986,B0GTNPPV85,D324-B15-L048,,,,,B0GTNPPV85,,Off Shoulder One Piece Swimsuit Ruffled Sleeve Modest Bathing Suit Swimwear
工具未内置该ASIN,2987,B0GTP6YZXT,D324-B15-L029,,,,,B0GTP6YZXT,,Ruffled One Piece Bathing Suit Modest Swimwear Tummy Control Slimming Fit
工具未内置该ASIN,2988,B0GTNPX58D,D324-B15-L043,,,,,B0GTNPX58D,,Deep V Neck One Piece Swimsuit Backless Monokini Sexy Slimming Bathing Suit
工具未内置该ASIN,2989,B0GTP1PD4S,D324-B15-L074,,,,,B0GTP1PD4S,,Women's Quick Dry Swimsuit One Piece Lightweight Bathing Suit Travel Swimwear
工具未内置该ASIN,2990,B0GTNYWVNX,D324-B15-L091,,,,,B0GTNYWVNX,,Full Coverage One Piece Swimsuit Modest Design Tummy Control Bathing Suit Swimwear
工具未内置该ASIN,2991,B0GTNRP723,D324-B15-L061,,,,,B0GTNRP723,,Women's Short Sleeve One Piece Swimsuit Rash Guard Bathing Suit UV Protection Swimwear
工具未内置该ASIN,2992,B0GTNL2P1M,D324-B15-L056,,,,,B0GTNL2P1M,,Women's Modest One Piece Swimsuit Long Torso Bathing Suit Full Coverage Swimwear
工具未内置该ASIN,2993,B0GTNSHKBN,D324-B15-L065,,,,,B0GTNSHKBN,,Butterfly Print Bikini Set High Cut Two Piece Swimsuit Lovely Bathing Suit
工具未内置该ASIN,2994,B0GTP8KYBF,D324-B15-L082,,,,,B0GTP8KYBF,,Women's Teen Girls Swimsuit One Piece Cute Design Junior Size Bathing Suit
工具未内置该ASIN,2995,B0GTP6NDW6,D324-B15-L078,,,,,B0GTP6NDW6,,Women's Scoop Neck One Piece Swimsuit Classic Design Comfort Bathing Suit Swimwear
工具未内置该ASIN,2996,B0GTNVKX26,D324-B15-L027,,,,,B0GTNVKX26,,Women's One Piece Swimsuit Tummy Control Bathing Suit V Neck Ruched Swimwear
工具未内置该ASIN,2997,B0GTNRX4YK,D324-B15-L045,,,,,B0GTNRX4YK,,Ruched One Piece Swimsuit Tummy Control Slim Fit Bathing Suit Women Swimwear
工具未内置该ASIN,2998,B0GTPGRY32,D324-B15-L044,,,,,B0GTPGRY32,,High Cut Bikini Set Low Rise Top Two Piece Swimsuit Trendy Bathing Suit
工具未内置该ASIN,2999,B0GTP1GQYF,D324-B15-L095,,,,,B0GTP1GQYF,,High Cut One Piece Swimsuit Leg Opening Design Sexy Monokini Bathing Suit
工具未内置该ASIN,3000,B0GTP6FV43,D324-B15-L073,,,,,B0GTP6FV43,,Ruffled Shoulder One Piece Swimsuit Cute Design Modest Bathing Suit Swimwear
工具未内置该ASIN,3001,B0GTNY6WJ1,D324-B15-L058,,,,,B0GTNY6WJ1,,Ruffled Hem Bikini Set High Waisted Bottom Cute Two Piece Swimsuit Bathing Suit
工具未内置该ASIN,3002,B0GTP6NDW5,D324-B15-L068,,,,,B0GTP6NDW5,,Low Back One Piece Swimsuit Deep Back Cut Sexy Bathing Suit Summer Swimwear
工具未内置该ASIN,3003,B0GTNK7JQR,D324-B15-L117,,,,,B0GTNK7JQR,,Wide Strap One Piece Swimsuit Shoulder Support Comfort Bathing Suit Swimwear
工具未内置该ASIN,3004,B0GTNK1J87,D324-B15-L101,,,,,B0GTNK1J87,,Tribal Print Bikini Set Ethnic Pattern Two Piece Swimsuit Boho Bathing Suit
工具未内置该ASIN,3005,B0GTNQSCBQ,D324-B15-L110,,,,,B0GTNQSCBQ,,Abstract Print Bikini Set Modern Art Pattern Two Piece Swimsuit Bathing Suit
工具未内置该ASIN,3006,B0GTNN3G17,D324-B15-L042,,,,,B0GTNN3G17,,Boho Floral Tankini Set Two Piece Swimwear Modest Bathing Suit for Women
工具未内置该ASIN,3007,B0GTNRMKWL,D324-B15-L103,,,,,B0GTNRMKWL,,Pastel Color Bikini Set Soft Tone Two Piece Swimsuit Kawaii Bathing Suit
工具未内置该ASIN,3008,B0GTP3Y8WC,D324-B15-L086,,,,,B0GTP3Y8WC,,Women's Long Torso One Piece Swimsuit Tall Fit Bathing Suit Tummy Control Swimwear
工具未内置该ASIN,3009,B0GTPK7VX9,D324-B15-L066,,,,,B0GTPK7VX9,,Women's Plus Size Bikini Set High Waisted Two Piece Swimsuit Full Figure Bathing Suit
工具未内置该ASIN,3010,B0GTP6MMN3,D324-B15-L039,,,,,B0GTP6MMN3,,Women's Plus Size Swimsuit One Piece Tummy Control Bathing Suit Full Figure Swimwear
工具未内置该ASIN,3011,B0GTNRWLLM,D324-B15-L090,,,,,B0GTNRWLLM,,Camouflage Print Bikini Set Tactical Style Two Piece Swimsuit Sport Bathing Suit
工具未内置该ASIN,3012,B0GTP3SP4L,D324-B15-L100,,,,,B0GTP3SP4L,,Women's Lightly Padded Swimsuit One Piece Soft Cup Comfort Bathing Suit Swimwear
工具未内置该ASIN,3013,B0GTPDBF8S,D324-B15-L060,,,,,B0GTPDBF8S,,Animal Print Bikini Set Leopard Pattern Two Piece Swimsuit Trendy Bathing Suit
工具未内置该ASIN,3014,B0GTP1WCSH,D324-B15-L088,,,,,B0GTP1WCSH,,Ruffled One Shoulder Swimsuit Asymmetrical Design Modest Bathing Suit Swimwear
工具未内置该ASIN,3015,B0GTNZ1F4F,D324-B15-L062,,,,,B0GTNZ1F4F,,Asymmetrical One Piece Swimsuit One Shoulder Design Sexy Monokini Bathing Suit
工具未内置该ASIN,3016,B0GTNPWY2S,D324-B15-L067,,,,,B0GTNPWY2S,,Criss Cross Front One Piece Swimsuit Tummy Control Slimming Bathing Suit Swimwear
工具未内置该ASIN,3017,B0GTNXRNB9,D324-B15-L115,,,,,B0GTNXRNB9,,Cherry Print Bikini Set Fruit Pattern Two Piece Swimsuit Lovely Bathing Suit
工具未内置该ASIN,3018,B0GTPCP2XZ,D324-B15-L111,,,,,B0GTPCP2XZ,,Women's Plus Size Tankini Set Two Piece Modest Swimwear Full Figure Bathing Suit
工具未内置该ASIN,3019,B0GTNW5ZCC,D324-B15-L071,,,,,B0GTNW5ZCC,,Satin Finish One Piece Swimsuit Luxury Style Slim Fit Bathing Suit Swimwear
工具未内置该ASIN,3020,B0GTNPSVKN,D324-B15-L118,,,,,B0GTNPSVKN,,Geometric Print Bikini Set Modern Pattern Two Piece Swimsuit Stylish Bathing Suit
工具未内置该ASIN,3021,B0GTNRTFG2,D324-B15-L083,,,,,B0GTNRTFG2,,Keyhole Cutout One Piece Swimsuit Front Detail Sexy Slimming Bathing Suit Swimwear
工具未内置该ASIN,3022,B0GTNVQW2Z,D324-B15-L120,,,,,B0GTNVQW2Z,,Women's String Triangle Bikini Top Sexy Self Tie Back Bathing Suit Swim Top
工具未内置该ASIN,3023,B0GTPCP2XX,D324-B15-L096,,,,,B0GTPCP2XX,,Watercolor Print Bikini Set Artistic Pattern Two Piece Swimsuit Cute Bathing Suit
工具未内置该ASIN,3024,B0GTNTG8HH,D324-B15-L085,,,,,B0GTNTG8HH,,Palm Leaf Print One Piece Swimsuit Beach Tropical Style Bathing Suit Swimwear
工具未内置该ASIN,3025,B0GTP9NJFR,D324-B15-L072,,,,,B0GTP9NJFR,,Triangle Bikini Set Top with Tie Side Bottom Two Piece Swimsuit Minimalist Bathing Suit
工具未内置该ASIN,3026,B0GTPBSVLP,D324-B15-L032,,,,,B0GTPBSVLP,,Ribbed Knit Bikini Set Square Neck Two Piece Swimsuit Trendy Bathing Suit
工具未内置该ASIN,3027,B0GTNXKSNL,D324-B15-L106,,,,,B0GTNXKSNL,,Plunge Neck One Piece Swimsuit Deep V Front Sexy Monokini Bathing Suit Swimwear
工具未内置该ASIN,3028,B0GTP8HBPB,D324-B15-L089,,,,,B0GTP8HBPB,,Women's Push Up One Piece Swimsuit Enhancer Bra Sexy Slimming Bathing Suit
工具未内置该ASIN,3029,B0GTNTHXCS,D324-B15-L079,,,,,B0GTNTHXCS,,Crochet Detail Bikini Set Boho Style Two Piece Swimsuit Handmade Bathing Suit
工具未内置该ASIN,3030,B0GTNVFL5R,D324-B15-L084,,,,,B0GTNVFL5R,,High Waisted Bikini Set Wide Band Top Two Piece Swimsuit Supportive Bathing Suit
工具未内置该ASIN,3031,B0GTP1YVJV,D324-B15-L037,,,,,B0GTP1YVJV,,Lace Up Back One Piece Swimsuit Cutout Monokini Slimming Swimwear Bathing Suit
工具未内置该ASIN,3032,B0GTP21NTG,D324-B15-L105,,,,,B0GTP21NTG,,Bow Detail Bikini Set Cute Design High Waisted Two Piece Swimsuit Bathing Suit
工具未内置该ASIN,3033,B0GTP14GYN,D324-B15-L049,,,,,B0GTP14GYN,,Bralette Bikini Set Wireless Top High Waisted Bottom Two Piece Swimsuit
工具未内置该ASIN,3034,B0GTNZ253C,D324-B15-L075,,,,,B0GTNZ253C,,Floral Lace Bikini Set Romantic Style Two Piece Swimsuit Elegant Bathing Suit
工具未内置该ASIN,3035,B0GTP3S51H,D324-B15-L069,,,,,B0GTP3S51H,,Polka Dot Bikini Set Retro Style High Waisted Two Piece Swimsuit Bathing Suit
工具未内置该ASIN,3036,B0GTNRYSGG,D324-B15-L081,,,,,B0GTNRYSGG,,Ombre Color Bikini Set Gradient Tone Two Piece Swimsuit Fashion Bathing Suit
工具未内置该ASIN,3037,B0GTPJQKX4,D324-B15-L070,,,,,B0GTPJQKX4,,Women's Casual Tankini Set Loose Top with Brief Modest Swimwear Bathing Suit
工具未内置该ASIN,3038,B0GTP7CL3C,D324-B15-L050,,,,,B0GTP7CL3C,,Mesh Panel One Piece Swimsuit Sheer Detail Sexy Monokini Bathing Suit Swimwear
工具未内置该ASIN,3039,B0GTP1LB6X,D324-B15-L092,,,,,B0GTP1LB6X,,Metallic Color Bikini Set Shiny Fabric Two Piece Swimsuit Party Bathing Suit
工具未内置该ASIN,3040,B0GTNVGJWN,D324-B15-L052,,,,,B0GTNVGJWN,,Women's Maternity Swimsuit One Piece Pregnancy Bathing Suit Comfort Swimwear
工具未内置该ASIN,3041,B0GTNTM9G2,D324-B15-L028,,,,,B0GTNTM9G2,,High Waisted Bikini Set Two Piece Push Up Swimsuit for Women Beach Vacation
工具未内置该ASIN,3042,B0GTPK75Y9,D324-B15-L057,,,,,B0GTPK75Y9,,Underwire Bikini Set Push Up Support Two Piece Swimsuit Sexy Bathing Suit
工具未内置该ASIN,3043,B0GTP6Y5SR,D324-B15-L087,,,,,B0GTP6Y5SR,,Seamless Bikini Set Smooth Fabric Two Piece Swimsuit Comfort Bathing Suit
工具未内置该ASIN,3044,B0GTP6Z3P8,D324-B15-L053,,,,,B0GTP6Z3P8,,Cross Back One Piece Swimsuit Padded Push Up Slimming Bathing Suit Swimwear
工具未内置该ASIN,3045,B0GTNTLL7L,D324-B15-L076,,,,,B0GTNTLL7L,,High Waisted Bikini Set Tummy Control Panel Two Piece Swimsuit Bathing Suit
工具未内置该ASIN,3046,B0GTP3TG6Z,D324-B15-L033,,,,,B0GTP3TG6Z,,Women's Tankini Set Top with Shorts Modest Swimwear Tummy Control Bathing Suit
工具未内置该ASIN,3047,B0GTP8KYBH,D324-B15-L108,,,,,B0GTP8KYBH,,Women's Modest Tankini Set High Neck Top with Skirt Bottom Swimwear Bathing Suit
工具未内置该ASIN,3048,B0GTNZS6RK,D324-B15-L054,,,,,B0GTNZS6RK,,High Waisted Bikini Set Tummy Control Top Two Piece Swimsuit Bathing Suit
工具未内置该ASIN,3049,B0GTP46T75,D324-B15-L093,,,,,B0GTP46T75,,Women's Loose Fit Tankini Set Flowy Top with Shorts Modest Swimwear Bathing Suit
工具未内置该ASIN,3050,B0GTPDCV54,D324-B15-L036,,,,,B0GTPDCV54,,High Waisted Bikini Set Tie Side Bottom Two Piece Swimsuit Sexy Bathing Suit
工具未内置该ASIN,3051,B0GTP8J2C4,D324-B15-L034,,,,,B0GTP8J2C4,,V Neck One Piece Swimsuit Push Up Padded Bra Slimming Bathing Suit Swimwear
工具未内置该ASIN,3052,B0GTP8V55N,D324-B15-L097,,,,,B0GTP8V55N,,Women's Compression Swimsuit One Piece Body Shaping Bathing Suit Fitness Swimwear
工具未内置该ASIN,3053,B0GTPH3DH5,D324-B15-L046,,,,,B0GTPH3DH5,,Square Neck Bikini Set Ribbed Fabric Two Piece Swimsuit Fashion Bathing Suit
工具未内置该ASIN,3054,B0GTNSPGCN,D324-B15-L055,,,,,B0GTNSPGCN,,Leaf Print One Piece Swimsuit Tropical Pattern Slim Fit Bathing Suit Swimwear
工具未内置该ASIN,3055,B0GTNQQLT4,D324-B15-L114,,,,,B0GTNQQLT4,,Stretchy Fabric One Piece Swimsuit Flexible Fit Comfort Bathing Suit Swimwear
工具未内置该ASIN,3056,B0GTNM3T33,D324-B15-L041,,,,,B0GTNM3T33,,Solid Color One Piece Swimsuit Basic Slim Fit Bathing Suit Casual Swimwear
工具未内置该ASIN,3057,B0GTP3ZC26,D324-B15-L064,,,,,B0GTP3ZC26,,Padded One Piece Swimsuit Wireless Bra Comfort Bathing Suit Daily Swimwear
工具未内置该ASIN,3058,B0GTNS4R3H,D324-B15-L040,,,,,B0GTNS4R3H,,Halter Neck Bikini Set Push Up Top Two Piece Swimsuit Cheeky Bathing Suit
工具未内置该ASIN,3059,B0GTNYXNVS,D324-B15-L051,,,,,B0GTNYXNVS,,Tie Dye Bikini Set High Waisted Two Piece Swimsuit Cute Bathing Suit for Teens
