问题,行号,ASIN,MSKU,Listing负责人,工具负责人,父ASIN,品名,标题
一致,2,B0H8P2D7B2,KCC-NNL1JQR-1,凯旋,凯旋,B0H8P2D7B2,捏捏乐机器人,"70g Mini Transparent Gradient Pink Human Squishy, Crystal Jelly Slow Rebound Pocket Squeeze Fidget, Portable Stress Reliever"
一致,3,B0H4FB8GJ5,KCC-SQQJS1-1,凯旋,凯旋,B0H4F84574,神奇清洁刷,"Reusable Rubber Rust Remover Eraser, Multipurpose Stain Limescale Eraser for Faucet Sink Iron Metal Surface Cleaning"
一致,4,B0H1R8RYH4,KCC-SSCXB-CHENG,凯旋,凯旋,B0H25VX1R1,伸缩磁吸棒,"8 Lbs Telescoping Magnetic Pick Up Tool, Extendable Magnet Stick with Non Slip Orange Handle"
一致,5,B0H8P7YFHQ,KCC-NNL1DF-1,凯旋,凯旋,B0H8P15878,捏捏乐豆腐,"Simulated Tofu Slow Rebound Squishy, Soft Fluid White Block Squeeze Fidget Stress Reliever for Office Classroom Anxiety Relief"
一致,6,B0H1VFK71L,KCC-ZWBD-10MM,凯旋,凯旋,B0H1VK6P8V,植物绑带,"9.84 Feet Self‑Gripping Plant Hook And Loop Tape, 10mm Wide Reusable Adjustable Garden Plant Tie Strap For Support"
工具未内置该 ASIN,7,B0GTTZQDFY,KCC-qicheruanmaoshua-chang,凯旋,,B0GTKNBJ45,汽车内饰软毛刷,"Car Interior Soft Brush Set, Long + Short Handle Combo, Lint-Free Microfiber Bristles, Scratch-Free Cleaning Brushes for Car Dashboard, Air Vents, Seats, Console, Windows"
一致,8,B0H1V2MRSH,KCC-DGNBJS-HUI,凯旋,凯旋,B0H1VJNB35,多功能百洁布,"Window Groove Cleaning Brush, Handheld PP Scouring Pad Gap Cleaner for Sliding Door Track Tile Lines"
一致,9,B0H2HNSSYH,KCC-YJH-CAI,凯旋,凯旋,B0H2HJTZ7S,眼镜盒,"Boho Mandala Pattern Neoprene Sunglasses Case, Soft Zipper Eyeglass Pouch With Carabiner Clip For Travel Outdoor"
一致,10,B0H3V57TCY,KCC-FXHPZ-1,凯旋,凯旋,B0H3TYBBYK,方形烘培纸,"50Pcs Single Pack Unbleached Kraft Parchment Paper, 8×6 Inch Non-Stick Silicone Coated Baking Sheets, Oilproof Heat Resistant Paper for Air Fryer Oven Cooking"
一致,11,B0H1WDVQCG,SP-dadan-1,图图,图图,B0H2GRTX7H,打蛋器,"Stainless Steel Dough Mixer, Handheld Double Hole Bread Whisk, Manual Flour Stirrer Egg Beater for Baking Cooking"
一致,12,B0H1CKTY24,KCC-DNPBZJ-HEI,凯旋,凯旋,B0H1CL6YV9,电脑手机支架,"Adjustable Foldable Phone Stand, Portable Desktop Holder for Smartphone Tablet Hands Free Viewing"
一致,13,B0GZV4LK8P,KCC-YGQ-2,凯旋,凯旋,B0GZVLTV32,牙膏器,"2 Pack Cartoon Toothpaste Squeezer Set, Manual Tube Wringer Roller Tool for Bathroom Toothpaste Waste Reduction"
一致,14,B0GWM6T66H,KCC-WSDJB-B,凯旋,凯旋,B0GWLZCV14,网纱单肩包,"Mesh Beach Tote Bag With Zipper, Quick Dry Waterproof Sand Free Bag For Travel, Pool, Gym, Weekend Getaway"
负责人不一致,15,B0H4G9JD1N,WESKCC-BHQ-LV,凯旋,cccady,B0H4GGJ94B,,"Catnip Ball Toy, Rotatable Cat Treat Toy, Hanging Cat Play Accessory for Indoor Cats"
一致,16,B0H3PHM1XL,SP-youqishua-1.5,图图,图图,B0H3PB736Q,油漆刷1.5,"Single Angled/Flat Paint Brush, Solid Wooden Handle Stain Brush, Premium Bristle Sash Brush for Wall Trim, Varnish, Furniture DIY Home Painting"
工具未内置该 ASIN,17,B0H9WXTDJP,KCC-MYQ-NG,凯旋,,B0H94R2RMG,沐浴球,"Yellow Pumpkin Bath Loofah Ball, Soft Mesh Shower Sponge, Rich Foam Body Scrubber for Women and Daily Bathing, 6.3 Inch"
一致,18,B0H2HQBV1D,KCC-LJTTZ-4,凯旋,凯旋,B0H2HMH9K8,垃圾桶贴纸,"4Pcs Funny Cartoon Face Trash Can Stickers, Removable PVC Self‑Adhesive Wall Decals for Toilet Bin Refrigerator Tile Glass Decor"
一致,19,B0GZVSXHSW,KCC-BHQ-LV,凯旋,凯旋,B0GZV46QKN,薄荷器,"Rotating Catnip Ball Toy, Wall Mounted Interactive Cat Chew Toy for Indoor Cats, Calming Lickable Catnip Treat Toy"
一致,20,B0GZV6L95C,KCC-CWSZ-LAN,凯旋,凯旋,B0GZVBHFX8,宠物刷子,"Pet Bath Brush With Shampoo Dispenser, Silicone Massage Grooming Brush For Dogs Cats, Soft Shower Scrubber For Daily Bath"
一致,21,B0GVRYH9SS,SP-dengsan04-60,图图,图图,B0GVQHM358,登山扣,"10 Pack Heavy Duty Locking Carabiner, Strong Aluminum Alloy D-Ring Carabiner Clip for Outdoor Hiking Camping Fishing and Backpack Use"
一致,22,B0H44S2FNX,SP-baosixietao-1,图图,图图,B0H4ZLFGS6,硅胶保湿,"Reusable Silicone Foot Mask Socks, Moisturizing Gel Foot Cover for Dry Cracked Heels, Washable Soft Foot Spa Socks for Lotion Absorption"
一致,23,B0H1QVMG17,SP-fangtangjia-1,图图,图图,B0H1QP7PPS,防烫夹,"Silicone Food Tongs, Heat Resistant Kitchen Tongs, Non-Stick Cooking Tongs for Salad, BBQ, Grilling, Serving"
一致,24,B0H1V7Z5HC,KCC-MNWXL-CHENG,凯旋,凯旋,B0H1VKJ3JW,迷你万向轮,"4Pcs 0.5 Inch Mini Nylon Casters, Small Fixed Red Wheel Casters for Furniture Drawers Cabinets"
一致,25,B0GYQ3JX2V,LLD-TPE-BLUE,cccady,cccady,B0HC8JPL48,TPE拉力带-蓝色,"Flat Resistance Band for Yoga, Pilates, Stretching and Home Workouts, Latex-Free Exercise Band"
一致,26,B0H28H5HW8,KCC-YXJL-YIN,凯旋,凯旋,B0H285PRJ3,银心脚链,"Silver-Tone Sparkling Crystal Heart Bracelet, Adjustable Rhinestone Love Pendant Chain Bracelet for Women"
一致,27,B0GWM322X6,KCC-JLBH-B,凯旋,凯旋,B0GWM4BKBF,脚裸保护,"Adjustable Ankle Support Brace, Breathable Stabilizer Sleeve for Running, Basketball, Fitness,Sprain Prevention, Compression Wrap for Men Women"
一致,28,B0GTTYKMX1,KCC-qicheruanmaoshua-duan,凯旋,凯旋,B0GTKNBJ45,汽车内饰软毛刷,"Car Interior Soft Brush Set, Short Handle Combo, Lint-Free Microfiber Bristles, Scratch-Free Cleaning Brushes for Car Dashboard, Air Vents, Seats, Console, Windows（Short）"
一致,29,B0H4QY2Q6R,SP-sirong-black,图图,图图,B0H4R5Y4WB,化妆包丝绒黑,"Mini Travel Cosmetic Bag, Velvet Zipper Makeup Pouch with Embroidered Letter, Portable Toiletry Organizer for Women"
一致,30,B0H4KZPVKJ,WESSP-shouyao02-zhenzhu,图图,图图,B0H4LHVZC1,收腰扣珍珠,"Multi-Style Alloy Waist Buckles, Adjustable Pants Waist Tightener Cinch Clips for Women 4 Pack"
一致,31,B0H3L58ML4,KCC-BSJT-ZI,凯旋,凯旋,B0H3L14FSM,保湿脚套,"1 Pair Reusable Silicone Foot Mask Socks, Food-Grade TPR Moisturizing Foot Care Socks, Soft Exfoliating Spa Foot Cover for Dry Cracked Heels Foot Treatment"
负责人不一致,32,B0GS8HPL7V,KC-19-01,图图,凯旋,B0GS8KFR4R,手机链,Keychain for Men Women - Durable Metal Key Chain with Key Ring Car Key Accessory
一致,33,B0H2HCN84Y,KCC-BMFSL-1,凯旋,凯旋,B0H2HJLHH1,斑马粉脚链,"Natural Pink Zebra Stone Beaded Bracelet, 8mm Heart Charm Healing Energy Stress Relief Bracelet For Women"
一致,34,B0H757YZKL,SP-guashihezi-1,图图,图图,B0H758HSKT,,"Hanging Refrigerator Organizer Bin, Clear Fridge Side Door Storage Caddy for Sauce Packets Condiment Small Kitchen Supplies"
一致,35,B0GZF595K3,LLD-TPE-GREEN,cccady,cccady,B0HC8JPL48,TPE拉力带-绿色,"Flat Resistance Band for Yoga, Pilates, Stretching and Home Workouts, Latex-Free Exercise Band"
一致,36,B0H3PJKBH3,SP-youqishua-2,图图,图图,B0H3PB736Q,油漆刷2,"Single Angled/Flat Paint Brush, Solid Wooden Handle Stain Brush, Premium Bristle Sash Brush for Wall Trim, Varnish, Furniture DIY Home Painting"
一致,37,B0H1HFVNKG,SP-modao-1,图图,图图,B0H1HP96NM,磨刀器,"4-Stage Knife Sharpener, Adjustable Angle Diamond Ceramic Sharpening Tool, Stainless Steel Non-Slip Base for Kitchen Knives Scissors"
一致,38,B0H2H2CZVC,SP-jiyagao-g,图图,图图,B0H2GW2WP7,挤牙膏工具绿色,"Cute Cartoon Toothpaste Squeezer, Plastic Tube Dispenser, Multi-Functional Bathroom Kitchen Gadget for Home Decor"
工具未内置该 ASIN,39,B0HCBF3H82,KCC-SQQJS1-2,凯旋,,B0H4F84574,神奇清洁刷,"2 Pack Reusable Rubber Rust Remover Eraser, Multipurpose Stain Limescale Eraser for Faucet Sink Iron Metal Surface Cleaning"
工具未内置该 ASIN,40,B0HBWCJLYN,KCC-YJH-HH,凯旋,,B0H2HJTZ7S,眼镜盒,"Colorful Mandala Bohemian Neoprene Sunglasses Case, Soft Zipper Shock Resistant Eyeglass Storage Pouch, Lightweight Travel Protective Glasses Bag For Optical Glasses & Sunglasses"
一致,41,B0H3PJ2QYR,SP-youqishua-1,图图,图图,B0H3PB736Q,油漆刷1,"Single Angled/Flat Paint Brush, Solid Wooden Handle Stain Brush, Premium Bristle Sash Brush for Wall Trim, Varnish, Furniture DIY Home Painting"
一致,42,B0H2HJ6TYZ,KCC-YJD-2,凯旋,凯旋,B0H2HQPLDJ,眼镜带,"Adjustable Sports Glasses Lanyards, 13.78‑Inch Anti‑Slip Eyewear Straps For Running Basketball Swimming Daily Use"
一致,43,B0H1W8RZ85,SP-yash-1,图图,图图,B0H1WRQK1W,压蒜器,"Press Garlic Chopper, Manual Garlic Cutter Mincer, Stainless Steel Blade Garlic Presser for Kitchen Cooking"
一致,44,B0H1W4SSJY,SP-juanchi-2,图图,图图,B0H1WBL1W3,卷尺,"2Pcs Body Measuring Tape, 150cm/60inch Soft Sewing Tailor Ruler, Flexible Fabric Tape for Body Measurement"
一致,45,B0H1HJGY6D,SP-doujianggl-2,图图,图图,B0H1HMNP84,豆浆过滤,"2Pcs Nylon Filter Bags, Ultra Fine Mesh Strainer, Reusable Soymilk Juice Filter for Almond Milk Yogurt Wine Residue Food Prep"
一致,46,B0H116YWBF,SP-bingxiang04-zhi,图图,图图,B0GZVPL8WD,冰箱贴叶子,"6 PCS Pink Leaf Pattern Ceramic Fridge Magnets, Minimalist Flat Decorative Magnets Set for Home Kitchen Refrigerator Office Metal Surface Decor"
一致,47,B0GZVD35D2,KCC-LSWJ-CHENG,凯旋,凯旋,B0GZVCDD47,漏食玩具,"Adjustable Dog Treat Dispensing Toy, Interactive Wobble Slow Feeder Puzzle Toy for Small Dogs Daily Enrichment"
一致,48,B0GTLCHCRJ,SP-TUTU-SEQ-05,图图,图图,B0GTLSHRJ9,宠物玩具,"Puppy Teething Rope Toys Set, Dog Rope Knot Chew Toys, Interactive Tug Toys for Small and Medium Dogs"
一致,49,B0GTLKTK5X,SP-TUTU-DEQ-03,图图,图图,B0GTM367JY,宠物玩具,"Cotton Dog Rope Knots Set, Puppy Teething Chew Toys, Interactive Training Play Toys for Small & Medium Breeds"
负责人不一致,50,B0GS8NN1KJ,KC-07-01,图图,凯旋,B0GS8KFR4R,手机链,"Beaded Cell Phone Strap for Women, Stylish Bead Wrist Lanyard, Decorative Phone Accessory"
一致,51,B0H94LH1W4,SP-candian-ye,图图,图图,B0H94M4GRJ,,"Golden Foil Leaf Placemat, Waterproof Non-Slip PVC Table Mat, Heat Resistant Leaf Shape Coaster for Dining Table Decor, Nordic Light Luxury Tableware Pad Single Pack"
一致,52,B0H4LC5J69,WESSP-shouyao02-duokuan,图图,图图,B0H4LHVZC1,收腰扣多款,"Multi-Style Alloy Waist Buckles, Adjustable Pants Waist Tightener Cinch Clips for Women 4 Pack"
负责人不一致,53,B0H4GJBX2K,WESKCC-JLBH-B,凯旋,cccady,B0H4GR6RDC,,"One Pair Ankle Support Brace, Adjustable Ankle Wrap, Ankle Stabilizer for Sports and Fitness Activities"
一致,54,B0GZBHJXWC,KFLZ-Y-White-68,cccady,cccady,B0HBB92HG4,圆形咖啡滤纸-白色68mm,"100 Count Round Disposable Coffee Filters for Coffee Makers, Natural Wood Pulp Paper"
一致,55,B0H3P57B8V,SP-youqishua-2.25,图图,图图,B0H3PB736Q,油漆刷2.25,"Single Angled/Flat Paint Brush, Solid Wooden Handle Stain Brush, Premium Bristle Sash Brush for Wall Trim, Varnish, Furniture DIY Home Painting"
一致,56,B0H3N96CPL,SP-zhuantou-1,图图,图图,B0H3N6CJLD,紧固件驱动钻头,"105 Degree Right Angle Drill Adapter, 1/4 Inch Hex Shank Drill Bit Extension, Heavy Duty Angle Driver Attachment for Cordless Drill & Impact Screwdriver"
一致,57,B0H3MQGSPF,SP-niuniule-green,图图,图图,B0H3MWDZ44,扭扭解压绿色,"1PCS Colorful Sensory Twister, Silicone Stress Relief Gadget, Tactile Tool for Adult Office Relaxation"
一致,58,B0H398M6PS,KCC-HWJJT-YIN,凯旋,凯旋,B0H38YNB8J,急救毯,"2 Pack Portable Outdoor Emergency Blanket, Waterproof Thermal Survival Blanket for Camping Hiking Backpacking First Aid Kit"
一致,59,B0H1HP2BCJ,SP-guaigou-2,图图,图图,B0H1HKKBJB,挂钩,"2 Pack Adhesive Wall Hooks, No Drilling Heavy Duty Self Adhesive Hooks, Waterproof Transparent Hanger for Bathroom Kitchen Door Towel Coat Key"
一致,60,B0H151BW7M,KCC-feipan-12cm,凯旋,凯旋,B0H151BW7M,飞盘,"Multi Size Woven Round Placemat Set, Heat Resistant Non Slip Rope Mats for Dining Table Kitchen Pot Holders"
一致,61,B0GY8WCKK8,KCC-GGYF-LXL,凯旋,凯旋,B0GY8SFB8H,狗狗衣服,"Cute Daisy Floral Dog Sundress, Breathable Lightweight Summer Pet Dress As Daily Casual Outfit for Small Puppy and Small Breed Dogs(XL)"
一致,62,B0GY2L764N,SP-XIE2-Z44/45,公司,公司,B0GY2YYSHW,溯溪沙滩鞋,"Comfortable Water Shoes for Women Men, Anti-Slip Quick Dry Aqua Socks for Pool Beach"
一致,63,B0GXZ4CWV7,KCC-SZ-24,凯旋,凯旋,B0GXYRFYY6,手帐,"24 Pack Multi Pattern Journal Stencils, Reusable Planner Drawing Templates for Bullet Diary Notebook DIY Craft Decoration"
一致,64,B0GVN55M1F,SP-shouyao01-zhenzhu,图图,图图,B0GVNB58BZ,收腰扣,"Waist Buckle Set for Women, Adjustable Pant Button Extender, Variety Styles Alloy Waist Cinch Clips, 4 Pieces Pack"
一致,65,B0GTLNC3QV,SP-09-01,图图,图图,B0GTLFQ6M1,勺子,"Espresso Coffee Spoons Set of 2, Gold & Silver Small Demitasse Spoons, Stainless Steel Tea Dessert Spoons"
一致,66,B0H2LG6HGD,SP-daosuiji-1,图图,图图,B0H2LPF3LY,食物捣碎器,"Multifunctional Kitchen Chopper Tool, Heat Resistant Nylon Mixer Masher, Ergonomic Non-Slip Handle for Daily Cooking"
工具未内置该 ASIN,67,B0HC469Y3C,TTCA-Towel-grey,cccady,,B0HC46CXJ3,冷感运动毛巾-灰色,"Cooling Sports Towel, Quick Dry Fitness Towel for Gym Yoga Running Camping Golf Hiking Travel and Workouts, Gray"
工具未内置该 ASIN,68,B0H9XV761M,KCC-XHYBJ-ZUO,凯旋,,B0H9Y63FP1,小黄鸭摆件,"Angry Yellow Duck Figurine, 3D Printed Mini Desktop Duck Ornament, Funny Cartoon Desk Decoration, Sitting"
工具未内置该 ASIN,69,B0H9XXXNYF,KCC-XHYBJ-ZHAN,凯旋,,B0H9Y63FP1,小黄鸭摆件,"Angry Yellow Duck Figurine, 3D Printed Mini Desktop Duck Ornament, Funny Cartoon Desk Decoration, Standing"
工具未内置该 ASIN,70,B0H9WHHVRL,KCC-NMJT-1,凯旋,,B0H94T31LX,纳米胶贴,"1 mm Thick x 3 cm Wide x 1 m Long, 3.8 cm Core，Clear Double Sided Nano Tape, Waterproof Removable Acrylic Mounting Tape, Trial Pack"
一致,71,B0H835M3SR,SP-tiezhi-l500,图图,图图,B0H82ZRD75,标签蓝色,"30 Sheets Blank Write-On Pantry Label Roll, Self Adhesive Blue Border Tags for Jars Canisters Food Containers"
一致,72,B0H6FCBTFQ,SP-huaping-1,图图,图图,B0H6FCDMJ7,,"Plant Propagation Station, Lid Hydroponic Plastic Planter Jars, Desktop Plant Propagator Vases for Home Office Table Decor, Gift for Plant Lovers (Transparent)"
一致,73,B0H4QRQG3B,SP-tuopan-y,图图,图图,B0H4R5Y4WB,托盘彩色,"Stainless Steel Nail Art Storage Tray, Metal Cosmetic Organizer, Multi-Use Beauty Accessories Holder"
一致,74,B0H4R4D423,SP-sirong-red,图图,图图,B0H4R5Y4WB,化妆包丝绒红,"Mini Travel Cosmetic Bag, Velvet Zipper Makeup Pouch with Embroidered Letter, Portable Toiletry Organizer for Women"
一致,75,B0H4QR33RZ,SP-suihua-blue,图图,图图,B0H4R5Y4WB,化妆包碎花蓝,"Floral Quilted Makeup Bag, Large Capacity Hair Dryer Storage Bag, Portable Multi-Functional Travel Organizer for Women"
一致,76,B0H2HSQTGJ,KCC-KPBLYSK-3,凯旋,凯旋,B0H2HQ66B8,卡皮巴拉钥匙扣,"3Pcs Cute Capybara Keychains, Cartoon PVC Soft Rubber Animal Key Rings For Bag Purse Car Key Decor Gift"
一致,77,B0H1WXDKYF,SP-feizao-1,图图,图图,B0H1X7H5SV,肥皂盒,"Travel Soap Dish with Lid and Drain Tray, Plastic Soap Holder"
一致,78,B0H1VL2QFY,SP-youhu-1,图图,图图,B0H1V452L4,油壶,"2 in 1 Glass Oil Sprayer Dispenser, 450ml Olive Oil Spray Bottle for Kitchen Cooking Air Fryer Grilling Salad Baking, Black"
一致,79,B0H1V7F452,SP-xiguashaozi-1,图图,图图,B0H1VDF3G1,食物西瓜勺,"Stainless Steel Watermelon Scoop, Long Handle Fruit Baller, Ice Cream Melon Baller Cutter Kitchen Tool"
一致,80,B0GZYQQSBN,YQ-QWER-2026420-AMD-5,凯旋,凯旋,B0GZYYFCCC,硅胶洗脚垫,"Foot Scrubber Mat for Shower- Feet Scrubber Massager with Suction Cups, Silicone Shower Foots Cleaner for Bathroom Home Spa Travel (Yellow)"
一致,81,B0GZ3B6QJ1,KCC-shengjie-1,凯旋,凯旋,B0GZ35VK9P,宠物玩具,"Arm Dog Rope Toy, Interactive Multi Tug Chew Toy for Small Dogs, Teething Multi Direction Rope Toy for Pet Daily Play"
一致,82,B0GY2BQ5D4,SP-XIE1-F40/41,公司,公司,B0GY2YYSHW,溯溪沙滩鞋,"Quick Dry Water Shoes for Men Women, Anti-Slip Lightweight Aqua Socks for Beach Swim Pool"
一致,83,B0GY2YZG8K,SP-XIE6-Q40/41,公司,公司,B0GY2YYSHW,溯溪沙滩鞋,"Aqua Socks Water Shoes for Men Women, Anti-Slip Quick Dry Swim Shoes for Pool"
一致,84,B0GXZP9S32,SP-zhiwu-01,图图,图图,B0GXZLR6FM,植物置物架,"Cute Frog Plant Stand, 5Pcs Reusable Plant Support Clips, Decorative Vine Holder for Potted Plants Succulents Garden Decor (Green)"
一致,85,B0GWLB7MST,SP-XIE-Z42/43,公司,公司,B0GWL9YZNY,溯溪沙滩鞋,Men Women Water Shoes Quick Dry Non Slip Barefoot Shoes Lightweight Breathable Beach Swim Surf Yoga Outdoor Sports Aqua Socks
一致,86,B0GWL2WLT3,SP-XIE-Z36/37,公司,公司,B0GWL9YZNY,溯溪沙滩鞋,Men Women Water Shoes Quick Dry Non Slip Barefoot Shoes Lightweight Breathable Beach Swim Surf Yoga Outdoor Sports Aqua Socks
一致,87,B0GWL7JD19,SP-XIE-H40/41,公司,公司,B0GWL9YZNY,溯溪沙滩鞋,Men Women Water Shoes Quick Dry Non Slip Barefoot Shoes Lightweight Breathable Beach Swim Surf Yoga Outdoor Sports Aqua Socks
一致,88,B0GWJ28VVZ,QS-084-44/45,公司,公司,B0GQBP3SH9,溯溪沙滩鞋,"Snorkeling Water Shoes for Men Women, Non Slip Rubber Sole, Quick Dry Beach Shoes"
一致,89,B0GWH5KTSM,KCC-JSDK-L,凯旋,凯旋,B0GWGP64SB,跑步紧身短裤,5 Pack Men's High Stretch Athletic Base Quick Dry Breathable Short Tights for Workout Gym Running Multicolor
一致,90,B0GVS8NC5V,KCC-HW-1,凯旋,凯旋,B0GVSFHY63,健身护腕,"Weightlifting Wrist Wraps, Adjustable Fitness Wrist Support, Compression Wrist Straps for Gym Workout Weight Lifting Training"
一致,91,B0GVR9M7BQ,SP-dengsan03-50,图图,图图,B0GVQHM358,登山扣,"Multiuse Small Aluminum Carabiner Clips, Lightweight Locking Carabiner for Keys Water Bottles Camping Hiking and Outdoor Gear,10 Pack"
一致,92,B0GV317D7P,KCC-fangqiegeshoutao-XL,凯旋,凯旋,B0GV317D7P,防切割手套,"HPPE Nitrile Sandy Finish Cut Resistant Gloves, EN 388 Level 5 Protection, Safety Work Gloves for Kitchen, Gardening, Construction, Men & Women"
一致,93,B0GTLZ8HH3,SP-TUTU-SLQ-04,图图,图图,B0GTLSNPPB,宠物玩具,"Bone Shaped Dog Rope Toys, Heavy Duty Cotton Chew Toys, Teething & Interactive Play Set for Small to Medium Dogs"
负责人不一致,94,B0GS8GKWH1,KC-26-01,图图,凯旋,B0GS8GKWH1,手机链,"Kawaii Dopamine Beaded Phone Lanyard, Colorful Cute Phone Charm for Phone Case"
一致,95,B0GQBY72Q5,QS-029-42/43,公司,公司,B0GQBP3SH9,溯溪沙滩鞋,"Snorkel Swim Water Shoes Unisex, Non Skid Rubber Sole, Stretch Fit Beach Shoes Black"
一致,96,B0H2FJYSVR,YJQ-Ball-Pink,cccady,cccady,B0HBK3P2R6,普拉提小球-粉色,"Small Exercise Ball, Mini Pilates Ball for Yoga, Core Training, Pink"
一致,97,B0H3NKP2K8,KCC-XHYB-HONG,凯旋,凯旋,B0H3NJ4FBD,小号药包,"Single Empty Travel First Aid Pouch, Portable Oxford Cloth Mini Medical Storage Bag with Embroidered Cross, Small Emergency Medicine Organizer for Home Car Camping Travel"
一致,98,B0H1RKLGR2,KCC-SJBLC-LAN,凯旋,凯旋,B0H1MWXYRZ,三角比例尺,"300mm Triangular Architect Scale Ruler, Aluminum Drafting Scale with 6 Scales for Engineering Blueprints"
工具未内置该 ASIN,99,B0HC4GC85N,TTCA-Towel-pink,cccady,,B0HC46CXJ3,冷感运动毛巾-粉色,"Cooling Sports Towel, Quick Dry Fitness Towel for Gym Yoga Running Camping Golf Hiking Travel and Workouts, Pink"
工具未内置该 ASIN,100,B0HC48VRVJ,TTCA-Fishtail-Ribbon-Wit,cccady,,B0HC4829W2,鱼尾纱花束包装纸-白色-无卷芯,"Fishtail Ribbon Trim, Aurora White Bouquet Wrap Tie for Floral Arrangements, Gift Packaging, DIY Craft Decor"
工具未内置该 ASIN,101,B0HBW1TV45,KCC-YJH-MTL,凯旋,,B0H2HJTZ7S,眼镜盒,"Boho Mandala Print Neoprene Sunglasses Case, Soft Zipper Eyeglass Storage Pouch With Detachable Carabiner, Shock Resistant Travel Protective Glasses Bag For Optical & Sun Glasses"
工具未内置该 ASIN,102,B0HB4QYX2H,KCC-SCGL-Y,凯旋,,B0HB4NDTFT,水槽过滤,"Stainless Steel Sink Strainer Basket, Kitchen Sink Drain Filter Mesh Basket for Food Scraps, Reusable Drain Catcher, Stainless Steel Color, 4.33 Inch"
一致,103,B0H94TD6Z6,KCC-JT-B,凯旋,凯旋,B0H94XX8BN,胶贴,"Gray Self-Adhesive Window Screen Repair Tape, Fiberglass Mesh Patch Roll, 5cm x 2m for Window Door Screen Mesh Repair"
一致,104,B0H94T4PJR,SP-fajialian-2,图图,图图,B0H94SC7FS,,"Starfish Hair Clip Chain with Matching Starfish Hair Clip, Boho Ocean Beach Hair Accessory Set for Women Summer Hairstyle Decor"
一致,105,B0H8RPM3LR,WESSP-mianjiao-diao,图图,图图,B0H8RR7QB5,,"No Glue Required Fake Under Eyelashes, Natural Soft Reusable Bottom Lashes with Multiple Styles for Daily Makeup Look"
一致,106,B0H8NSQBGQ,WESSP-baosixietao-1,图图,图图,B0H8P3C3Z8,,"Reusable Washable Silicone Foot Cover Socks, Soft Gel Lotion Holding Foot Spa Socks to Lock Skin Care Lotion for Daily Foot Care"
一致,107,B0H838LLMS,SP-tiezhi-lk500,图图,图图,B0H82ZRD75,标签蓝空白色,"500 Sheets Blank Write-On Pantry Label Roll, Self Adhesive Blue Border Tags for Jars Canisters Food Containers"
一致,108,B0H7F9Y37Y,Slide-ZD-White-9,cccady,cccady,B0H7FN6981,,"Foldable EVA Slide Sandals, Pearl White, US Size 9"
一致,109,B0H75974GT,SP-diaokehua-1,图图,图图,B0H74ZCLDL,,"2D Acrylic Fairy Mushroom Plant Stake, Butterfly Wing Elf Decorative Flower Pot Pick for Succulent Garden Balcony Yard Ornament"
一致,110,B0H5NQL47D,SP-xiangquan1-38-lan,图图,图图,B0H5NQJPLY,猫咪项圈蓝色,"8-Month Long Lasting Pet Neck Collar for Dogs & Cats, Adjustable Waterproof Daily Wearing Collar, Skin Friendly Hypoallergenic Pet Accessory"
一致,111,B0H5NTRGC7,SP-xiangquan1-62-lan,图图,图图,B0H5NQJPLY,狗狗项圈蓝色,"8-Month Long Lasting Pet Neck Collar for Dogs & Cats, Adjustable Waterproof Daily Wearing Collar, Skin Friendly Hypoallergenic Pet Accessory"
一致,112,B0H5J37TVL,SP-citouxi-hui,图图,图图,B0H5HWXW1D,刺头玩具,"Suction Cup Cat Toy with Dual Feather Wands, Interactive Self-Play Cat Scratcher & Teething Toy for Indoor Cats"
一致,113,B0H4V7VCG7,SP-aixin2-whlite,图图,图图,B0H4TYGCLP,化妆包爱心白,"Plush Heart-Shaped Cosmetic Bag, Soft Square Makeup Pouch, Creative Quilted Toiletry Organizer for Women"
一致,114,B0H4R3PZQY,SP-fanbu-xin,图图,图图,B0H4R5Y4WB,化妆包帆布心,"Floral Print Canvas Cosmetic Bag, Multi-Use Zipper Pouch, Portable Travel Makeup Organizer for Women"
一致,115,B0H4LHWP8M,WESSP-dadan-1,图图,图图,B0H4L5CLDP,打蛋器,"Handheld Double Hole Dough Mixer, Stainless Steel Manual Egg Beater Flour Stirrer for Baking & Cooking"
一致,116,B0H4H9FNNL,FlipFlops-ZD-MistGrey-8,cccady,cccady,B0HB5DXJHK,,"Foldable Flip Flops for Men and Women Portable Lightweight Non-Slip Quick Dry Travel Sandals, Mist Grey, Size 8"
一致,117,B0H4HKW9ZM,FlipFlops-ZD-SunshineYellow-8,cccady,cccady,B0HB5DXJHK,,"Foldable Flip Flops for Men and Women Portable Lightweight Non-Slip Quick Dry Travel Sandals, Sunshine Yellow, Size 8"
一致,118,B0H1BQ7NM6,LLD-FColor-5,cccady,cccady,B0HCBJP4X2,拉力片-五色套装,"Resistance Band Set for Workout and Stretching, 5 Levels, 5-Piece Set"
一致,119,B0GZB4TZMX,KFLZ-Y-White-53,cccady,cccady,B0HBB92HG4,圆形咖啡滤纸-白色53mm,"100 Count Round Disposable Coffee Filters for Coffee Makers, Natural Wood Pulp Paper"
一致,120,B0GZB52M4R,KFLZ-Y-Natural-68,cccady,cccady,B0HBB92HG4,圆形咖啡滤纸-原色68mm,"100 Count Round Disposable Coffee Filters for Coffee Makers, Natural Wood Pulp Paper"
一致,121,B0GYQBXTQH,LLD-TPE-PINK,cccady,cccady,B0HC8JPL48,TPE拉力带-粉色,"Flat Resistance Band for Yoga, Pilates, Stretching and Home Workouts, Latex-Free Exercise Band"
一致,122,B0H4FDW4MT,SP-gaoerfujia-grey,图图,图图,B0H4FD5SZR,高尔夫球夹灰色,"Portable Golf Ball Holder, Clip On Golf Ball Pouch, Practical Golf Accessories, Easy to Attach on Golf Bag & Cart, Novelty Gift for Golfers Men Women"
一致,123,B0H4F3YK9F,KCC-NZ4JT-4,凯旋,凯旋,B0H4F4XRFG,镊子4件套,"4Pcs Eyebrow Tweezers Set, Matte Pink Stainless Steel Precision Tweezers with Flat/Slant/Hook/Point Tips, Professional Facial Hair Plucking Kit with Storage Pouch for Makeup"
一致,124,B0H45H4SH5,SP-kaipingqi-1,图图,图图,B0HCZGM9BM,开瓶器,"Manual Hands‑Free Tin Cutter, Smooth Edge Manual Can Opener, Practical Kitchen Gadget for Daily Household Use"
一致,125,B0H45924RR,KCC-STK-AE-XL,凯旋,凯旋,B0HDB3X9SL,沙滩裤,"Mens Swim Trunks, Palm Tree Print Board Shorts with Drawstring Waist for Resort and Summer Casual Getaways"
一致,126,B0H3VBSMBX,KCC-WXZJ-1,凯旋,凯旋,B0H3TYVMDN,蚊香支架,"Single Stainless Steel Mosquito Coil Holder, Round Ventilated Cover Incense Burner, Fireproof Mesh Mosquito Repellent Coil Tray for Indoor Outdoor Home Patio Use"
一致,127,B0H3PCLX9Q,SP-mojinghe1-3,图图,图图,B0H3S89CDJ,眼镜盒,"3 Slots Foldable Eyeglasses Storage Case, PU Leather Multiple Sunglasses Organizer, Portable Multi Glasses Box for Travel"
一致,128,B0H3PF39X3,SP-panfa-2,图图,图图,B0H3PHWPN3,发带卷头发,"Sponge Hair Bun Maker, Donut Hair Shaper Styling Tool, Quick Foam Hair Twist Curler for DIY Chignon Updo Hairstyle for Women Girls"
一致,129,B0H3NT3PBM,KCC-YSQ-1,凯旋,凯旋,B0H3P458JF,压蒜器,"Single Stainless Steel Rocker Garlic Press, Ergonomic ABS Handle Garlic Mincer Squeezer, Easy Clean Curved Garlic Crusher Tool for Home Kitchen Cooking"
一致,130,B0H3MZGFC7,SP-niuniule-purple,图图,图图,B0H3MWDZ44,扭扭解压紫色,"1PCS Colorful Sensory Twister, Silicone Stress Relief Gadget, Tactile Tool for Adult Office Relaxation"
一致,131,B0H2MKCY3R,QS-2706-40/41,公司,公司,B0GQBS64JX,溯溪沙滩鞋,"Water Shoes for Women Men, Quick Dry Swim Footwear for Beach Pool Resort River Cruise Lake Travel Pair, 2706, Adult Travel"
一致,132,B0H2HSTH6Q,KCC-CD-4,凯旋,凯旋,B0H2HWV8J6,餐垫,"4Pcs Boho Mandala Round Wooden Coasters, Heat‑Resistant Non‑Slip Trivets for Hot Pots Pans Table Kitchen Decor"
一致,133,B0H2HMTDFG,KCC-MTLQB-1,凯旋,凯旋,B0H2HSZ194,猫头零钱包,"Cute Cartoon Cat Print Kiss‑Lock Coin Purse, Mini PU Leather Clutch Pouch For Coins Keys Earbuds Small Accessories"
一致,134,B0H2HBWW7R,KCC-FD6872SL-1,凯旋,凯旋,B0H2HQ2GWQ,FD6872手链,"Natural Indian Agate 6mm Beaded Bracelet, Multi-Color Healing Energy Elastic Stone Bracelet for Women"
一致,135,B0H2H7VDQV,KCC-ZJSL-ZI,凯旋,凯旋,B0H2HC7PGB,紫晶手链,"Natural Purple Crystal Beaded Bracelet, 8mm Adjustable Elastic Healing Stone Bracelet For Women Men"
一致,136,B0H2GQFK7P,SP-rongqigai-6,图图,图图,B0H2HGT5T6,容器盖6,"Silicone Can Covers, Reusable Leak-Proof Beverage Lids, Universal Protective Caps for Soda Beer Juice Standard Cans"
一致,137,B0H2H2LQ64,SP-jiaobandadan-1,图图,图图,B0H2GRTX7H,搅拌打蛋器,"Stainless Steel Handheld Whisk, a Versatile Metal Mixer Perfect for Egg Beating, Blending and Stirring in Kitchen Cooking and Baking"
一致,138,B0H25VH1KH,SP-TU-TTQ-04,图图,图图,B0GYXBVR59,甜甜圈,"12cm Red White Color Dog Ring Rope Chew Toy, Durable Interactive Tug Toy, Non Slip Pet Teething Toy for Puppy Teeth Cleaning"
一致,139,B0H2413W96,QS-151-40/41,公司,公司,B0GQBS64JX,溯溪沙滩鞋,"Beach Shoes for Women Men, Aqua Socks, Lightweight Water Footwear, River Dock Fishing Lake Travel Pair"
一致,140,B0H1W44MSZ,SP-qingjieshuang-2,图图,图图,B0H1W7TT9M,清洁刷,"3Pcs Window Door Track Cleaning Brushes, Hard-to-Reach Gap Cleaner, Ergonomic Handle for Home Office Bathroom Kitchen"
一致,141,B0H1SBKXH8,QS-126-36/37,公司,公司,B0GQBS64JX,溯溪沙滩鞋,"Beach Shoes for Women Men, Aqua Socks, Quick Dry Water Footwear, Pool Resort Cruise Beach Hotel Travel Pair"
一致,142,B0H1S3CGVF,QS-113-40/41,公司,公司,B0GQBS64JX,溯溪沙滩鞋,"Aqua Socks for Women Men, Water Shoes, Lightweight Swim Footwear, Pool Beach Cruise River Vacation Pair"
一致,143,B0H1RZ84PF,QS-128-44/45,公司,公司,B0GQBS64JX,溯溪沙滩鞋,"Pool Shoes for Women Men, Aqua Socks, Swim Footwear, Quick Dry Beach Lake Resort Cruise Summer Travel Pair"
一致,144,B0H1S44XPS,QS-138-40/41,公司,公司,B0GQBS64JX,溯溪沙滩鞋,"Barefoot Water Socks for Women Men, Aqua Shoes, Swim Footwear, Beach Pool Resort Cruise Summer Travel Pair"
一致,145,B0H1RGRPPT,KCC-YSTBHT-3,凯旋,凯旋,B0H1MBDTQS,牙刷头保护套,"3 Pack Cute Mushroom Toothbrush Covers, Portable Protective Cases With Clip For Travel Bathroom"
一致,146,B0H1QYJHCM,SP-hongbeidian-1,图图,图图,B0H1QZZ5MK,烘焙垫2,"2 Pack PTFE Oven Liners, Non-Stick Reusable Oven Bottom Mats, Heat Resistant Baking Mat for Gas Electric Oven"
一致,147,B0H1PS5J84,KCC-DHGTZ-600,凯旋,凯旋,B0H1PGVC1W,电焊管套组,"600Pcs Solder Seal Wire Connectors Kit, Heat Shrink Waterproof Electrical Terminals for AWG10‑24"
一致,148,B0H1HK4VMY,SP-tudouyani-1,图图,图图,B0H1H7CZ1B,土豆压泥器,"Stainless Steel Potato Masher, Ergonomic Handle Wave Design, Heavy Duty Vegetable Bean Masher for Smooth Mashed Potatoes Baby Food"
一致,149,B0H1CGLVSZ,SP-qiepian-1,图图,图图,B0H1CQQDYS,切片器,"Lemon Tomato Food Tongs, Manual Fruit Slicer Holder, Round Fruit Cutting Stand, Kitchen Gadget for Lemon Lime Orange Tomato"
一致,150,B0H1HKHR7K,SP-FPtaozu-12feng,图图,图图,B0H1HCTD7L,粉扑粉色,"14Pcs Makeup Sponge Puff Set, Beauty Blenders & Mini Puffs, Soft Cotton Foundation Blending Sponges for Powder Cream Liquid Makeup"
一致,151,B0H1FL741V,KCC-CCQ-CHENG,凯旋,凯旋,B0H1FSPR6N,除草器,"Hand Weeder Tool With Ergonomic Handle, Aluminum Alloy Gardening Weed Puller For Planting Transplanting"
一致,152,B0H1D5YFY2,QS-089-38/39,公司,公司,B0GQBS64JX,,Comfort Foldable Beach Shoes Non Slip Water Shoes for Women Men
一致,153,B0H1D8YQSX,QS-072-38/39,公司,公司,B0GQBP3SH9,,"Water Shoes for Men Women, Anti Skid Rubber Sole, Slip On, for Rafting Kayak"
一致,154,B0H14XX9LN,SP-xiaojing1-hl,图图,图图,B0H14Z7J9N,小镜子红色+绿色,"Compact Hair Brush with Mirror, 2-in-1 Foldable Pocket Comb, Mini Travel Hairbrush with Mirror for Girls Women, Portable On-the-Go Hair Styling Tool"
一致,155,B0H11KG7KB,KC-B21-L,图图,图图,B0HD6F5MYH,,Women Sexy Lightweight Triangle Bikini Top Adjustable Tie Back Bathing Suit Top
一致,156,B0GZZVDFV3,SP-shouna-luzi,图图,图图,B0GZZMTTF5,收纳包,"2 Pcs Mini Storage Bag, Portable Square Cosmetic Pouch, Lightweight Travel Organizer Bag Small Makeup Storage Pouch for Home Travel Daily Use Multicolor"
一致,157,B0GZZ2V719,YQ-QWER-2026420-AMD-2,凯旋,凯旋,B0GZYYFCCC,硅胶洗脚垫,"Foot Scrubber Mat for Shower- Feet Scrubber Massager with Suction Cups, Silicone Shower Foots Cleaner for Bathroom Home Spa Travel (Grey)"
一致,158,B0GZY44LZR,SP-huanbao-xing,图图,图图,B0GZYMCQXS,折叠环保包杏色,"Reusable Cotton Mesh Grocery Bag, Expandable Net Tote Bag for Fruits, Vegetables, Produce, Beach and Shopping"
一致,159,B0GZY62HQG,SP-huanbao-hei,图图,图图,B0GZYMCQXS,折叠环保包黑色,"Reusable Cotton Mesh Grocery Bag, Expandable Net Tote Bag for Fruits, Vegetables, Produce, Beach and Shopping"
一致,160,B0GZVWBQ5B,SP-bingxiang02-hua,图图,图图,B0GZVPL8WD,冰箱贴花2,"4 PCS Vintage Hand Painted Floral Ceramic Fridge Magnets Set, Retro Flower Decorative Magnets for Home Kitchen Refrigerator Whiteboard Ornament"
一致,161,B0GZV6CQ3K,KCC-XLYQ-LV,凯旋,凯旋,B0GZVB5XMB,笑脸圆球,"Cartoon Dog Latex Squeaky Ball Toy, Textured Interactive Chew Ball for Small Dogs, Teething Fetch Toy for Pet Daily Play"
一致,162,B0GYXBTF5R,SP-TU-6SJ-01,图图,图图,B0GYXBTF5R,6绳结,"Multi-Arm Cotton Rope Tug Toy, 30CM Interactive Chew Toy for Small/Medium Dogs, Teething, Training & Boredom Relief"
一致,163,B0GY2S3DSV,SP-XIE1-F36/37,公司,公司,B0GY2YYSHW,溯溪沙滩鞋,"Quick Dry Water Shoes for Men Women, Anti-Slip Lightweight Aqua Socks for Beach Swim Pool"
一致,164,B0GY2PY8L2,SP-XIE4-L40/41,公司,公司,B0GY2YYSHW,溯溪沙滩鞋,"Protective Water Shoes with Anti-Slip Sole, Quick Dry Aqua Socks for Women Men"
一致,165,B0GXYT9354,KCC-FJ-5,凯旋,凯旋,B0GXYV653D,发夹,"5 Pack Multi Style Decorative Hair Clips Set, Pearl Crystal Side Hair Barrettes As Daily Hairstyle Accessories For Women Outfit Styling"
一致,166,B0GXHDDQHX,QS-015-44/45,公司,公司,B0GQBS64JX,溯溪沙滩鞋,Breathable Water Shoes Non Slip Beach Shoes for Women Men Outdoor Sports
一致,167,B0GXHMK7GF,QS-013-44/45,公司,公司,B0GQBS64JX,溯溪沙滩鞋,"Rafting Water Shoes Unisex, Non Slip Rubber Sole, Stretch Fit Slip On Aqua Shoes"
一致,168,B0GX1BTTFX,QS-022-38/39,公司,公司,B0GQBS64JX,溯溪沙滩鞋,Breathable Water Shoes Non Slip Quick Dry Shoes for Beach Swimming
一致,169,B0GX1DF7ZK,QS-087-38/39,公司,公司,B0GQBP3SH9,溯溪沙滩鞋,"Water Shoes Men Women, Non Slip Sole, Quick Dry, for Creek Hiking Beach Travel"
一致,170,B0GWM1MJGW,KCC-WSDJB-K,凯旋,凯旋,B0GWLZCV14,网纱单肩包,"Mesh Beach Tote Bag With Zipper, Quick Dry Waterproof Sand Free Bag For Travel, Pool, Gym, Weekend Getaway"
一致,171,B0GWL9WD8Y,SP-XIE-F36/37,公司,公司,B0GWL9YZNY,溯溪沙滩鞋,Men Women Water Shoes Quick Dry Non Slip Barefoot Shoes Lightweight Breathable Beach Swim Surf Yoga Outdoor Sports Aqua Socks
一致,172,B0GWKS87BC,SP-XIE-S44/45,公司,公司,B0GWL9YZNY,溯溪沙滩鞋,Men Women Water Shoes Quick Dry Non Slip Barefoot Shoes Lightweight Breathable Beach Swim Surf Yoga Outdoor Sports Aqua Socks
一致,173,B0GWL3GRS9,SP-XIE-H38/39,公司,公司,B0GWL9YZNY,溯溪沙滩鞋,Men Women Water Shoes Quick Dry Non Slip Barefoot Shoes Lightweight Breathable Beach Swim Surf Yoga Outdoor Sports Aqua Socks
一致,174,B0GWL4ZKYM,SP-XIE-F42/43,公司,公司,B0GWL9YZNY,溯溪沙滩鞋,Men Women Water Shoes Quick Dry Non Slip Barefoot Shoes Lightweight Breathable Beach Swim Surf Yoga Outdoor Sports Aqua Socks
一致,175,B0GWL2KY5F,SP-XIE-S42/43,公司,公司,B0GWL9YZNY,溯溪沙滩鞋,Men Women Water Shoes Quick Dry Non Slip Barefoot Shoes Lightweight Breathable Beach Swim Surf Yoga Outdoor Sports Aqua Socks
一致,176,B0GWL9PP46,SP-XIE-F44/45,公司,公司,B0GWL9YZNY,溯溪沙滩鞋,Men Women Water Shoes Quick Dry Non Slip Barefoot Shoes Lightweight Breathable Beach Swim Surf Yoga Outdoor Sports Aqua Socks
一致,177,B0GWL24F3M,SP-XIE-Q42/43,公司,公司,B0GWL9YZNY,溯溪沙滩鞋,Men Women Water Shoes Quick Dry Non Slip Barefoot Shoes Lightweight Breathable Beach Swim Surf Yoga Outdoor Sports Aqua Socks
一致,178,B0GWL4RQQ1,SP-XIE-F38/39,公司,公司,B0GWL9YZNY,溯溪沙滩鞋,Men Women Water Shoes Quick Dry Non Slip Barefoot Shoes Lightweight Breathable Beach Swim Surf Yoga Outdoor Sports Aqua Socks
一致,179,B0GWL64S8S,SP-XIE-Z40/41,公司,公司,B0GWL9YZNY,溯溪沙滩鞋,Men Women Water Shoes Quick Dry Non Slip Barefoot Shoes Lightweight Breathable Beach Swim Surf Yoga Outdoor Sports Aqua Socks
一致,180,B0GWHWJ64G,QS-016-36/37,公司,公司,B0GQBS64JX,溯溪沙滩鞋,"Surf Water Shoes for Men Women, Anti Slip Rubber Sole, Stretch Upper, Quick Dry"
一致,181,B0GWJ233SY,QS-029-44/45,公司,公司,B0GQBP3SH9,溯溪沙滩鞋,"Snorkel Swim Water Shoes Unisex, Non Skid Rubber Sole, Stretch Fit Beach Shoes Black"
一致,182,B0GVJTGYMY,SP-mianjiao-diao,图图,图图,B0GVJZ98H4,免胶假睫毛,"Adhesive-Free Lower Eyelashes, Natural Look Fake Bottom Lashes, Reusable Multiple Styles Soft Under Lashes for Daily Makeup"
一致,183,B0GVJKPCD3,KCC-mianqian-1,凯旋,凯旋,B0GTL5WC9K,棉签,"Double Head Cotton Swabs, Wooden Stick Cotton Buds, Disposable Soft Cotton Tips for Ear Cleaning, Makeup, Pet Care and Daily Cleaning"
一致,184,B0GV337TG2,KCC-dingqingshoutao-L-honghei,凯旋,凯旋,B0GV337TG2,丁晴手套,"3 Pairs Nylon Lined Nitrile Coated Work Gloves, Dipped Rubber Non-Slip Safety Gloves for Gardening, Construction, Household & Men"
一致,185,B0GTLYL3XB,SP-08-01,图图,图图,B0GTLH8KVW,勺子,"Stainless Steel Demitasse Spoons Set of 2, Gold Silver Mini Espresso Coffee Spoons, Small Spoons for Tea Dessert"
一致,186,B0GTLT1HHF,SP-TUTU-DQ-02,图图,图图,B0GTLRDCTR,宠物玩具,"Durable Dog Rope Chew Toys, Bone Shape Teething Toys, Interactive Tug of War Rope Toys for Small to Medium Dogs"
一致,187,B0GTLQPNTQ,SP-TUTU-YMB-07,图图,图图,B0GTLNLWP9,宠物玩具,"Dog Rope Knot Chew Toy Set, Teething Relief Toys, Interactive Tug of War Play Toys for Small & Medium Dogs"
一致,188,B0GTKH6PCG,KCC-shoushishounahe-28,凯旋,凯旋,B0GTKB7C9R,首饰收纳盒,"28 Grid Jewelry Storage Box, Plastic Jewelry Organizer with Removable Dividers for Earrings, Rings, Necklaces, Bracelets, Portable Clear Jewelry Case for Home & Travel"
负责人不一致,189,B0GS8G6K68,KC-18-01,图图,凯旋,B0GS8KFR4R,手机链,Keychain for Men Women - Durable Metal Key Chain with Key Ring Car Key Accessory
负责人不一致,190,B0GS89ZDRG,KC-23-03,图图,凯旋,B0GS8KFR4R,手机链,Keychain for Men Women - Durable Metal Key Chain with Key Ring Car Key Accessory
负责人不一致,191,B0GS8M9LS3,KC-01-01,图图,凯旋,B0GS8KFR4R,手机链,"2 Pcs Random Style Keychains for Men Women, Durable Key Chain with Key Ring, Car Key Accessories"
一致,192,B0GQBS5KJJ,QS-071-42/43,公司,公司,B0GQBP3SH9,溯溪沙滩鞋,Quick Dry Foldable Water Shoes Comfort Non Slip Beach Walking Shoes
一致,193,B0GQBNF49L,QS-015-42/43,公司,公司,B0GQBS64JX,溯溪沙滩鞋,Breathable Water Shoes Non Slip Beach Shoes for Women Men Outdoor Sports
一致,194,B0GQBT5JD9,QS-051-42/43,公司,公司,B0GQBZY2T5,溯溪沙滩鞋,"Beach Aqua Shoes Unisex, Non Slip Rubber Sole, Comfortable Insole, for Ocean"
一致,195,B0GQBR7MKR,QS-084-40/41,公司,公司,B0GQBP3SH9,溯溪沙滩鞋,"Snorkeling Water Shoes for Men Women, Non Slip Rubber Sole, Quick Dry Beach Shoes"
一致,196,B0GQBZ5217,QS-015-40/41,公司,公司,B0GQBS64JX,溯溪沙滩鞋,Breathable Water Shoes Non Slip Beach Shoes for Women Men Outdoor Sports
一致,197,B0GL916YJS,ZD003-White-7/8,公司,公司,B0GL9J1BLX,折叠拖鞋002白,"Foldable EVA Flip Flops for Women Men, Wide Strap Non-Slip Travel Sandals, Lightweight Quick-Drying Beach Slippers for Vacation, Pool & Shower"
一致,198,B0H77FDN3F,Spraybottle-Grey-cc1,cccady,cccady,B0H77FDN3F,复古玻璃喷壶-200ml款式1-彩色,"Vintage Glass Plant Mister Spray Bottle, 200ml Decorative Water Sprayer for Indoor Plants, Grey"
一致,199,B0H3KXLW3T,KCC-FZQNH-ZI,凯旋,凯旋,B0H3L2LCLP,仿真牵牛花,"Single Hanging Artificial Trumpet Flower Bush, 29.53 Inch Plastic Fake Hanging Floral Vine, Faux Trailing Flowers for Wall Basket Wedding Home Hotel Office Decor"
一致,200,B0H2MBYWQV,QS-2617-36/37,公司,公司,B0GQBS64JX,溯溪沙滩鞋,"Water Shoes for Women Men, Water Footwear for Beach Pool Spa Hotel River Lake Cruise Travel Pair, 2617, Adult Travel"
一致,201,B0H2GTRJV1,SP-jiyagao-y,图图,图图,B0H2GW2WP7,挤牙膏工具黄色,"Cute Cartoon Toothpaste Squeezer, Plastic Tube Dispenser, Multi-Functional Bathroom Kitchen Gadget for Home Decor"
一致,202,B0H2813QBX,KCC-CWW-1,凯旋,凯旋,B0H283TQKG,宠物碗,"Cat Bowls, Tilted Stainless Steel Pet Bowl, Removable Non Slip Feeder for Cats and Small Dogs, Food Water Bowl"
一致,203,B0H1D59KV4,QS-037-44/45,公司,公司,B0GQBS64JX,,"Unisex Water Shoes, Quick Dry Beach Shoes, Anti Skid Rubber Sole, for Travel"
一致,204,B0GY92J1JD,KCC-GGYF-HXL,凯旋,凯旋,B0GY8SFB8H,狗狗衣服,"Cute Daisy Floral Dog Sundress, Breathable Lightweight Summer Pet Dress As Daily Casual Outfit for Small Puppy and Small Breed Dogs(XL"
一致,205,B0GXHT74M5,QS-083-36/37,公司,公司,B0GQBP3SH9,溯溪沙滩鞋,Lightweight Aqua Shoes Quick Dry Water Shoes for Beach Pool Activities
负责人不一致,206,B0GS8XL36M,KC-03-01,图图,凯旋,B0GS8KFR4R,手机链,Keychain for Men Women - Durable Metal Key Chain with Key Ring Car Key Accessory
负责人不一致,207,B0GS8XH3LL,KC-23-01,图图,凯旋,B0GS8KFR4R,手机链,Keychain for Men Women - Durable Metal Key Chain with Key Ring Car Key Accessory
一致,208,B0GQC2ZHDW,QS-094-40/41,公司,公司,B0GQBS64JX,溯溪沙滩鞋,"Unisex River Trek Water Shoes, Anti Skid Sole, Durable Outsole, Quick Dry"
一致,209,B0H8C298PP,SP-shuqian-zi,图图,图图,B0H8BS1F8F,书签,"1 Pack Purple Apple Slice Acrylic Bookmark, Transparent Fruit Page Marker for Book Lovers Reading Journal Gift"
一致,210,B0H77KVSJR,Spraybottle-Brown-cc1,cccady,cccady,B0H77KVSJR,复古玻璃喷壶-200ml款式3-彩色,"Vintage Glass Plant Mister Spray Bottle, 200ml Decorative Water Sprayer for Indoor Plants, Brown"
一致,211,B0H757ZDDM,SP-diaokejianying-1,图图,图图,B0H74ZCLDL,,"Metal Mouse On Stool Plant Stake, Cute Silhouette Garden Art Decorative Flower Pot Marker for Succulent Potted Plants Yard"
一致,212,B0H5NRQYTL,SP-xiangquan1-38-hui,图图,图图,B0H5NQJPLY,猫咪项圈灰色,"8-Month Long Lasting Pet Neck Collar for Dogs & Cats, Adjustable Waterproof Daily Wearing Collar, Skin Friendly Hypoallergenic Pet Accessory"
一致,213,B0H5CFKKXS,SP-chumao-hui,图图,图图,B0H5CGMQGD,除毛,"Dual-Sided Pet Hair Remover Brush, Large Surface Lint Cleaner for Cat Dog Fur on Couch, Clothes, Bedding"
一致,214,B0H59X9G81,WESKCC-chuanwa-6se,凯旋,凯旋,B0H5BBR3JR,,"6 Pairs Men's No Show Socks, Low Cut Liner Socks, Multicolor Invisible Socks For Daily Casual Wear"
一致,215,B0H4ZKSMFK,SP-yanjingqiang1-1,图图,图图,B0H4ZQZNNP,置物架眼镜盒,"Adhesive Wall Mount Eyeglasses Holder, Clear Acrylic Sunglasses Storage Organizer, No Drill Glasses Rack for Bathroom Vanity Bedroom Cabinet Wall"
一致,216,B0H4T7JFNB,KCC-FHBWB-HEI,凯旋,凯旋,B0H4SNVS2K,户外保温杯,"30 Oz Non Slip Textured Travel Tumbler With Carry Handle And Flip Straw, Leakproof Stainless Steel Drink Mug For Driving Outdoor Use"
一致,217,B0H4SPQF52,KCC-FHBWB-BAI,凯旋,凯旋,B0H4SNVS2K,户外保温杯,"30 Oz Non Slip Textured Travel Tumbler With Carry Handle And Flip Straw, Leakproof Stainless Steel Drink Mug For Driving Outdoor Use"
一致,218,B0H4SWX2ZD,KCC-FHBWB-HUI,凯旋,凯旋,B0H4SNVS2K,户外保温杯,"30 Oz Non Slip Textured Travel Tumbler With Carry Handle And Flip Straw, Leakproof Stainless Steel Drink Mug For Driving Outdoor Use"
一致,219,B0H4SNSQGY,KCC-QB1-1,凯旋,凯旋,B0H4T18PCH,钱包,"Mini Lock Clip Coin Purse, Genuine Leather Portable Storage Bag, Solid Color Small Wallet for Women"
一致,220,B0H4R3VD5F,SP-tuopan-j,图图,图图,B0H4R5Y4WB,托盘金,"Stainless Steel Nail Art Storage Tray, Metal Cosmetic Organizer, Multi-Use Beauty Accessories Holder"
一致,221,B0H4RBC8KS,SP-fanbu-hua,图图,图图,B0H4R5Y4WB,化妆包帆布花,"Floral Print Canvas Cosmetic Bag, Multi-Use Zipper Pouch, Portable Travel Makeup Organizer for Women"
一致,222,B0H4LDKQJ4,WESSP-B14-L,图图,图图,B0H4L56X4Y,泳衣红色,String Bikini Tops for Women Sexy Triangle Bathing Suit Tops Adjustable Tie Back Swim Tops Black
一致,223,B0H4HFHXR2,FlipFlops-ZD-ClassicBlack-8,cccady,cccady,B0HB4TD2TW,,"Foldable Flip Flops for Men and Women Portable Lightweight Non-Slip Quick Dry Travel Sandals, Classic Black, Size 8"
一致,224,B0H4H4DT9L,FlipFlops-ZD-RoseRed-9,cccady,cccady,B0HB4TD2TW,,"Foldable Flip Flops for Men and Women Portable Lightweight Non-Slip Quick Dry Travel Sandals, Rose Red, Size 9"
一致,225,B0H4H6MHDJ,FlipFlops-ZD-LemonYellow-8,cccady,cccady,B0HB4TD2TW,,"Foldable Flip Flops for Men and Women Portable Lightweight Non-Slip Quick Dry Travel Sandals, Lemon Yellow, Size 8"
负责人不一致,226,B0H4GK35YG,WESKCC-JSDK-L,凯旋,cccady,B0H4GS8LB8,,"5 Pack Men's Boxer Briefs, Pocket Long Leg Underwear, Multipack Daily Wear Boxers for Male Daily and Travel Scenes Multicolor"
一致,227,B0H45TL91Y,XXB-Reed-Sticks-Natural,cccady,cccady,B0H45TL91Y,香薰挥发棒-原色藤条50支,Generic Diffuser Replacement Sticks 22cm Natural Fiber 50 Count
一致,228,B0H2SHMV95,Sock-5-S-White,cccady,cccady,B0HBL686YK,防滑五指瑜伽袜-白色,"Women's Non-Slip Five-Toe Yoga Grip Socks, Cotton Pilates Barre Low Cut Socks, White"
一致,229,B0H2FSBZ4Z,KFLZ-Y-White-58,cccady,cccady,B0HBB92HG4,,"100 Pack Disposable Coffee Filters, Round Paper Filters for Coffee Makers, Natural Wood Pulp Filter Paper"
一致,230,B0GWZX4VNF,Pet-Ldq-Brown,cccady,cccady,B0HB5YC4VY,猫咪铃铛项圈-深棕色,"Velvet Pet Collar with Bell, Adjustable Collar for Cats and Small Dogs, Daily Wear and Indoor Outdoor Use, Dark Brown"
一致,231,B0H21Y6GCJ,Coffee-LZ-SV02-100,cccady,cccady,B0HBKCQD8V,咖啡滤纸-V02-100片,"Unbleached V Shape Coffee Filters V02, 100 Count, Disposable Paper Filters for Drip Coffee Makers"
一致,232,B0GXFJJCJH,Pet-XQ-ReW65,cccady,cccady,B0HBMV3966,舒缓宠物项圈-白色,"Pet Collar for Dogs & Cats 65cm, Adjustable Waterproof Collar for Daily Wear"
一致,233,B0GXF9M547,Pet-XQ-ReG38-4,cccady,cccady,B0HBMS9LGN,舒缓项圈4条装-猫款38cm,"Pet Collar for Cats 38cm, Adjustable Waterproof Collar, 4 Pack"
一致,234,B0H2S9D5YP,Sock-5-S-Blue,cccady,cccady,B0HBL686YK,防滑五指瑜伽袜-蓝色,"Women's Non-Slip Five-Toe Yoga Grip Socks, Cotton Pilates Barre Low Cut Socks, Blue"
一致,235,B0GZB23F6H,KFLZ-Y-Natural-60,cccady,cccady,B0HBB92HG4,圆形咖啡滤纸-原色60mm,"100 Count Round Disposable Coffee Filters for Coffee Makers, Natural Wood Pulp Paper"
一致,236,B0H2S9MR7T,Sock-5-L-Green,cccady,cccady,B0HBLJ4MK2,,"Women's Non-Slip Five-Toe Yoga Grip Socks, Cotton Pilates Barre Crew Socks, Green"
一致,237,B0H2S8R3P1,Sock-5-S-Purple,cccady,cccady,B0HBL686YK,防滑五指瑜伽袜-紫色,"Women's Non-Slip Five-Toe Yoga Grip Socks, Cotton Pilates Barre Low Cut Socks, Purple"
一致,238,B0H2FGHVXD,YJQ-Ball-CloudPink,cccady,cccady,B0HBK3P2R6,普拉提小球-云彩粉,"Small Exercise Ball, Mini Pilates Ball for Yoga, Core Training, Cloud Pink"
一致,239,B0GZB6CTDS,KFLZ-Y-White-60,cccady,cccady,B0HBB92HG4,圆形咖啡滤纸-白色60mm,"100 Count Round Disposable Coffee Filters for Coffee Makers, Natural Wood Pulp Paper"
一致,240,B0H2S9T917,Sock-5-S-Green,cccady,cccady,B0HBL686YK,防滑五指瑜伽袜-草绿,"Women's Non-Slip Five-Toe Yoga Grip Socks, Cotton Pilates Barre Low Cut Socks, Green"
一致,241,B0GZRN9RMR,Coffee-FH-51,cccady,cccady,B0HBGDL165,咖啡接粉环-银色,"Magnetic Espresso Dosing Ring for 51mm Portafilter, Mess-Reducing Coffee Funnel"
一致,242,B0GZRX9M9C,Coffee-FH-58,cccady,cccady,B0HBGDL165,咖啡接粉环-银色,"Magnetic Espresso Dosing Ring for 58mm Portafilter, Mess-Reducing Coffee Funnel"
一致,243,B0GWZWDLC3,Pet-Ldq-Green,cccady,cccady,B0HB5YC4VY,猫咪铃铛项圈-苹果绿,"Velvet Pet Collar with Bell, Adjustable Collar for Cats and Small Dogs, Daily Wear and Indoor Outdoor Use, Light Green"
一致,244,B0H45F4ZLP,KCC-STK-AM-XL,凯旋,凯旋,B0HDB3X9SL,沙滩裤,"Mens Swim Trunks, Mini Pineapple Print Board Shorts with Drawstring Waist for Resort and Summer Casual Trips"
一致,245,B0H457GMLL,KCC-STK-AP-L,凯旋,凯旋,B0HDB3X9SL,沙滩裤,"Mens Swim Trunks, Banana Print Board Shorts with Drawstring Waist for Resort and Summer Casual Outings"
一致,246,B0H457B86X,KCC-STK-A5-L,凯旋,凯旋,B0HDB3X9SL,沙滩裤,"Mens Swim Trunks, Patriotic Flag Print Board Shorts with Drawstring Waist for Holiday and Resort Casual Activities"
一致,247,B0H3TW3M4Z,KCC-YZBKMJ-LAN,凯旋,凯旋,B0H3V18TV1,圆柱冰块磨具,"Single Round Plastic Toothpick Holder, Smooth PP Toothpick Dispenser Container, Compact Desktop Toothpick Storage Jar for Home Kitchen Restaurant Table Decor"
一致,248,B0H3PHPN27,SP-huazhuang2tou-2,图图,图图,B0H3PJ2HB3,化妆刷 2 头,"2 Pack Dual End Makeup Brushes, 2-in-1 Foundation Concealer Brush Set, Synthetic Vegan Blush Contour Brush for Liquid Cream Powder Cosmetics"
一致,249,B0H3P6GLC5,SP-youqishua-2kuan,图图,图图,B0H3PB736Q,油漆刷2宽,"Single Angled/Flat Paint Brush, Solid Wooden Handle Stain Brush, Premium Bristle Sash Brush for Wall Trim, Varnish, Furniture DIY Home Painting"
一致,250,B0H3NH4FJC,SP-baojiaozi-1,图图,图图,B0H3NNMSTQ,包饺子工具,"Dumpling Maker Mold, Manual Empanada Pierogi Press Wrapper Mold, Quick Dumpling Wrapper Cutter & Sealer Tool for Home Kitchen Making Dumplings"
一致,251,B0H3NCR6DS,SP-mopan-1,图图,图图,B0H3N5M16J,调味料磨盘,"Manual Pepper Grinder, Stainless Steel Top Spice Mill with Clear Glass Bottle, Adjustable Coarseness Salt Pepper Shaker for Kitchen Cooking, BBQ & Dining"
一致,252,B0H3N85YXB,SP-luoyedai-1,图图,图图,B0H3N1959R,落叶袋,"79 Gallon Reusable Garden Leaf Bags, Heavy Duty Yard Waste Bags with Reinforced Handles, Collapsible Lawn Bags for Leaves, Grass Clippings, Gardening"
一致,253,B0H3N7FMYW,KCC-FZMD-BAI,凯旋,凯旋,B0H3MWTSLF,仿真牡丹,"Single Artificial Peony Bouquet, 11.8 Inch Faux Ranunculus Flower Bush with Buds & Green Leaves, Fake Silk Flowers for Vase Centerpiece Wedding Home Table Decor"
一致,254,B0H2VN8CKS,QCGS-EMJLH-JIANBIAN,凯旋,凯旋,B0H2VS5ZDY,,"2 Pack Devil‑Horn Heart Car Pull Ring, Universal Interior Hanging Ornament Strap for Automotive Modification"
负责人不一致,255,B0H2MFTBDY,QC-DB-CHUNTANHEI-6,公司,未分配,B0H2MDQ1Y3,,"6 Speed Carbon Fiber Shift Knob Kit, Universal Manual Gear Shifter with Multi‑Thread Adapters for Automotive Interior Modification"
负责人不一致,256,B0H2M6HRV1,QC-DB-H-black,公司,未分配,B0H2MKR6M2,,"Universal 6 Speed Knurled Aluminum Alloy Gear Shift Knob with 4 Adapters, Racing Shifter Head for Car & Sim Racing"
一致,257,B0H2MFGQQN,QS-2623-42/43,公司,公司,B0GQBS64JX,溯溪沙滩鞋,"Water Shoes for Women Men, Barefoot Water Footwear for Pool Beach Cruise River Dock Vacation Pair, 2623, Adult Travel"
一致,258,B0H2MBV8ST,QS-C115-40/41,公司,公司,B0GQBS64JX,溯溪沙滩鞋,"Water Shoes for Women Men, Lightweight Swim Shoes for Beach Hotel Pool Lake Marina Resort Travel Pair, C115, Adult Travel"
一致,259,B0H2MHXM9M,QS-2624-38/39,公司,公司,B0GQBS64JX,溯溪沙滩鞋,"Water Shoes for Women Men, Slip On Pool Shoes for Beach Resort Shower Cruise Dock Travel Footwear, 2624, Adult Travel"
一致,260,B0H2MGVWTN,QS-2529-42/43,公司,公司,B0GQBS64JX,溯溪沙滩鞋,"Water Shoes for Women Men, Aqua Socks, Foldable Water Shoes for Beach Pool River Lake Cruise Trip Pair, 2529, Adult Travel"
一致,261,B0H2MD7CG1,QS-2629-38/39,公司,公司,B0GQBS64JX,溯溪沙滩鞋,"Water Shoes for Women Men, Aqua Socks, Slip On Swim Shoes for Beach Pool Lake Boat Resort Travel Pair, 2629, Adult Travel"
一致,262,B0H2MD3LW2,QS-C119-38/39,公司,公司,B0GQBS64JX,溯溪沙滩鞋,"Water Shoes for Women Men, Lightweight Swim Shoes for Beach Hotel Pool Lake Marina Resort Travel Pair, C119, Adult Travel"
一致,263,B0H2MC4Y7S,QS-2610-40/41,公司,公司,B0GQBS64JX,溯溪沙滩鞋,"Water Shoes for Women Men, Lightweight Swim Shoes for Beach Hotel Pool Lake Marina Resort Travel Pair, 2610, Adult Travel"
一致,264,B0H2M95J21,QS-2515-38/39,公司,公司,B0GQBS64JX,溯溪沙滩鞋,"Water Shoes for Women Men, Lightweight Swim Shoes for Beach Hotel Pool Lake Marina Resort Travel Pair, 2515, Adult Travel"
一致,265,B0H2MBYWXT,QS-2624-40/41,公司,公司,B0GQBS64JX,溯溪沙滩鞋,"Water Shoes for Women Men, Slip On Pool Shoes for Beach Resort Shower Cruise Dock Travel Footwear, 2624, Adult Travel"
一致,266,B0H2M8N5N5,QS-2623-40/41,公司,公司,B0GQBS64JX,溯溪沙滩鞋,"Water Shoes for Women Men, Barefoot Water Footwear for Pool Beach Cruise River Dock Vacation Pair, 2623, Adult Travel"
一致,267,B0H2MLTH4V,QS-2561-38/39,公司,公司,B0GQBS64JX,溯溪沙滩鞋,"Water Shoes for Women Men, Aqua Socks, Slip On Swim Shoes for Beach Pool Lake Boat Resort Travel Pair, 2561, Adult Travel"
一致,268,B0H2MG3BCQ,QS-2618-40/41,公司,公司,B0GQBS64JX,溯溪沙滩鞋,"Water Shoes for Women Men, Quick Dry Swim Footwear for Beach Pool Resort River Cruise Lake Travel Pair, 2618, Adult Travel"
一致,269,B0H2MD3LL8,QS-2610-38/39,公司,公司,B0GQBS64JX,溯溪沙滩鞋,"Water Shoes for Women Men, Lightweight Swim Shoes for Beach Hotel Pool Lake Marina Resort Travel Pair, 2610, Adult Travel"
一致,270,B0H2MJMTB8,QS-2532-40/41,公司,公司,B0GQBS64JX,溯溪沙滩鞋,"Water Shoes for Women Men, Slip On Pool Shoes for Beach Resort Shower Cruise Dock Travel Footwear, 2532, Adult Travel"
一致,271,B0H2MLB1P1,QS-2624-42/43,公司,公司,B0GQBS64JX,溯溪沙滩鞋,"Water Shoes for Women Men, Slip On Pool Shoes for Beach Resort Shower Cruise Dock Travel Footwear, 2624, Adult Travel"
一致,272,B0H2M5TFDK,SP-luosi1-19,图图,图图,B0H2LVLBWZ,螺丝19,"100PCS Pack of 8 Screws, Available in 5/8 inch and 3/4 inch Lengths, Sufficient for DIY, Furniture Assembly and Metal Repair."
一致,273,B0H2LMCW2K,SP-pukeshoula-1,图图,图图,B0H2LDYSGY,收纳盒扑克,"Transparent Plastic Card Storage Box, Portable Game Card Organizer, Desktop Holder for Playing Cards Business Cards"
一致,274,B0H2LFLQ5J,SP-jingangshua-1,图图,图图,B0H2LG4WYZ,金刚刷,"Nano Emery Sponge Cleaning Block, Abrasive Scrub Pad, Heavy Duty Kitchen Cleaner for Pots, Pans and Surfaces"
一致,275,B0H2LL95CG,SP-baoxianhe-2,图图,图图,B0H2LHQLV1,保鲜盒,"2 Pack Divided Bento Lunch Box, 4 Compartment Snack Storage Container with Clear Lid for Office Travel Use"
一致,276,B0H2HQ8GVK,KCC-HDYSK-1,凯旋,凯旋,B0H2HPZ32Y,蝴蝶钥匙扣,"Inspirational Heart Butterfly Keychain, Stainless Steel Engraved Positive Quote Keyring Encouragement Gift For Women Girls"
一致,277,B0H2HFTW3W,KCC-BXMYFZZM-1,凯旋,凯旋,B0H2HFNFLF,波西米亚风针织帽,"Boho Floral Printed Slouchy Beanie for Women, Soft Stretch Ethnic Pattern Chemo Cap 20.47-23.62 Inch Head Circumference Multicolor"
一致,278,B0H2GV9CB2,SP-jiyagao-w,图图,图图,B0H2GW2WP7,挤牙膏工具白色,"Cute Cartoon Toothpaste Squeezer, Plastic Tube Dispenser, Multi-Functional Bathroom Kitchen Gadget for Home Decor"
一致,279,B0H2GQ6QV7,SP-magicruler-22,图图,图图,B0H2GSYWJC,玩具游戏,"Magic Ruler, Scratch Art Kit, 22 Pcs Drawing Stencil Set for Creative Activities and Travel Play"
一致,280,B0H2GMKXRM,SP-jiyagao-b,图图,图图,B0H2GW2WP7,挤牙膏工具棕色,"Cute Cartoon Toothpaste Squeezer, Plastic Tube Dispenser, Multi-Functional Bathroom Kitchen Gadget for Home Decor"
一致,281,B0H2DJ8SD6,KCC-ZDSJZJ-1,凯旋,凯旋,B0H2DLJBKS,手机架,"Adjustable Foldable Aluminum Phone Stand, Multi Angle Desktop Holder for Smartphone Tablet Hands Free Viewing"
一致,282,B0H2841KB6,KCC-GGQYS-HEI,凯旋,凯旋,B0H27TRCTG,狗狗牵引绳,"Reflective No Pull Dog Harness with Leash, Adjustable Breathable Pet Vest for Small Medium Dogs"
一致,283,B0H1W7PVDR,KCC-MYSSL-1,凯旋,凯旋,B0H1W5BP2G,猫眼石手链,"Cat's Eye Beaded Stretch Bracelet With Butterfly Charm, Adjustable Fashion Jewelry For Women Daily Wear"
一致,284,B0H1W56GH9,SP-huazhuangshua-5,图图,图图,B0H1W932ZM,化妆刷,"5Pcs Portable Makeup Brush Set with Mirror Box, Mini Travel Cosmetic Brushes for Powder Blush Foundation Eyeshadow"
一致,285,B0H1W2B6YM,SP-yuanpaosi-1,图图,图图,B0H1W9Y249,圆刨丝器,"Multi-Functional Kitchen Spiral Grater, Rotating Vegetable Peeler Slicer, Manual Spiralizer for Carrot Cucumber Potato"
一致,286,B0H1VY6PW8,KCC-M8PZLS-10TAO,凯旋,凯旋,B0H1VK8V8G,M8膨胀螺丝,"10Sets M8 Metal Wall Anchors with M5 Screws, Heavy‑Duty Expansion Bolt Kits for Concrete Drywall Brick"
一致,287,B0H1VFBVL9,KCC-LBWG-10GE,凯旋,凯旋,B0H1VHTD8P,铝箔碗盖,"10Pcs Disposable Aluminum Foil Elastic Bowl Covers, Universal Stretch‑Fit Food Storage Lids For Kitchen Fresh‑Keeping"
一致,288,B0H1S2QJLX,QS-039-38/39,公司,公司,B0GQBW741V,,"Protective Water Shoes Unisex, Non Slip Rubber Outsole, for Reef Ocean Beach"
一致,289,B0H1RZKT11,QS-039-44/45,公司,公司,B0GQBW741V,,"Protective Water Shoes Unisex, Non Slip Rubber Outsole, for Reef Ocean Beach"
一致,290,B0H1S214DJ,QS-039-36/37,公司,公司,B0GQBW741V,,"Protective Water Shoes Unisex, Non Slip Rubber Outsole, for Reef Ocean Beach"
一致,291,B0H1RWN2FG,QS-122-36/37,公司,公司,B0GQBS64JX,溯溪沙滩鞋,"Swim Shoes for Women Men, Water Shoes, Aqua Socks, Slip On Boat Lake Camping Shower Beach Travel Footwear Pair"
一致,292,B0H1S5V6VT,QS-123-40/41,公司,公司,B0GQBS64JX,溯溪沙滩鞋,"Beach Shoes for Women Men, Aqua Socks, Water Shoes, Quick Dry Pool River Lake Cruise Resort Travel Pair"
一致,293,B0H1S6XY2Q,QS-139-40/41,公司,公司,B0GQBS64JX,溯溪沙滩鞋,"Barefoot Water Socks for Women Men, Aqua Shoes, Pool Footwear, River Lake Beach Resort Summer Travel Pair"
一致,294,B0H1S1FMNC,QS-136-44/45,公司,公司,B0GQBS64JX,溯溪沙滩鞋,"Surf Shoes for Women Men, Aqua Socks, Water Footwear, Quick Dry Beach Pool Resort Summer Vacation Travel Pair"
一致,295,B0H1S17WKN,QS-133-38/39,公司,公司,B0GQBS64JX,溯溪沙滩鞋,"River Shoes for Women Men, Aqua Socks, Swim Footwear, Lightweight Kayaking Dock Beach Summer Travel Pair"
一致,296,B0H1RSSMLQ,QS-134-40/41,公司,公司,B0GQBS64JX,溯溪沙滩鞋,"Lake Shoes for Women Men, Aqua Socks, Water Footwear, Quick Dry Beach Pool Cruise Summer Vacation Travel Pair"
一致,297,B0H1RLRRRB,QS-138-36/37,公司,公司,B0GQBS64JX,溯溪沙滩鞋,"Barefoot Water Socks for Women Men, Aqua Shoes, Swim Footwear, Beach Pool Resort Cruise Summer Travel Pair"
一致,298,B0H1RV2MCX,QS-112-38/39,公司,公司,B0GQBS64JX,溯溪沙滩鞋,"Aqua Socks for Women Men, Water Shoes, Barefoot Swim Footwear, Resort Pool Lake Yoga Beach Travel Pair"
一致,299,B0H1RYTWPG,QS-102-36/37,公司,公司,B0GQBS64JX,溯溪沙滩鞋,"Water Shoes for Women Men, Aqua Socks, Quick Dry Swim Shoes, Slip On Beach Pool River Lake Cruise Travel Footwear"
一致,300,B0H1S34VJZ,QS-138-38/39,公司,公司,B0GQBS64JX,溯溪沙滩鞋,"Barefoot Water Socks for Women Men, Aqua Shoes, Swim Footwear, Beach Pool Resort Cruise Summer Travel Pair"
一致,301,B0H1RZFY8J,QS-139-42/43,公司,公司,B0GQBS64JX,溯溪沙滩鞋,"Barefoot Water Socks for Women Men, Aqua Shoes, Pool Footwear, River Lake Beach Resort Summer Travel Pair"
一致,302,B0H1RYPY1X,QS-111-38/39,公司,公司,B0GQBS64JX,溯溪沙滩鞋,"Aqua Socks for Women Men, Water Shoes, Quick Dry Swim Footwear, Beach Pool River Lake Cruise Summer Travel Pair"
一致,303,B0H1S1PV5J,QS-123-44/45,公司,公司,B0GQBS64JX,溯溪沙滩鞋,"Beach Shoes for Women Men, Aqua Socks, Water Shoes, Quick Dry Pool River Lake Cruise Resort Travel Pair"
一致,304,B0H1RZ37F3,QS-123-38/39,公司,公司,B0GQBS64JX,溯溪沙滩鞋,"Beach Shoes for Women Men, Aqua Socks, Water Shoes, Quick Dry Pool River Lake Cruise Resort Travel Pair"
一致,305,B0H1RZRM2H,QS-118-42/43,公司,公司,B0GQBS64JX,溯溪沙滩鞋,"Swim Shoes for Women Men, Water Shoes, Aqua Socks, Quick Dry Beach Pool River Lake Cruise Travel Footwear"
一致,306,B0H1RZ5T4W,QS-119-38/39,公司,公司,B0GQBS64JX,溯溪沙滩鞋,"Swim Shoes for Women Men, Water Shoes, Aqua Socks, Barefoot Lake Cruise Resort Pool Vacation Footwear"
一致,307,B0H1S3V7KC,QS-135-40/41,公司,公司,B0GQBS64JX,溯溪沙滩鞋,"Lake Shoes for Women Men, Aqua Socks, Swim Footwear, Slip On River Dock Boat Ramp Travel Vacation Pair"
一致,308,B0H1S5RS6F,QS-123-36/37,公司,公司,B0GQBS64JX,溯溪沙滩鞋,"Beach Shoes for Women Men, Aqua Socks, Water Shoes, Quick Dry Pool River Lake Cruise Resort Travel Pair"
一致,309,B0H1S2H9YV,QS-127-40/41,公司,公司,B0GQBS64JX,溯溪沙滩鞋,"Beach Shoes for Women Men, Aqua Socks, Lightweight Water Footwear, River Dock Fishing Summer Travel Pair"
一致,310,B0H1RC5THC,KCC-ZC-HONG,凯旋,凯旋,B0H1HKJPLD,直尺,"Precision Marking Ruler with Sliding Stops, 30cm Aluminum Measuring Rule for Woodworking Layout"
一致,311,B0H1R5TF4Y,KCC-YHDZ-30CM,凯旋,凯旋,B0H1CHWTLH,印花垫子,"Shelf and Drawer Liner for Kitchen Cabinets, Non Adhesive Waterproof PVC Cabinet Liner, Non Slip Floral Drawer Mat for Cupboards Dresser Refrigerator Shelves, White, 11.81 x 39.37 in"
一致,312,B0H1RLHDJ4,KCC-SJC-HONG,凯旋,凯旋,B0H1CL3S4D,三角尺,"7 Inch Aluminum Rafter Square, Red Anodized Speed Square for Woodworking Carpentry Layout Measuring"
一致,313,B0H1QXNB3K,SP-beizishuazi-1,图图,图图,B0H2GNJXCP,杯子刷子,"Long Handle Silicone Bottle Brush, Flexible Cup Cleaning Brush for Bottles Mugs Tumblers, Gray"
一致,314,B0H1R4H5SB,SP-tanglidai-1,图图,图图,B0H1QY8GYB,弹力带,"5 Pack Silicone Resistance Bands Set, Non-Latex Elastic Exercise Bands for Butt Legs Yoga Pilates Strength Training"
一致,315,B0H1Q75SDV,KCC-BXMT-100,凯旋,凯旋,B0H1Q2DRY7,保鲜膜套,"100Pcs Disposable Elastic Food Storage Covers, Stretchable PE Plastic Bowl Covers For Kitchen Fresh Keeping"
一致,316,B0H1Q18J7L,KCC-STYSK-1,凯旋,凯旋,B0H1PW4BTT,水豚钥匙扣,"Cute Capybara Keychain With Little Turtle, Kawaii Resin Animal Bag Charm For Backpack Purse"
一致,317,B0H1Q6CLRL,KCC-JG-10,凯旋,凯旋,B0H1PW84WX,角钢,"This 10‑Pack 90‑Degree L‑Shaped Stainless Steel Angle Brackets Each Measure 1.57 × 1.57 × 0.63 inches, weigh 0.26 lbs (120g) Total, with Package Dimensions of 4.33 × 3.15 × 0.79 inches."
一致,318,B0H1MC2K77,KCC-DGNYJ-2,凯旋,凯旋,B0H1M333CD,多功能衣架,"2 Pack Multi Hole Space Saving Clothes Hangers, 360° Rotating Plastic Hangers for Closet Organization"
一致,319,B0H1MFBMCW,KCC-ZXB-27,凯旋,凯旋,B0H1MFW3HF,针线包,"27 Piece Portable Sewing Kit, Mini Travel Needle and Thread Set with Scissors Tape Measure"
一致,320,B0H1HS69WZ,KCC-PGDKQ-1,凯旋,凯旋,B0H1HRKYGT,皮革打孔器,"Revolving Leather Hole Punch Plier, 9 Inch Multi Size Punch Tool for Belts Straps Fabric Crafts"
一致,321,B0H1HZWT58,SP-zhuajia-4,图图,图图,B0H1HWLYLR,抓夹,"4 Pack Large Claw Clips for Thick Long Hair, Matte Non-Slip Rectangle Jaw Clips, Strong Hold Big Hair Clips Neutral Colors for Women"
一致,322,B0H1HHCW4X,SP-tiaoliao-2,图图,图图,B0H1HDYV2J,调料瓶2,"2 Pack 4oz Glass Salt and Pepper Shakers Set, Stainless Steel Lid Spice Jars, Refillable Seasoning Containers for Kitchen Table RV Camp BBQ"
一致,323,B0H1H8B7RQ,KCC-LLD-1,凯旋,凯旋,B0H1GXLKT3,拉力带,"Heavy Duty Resistance Band, 50-125 Lbs Pull Up Assist Band for Strength Training Crossfit Stretching"
一致,324,B0H1H427RM,KCC-GJH-1,凯旋,凯旋,B0H1H5XH8M,工具盒,"32 Grids Clear Plastic Bead Storage Organizer, Compartment Container Box For Jewelry Small Parts Crafts"
一致,325,B0H1FBXM72,SP-guolvgui-lv,图图,图图,B0H1FQJ948,过滤网绿色,"Silicone Bathroom Drain Hair Catcher, Stainless Steel Sink Strainer, Irregular Pattern Bathtub Drain Filter Stopper for Kitchen Bathroom"
一致,326,B0H1FG6JJN,SP-guolvgui-huang,图图,图图,B0H1FQJ948,过滤网黄色,"Silicone Bathroom Drain Hair Catcher, Stainless Steel Sink Strainer, Irregular Pattern Bathtub Drain Filter Stopper for Kitchen Bathroom"
一致,327,B0H1FGFPSK,SP-kaiguan-1,图图,图图,B0H1FTWD8V,开罐器,"Adjustable Jar Bottle Opener, Stainless Steel Multifunctional Can Opener, Labor Saving Manual Lid Gripper for Kitchen Weak Hands Seniors"
一致,328,B0H1D42V5C,QS-079-36/37,公司,公司,B0GQBP3SH9,,Slip On Beach Shoes Quick Dry Water Shoes for Travel Vacation Outdoor
一致,329,B0H1CZKZYS,QS-057-36/37,公司,公司,B0GQBP3SH9,,Portable Beach Shoes Foldable Design Water Shoes for Outdoor Activities
一致,330,B0H1DC9KJX,QS-010-38/39,公司,公司,B0GQBS64JX,,"Diving Water Shoes for Men Women, Non Skid Rubber Sole, Quick Dry Swim Shoes"
一致,331,B0H1DCLF2N,QS-072-44/45,公司,公司,B0GQBP3SH9,,"Water Shoes for Men Women, Anti Skid Rubber Sole, Slip On, for Rafting Kayak"
一致,332,B0H1D1K841,QS-089-44/45,公司,公司,B0GQBS64JX,,Comfort Foldable Beach Shoes Non Slip Water Shoes for Women Men
一致,333,B0H1D8532V,QS-057-38/39,公司,公司,B0GQBP3SH9,,Portable Beach Shoes Foldable Design Water Shoes for Outdoor Activities
一致,334,B0H1D3BBNS,QS-020-44/45,公司,公司,B0GQBS64JX,,Foldable Beach Shoes Lightweight Water Shoes for Travel Outdoor Sports Pink Camo
一致,335,B0H1D82X4M,QS-089-36/37,公司,公司,B0GQBS64JX,,Comfort Foldable Beach Shoes Non Slip Water Shoes for Women Men
一致,336,B0H1D56MML,QS-037-36/37,公司,公司,B0GQBS64JX,,"Unisex Water Shoes, Quick Dry Beach Shoes, Anti Skid Rubber Sole, for Travel"
一致,337,B0H1CJ4HR2,KCC-PCQ-YIN,凯旋,凯旋,B0H1CCP516,破窗器,"Car Safety Escape Tool, Emergency Window Breaker And Seatbelt Cutter For Vehicle Rescue"
一致,338,B0H1CQ4K7Z,SP-yarou-1,图图,图图,B0H1CHWDHQ,压肉器,"Press for Griddle, Burger Press Grill Weight with Handle, Rectangular BBQ Bacon Steak Press for Smash Burgers, Panini and Outdoor Cooking"
一致,339,B0H1CMHLS4,KCC-PYH-LV,凯旋,凯旋,B0H1CK1PJ5,喷油壶,"2 In 1 Oil Dispenser And Sprayer, 470ml Glass Olive Oil Bottle For Kitchen Cooking Air Fryer"
一致,340,B0H1CG6HHT,SP-mojing-2,图图,图图,B0H1CJ5M4X,眼镜袋,"2 Pack Soft Eyeglasses Case, PU Leather Sunglasses Pouch, Portable Squeeze Glasses Bag, Pocket Eyewear Holder for Women Men"
一致,341,B0H19XM86Y,KCC-mianqiu-M,凯旋,凯旋,B0GYXY2RDQ,宠物玩具,"Natural Color Dog Rope Ball Toy, Interactive Tug Chew Ball for Small Dogs, Teething Knot Rope Toy for Pet Daily Play"
一致,342,B0H1534Q23,QS-068-36/37,公司,公司,B0GQBS64JX,,Summer Beach Shoes Lightweight Water Shoes for Women Men Daily Sports
一致,343,B0H159L2TH,QS-088-36/37,公司,公司,B0GQBP3SH9,,"Unisex Printed Water Shoes, Anti Skid Rubber Sole, Lightweight Slip On Beach Shoes"
一致,344,B0H152DKNL,QS-043-36/37,公司,公司,B0GQBS64JX,,"River Shoes Unisex, Non Slip Sole, Quick Dry Water Shoes for Creek Trekking"
一致,345,B0H157QSTX,QS-058-36/37,公司,公司,B0GQBS64JX,,"Water Shoes Men Women, Non Slip Sole, Cushion Insole, for Beach Snorkeling"
一致,346,B0H156VMR6,QS-014-36/37,公司,公司,B0GQBS64JX,,"Pool Water Shoes for Men Women, Anti Skid Sole, Quick Dry, Lightweight Swim Shoes"
一致,347,B0H1567MWM,QS-074-36/37,公司,公司,B0GQBS64JX,,"Diving Beach Water Shoes Men Women, Non Slip Rubber Sole, Quick Dry Swim Shoes"
一致,348,B0H14PTMQT,SP-xiaojing1-hz,图图,图图,B0H14Z7J9N,小镜子黄+紫色,"Compact Hair Brush with Mirror, 2-in-1 Foldable Pocket Comb, Mini Travel Hairbrush with Mirror for Girls Women, Portable On-the-Go Hair Styling Tool"
一致,349,B0H14L7J7M,KC-B22-L,图图,图图,B0HD6F5MYH,比基尼,String Triangle Bikini Top for Women Sexy Self Tie Back Bathing Suit Swim Top Black
一致,350,B0H11GJHH1,KC-B21-M,图图,图图,B0HD6F5MYH,比基尼,Women Sexy Lightweight Triangle Bikini Top Adjustable Tie Back Bathing Suit Top
负责人不一致,351,B0H11D5GH5,KC-B20-L,图图,凯旋,B0HD6F5MYH,比基尼,String Bikini Tops for Women Sexy Triangle Bathing Suit Tops Adjustable Tie Back Swim Tops
一致,352,B0GZZT7QR1,SP-shouna-hh,图图,图图,B0GZZMTTF5,收纳包,"2 Pcs Mini Storage Bag, Portable Square Cosmetic Pouch, Lightweight Travel Organizer Bag Small Makeup Storage Pouch for Home Travel Daily Use Multicolor"
一致,353,B0GZZHXLG1,SP-TU-DX-02,图图,图图,B0GYXBVR59,大象,"Elephant Rope Chew Toy, 13cm Cotton Teething & Anxiety Relief Toy for Small/Medium Dogs, Durable Interactive Play Toy"
一致,354,B0GZYVZPQB,YQ-QWER-2026423-SJQ,凯旋,凯旋,B0GZYVZPQB,水晶球,"Glass Crystal Ball for Women-3D Inner Carved Glass Ball Decor with Stand, Sculpture Decor for Desk Shelf Mantel Office Bedroom (Rose)"
一致,355,B0GZYSZW1Y,YQ-QWER-2026424-SJQ,凯旋,凯旋,B0GZYSZW1Y,水晶球,"Glass Crystal Ball for Women-3D Inner Carved Glass Ball Decor with Stand, Sculpture Decor for Desk Shelf Mantel Office Bedroom (Seahorse)"
一致,356,B0GZZ54L5N,YQ-QWER-2026429-SJQ,凯旋,凯旋,B0GZZ54L5N,水晶球,"Glass Crystal Ball for Women-3D Inner Carved Glass Ball Decor with Stand, Sculpture Decor for Desk Shelf Mantel Office Bedroom (Starry Sky)"
一致,357,B0GZYW21CF,YQ-QWER-2026420-AMD-1,凯旋,凯旋,B0GZYYFCCC,硅胶洗脚垫,"Foot Scrubber Mat for Shower- Feet Scrubber Massager with Suction Cups, Silicone Shower Foots Cleaner for Bathroom Home Spa Travel (Blue)"
一致,358,B0GZYYD6F5,YQ-QWER-2026420-MGZJJ-3,凯旋,凯旋,B0GZYT7X7W,指甲钳套装,"Nail Clipper for Women 7Pcs- Manicure Pedicure Kit with Travel Case, Fingernail Toenail Clippers, Cuticle Trimmer for Home Travel (Red)"
一致,359,B0GZYZM23C,YQ-QWER-2026426-SJQ,凯旋,凯旋,B0GZYZM23C,水晶球,"Glass Crystal Ball for Women-3D Inner Carved Glass Ball Decor with Stand, Sculpture Decor for Desk Shelf Mantel Office Bedroom (Cat-Butterfly)"
一致,360,B0GZYW4MK1,YQ-QWER-2026420-AMD-3,凯旋,凯旋,B0GZYYFCCC,硅胶洗脚垫,"Foot Scrubber Mat for Shower- Feet Scrubber Massager with Suction Cups, Silicone Shower Foots Cleaner for Bathroom Home Spa Travel (Pink)"
一致,361,B0GZYW33K7,YQ-QWER-2026425-SJQ,凯旋,凯旋,B0GZYW33K7,水晶球,"Glass Crystal Ball for Women-3D Inner Carved Glass Ball Decor with Stand, Sculpture Decor for Desk Shelf Mantel Office Bedroom (Cat-Flower)"
一致,362,B0GZYGQW3S,SP-huanbao-zhe-ka,图图,图图,B0GZY8JYQ8,折叠环保包卡其,"Foldable Reusable Tote Bag, No-Hole Textured Shopping Bag for Small Items, Gift Box Cover, Travel Storage"
一致,363,B0GZYM97HV,SP-huanbao-zhe-hui,图图,图图,B0GZY8JYQ8,折叠环保包灰色,"Foldable Reusable Tote Bag, No-Hole Textured Shopping Bag for Small Items, Gift Box Cover, Travel Storage"
一致,364,B0GZYJ7CT4,SP-huanbao-zhe-hei,图图,图图,B0GZY8JYQ8,折叠环保包黑色,"Foldable Reusable Tote Bag, No-Hole Textured Shopping Bag for Small Items, Gift Box Cover, Travel Storage"
一致,365,B0GZYFJCLF,SP-huanbao-zhe-lu,图图,图图,B0GZY8JYQ8,折叠环保包绿色,"Foldable Reusable Tote Bag, No-Hole Textured Shopping Bag for Small Items, Gift Box Cover, Travel Storage"
一致,366,B0GZVW5WLH,SP-bingxiang03-hua,图图,图图,B0GZVPL8WD,冰箱贴花3,"4 PCS Floral Ceramic Fridge Magnets Set, Ins Style Cute Flower Decorative Magnets for Home Kitchen Refrigerator DIY Decoration"
一致,367,B0GZVK79NP,KCC-YSK-MU,凯旋,凯旋,B0H25VDZ2H,钥匙扣,"Blank Brown Resin Keychain with Faux Leather Strap and Metal Key Ring, Rectangular DIY Engraving Key Fob"
一致,368,B0GZVQQQ69,SP-zhengjia-1,图图,图图,B0GZV4PNTZ,蒸架,"Stainless Steel Steamer Rack, Multifunction Pot Insert Trivet for Vegetables, Dumplings, Eggs, Fish, Woks, Pans"
一致,369,B0GZV4XSSY,KCC-YYB-CHENG,凯旋,凯旋,B0GZVHTPL5,咬牙棒,"Textured Dog Chew Stick Toy, Teething Dental Cleaning Molar Toy for Small Dogs, Gum Massage Chew Stick for Pet Daily Play"
一致,370,B0GZNYY63D,QS-527-A110-26-27,公司,公司,B0GYX16S5J,,"Kids Water Shoes, Cute Starfish Print Quick-Dry Aqua Socks for Toddler Boys Girls, Non-Slip Swim Shoes for Beach, Pool, Water Park, River Trekking, and Indoor Activities"
一致,371,B0GZNT9XSH,QS-529-A96-28-29,公司,公司,B0GYX16S5J,,"Kids Water Shoes, Cute Shark Print Quick-Dry Aqua Socks for Toddler Boys Girls, Non-Slip Swim Shoes for Beach, Pool, Water Park, River Trekking, and Indoor Activities"
一致,372,B0GZNY98XJ,QS-101-36/37,公司,公司,B0GQBS64JX,,"Beach Water Shoes Unisex, Anti Slip Pattern Sole, Quick Dry Swim Shoes for Ocean"
一致,373,B0GZNYDJWW,QS-528-A95-28-29,公司,公司,B0GYX16S5J,,"Kids Water Shoes, Cute Dolphin Print Quick-Dry Aqua Socks for Toddler Boys Girls, Non-Slip Swim Shoes for Beach, Pool, Water Park, River Trekking, and Indoor Activities"
一致,374,B0GZNZPSH6,QS-012-36/37,公司,公司,B0GQBS64JX,,Quick Dry Water Shoes Slip On Comfort Beach Shoes for Pool Surfing
一致,375,B0GZNY98XJ,QS-098-36/37,公司,公司,B0GQBS64JX,,"Beach Water Shoes Unisex, Anti Slip Pattern Sole, Quick Dry Swim Shoes for Ocean"
一致,376,B0GZNY3NTM,QS-046-44/45,公司,公司,B0GQBS64JX,,"Beach Water Shoes Unisex, Anti Slip Pattern Sole, Quick Dry Swim Shoes for Ocean"
一致,377,B0GZ1D4XTY,ZD003-Green-9/10,公司,公司,B0GL9J1BLX,人字拖,"Foldable EVA Flip Flops for Women Men, Wide Strap Non-Slip Travel Sandals, Lightweight Quick-Drying Beach Slippers for Vacation, Pool & Shower"
一致,378,B0GZ1P4Q1B,ZD003-White-9/10,公司,公司,B0GL9J1BLX,人字拖,"Foldable EVA Flip Flops for Women Men, Wide Strap Non-Slip Travel Sandals, Lightweight Quick-Drying Beach Slippers for Vacation, Pool & Shower"
一致,379,B0GZ18CCWR,ZD003-Black-10/11,公司,公司,B0GL9J1BLX,人字拖,"Foldable EVA Flip Flops for Women Men, Wide Strap Non-Slip Travel Sandals, Lightweight Quick-Drying Beach Slippers for Vacation, Pool & Shower"
一致,380,B0GZ2GFSFL,ZD003-White-10/11,公司,公司,B0GL9J1BLX,人字拖,"Foldable EVA Flip Flops for Women Men, Wide Strap Non-Slip Travel Sandals, Lightweight Quick-Drying Beach Slippers for Vacation, Pool & Shower"
一致,381,B0GZ131G57,ZD003-Green-10/11,公司,公司,B0GL9J1BLX,人字拖,"Foldable EVA Flip Flops for Women Men, Wide Strap Non-Slip Travel Sandals, Lightweight Quick-Drying Beach Slippers for Vacation, Pool & Shower"
负责人不一致,382,B0GZ213HB8,ZD003-Yellow-9/10,凯旋,公司,B0GL9J1BLX,人字拖,"Foldable EVA Flip Flops for Women Men, Wide Strap Non-Slip Travel Sandals, Lightweight Quick-Drying Beach Slippers for Vacation, Pool & Shower"
一致,383,B0GZ1KN54G,ZD003-Black-9/10,公司,公司,B0GL9J1BLX,人字拖,"Foldable EVA Flip Flops for Women Men, Wide Strap Non-Slip Travel Sandals, Lightweight Quick-Drying Beach Slippers for Vacation, Pool & Shower"
一致,384,B0GYZBXR4B,SP-TU-6JT-01,图图,图图,B0GYXBKG5T,6件套,"Dog Rope Toys Set of 6, Cotton Interactive Chew Toys for Small/Medium Dogs, Teething & Training Variety Pack"
一致,385,B0GYYL9J3D,KCC-SDshengjie-1,凯旋,凯旋,B0GYXX7NM4,宠物玩具,"Cross Shaped Dog Rope Toy, Interactive Multi Tug Chew Toy for Small Dogs, Teething Four Way Rope Toy for Pet Daily Play"
一致,386,B0GYYSZY4F,SP-TU-BZQ-01,图图,图图,B0GYXBVR59,辫子球,"Dog Braided Rope Ball Toy, 38CM Cotton Tug & Fetch Toy for Medium Dogs, Durable Teething & Training Toy"
一致,387,B0GYXQDM4Z,QS-529-A96-34-35,公司,公司,B0GYX16S5J,潜水溯溪鞋,"Kids Water Shoes, Cute Shark Print Quick-Dry Aqua Socks for Toddler Boys Girls, Non-Slip Swim Shoes for Beach, Pool, Water Park, River Trekking, and Indoor Activities"
一致,388,B0GYXQ38YM,QS-527-A110-34-35,公司,公司,B0GYX16S5J,潜水溯溪鞋,"Kids Water Shoes, Cute Starfish Print Quick-Dry Aqua Socks for Toddler Boys Girls, Non-Slip Swim Shoes for Beach, Pool, Water Park, River Trekking, and Indoor Activities"
一致,389,B0GYXQN6CV,KCC-xiaoshizi-h,凯旋,凯旋,B0GYZ941PY,宠物玩具,"Lion Shaped Dog Rope Toy, Interactive Tug Chew Toy for Small Dogs, Teething Rope Knot Toy for Pet Daily Play"
一致,390,B0GYXY2NGY,KCC-feipan-15cm,凯旋,凯旋,B0GYXPM866,宠物玩具,"Multi Size Woven Round Placemat Set, Heat Resistant Non Slip Rope Mats for Dining Table Kitchen Pot Holders"
一致,391,B0GYYLMR8G,KCC-mahuaquan-1,凯旋,凯旋,B0GYYM1WG2,宠物玩具,"Natural Color Dog Ring Rope Toy, Interactive Tug Chew Ring for Small Dogs, Teething Knot Rope Toy for Pet Daily Play"
一致,392,B0GYYL9DL5,QS-528-A95-34-35,公司,公司,B0GYX16S5J,潜水溯溪鞋,"Kids Water Shoes, Cute Dolphin Print Quick-Dry Aqua Socks for Toddler Boys Girls, Non-Slip Swim Shoes for Beach, Pool, Water Park, River Trekking, and Indoor Activities"
一致,393,B0GYYRYDVP,SP-TU-XXDQ-01,图图,图图,B0GYXBVR59,星星吊球,"Dog Star Rope Chew Toy, 38CM Durable Cotton Puppy Teething Toy for Small Breeds, Interactive Tug Toy"
一致,394,B0GYXXN95W,KCC-shouhuantangguo-cai,凯旋,凯旋,B0GYXQJ7WV,宠物玩具,"Ring Shaped Dog Rope Toy, Interactive Tug Chew Toy for Small Dogs, Teething Rope Knot Toy for Pet Daily Play"
一致,395,B0GYZ28MV2,QS-526-B17-34-35,公司,公司,B0GYX16S5J,潜水溯溪鞋,"Kids Water Shoes, Cute Whale & Seahorse Print Quick-Dry Aqua Socks for Toddler Boys Girls, Non-Slip Swim Shoes for Beach, Pool, Water Park, River Trekking, and Indoor Activities"
一致,396,B0GYYM96PX,SP-TU-STYQ-01,图图,图图,B0GYXBVR59,双太阳球,"Dog Ring Rope Chew Toy, 35CM Heavy Duty Cotton Tug Toy for Medium Dogs, Durable Teething & Training Toy"
一致,397,B0GYY96ZG6,QS-528-A95-30-31,公司,公司,B0GYX16S5J,潜水溯溪鞋,"Kids Water Shoes, Cute Dolphin Print Quick-Dry Aqua Socks for Toddler Boys Girls, Non-Slip Swim Shoes for Beach, Pool, Water Park, River Trekking, and Indoor Activities"
一致,398,B0GYX5XS6L,QS-528-A95-32-33,公司,公司,B0GYX16S5J,潜水溯溪鞋,"Kids Water Shoes, Cute Dolphin Print Quick-Dry Aqua Socks for Toddler Boys Girls, Non-Slip Swim Shoes for Beach, Pool, Water Park, River Trekking, and Indoor Activities"
一致,399,B0GYX5VS9F,QS-527-A110-32-33,公司,公司,B0GYX16S5J,潜水溯溪鞋,"Kids Water Shoes, Cute Starfish Print Quick-Dry Aqua Socks for Toddler Boys Girls, Non-Slip Swim Shoes for Beach, Pool, Water Park, River Trekking, and Indoor Activities"
一致,400,B0GYX67LD6,QS-526-B17-32-33,公司,公司,B0GYX16S5J,潜水溯溪鞋,"Kids Water Shoes, Cute Whale & Seahorse Print Quick-Dry Aqua Socks for Toddler Boys Girls, Non-Slip Swim Shoes for Beach, Pool, Water Park, River Trekking, and Indoor Activities"
一致,401,B0GYWTTCFM,QS-529-A96-30-31,公司,公司,B0GYX16S5J,潜水溯溪鞋,"Kids Water Shoes, Cute Shark Print Quick-Dry Aqua Socks for Toddler Boys Girls, Non-Slip Swim Shoes for Beach, Pool, Water Park, River Trekking, and Indoor Activities"
一致,402,B0GYWRTYQ8,QS-501-D10-30/31,公司,公司,B0GYWSYXZ5,新款大童溯溪鞋,"Big Kids Water Shoes, Polar Bear Print Quick Dry Aqua Socks for Big Kids Beach Swim Pool Slip On"
一致,403,B0GYRPC9GF,QS-098-44/45,公司,公司,B0GQBS64JX,潜水溯溪鞋,"Beach Water Shoes Unisex, Anti Slip Pattern Sole, Quick Dry Swim Shoes for Ocean"
一致,404,B0GYRCZGGD,QS-048-38/39,公司,公司,B0GQBS64JX,潜水溯溪鞋,"Diving Swim Water Shoes for Men Women, Non Skid Sole, Stretch Fit Slip On"
一致,405,B0GYRJWY6H,QS-081-38/39,公司,公司,B0GQBP3SH9,潜水溯溪鞋,"Water Shoes Unisex, Anti Slip Sole, Printed Design, for Beach Swimming Rafting"
一致,406,B0GYRLDY1X,QS-011-44/45,公司,公司,B0GQBS64JX,潜水溯溪鞋,"Water Shoes for Men Women, Durable Rubber Outsole, Soft Stretch Upper, for Pool"
一致,407,B0GYRBQVX4,QS-098-38/39,公司,公司,B0GQBS64JX,潜水溯溪鞋,"Beach Water Shoes Unisex, Anti Slip Pattern Sole, Quick Dry Swim Shoes for Ocean"
一致,408,B0GYRCHGWX,QS-078-44/45,公司,公司,B0GQBP3SH9,潜水溯溪鞋,"Unisex Aqua Shoes, Non Skid Rubber Sole, Stretch Fit, for Ocean Reef Walk"
一致,409,B0GYR6R1H4,QS-081-44/45,公司,公司,B0GQBP3SH9,潜水溯溪鞋,"Water Shoes Unisex, Anti Slip Sole, Printed Design, for Beach Swimming Rafting"
一致,410,B0GYRNP2KJ,QS-051-44/45,公司,公司,B0GQBZY2T5,潜水溯溪鞋,"Beach Aqua Shoes Unisex, Non Slip Rubber Sole, Comfortable Insole, for Ocean"
一致,411,B0GYRF77GC,QS-051-38/39,公司,公司,B0GQBZY2T5,潜水溯溪鞋,"Beach Aqua Shoes Unisex, Non Slip Rubber Sole, Comfortable Insole, for Ocean"
一致,412,B0GYRV2BKW,QS-061-44/45,公司,公司,B0GQBP3SH9,潜水溯溪鞋,"Ocean Swim Water Shoes Unisex, Anti Slip Rubber Sole, Stretch Fit Beach Shoes"
一致,413,B0GYRH3DZF,QS-006-44/45,公司,公司,B0GQBS64JX,潜水溯溪鞋,"Pool Water Shoes for Men Women, Anti Skid Sole, Quick Dry, Lightweight Swim Shoes"
一致,414,B0GYRNCBCN,QS-063-44/45,公司,公司,B0GQBP3SH9,潜水溯溪鞋,"Diving Beach Water Shoes Men Women, Non Slip Rubber Sole, Quick Dry Swim Shoes"
一致,415,B0GYRHBF5C,QS-059-44/45,公司,公司,B0GQBP3SH9,潜水溯溪鞋,"Water Shoes Men Women, Non Slip Sole, Cushion Insole, for Beach Snorkeling"
一致,416,B0GYRL8261,QS-011-38/39,公司,公司,B0GQBS64JX,潜水溯溪鞋,"Water Shoes for Men Women, Durable Rubber Outsole, Soft Stretch Upper, for Pool"
一致,417,B0GYRBVN9R,QS-006-38/39,公司,公司,B0GQBS64JX,潜水溯溪鞋,"Pool Water Shoes for Men Women, Anti Skid Sole, Quick Dry, Lightweight Swim Shoes"
一致,418,B0GYRR45JW,QS-063-38/39,公司,公司,B0GQBP3SH9,潜水溯溪鞋,"Diving Beach Water Shoes Men Women, Non Slip Rubber Sole, Quick Dry Swim Shoes"
一致,419,B0GYRQXF74,QS-012-38/39,公司,公司,B0GQBS64JX,潜水溯溪鞋,Quick Dry Water Shoes Slip On Comfort Beach Shoes for Pool Surfing
一致,420,B0GYRP5V9P,QS-012-44/45,公司,公司,B0GQBS64JX,潜水溯溪鞋,Quick Dry Water Shoes Slip On Comfort Beach Shoes for Pool Surfing
一致,421,B0GYRLPJHD,QS-100-38/39,公司,公司,B0GQBP3SH9,潜水溯溪鞋,"Beach Water Shoes Unisex, Anti Slip Pattern Sole, Quick Dry Swim Shoes for Ocean"
一致,422,B0GY8NTN5G,KCC-XGYF-L,凯旋,凯旋,B0GY8X1TF6,小狗衣服,"Breathable Mesh Summer Dog Vest, Cute Printed Lightweight Tank Top As Daily Casual Apparel for Small Puppy and Small Breed Dogs"
一致,423,B0GY8VM6JW,KCC-XGYF-M,凯旋,凯旋,B0GY8X1TF6,小狗衣服,"Breathable Mesh Summer Dog Vest, Cute Printed Lightweight Tank Top As Daily Casual Apparel for Small Puppy and Small Breed Dogs"
一致,424,B0GXYWJK13,SP-kai-01,图图,图图,B0GXYNCN33,开瓶器,"2Pcs Plastic Magnetic Bottle Openers, Fridge Adsorbable Beer Bottle Openers for Home Kitchen Bar Party Daily Use"
一致,425,B0GXZ1VM7Y,SP-qingjied1-01,图图,图图,B0GXZHBF7W,清洁果蔬,"4 Pcs PP Material Single-Sided Vegetable Brush, Flexible Fruit and Vegetable Cleaning Brush for Crevice & Kitchen Cleaning"
一致,426,B0GY3LWRLR,KCC-MJ-M,凯旋,凯旋,B0GY36F254,美甲,"Handmade Nude French Press On Nails, Reusable Glossy Full Set False Nails As Daily Manicure Accessory For Women Styling"
一致,427,B0GY2T6R4H,SP-XIE5-H38/39,公司,公司,B0GY2YYSHW,溯溪沙滩鞋,"Sport Water Shoes for Men Women, Anti-Slip Quick Dry Swim Shoes for Pool Beach Black"
一致,428,B0GY2K7LS6,SP-XIE6-Q36/37,公司,公司,B0GY2YYSHW,溯溪沙滩鞋,"Aqua Socks Water Shoes for Men Women, Anti-Slip Quick Dry Swim Shoes for Pool"
一致,429,B0GY2SCDKB,SP-XIE2-Z42/43,公司,公司,B0GY2YYSHW,溯溪沙滩鞋,"Comfortable Water Shoes for Women Men, Anti-Slip Quick Dry Aqua Socks for Pool Beach"
一致,430,B0GY2MZ4BN,SP-XIE5-H42/43,公司,公司,B0GY2YYSHW,溯溪沙滩鞋,"Sport Water Shoes for Men Women, Anti-Slip Quick Dry Swim Shoes for Pool Beach Black"
一致,431,B0GY2HQ392,SP-XIE4-L44/45,公司,公司,B0GY2YYSHW,溯溪沙滩鞋,"Protective Water Shoes with Anti-Slip Sole, Quick Dry Aqua Socks for Women Men"
一致,432,B0GY2GY78Z,SP-XIE5-H44/45,公司,公司,B0GY2YYSHW,溯溪沙滩鞋,"Sport Water Shoes for Men Women, Anti-Slip Quick Dry Swim Shoes for Pool Beach Black"
一致,433,B0GY2P2895,SP-XIE3-S38/39,公司,公司,B0GY2YYSHW,溯溪沙滩鞋,"Lightweight Foldable Water Shoes, Anti-Slip Quick Dry Aqua Socks for Travel Beach"
一致,434,B0GY2NG2N1,SP-XIE3-S44/45,公司,公司,B0GY2YYSHW,溯溪沙滩鞋,"Lightweight Foldable Water Shoes, Anti-Slip Quick Dry Aqua Socks for Travel Beach"
一致,435,B0GY2KPJL8,SP-XIE3-S36/37,公司,公司,B0GY2YYSHW,溯溪沙滩鞋,"Lightweight Foldable Water Shoes, Anti-Slip Quick Dry Aqua Socks for Travel Beach"
一致,436,B0GY2YKY2G,SP-XIE5-H36/37,公司,公司,B0GY2YYSHW,溯溪沙滩鞋,"Sport Water Shoes for Men Women, Anti-Slip Quick Dry Swim Shoes for Pool Beach Black"
一致,437,B0GY2KQBZB,SP-XIE3-S40/41,公司,公司,B0GY2YYSHW,溯溪沙滩鞋,"Lightweight Foldable Water Shoes, Anti-Slip Quick Dry Aqua Socks for Travel Beach"
一致,438,B0GY2BP78J,SP-XIE6-Q44/45,公司,公司,B0GY2YYSHW,溯溪沙滩鞋,"Aqua Socks Water Shoes for Men Women, Anti-Slip Quick Dry Swim Shoes for Pool"
一致,439,B0GY2VMQBX,SP-XIE5-H40/41,公司,公司,B0GY2YYSHW,溯溪沙滩鞋,"Sport Water Shoes for Men Women, Anti-Slip Quick Dry Swim Shoes for Pool Beach Black"
一致,440,B0GY2L5CBX,SP-XIE1-F42/43,公司,公司,B0GY2YYSHW,溯溪沙滩鞋,"Quick Dry Water Shoes for Men Women, Anti-Slip Lightweight Aqua Socks for Beach Swim Pool"
一致,441,B0GY2NWDMQ,SP-XIE3-S42/43,公司,公司,B0GY2YYSHW,溯溪沙滩鞋,"Lightweight Foldable Water Shoes, Anti-Slip Quick Dry Aqua Socks for Travel Beach"
一致,442,B0GY2R68P8,SP-XIE6-Q38/39,公司,公司,B0GY2YYSHW,溯溪沙滩鞋,"Aqua Socks Water Shoes for Men Women, Anti-Slip Quick Dry Swim Shoes for Pool"
一致,443,B0GY2GP4FX,SP-XIE4-L38/39,公司,公司,B0GY2YYSHW,溯溪沙滩鞋,"Protective Water Shoes with Anti-Slip Sole, Quick Dry Aqua Socks for Women Men"
一致,444,B0GY2VH8H9,SP-XIE2-Z40/41,公司,公司,B0GY2YYSHW,溯溪沙滩鞋,"Comfortable Water Shoes for Women Men, Anti-Slip Quick Dry Aqua Socks for Pool Beach"
一致,445,B0GY2N1MN9,SP-XIE2-Z38/39,公司,公司,B0GY2YYSHW,溯溪沙滩鞋,"Comfortable Water Shoes for Women Men, Anti-Slip Quick Dry Aqua Socks for Pool Beach"
一致,446,B0GY2GZMNN,SP-XIE4-L36/37,公司,公司,B0GY2YYSHW,溯溪沙滩鞋,"Protective Water Shoes with Anti-Slip Sole, Quick Dry Aqua Socks for Women Men"
一致,447,B0GY2LZ1N6,SP-XIE4-L42/43,公司,公司,B0GY2YYSHW,溯溪沙滩鞋,"Protective Water Shoes with Anti-Slip Sole, Quick Dry Aqua Socks for Women Men"
一致,448,B0GY2VPH55,SP-XIE2-Z36/37,公司,公司,B0GY2YYSHW,溯溪沙滩鞋,"Comfortable Water Shoes for Women Men, Anti-Slip Quick Dry Aqua Socks for Pool Beach"
一致,449,B0GY2K6HK9,SP-XIE1-F38/39,公司,公司,B0GY2YYSHW,溯溪沙滩鞋,"Quick Dry Water Shoes for Men Women, Anti-Slip Lightweight Aqua Socks for Beach Swim Pool"
一致,450,B0GXYX911P,SP-shibian8c-01,图图,图图,B0GXZ1PSZR,宠物拾便袋,"Dog Poop Bags 8 Rolls, 1.2mm Thick Durable Leak-Proof Pet Waste Bags for Dogs, Large Unscented Pet Poop Bags"
一致,451,B0GXYXJQSD,SP-shibian5c-01,图图,图图,B0GXZ1PSZR,宠物拾便袋,"Dog Poop Bags 5 Counts with Dispenser, Durable Lightweight Pet Waste Bags for Daily Dog Walking"
一致,452,B0GXZ2K3DK,SP-shibian8g-01,图图,图图,B0GXZ1PSZR,宠物拾便袋,"8 Rolls Thick Dog Poop Bags 1.2mm, Strong Leak-Proof Pet Waste Bags for Outdoor Walking, Large Disposable Dog Waste Bags"
一致,453,B0GXYRXTFX,KCC-SL-YF,凯旋,凯旋,B0GXYH5HX3,手链,"Pearl Crystal Bracelet For Women, Sparkling Pearl Chain Accessory For Wedding Date And Evening Outfit Decoration"
一致,454,B0GXV19V2S,QS-074-44/45,公司,公司,B0GQBS64JX,溯溪沙滩鞋,"Diving Beach Water Shoes Men Women, Non Slip Rubber Sole, Quick Dry Swim Shoes"
一致,455,B0GXTSZ4L9,QS-050-38/39,公司,公司,B0GQBS64JX,溯溪沙滩鞋,"Beach Aqua Shoes Unisex, Non Slip Rubber Sole, Comfortable Insole, for Ocean"
一致,456,B0GXV1CP9Z,QS-082-38/39,公司,公司,B0GQBP3SH9,溯溪沙滩鞋,"Unisex Aqua Shoes, Non Skid Rubber Sole, Stretch Fit, for Ocean Reef Walk"
一致,457,B0GXTVTPYX,QS-049-44/45,公司,公司,B0GQBS64JX,溯溪沙滩鞋,"Diving Swim Water Shoes for Men Women, Non Skid Sole, Stretch Fit Slip On"
一致,458,B0GXTWCQDC,QS-090-44/45,公司,公司,B0GQBS64JX,溯溪沙滩鞋,"Beach Water Shoes Unisex, Anti Slip Pattern Sole, Quick Dry Swim Shoes for Ocean"
一致,459,B0GXTYMGDK,QS-058-44/45,公司,公司,B0GQBS64JX,溯溪沙滩鞋,"Water Shoes Men Women, Non Slip Sole, Cushion Insole, for Beach Snorkeling"
一致,460,B0GXTXNV3Y,QS-068-38/39,公司,公司,B0GQBS64JX,溯溪沙滩鞋,Summer Beach Shoes Lightweight Water Shoes for Women Men Daily Sports
一致,461,B0GXTYH56S,QS-014-44/45,公司,公司,B0GQBS64JX,溯溪沙滩鞋,"Pool Water Shoes for Men Women, Anti Skid Sole, Quick Dry, Lightweight Swim Shoes"
一致,462,B0GXV83YWP,QS-002-38/39,公司,公司,B0GQBS64JX,溯溪沙滩鞋,Water Shoes for Women Men Quick Dry Barefoot Beach Swim Pool Walking Shoes
一致,463,B0GXTYYJL3,QS-043-38/39,公司,公司,B0GQBS64JX,溯溪沙滩鞋,"River Shoes Unisex, Non Slip Sole, Quick Dry Water Shoes for Creek Trekking"
一致,464,B0GXTVQ1JW,QS-088-38/39,公司,公司,B0GQBP3SH9,溯溪沙滩鞋,"Unisex Printed Water Shoes, Anti Skid Rubber Sole, Lightweight Slip On Beach Shoes"
一致,465,B0GXV172NT,QS-050-44/45,公司,公司,B0GQBS64JX,溯溪沙滩鞋,"Beach Aqua Shoes Unisex, Non Slip Rubber Sole, Comfortable Insole, for Ocean"
一致,466,B0GXV24DB5,QS-044-44/45,公司,公司,B0GQH38Y4J,溯溪沙滩鞋,Lightweight Foldable Water Shoes Comfort Beach Shoes for Pool Travel
一致,467,B0GXVC1MV2,QS-082-44/45,公司,公司,B0GQBP3SH9,溯溪沙滩鞋,"Unisex Aqua Shoes, Non Skid Rubber Sole, Stretch Fit, for Ocean Reef Walk"
一致,468,B0GXTQ8LY6,QS-024-44/45,公司,公司,B0GQBS64JX,溯溪沙滩鞋,"Beach Shoes for Men Women, Non Slip Rubber Sole, Quick Dry Printed Aqua Shoes"
一致,469,B0GXTVP4L8,QS-002-44/45,公司,公司,B0GQBS64JX,溯溪沙滩鞋,Water Shoes for Women Men Quick Dry Barefoot Beach Swim Pool Walking Shoes
一致,470,B0GZP4G8W6,QS-068-44/45,公司,公司,B0GQBS64JX,溯溪沙滩鞋,Summer Beach Shoes Lightweight Water Shoes for Women Men Daily Sports
一致,471,B0GXVC1MV4,QS-090-38/39,公司,公司,B0GQBS64JX,溯溪沙滩鞋,"Beach Water Shoes Unisex, Anti Slip Pattern Sole, Quick Dry Swim Shoes for Ocean"
一致,472,B0GXTZTGXD,QS-069-38/39,公司,公司,B0GQBP3SH9,溯溪沙滩鞋,"Ocean Swim Water Shoes Unisex, Anti Slip Rubber Sole, Stretch Fit Beach Shoes"
一致,473,B0GXV3C6N3,QS-074-38/39,公司,公司,B0GQBS64JX,溯溪沙滩鞋,"Diving Beach Water Shoes Men Women, Non Slip Rubber Sole, Quick Dry Swim Shoes"
一致,474,B0GXV6NHDY,QS-069-44/45,公司,公司,B0GQBP3SH9,溯溪沙滩鞋,"Ocean Swim Water Shoes Unisex, Anti Slip Rubber Sole, Stretch Fit Beach Shoes"
一致,475,B0GXHT1DCC,QS-040-38/39,公司,公司,B0GQBS64JX,溯溪沙滩鞋,"Lightweight Beach Water Shoes for Men Women, Anti Slip Sole, Quick Dry Swim"
一致,476,B0GXHJNQHM,QS-071-36/37,公司,公司,B0GQBP3SH9,溯溪沙滩鞋,Quick Dry Foldable Water Shoes Comfort Non Slip Beach Walking Shoes
一致,477,B0GXHHVSXG,QS-045-44/45,公司,公司,B0GQBS64JX,溯溪沙滩鞋,"Water Shoes Unisex, Anti Skid Sole, Thick Cushion Insole, for Kayak Rafting"
一致,478,B0GXHMSZ5J,QS-047-44/45,公司,公司,B0GQBS64JX,溯溪沙滩鞋,"Printed Beach Water Shoes Unisex, Non Slip Rubber Sole, Lightweight Swim Shoes"
一致,479,B0GXHGC89T,QS-015-38/39,公司,公司,B0GQBS64JX,溯溪沙滩鞋,Breathable Water Shoes Non Slip Beach Shoes for Women Men Outdoor Sports
一致,480,B0GXJ3MPVV,QS-031-44/45,公司,公司,B0GQBS64JX,溯溪沙滩鞋,Soft Water Shoes Lightweight Quick Dry Shoes for Beach Surfing Yoga
一致,481,B0GXHT83ZQ,QS-031-38/39,公司,公司,B0GQBS64JX,溯溪沙滩鞋,Soft Water Shoes Lightweight Quick Dry Shoes for Beach Surfing Yoga
一致,482,B0GXHQLLTC,QS-062-38/39,公司,公司,B0GQBS64JX,溯溪沙滩鞋,"Non Slip Aqua Shoes Men Women, Rubber Sole, Quick Dry Slip On for Swimming"
一致,483,B0GXHHGSVV,QS-040-36/37,公司,公司,B0GQBS64JX,溯溪沙滩鞋,"Lightweight Beach Water Shoes for Men Women, Anti Slip Sole, Quick Dry Swim"
一致,484,B0GXHTP7GF,QS-005-44/45,公司,公司,B0GQBS64JX,溯溪沙滩鞋,"Unisex Swim Shoes, Rubber Outsole Anti Slip, Soft Stretch Upper, for Beach Snorkel"
一致,485,B0GXHVXC4T,QS-005-38/39,公司,公司,B0GQBS64JX,溯溪沙滩鞋,"Unisex Swim Shoes, Rubber Outsole Anti Slip, Soft Stretch Upper, for Beach Snorkel"
一致,486,B0GXHMKTHV,QS-015-36/37,公司,公司,B0GQBS64JX,溯溪沙滩鞋,Breathable Water Shoes Non Slip Beach Shoes for Women Men Outdoor Sports
一致,487,B0GXHP4P3S,QS-009-38/39,公司,公司,B0GQBP3SH9,溯溪沙滩鞋,Foldable Beach Shoes Slip On Water Shoes for Pool Beach Travel Outdoor
一致,488,B0GXHPJX87,QS-032-38/39,公司,公司,B0GQBS64JX,溯溪沙滩鞋,"Beach Shoes for Men Women, Non Slip Rubber Sole, Quick Dry Printed Aqua Shoes"
一致,489,B0GXHNXSGS,QS-009-36/37,公司,公司,B0GQBP3SH9,溯溪沙滩鞋,Foldable Beach Shoes Slip On Water Shoes for Pool Beach Travel Outdoor
一致,490,B0GXHJQM2G,QS-008-38/39,公司,公司,B0GQBS64JX,溯溪沙滩鞋,"Slip On Water Shoes for Men Women, Non Slip Sole, Lightweight Travel Beach Shoes"
一致,491,B0GXHHYDK7,QS-071-38/39,公司,公司,B0GQBP3SH9,溯溪沙滩鞋,Quick Dry Foldable Water Shoes Comfort Non Slip Beach Walking Shoes
一致,492,B0GXHJJTRC,QS-077-36/37,公司,公司,B0GQBP3SH9,溯溪沙滩鞋,"Water Shoes Men Women, Anti Slip Rubber Outsole, Lightweight, for Surf Snorkel"
一致,493,B0GXHVHRM9,QS-031-36/37,公司,公司,B0GQBS64JX,溯溪沙滩鞋,Soft Water Shoes Lightweight Quick Dry Shoes for Beach Surfing Yoga
一致,494,B0GXHK72ZF,QS-085-36/37,公司,公司,B0GQBP3SH9,溯溪沙滩鞋,"Rafting River Shoes Unisex, Non Skid Sole, Durable Rubber Outsole, Quick Dry"
一致,495,B0GXHJS7N8,QS-032-44/45,公司,公司,B0GQBS64JX,溯溪沙滩鞋,"Beach Shoes for Men Women, Non Slip Rubber Sole, Quick Dry Printed Aqua Shoes"
一致,496,B0GXHY1RN3,QS-095-36/37,公司,公司,B0GQBS64JX,溯溪沙滩鞋,"Beach Swim Water Shoes for Men Women, Non Slip Sole, Printed Quick Dry Slip On"
一致,497,B0GXHNGY1D,QS-008-44/45,公司,公司,B0GQBS64JX,溯溪沙滩鞋,"Slip On Water Shoes for Men Women, Non Slip Sole, Lightweight Travel Beach Shoes"
一致,498,B0GXHJ86QW,QS-021-36/37,公司,公司,B0GQBS64JX,溯溪沙滩鞋,"Unisex Reef Shoes, Non Slip Rubber Sole, Protective Water Shoes for Beach Ocean"
一致,499,B0GXHVNVX1,QS-047-38/39,公司,公司,B0GQBS64JX,溯溪沙滩鞋,"Printed Beach Water Shoes Unisex, Non Slip Rubber Sole, Lightweight Swim Shoes"
一致,500,B0GXHKGMK1,QS-093-44/45,公司,公司,B0GQBS64JX,溯溪沙滩鞋,"Diving Snorkel Shoes Men Women, Non Slip Rubber Sole, Quick Dry Water Shoes"
一致,501,B0GXHNTB1B,QS-008-36/37,公司,公司,B0GQBS64JX,溯溪沙滩鞋,"Slip On Water Shoes for Men Women, Non Slip Sole, Lightweight Travel Beach Shoes"
一致,502,B0GXJ3L8RT,QS-005-36/37,公司,公司,B0GQBS64JX,溯溪沙滩鞋,"Unisex Swim Shoes, Rubber Outsole Anti Slip, Soft Stretch Upper, for Beach Snorkel"
一致,503,B0GXHQVRGF,QS-013-38/39,公司,公司,B0GQBS64JX,溯溪沙滩鞋,"Rafting Water Shoes Unisex, Non Slip Rubber Sole, Stretch Fit Slip On Aqua Shoes"
一致,504,B0GXHTM2VG,QS-077-38/39,公司,公司,B0GQBP3SH9,溯溪沙滩鞋,"Water Shoes Men Women, Anti Slip Rubber Outsole, Lightweight, for Surf Snorkel"
一致,505,B0GXHMNVVM,QS-085-38/39,公司,公司,B0GQBP3SH9,溯溪沙滩鞋,"Rafting River Shoes Unisex, Non Skid Sole, Durable Rubber Outsole, Quick Dry"
一致,506,B0GXHP959H,QS-047-36/37,公司,公司,B0GQBS64JX,溯溪沙滩鞋,"Printed Beach Water Shoes Unisex, Non Slip Rubber Sole, Lightweight Swim Shoes"
一致,507,B0GXHF83LP,QS-042-44/45,公司,公司,B0GQBS64JX,溯溪沙滩鞋,"Unisex Swim Shoes, Non Skid Rubber Sole, Packable Quick Dry Beach Shoes"
一致,508,B0GXHVWPMF,QS-040-44/45,公司,公司,B0GQBS64JX,溯溪沙滩鞋,"Lightweight Beach Water Shoes for Men Women, Anti Slip Sole, Quick Dry Swim"
一致,509,B0GXHG4JJ4,QS-083-38/39,公司,公司,B0GQBP3SH9,溯溪沙滩鞋,Lightweight Aqua Shoes Quick Dry Water Shoes for Beach Pool Activities
一致,510,B0GXHJPRNZ,QS-083-44/45,公司,公司,B0GQBP3SH9,溯溪沙滩鞋,Lightweight Aqua Shoes Quick Dry Water Shoes for Beach Pool Activities
一致,511,B0GXHF7SXG,QS-042-38/39,公司,公司,B0GQBS64JX,溯溪沙滩鞋,"Unisex Swim Shoes, Non Skid Rubber Sole, Packable Quick Dry Beach Shoes"
一致,512,B0GXHMNQ4K,QS-032-36/37,公司,公司,B0GQBS64JX,溯溪沙滩鞋,"Beach Shoes for Men Women, Non Slip Rubber Sole, Quick Dry Printed Aqua Shoes"
一致,513,B0GXHMZ7NC,QS-021-38/39,公司,公司,B0GQBS64JX,溯溪沙滩鞋,"Unisex Reef Shoes, Non Slip Rubber Sole, Protective Water Shoes for Beach Ocean"
一致,514,B0GXHLQPL1,QS-077-44/45,公司,公司,B0GQBP3SH9,溯溪沙滩鞋,"Water Shoes Men Women, Anti Slip Rubber Outsole, Lightweight, for Surf Snorkel"
一致,515,B0GXCYL5NF,SP-NZ-X01,图图,图图,B0GXD26CK5,镊子,"Anti-Static Tweezers, 4 Styles: Straight, Curved, Round & Fine Point, Precision Stainless Steel for Electronics & Crafts"
一致,516,B0GX9Z8DK7,KCC-LSTTJL-30PCS,凯旋,凯旋,B0GXB58BWF,30件螺丝批套筒棘轮组套,"30-Piece Ratchet Screwdriver Set with Socket Sleeves, Multi-Bit Home Repair Tool Kit with Storage Case, Phillips Slotted Torx Hex Bits for Furniture, Appliance, Electronics and DIY Projects"
一致,517,B0GX67CX5C,KCC-NK1-2XL,凯旋,凯旋,B0GX5YLD4W,男士内裤,"4 Pack Men's Underwear, Soft Breathable Boxer Briefs, Stretch Comfortable Moisture Wicking Underwear for Men Daily Wear Multicolor"
一致,518,B0GX3N743B,KCC-ST-HEI,凯旋,凯旋,B0GX378BT9,健身手套,"Weight Lifting Gym Grips Pads, Heavy Duty Suede Leather Hand Grips for Weightlifting, Deadlift, Pull Up, Strength Training"
一致,519,B0GX373Q2W,KCC-ST-LV,凯旋,凯旋,B0GX378BT9,健身手套,"Weight Lifting Gym Grips Pads, Heavy Duty Suede Leather Hand Grips for Weightlifting, Deadlift, Pull Up, Strength Training"
一致,520,B0GX36B5MY,KCC-ST-HUI,凯旋,凯旋,B0GX378BT9,健身手套,"Weight Lifting Gym Grips Pads, Heavy Duty Suede Leather Hand Grips for Weightlifting, Deadlift, Pull Up, Strength Training"
一致,521,B0GX33N93M,KCC-ST-HONG,凯旋,凯旋,B0GX378BT9,健身手套,"Weight Lifting Gym Grips Pads, Heavy Duty Suede Leather Hand Grips for Weightlifting, Deadlift, Pull Up, Strength Training"
一致,522,B0GX38ZRG9,KCC-ST-ZONG,凯旋,凯旋,B0GX378BT9,健身手套,"Weight Lifting Gym Grips Pads, Heavy Duty Suede Leather Hand Grips for Weightlifting, Deadlift, Pull Up, Strength Training"
一致,523,B0GX1BDR68,QS-096-38/39,公司,公司,B0GQBP3SH9,溯溪沙滩鞋,"Aqua Shoes Unisex, Anti Slip Rubber Sole, Quick Dry, for Surf Pool Ocean Beach"
一致,524,B0GX1GNS3Q,QS-096-36/37,公司,公司,B0GQBP3SH9,溯溪沙滩鞋,"Aqua Shoes Unisex, Anti Slip Rubber Sole, Quick Dry, for Surf Pool Ocean Beach"
一致,525,B0GX1D7FFH,QS-0961-42/43,公司,公司,B0GVYWN441,溯溪沙滩鞋,"Water Shoes for Women Men, Aqua Socks, Swim Footwear, Pool Gym Shower Beach Resort Summer Travel Pair"
一致,526,B0GX1HSQJ7,QS-087-44/45,公司,公司,B0GQBP3SH9,溯溪沙滩鞋,"Water Shoes Men Women, Non Slip Sole, Quick Dry, for Creek Hiking Beach Travel"
一致,527,B0GX1GNSCB,QS-0531-42/43,公司,公司,B0GVYWN441,溯溪沙滩鞋,"River Shoes for Women Men, Aqua Socks, Barefoot Swim Footwear, Kayaking Beach Dock Summer Travel Pair"
一致,528,B0GX18WT9V,QS-0961-40/41,公司,公司,B0GVYWN441,溯溪沙滩鞋,"Water Shoes for Women Men, Aqua Socks, Swim Footwear, Pool Gym Shower Beach Resort Summer Travel Pair"
一致,529,B0GX15M3T7,QS-053-36/37,公司,公司,B0GQBP3SH9,溯溪沙滩鞋,"Slip On Beach Shoes Men Women, Non Skid Sole, Quick Dry Water Shoes"
一致,530,B0GX1B2PYW,QS-053-38/39,公司,公司,B0GQBP3SH9,溯溪沙滩鞋,"Slip On Beach Shoes Men Women, Non Skid Sole, Quick Dry Water Shoes"
一致,531,B0GX1BB6G8,QS-096-44/45,公司,公司,B0GQBP3SH9,溯溪沙滩鞋,"Aqua Shoes Unisex, Anti Slip Rubber Sole, Quick Dry, for Surf Pool Ocean Beach"
一致,532,B0GX1H4VZ6,QS-022-44/45,公司,公司,B0GQBS64JX,溯溪沙滩鞋,Breathable Water Shoes Non Slip Quick Dry Shoes for Beach Swimming
一致,533,B0GX1G5PCM,QS-066-36/37,公司,公司,B0GQBS64JX,溯溪沙滩鞋,"Slip On Swim Shoes Unisex, Non Slip Rubber Sole, Lightweight Quick Dry Aqua Shoes"
一致,534,B0GX16DFNQ,QS-0961-44/45,公司,公司,B0GVYWN441,溯溪沙滩鞋,"Water Shoes for Women Men, Aqua Socks, Swim Footwear, Pool Gym Shower Beach Resort Summer Travel Pair"
一致,535,B0GX1K9SBW,QS-066-44/45,公司,公司,B0GQBS64JX,溯溪沙滩鞋,"Slip On Swim Shoes Unisex, Non Slip Rubber Sole, Lightweight Quick Dry Aqua Shoes"
一致,536,B0GX1C498C,QS-022-36/37,公司,公司,B0GQBS64JX,溯溪沙滩鞋,Breathable Water Shoes Non Slip Quick Dry Shoes for Beach Swimming
一致,537,B0GX18FZNP,QS-087-36/37,公司,公司,B0GQBP3SH9,溯溪沙滩鞋,"Water Shoes Men Women, Non Slip Sole, Quick Dry, for Creek Hiking Beach Travel"
一致,538,B0GX15TYTL,QS-053-44/45,公司,公司,B0GQBP3SH9,溯溪沙滩鞋,"Slip On Beach Shoes Men Women, Non Skid Sole, Quick Dry Water Shoes"
一致,539,B0GX1649KX,QS-0221-38/39,公司,公司,B0GVYWN441,溯溪沙滩鞋,"Beach Shoes for Women Men, Aqua Socks, Lightweight Water Footwear, Boardwalk Pool Resort Travel Pair"
一致,540,B0GX1KG5YS,QS-066-38/39,公司,公司,B0GQBS64JX,溯溪沙滩鞋,"Slip On Swim Shoes Unisex, Non Slip Rubber Sole, Lightweight Quick Dry Aqua Shoes"
一致,541,B0GWM7MSX6,SP-MT01-chun,图图,图图,B0GWMK62TD,马桶垫,"Adhesive Toilet Seat Cover, Reusable Sticky Toilet Seat Cushion, Universal Four-Season Toilet Seat Pad (Multiple Patterns)"
一致,542,B0GWPBGMCG,SP-WZ-chuan01,图图,图图,B0GWPDNKBC,袜子,"No Show Liner Socks for Women & Men, Breathable Cooling Summer Boat Socks, Invisible Non-Slip Casual Socks,5 Pairs"
一致,543,B0GWM1N71D,SP-SJ70,图图,图图,B0GWPRJBLQ,丝巾,"27.56 Inch Silk Feeling Scarf for Women, Square Satin Head Scarf, Fashion Hair Wrap Bandana for All Occasions"
一致,544,B0GWPF8SFK,KCC-FSD-W20,凯旋,凯旋,B0GWPBRJCH,防水袋,"20L Waterproof Dry Bag, Roll Top Sack for Kayaking, Boating, Fishing, Camping, Hiking, Beach, Swimming, Keep Gear Dry"
一致,545,B0GWP6YC9B,KCC-FSD-B20,凯旋,凯旋,B0GWPBRJCH,防水袋,"20L Waterproof Dry Bag, Roll Top Sack for Kayaking, Boating, Fishing, Camping, Hiking, Beach, Swimming, Keep Gear Dry"
一致,546,B0GWMD6H3X,KCC-CKYSK-1,凯旋,凯旋,B0GWM6Q395,卡通钥匙扣,"Highland Cow Keychain, Cow Keychain, Keychain For Women, Bag Charm Keychain, Purse Keychain"
一致,547,B0GWMFQCCF,KCC-YTGS-R,凯旋,凯旋,B0GWMG7S58,樱桃挂饰,"Cherry Keychain, Cute Leather Key Ring Charm for Car Keys, Bag, Purse, Backpack, Gift for Women, Mom, Wife, Daily Use"
一致,548,B0GWMFLZ51,SP-WZ-si01,图图,图图,B0GWMBJGRQ,袜子,"Women's Ice Silk Crew Socks 5 Pairs, Thin Breathable Cool Socks, Lightweight Soft Summer Socks"
一致,549,B0GWLZX8QN,SP-FSD-hong,图图,图图,B0GWLZDX4Q,防水袋,"1 Pack Waterproof Phone Pouch, IPX8 Underwater Dry Bag Case for Phones Up to 7.5"", Compatible with iPhone Samsung Multiple Colors Red"
一致,550,B0GWLNYC12,SP-FSD-huang,图图,图图,B0GWLZDX4Q,防水袋,"1 Pack Waterproof Phone Pouch, IPX8 Underwater Dry Bag Case for Phones Up to 7.5"", Compatible with iPhone Samsung Multiple Colors Yellow"
一致,551,B0GWLWGMLQ,SP-FSD-lu,图图,图图,B0GWLZDX4Q,防水袋,"1 Pack Waterproof Phone Pouch, IPX8 Underwater Dry Bag Case for Phones Up to 7.5"", Compatible with iPhone Samsung Multiple Colors Green"
一致,552,B0GWLL3JXX,SP-FSD-hei,图图,图图,B0GWLZDX4Q,防水袋,"1 Pack Waterproof Phone Pouch, IPX8 Underwater Dry Bag Case for Phones Up to 7.5"", Compatible with iPhone Samsung Multiple Colors Black"
一致,553,B0GWLW27RB,SP-FSD-bai,图图,图图,B0GWLZDX4Q,防水袋,"1 Pack Waterproof Phone Pouch, IPX8 Underwater Dry Bag Case for Phones Up to 7.5"", Compatible with iPhone Samsung Multiple Colors White"
一致,554,B0GWLYK233,SP-FSD-shenlan,图图,图图,B0GWLZDX4Q,防水袋,"1 Pack Waterproof Phone Pouch, IPX8 Underwater Dry Bag Case for Phones Up to 7.5"", Compatible with iPhone Samsung Multiple Colors"
一致,555,B0GWLNH6VJ,SP-FSD-feng,图图,图图,B0GWLZDX4Q,防水袋,"1 Pack Waterproof Phone Pouch, IPX8 Underwater Dry Bag Case for Phones Up to 7.5"", Compatible with iPhone Samsung Multiple Colors Pink"
一致,556,B0GWLMTMSB,SP-FSD-hui,图图,图图,B0GWLZDX4Q,防水袋,"1 Pack Waterproof Phone Pouch, IPX8 Underwater Dry Bag Case for Phones Up to 7.5"", Compatible with iPhone Samsung Multiple Colors Gray"
一致,557,B0GWM2XZR9,SP-FSD-lan,图图,图图,B0GWLZDX4Q,防水袋,"1 Pack Waterproof Phone Pouch, IPX8 Underwater Dry Bag Case for Phones Up to 7.5"", Compatible with iPhone Samsung Multiple Colors Blue"
一致,558,B0GWLJ7XGS,SP-XIE-F40/41,公司,公司,B0GWL9YZNY,溯溪沙滩鞋,Men Women Water Shoes Quick Dry Non Slip Barefoot Shoes Lightweight Breathable Beach Swim Surf Yoga Outdoor Sports Aqua Socks
一致,559,B0GWLF5MPL,SP-XIE-S40/41,公司,公司,B0GWL9YZNY,溯溪沙滩鞋,Men Women Water Shoes Quick Dry Non Slip Barefoot Shoes Lightweight Breathable Beach Swim Surf Yoga Outdoor Sports Aqua Socks
一致,560,B0GWL7PP57,SP-XIE-L40/41,公司,公司,B0GWL9YZNY,溯溪沙滩鞋,Men Women Water Shoes Quick Dry Non Slip Barefoot Shoes Lightweight Breathable Beach Swim Surf Yoga Outdoor Sports Aqua Socks
一致,561,B0GWLLLBGM,SP-XIE-Z44/45,公司,公司,B0GWL9YZNY,溯溪沙滩鞋,Men Women Water Shoes Quick Dry Non Slip Barefoot Shoes Lightweight Breathable Beach Swim Surf Yoga Outdoor Sports Aqua Socks
一致,562,B0GWLBM2DW,SP-XIE-L42/43,公司,公司,B0GWL9YZNY,溯溪沙滩鞋,Men Women Water Shoes Quick Dry Non Slip Barefoot Shoes Lightweight Breathable Beach Swim Surf Yoga Outdoor Sports Aqua Socks
一致,563,B0GWL4Y318,SP-XIE-Q38/39,公司,公司,B0GWL9YZNY,溯溪沙滩鞋,Men Women Water Shoes Quick Dry Non Slip Barefoot Shoes Lightweight Breathable Beach Swim Surf Yoga Outdoor Sports Aqua Socks
一致,564,B0GWL5BCKV,SP-XIE-H44/45,公司,公司,B0GWL9YZNY,溯溪沙滩鞋,Men Women Water Shoes Quick Dry Non Slip Barefoot Shoes Lightweight Breathable Beach Swim Surf Yoga Outdoor Sports Aqua Socks
一致,565,B0GWL7LLPX,SP-XIE-L36/37,公司,公司,B0GWL9YZNY,溯溪沙滩鞋,Men Women Water Shoes Quick Dry Non Slip Barefoot Shoes Lightweight Breathable Beach Swim Surf Yoga Outdoor Sports Aqua Socks
一致,566,B0GWL8SQ8L,SP-XIE-S36/37,公司,公司,B0GWL9YZNY,溯溪沙滩鞋,Men Women Water Shoes Quick Dry Non Slip Barefoot Shoes Lightweight Breathable Beach Swim Surf Yoga Outdoor Sports Aqua Socks
一致,567,B0GWLCC48L,SP-XIE-Z38/39,公司,公司,B0GWL9YZNY,溯溪沙滩鞋,Men Women Water Shoes Quick Dry Non Slip Barefoot Shoes Lightweight Breathable Beach Swim Surf Yoga Outdoor Sports Aqua Socks
一致,568,B0GWKYJ6CF,SP-XIE-L38/39,公司,公司,B0GWL9YZNY,溯溪沙滩鞋,Men Women Water Shoes Quick Dry Non Slip Barefoot Shoes Lightweight Breathable Beach Swim Surf Yoga Outdoor Sports Aqua Socks
一致,569,B0GWL9W5YR,SP-XIE-Q36/37,公司,公司,B0GWL9YZNY,溯溪沙滩鞋,Men Women Water Shoes Quick Dry Non Slip Barefoot Shoes Lightweight Breathable Beach Swim Surf Yoga Outdoor Sports Aqua Socks
一致,570,B0GWL7TJTT,SP-XIE-S38/39,公司,公司,B0GWL9YZNY,溯溪沙滩鞋,Men Women Water Shoes Quick Dry Non Slip Barefoot Shoes Lightweight Breathable Beach Swim Surf Yoga Outdoor Sports Aqua Socks
一致,571,B0GWLBJPCN,SP-XIE-H42/43,公司,公司,B0GWL9YZNY,溯溪沙滩鞋,Men Women Water Shoes Quick Dry Non Slip Barefoot Shoes Lightweight Breathable Beach Swim Surf Yoga Outdoor Sports Aqua Socks
一致,572,B0GWL148VJ,SP-XIE-H36/37,公司,公司,B0GWL9YZNY,溯溪沙滩鞋,Men Women Water Shoes Quick Dry Non Slip Barefoot Shoes Lightweight Breathable Beach Swim Surf Yoga Outdoor Sports Aqua Socks
一致,573,B0GWL7SRKH,SP-XIE-Q44/45,公司,公司,B0GWL9YZNY,溯溪沙滩鞋,Men Women Water Shoes Quick Dry Non Slip Barefoot Shoes Lightweight Breathable Beach Swim Surf Yoga Outdoor Sports Aqua Socks
一致,574,B0GWKV7SVD,SP-XIE-L44/45,公司,公司,B0GWL9YZNY,溯溪沙滩鞋,Men Women Water Shoes Quick Dry Non Slip Barefoot Shoes Lightweight Breathable Beach Swim Surf Yoga Outdoor Sports Aqua Socks
一致,575,B0GWL7LH7Q,SP-XIE-Q40/41,公司,公司,B0GWL9YZNY,溯溪沙滩鞋,Men Women Water Shoes Quick Dry Non Slip Barefoot Shoes Lightweight Breathable Beach Swim Surf Yoga Outdoor Sports Aqua Socks
一致,576,B0GWHTK83K,QS-0941-44/45,公司,公司,B0GVYWN441,溯溪沙滩鞋,"Beach Footwear for Women Men, Aqua Socks, Slip On Water Shoes, Pool Lake Cruise Summer Vacation Pair"
一致,577,B0GWJKY6B3,QS-035-44/45,公司,公司,B0GQBP3SH9,溯溪沙滩鞋,"Rafting Beach Water Shoes Unisex, Anti Slip Rubber Sole, Quick Dry Slip On"
一致,578,B0GWHQQCYG,QS-084-36/37,公司,公司,B0GQBP3SH9,溯溪沙滩鞋,"Snorkeling Water Shoes for Men Women, Non Slip Rubber Sole, Quick Dry Beach Shoes"
一致,579,B0GWJ1Z6PV,QS-035-36/37,公司,公司,B0GQBP3SH9,溯溪沙滩鞋,"Rafting Beach Water Shoes Unisex, Anti Slip Rubber Sole, Quick Dry Slip On"
一致,580,B0GWHVDKQ4,QS-004-36/37,公司,公司,B0GQBP3SH9,溯溪沙滩鞋,"Beach Water Shoes Unisex, Printed Design, Anti Slip Sole, Quick Dry Shoes for Pool Ocean"
一致,581,B0GWHM2CFD,QS-097-44/45,公司,公司,B0GQBS64JX,溯溪沙滩鞋,Flexible Water Shoes Barefoot Slippers for Beach Pool Surfing Sports
一致,582,B0GWHYY58F,QS-003-36/37,公司,公司,B0GQBP3SH9,溯溪沙滩鞋,"Water Shoes for Men Women, Non Skid Sole, Stretch Fit, Snorkeling Surf Swim Shoes"
一致,583,B0GWHRZ4HZ,QS-060-36/37,公司,公司,B0GQBS64JX,溯溪沙滩鞋,Non Slip Water Shoes Quick Dry Comfort Beach Shoes for Swimming Walking
一致,584,B0GWHX5PC7,QS-004-38/39,公司,公司,B0GQBP3SH9,溯溪沙滩鞋,"Beach Water Shoes Unisex, Printed Design, Anti Slip Sole, Quick Dry Shoes for Pool Ocean"
一致,585,B0GWHKXK8X,QS-094-36/37,公司,公司,B0GQBS64JX,溯溪沙滩鞋,"Unisex River Trek Water Shoes, Anti Skid Sole, Durable Outsole, Quick Dry"
一致,586,B0GWHP69MV,QS-092-36/37,公司,公司,B0GQBS64JX,溯溪沙滩鞋,All Terrain Water Shoes Lightweight Quick Dry Beach Swim Shoes
一致,587,B0GWHP9JTG,QS-060-44/45,公司,公司,B0GQBS64JX,溯溪沙滩鞋,Non Slip Water Shoes Quick Dry Comfort Beach Shoes for Swimming Walking
一致,588,B0GWHLR3YX,QS-067-44/45,公司,公司,B0GQBS64JX,溯溪沙滩鞋,"Water Shoes Unisex, Anti Slip Pattern Sole, Thick Insole, for Creek River Beach"
一致,589,B0GWHR9J54,QS-038-36/37,公司,公司,B0GQBS64JX,溯溪沙滩鞋,"Slip On Aqua Water Shoes Men Women, Non Slip Sole, Printed Beach Swim Shoes"
一致,590,B0GWHQMP8N,QS-004-44/45,公司,公司,B0GQBP3SH9,溯溪沙滩鞋,"Beach Water Shoes Unisex, Printed Design, Anti Slip Sole, Quick Dry Shoes for Pool Ocean"
一致,591,B0GWHZ5CH4,QS-091-44/45,公司,公司,B0GQBS64JX,溯溪沙滩鞋,"Pool Beach Aqua Shoes Men Women, Non Skid Rubber Sole, Lightweight Quick Dry"
一致,592,B0GWHYCBNT,QS-029-36/37,公司,公司,B0GQBP3SH9,溯溪沙滩鞋,"Snorkel Swim Water Shoes Unisex, Non Skid Rubber Sole, Stretch Fit Beach Shoes Black"
一致,593,B0GWJ2BYYK,QS-067-36/37,公司,公司,B0GQBS64JX,溯溪沙滩鞋,"Water Shoes Unisex, Anti Slip Pattern Sole, Thick Insole, for Creek River Beach"
一致,594,B0GWHLSZGN,QS-092-44/45,公司,公司,B0GQBS64JX,溯溪沙滩鞋,All Terrain Water Shoes Lightweight Quick Dry Beach Swim Shoes
一致,595,B0GWHSBV7R,QS-035-38/39,公司,公司,B0GQBP3SH9,溯溪沙滩鞋,"Rafting Beach Water Shoes Unisex, Anti Slip Rubber Sole, Quick Dry Slip On"
一致,596,B0GWHX8BBZ,QS-091-36/37,公司,公司,B0GQBS64JX,溯溪沙滩鞋,"Pool Beach Aqua Shoes Men Women, Non Skid Rubber Sole, Lightweight Quick Dry"
一致,597,B0GWHR91C8,QS-099-36/37,公司,公司,B0GQBP3SH9,溯溪沙滩鞋,"Creek River Water Shoes Men Women, Non Slip Rubber Sole, Quick Dry Slip On Shoes"
一致,598,B0GWHQ96FG,QS-016-44/45,公司,公司,B0GQBS64JX,溯溪沙滩鞋,"Surf Water Shoes for Men Women, Anti Slip Rubber Sole, Stretch Upper, Quick Dry"
一致,599,B0GWHYB74S,QS-038-44/45,公司,公司,B0GQBS64JX,溯溪沙滩鞋,"Slip On Aqua Water Shoes Men Women, Non Slip Sole, Printed Beach Swim Shoes"
一致,600,B0GWHLRHS3,QS-099-44/45,公司,公司,B0GQBP3SH9,溯溪沙滩鞋,"Creek River Water Shoes Men Women, Non Slip Rubber Sole, Quick Dry Slip On Shoes"
一致,601,B0GWHX49PK,QS-003-44/45,公司,公司,B0GQBP3SH9,溯溪沙滩鞋,"Water Shoes for Men Women, Non Skid Sole, Stretch Fit, Snorkeling Surf Swim Shoes"
一致,602,B0GWH2G47V,KCC-JSDK-XL,凯旋,凯旋,B0GWGP64SB,跑步紧身短裤,5 Pack Men's High Stretch Athletic Base Quick Dry Breathable Short Tights for Workout Gym Running Multicolor
一致,603,B0GWGWJQZJ,KCC-JSDK-S,凯旋,凯旋,B0GWGP64SB,跑步紧身短裤,5 Pack Men's High Stretch Athletic Base Quick Dry Breathable Short Tights for Workout Gym Running Multicolor
一致,604,B0GWGPVW5D,KCC-JSDK-M,凯旋,凯旋,B0GWGP64SB,跑步紧身短裤,5 Pack Men's High Stretch Athletic Base Quick Dry Breathable Short Tights for Workout Gym Running Multicolor
一致,605,B0GVZ5YD8H,QS-0941-42/43,公司,公司,B0GVYWN441,溯溪沙滩鞋,"Beach Footwear for Women Men, Aqua Socks, Slip On Water Shoes, Pool Lake Cruise Summer Vacation Pair"
一致,606,B0GVZ3KF33,QS-0991-40/41,公司,公司,B0GVYWN441,溯溪沙滩鞋,"Pool Footwear for Women Men, Aqua Socks, Lightweight Swim Shoes, Spa Resort Beach Cruise Summer Pair"
一致,607,B0GVYS2DQ1,QS-0971-38/39,公司,公司,B0GVYWN441,溯溪沙滩鞋,"Water Footwear for Women Men, Aqua Socks, Foldable Swim Shoes, Resort Beach Boat Dock Travel Pair"
一致,608,B0GVYW6Y73,QS-0161-38/39,公司,公司,B0GVYWN441,溯溪沙滩鞋,"Barefoot Water Shoes, Quick-Dry Aqua Socks for Diving, Snorkeling, Surfing, Hiking, Beach, Non-Slip Breathable Footwear for Men Women"
一致,609,B0GVYY1M4N,QS-060-38/39,公司,公司,B0GQBS64JX,溯溪沙滩鞋,Non Slip Water Shoes Quick Dry Comfort Beach Shoes for Swimming Walking
一致,610,B0GVYZTYT9,QS-003-38/39,公司,公司,B0GQBP3SH9,溯溪沙滩鞋,"Water Shoes for Men Women, Non Skid Sole, Stretch Fit, Snorkeling Surf Swim Shoes"
一致,611,B0GVXW57L9,QS-067-38/39,公司,公司,B0GQBS64JX,溯溪沙滩鞋,"Water Shoes Unisex, Anti Slip Pattern Sole, Thick Insole, for Creek River Beach"
一致,612,B0GVXLDPZT,ZD002-White-9/10,公司,公司,B0GVXLDPZT,拖鞋,"Foldable EVA Travel Slippers for Women Men, Lightweight Quick Drying Non Slip Shower Sandals, Portable Flip Flops for Bathroom, Hotel, Beach, Pool & Cruise"
一致,613,B0GVXC2467,ZD002-White-6/7,公司,公司,B0GVXC2467,拖鞋,"Foldable EVA Travel Slippers for Women Men, Lightweight Quick Drying Non Slip Shower Sandals, Portable Flip Flops for Bathroom, Hotel, Beach, Pool & Cruise"
一致,614,B0GVY271R9,QS-084-38/39,公司,公司,B0GQBP3SH9,溯溪沙滩鞋,"Snorkeling Water Shoes for Men Women, Non Slip Rubber Sole, Quick Dry Beach Shoes"
一致,615,B0GVY41X9X,QS-016-38/39,公司,公司,B0GQBS64JX,溯溪沙滩鞋,"Surf Water Shoes for Men Women, Anti Slip Rubber Sole, Stretch Upper, Quick Dry"
一致,616,B0GVXQ5Y8L,QS-029-38/39,公司,公司,B0GQBP3SH9,溯溪沙滩鞋,"Snorkel Swim Water Shoes Unisex, Non Skid Rubber Sole, Stretch Fit Beach Shoes Black"
一致,617,B0GVXMF45F,QS-034-38/39,公司,公司,B0GQBS64JX,溯溪沙滩鞋,"Swim Water Shoes for Men Women, Non Slip Sole, Comfortable Fit, for Beach Pool"
一致,618,B0GVXTRB9Q,ZD002-Grey-9/10,公司,公司,B0GVXTRB9Q,拖鞋,"Foldable EVA Travel Slippers for Women Men, Lightweight Quick Drying Non Slip Shower Sandals, Portable Flip Flops for Bathroom, Hotel, Beach, Pool & Cruise"
一致,619,B0GVXQGDM9,ZD002-Blue-9/10,公司,公司,B0GL91XJMF,拖鞋,"Foldable EVA Travel Slippers for Women Men, Lightweight Quick Drying Non Slip Shower Sandals, Portable Flip Flops for Bathroom, Hotel, Beach, Pool & Cruise"
一致,620,B0GVXBZSBK,QS-097-38/39,公司,公司,B0GQBS64JX,溯溪沙滩鞋,Flexible Water Shoes Barefoot Slippers for Beach Pool Surfing Sports
一致,621,B0GVX7K8MW,QS-094-38/39,公司,公司,B0GQBS64JX,溯溪沙滩鞋,"Unisex River Trek Water Shoes, Anti Skid Sole, Durable Outsole, Quick Dry"
一致,622,B0GVXQXG2F,QS-092-38/39,公司,公司,B0GQBS64JX,溯溪沙滩鞋,All Terrain Water Shoes Lightweight Quick Dry Beach Swim Shoes
一致,623,B0GVXKCJ82,ZD002-Blue-10/11,公司,公司,B0GL91XJMF,拖鞋,"Foldable EVA Travel Slippers for Women Men, Lightweight Quick Drying Non Slip Shower Sandals, Portable Flip Flops for Bathroom, Hotel, Beach, Pool & Cruise"
一致,624,B0GVXH7C28,QS-099-38/39,公司,公司,B0GQBP3SH9,溯溪沙滩鞋,"Creek River Water Shoes Men Women, Non Slip Rubber Sole, Quick Dry Slip On Shoes"
一致,625,B0GVXS9JV9,QS-091-38/39,公司,公司,B0GQBS64JX,溯溪沙滩鞋,"Pool Beach Aqua Shoes Men Women, Non Skid Rubber Sole, Lightweight Quick Dry"
一致,626,B0GVXCPVKZ,ZD002-Grey-10/11,公司,公司,B0GVXCPVKZ,拖鞋,"Foldable EVA Travel Slippers for Women Men, Lightweight Quick Drying Non Slip Shower Sandals, Portable Flip Flops for Bathroom, Hotel, Beach, Pool & Cruise"
一致,627,B0GVWFTT8G,QS-001-38/39,公司,公司,B0GQBS64JX,溯溪沙滩鞋,Water Shoes for Women Men Quick Dry Barefoot Beach Swim Pool Walking Shoes
一致,628,B0GVW7W5ZM,ZD001-Blue-6/7,公司,公司,B0GL92S6S4,人字拖,"Foldable Flip Flops for Travel, Lightweight Portable Silicone Slippers, Compact Non-Slip Sandals for Home/Hotel/Beach, Comfortable Flexible Footwear for Women & Men"
一致,629,B0GVWT526W,ZD001-Grey-6/7,公司,公司,B0GL92S6S4,人字拖,"Foldable Flip Flops for Travel, Lightweight Portable Silicone Slippers, Compact Non-Slip Sandals for Home/Hotel/Beach, Comfortable Flexible Footwear for Women & Men"
一致,630,B0GVWDDMF4,ZD001-Grey-10/11,公司,公司,B0GL92S6S4,人字拖,"Foldable Flip Flops for Travel, Lightweight Portable Silicone Slippers, Compact Non-Slip Sandals for Home/Hotel/Beach, Comfortable Flexible Footwear for Women & Men"
一致,631,B0GVWP71TS,ZD001-Blue-9/10,公司,公司,B0GL92S6S4,人字拖,"Foldable Flip Flops for Travel, Lightweight Portable Silicone Slippers, Compact Non-Slip Sandals for Home/Hotel/Beach, Comfortable Flexible Footwear for Women & Men"
一致,632,B0GVW9B1XZ,ZD001-Grey-9/10,公司,公司,B0GL92S6S4,人字拖,"Foldable Flip Flops for Travel, Lightweight Portable Silicone Slippers, Compact Non-Slip Sandals for Home/Hotel/Beach, Comfortable Flexible Footwear for Women & Men"
一致,633,B0GVS9KJ3R,SP-huwan-dahei,图图,图图,B0GVSBFMFQ,护腕,"2 Pack Wrist Rest with Thumb Support, Compression Sleeve for Tendonitis & Carpal Tunnel, Joint Stabilizer for Wrist Pain Relief"
一致,634,B0GVSDXVFP,SP-huwan-dahui,图图,图图,B0GVSBFMFQ,护腕,"2 Pack Wrist Rest with Thumb Support, Compression Sleeve for Tendonitis & Carpal Tunnel, Joint Stabilizer for Wrist Pain Relief"
一致,635,B0GVSDW25R,SP-huwan-dafu,图图,图图,B0GVSBFMFQ,护腕,"2 Pack Wrist Rest with Thumb Support, Compression Sleeve for Tendonitis & Carpal Tunnel, Joint Stabilizer for Wrist Pain Relief"
一致,636,B0GVSG76VT,KCC-TLD-7.5,凯旋,凯旋,B0GVSPL81C,弹力带,"Self Adhesive Elastic Training Bands, Reusable Compression Stretch Bands for Muscle Support, Fitness Training, Sports Wrap"
一致,637,B0GVSG76VT,KCC-TLD-5,凯旋,凯旋,B0GVSPL81C,弹力带,"Self Adhesive Elastic Training Bands, Reusable Compression Stretch Bands for Muscle Support, Fitness Training, Sports Wrap"
一致,638,B0GVS9PFFJ,KCC-DK-40,凯旋,凯旋,B0GVSKRL8T,搭扣,"S Shape Spring Snap Hook, Quick Release Buckle Clip, Heavy Duty Spring Loaded Fastener for Outdoor Camping Backpack Keychain"
一致,639,B0GVRCK4S3,SP-maojin-lu,图图,图图,B0GVR5WKNS,挂件毛巾,"Fuzzy Ball Chenille Hanging Hand Towels 2 Pack, Soft Absorbent Fast Drying Towels with Hanging Loop for Bathroom Kitchen"
一致,640,B0GVRBVJ5Z,SP-maojin-gui,图图,图图,B0GVR5WKNS,挂件毛巾,"Fuzzy Ball Chenille Hanging Hand Towels 2 Pack, Soft Absorbent Fast Drying Towels with Hanging Loop for Bathroom Kitchen"
一致,641,B0GVRKCLTK,SP-maojin-you,图图,图图,B0GVR5WKNS,挂件毛巾,"Fuzzy Ball Chenille Hanging Hand Towels 2 Pack, Soft Absorbent Fast Drying Towels with Hanging Loop for Bathroom Kitchen"
一致,642,B0GVRNG9FW,SP-maojin-hai,图图,图图,B0GVR5WKNS,挂件毛巾,"Fuzzy Ball Chenille Hanging Hand Towels 2 Pack, Soft Absorbent Fast Drying Towels with Hanging Loop for Bathroom Kitchen"
一致,643,B0GVRNK67N,SP-maojin-feng,图图,图图,B0GVR5WKNS,挂件毛巾,"Fuzzy Ball Chenille Hanging Hand Towels 2 Pack, Soft Absorbent Fast Drying Towels with Hanging Loop for Bathroom Kitchen"
一致,644,B0GVRJYPKY,KCC-JSDK-2XL,凯旋,凯旋,B0GWGP64SB,跑步紧身短裤,5 Pack Men's High Stretch Athletic Base Quick Dry Breathable Short Tights for Workout Gym Running Multicolor
一致,645,B0GVR7TJCT,SP-dengsan01-32,图图,图图,B0GVQHM358,登山扣,"Multifunctional Aluminum Alloy Carabiner Clip, Heavy Duty D-Ring Locking Carabiner for Outdoor Hiking Camping Backpack Keychain,10 Pack"
一致,646,B0GVQMRL8X,SP-dengsan05-8zi,图图,图图,B0GVQHM358,登山扣,"Portable Aluminum Alloy Carabiner Keychain Clip, Multifunctional D Ring Locking Carabiner for Outdoor Sports Daily Use,10 Pack"
一致,647,B0GVQN38YH,KCC-QXDK-XL,凯旋,凯旋,B0GVQN38YH,骑行短裤,"5 Pack Men's Cycling Shorts, Quick Dry Breathable Athletic Shorts, Lightweight High Stretch Sports Shorts for Running Cycling Workout Multicolor"
一致,648,B0GVNR46S6,KCC-xieba-5se,凯旋,凯旋,B0GVNVVXW4,鞋拔子,"6 Pcs Plastic Shoehorn Set, Portable Travel Shoe Horns, Lightweight Shoe Helper for Men Women Kids Seniors, 6 Assorted Colors"
一致,649,B0GVNCK43B,SP-shouyao01-xingyun,图图,图图,B0GVNB58BZ,收腰扣,"Waist Buckle Set for Women, Adjustable Pant Button Extender, Variety Styles Alloy Waist Cinch Clips, 4 Pieces Pack"
一致,650,B0GVN3C9Q1,SP-shouyao02-zhenzhu,图图,图图,B0GVNB58BZ,收腰扣,"4 Pack Adjustable Waist Buckles for Pants, Multiple Styles Alloy Waist Cinch Clips, Clothing Waist Tightener for Women"
一致,651,B0GVJQCVMM,SP-BINGXIU-hui01,图图,图图,B0GVN3TTBB,冰袖,"Gradient Color Cooling Arm Sleeves for Men Women, 2 Pairs Ice Silk UV Sun Protection Arm Covers."
一致,652,B0GVJP23VT,SP-BINGXIU-binchuan01,图图,图图,B0GVN8F5C7,冰袖,"UV Sun Protection Arm Sleeves for Men Women, Cooling Ice Silk Arm Sleeves, Non Slip Sports Arm Covers,"
一致,653,B0GVJQ1PC3,SP-BINGXIU-lan02,图图,图图,B0GVN3TTBB,冰袖,"Gradient Color Ice Silk UV Protection Arm Sleeves, 2 Pairs Cooling Sun Protection Arm Covers for Men Women Outdoor Sports"
一致,654,B0GVJNLQHM,SP-mianjiao-bei,图图,图图,B0GVJZ98H4,免胶假睫毛,"Adhesive-Free Lower Eyelashes, Natural Look Fake Bottom Lashes, Reusable Multiple Styles Soft Under Lashes for Daily Makeup"
一致,655,B0GV226T4F,SP-underwear -sancan-M,图图,图图,B0GWHY8GZ7,内裤-冰丝,"3 Pack Women's Ice Silk Breathable Underwear, Lightweight Cooling Hip Enhancing Panties for Summer, Assorted Colors"
一致,656,B0GV2ZZBN9,KCC-fangqiegeshoutao-M,凯旋,凯旋,B0GV2ZZBN9,防切割手套,"HPPE Nitrile Sandy Finish Cut Resistant Gloves, EN 388 Level 5 Protection, Safety Work Gloves for Kitchen, Gardening, Construction, Men & Women"
一致,657,B0GV35X3PV,KCC-dingqingshoutao-L-bailan,凯旋,凯旋,B0GZ2FSRT5,丁晴手套,"3 Pairs Nylon Lined Nitrile Coated Work Gloves, Dipped Rubber Non-Slip Safety Gloves for Gardening, Construction, Household & Men"
一致,658,B0GV33DSMP,KCC-Pushoutao-M,凯旋,凯旋,B0GZ2JYPV1,防切割手套,"HPPE Lined Cut Resistant Gloves with PU & Nitrile Sandy Coating, EN 388 Level 5 Safety Work Gloves for Construction, Gardening, Industrial Work"
一致,659,B0GV3DYY68,KCC-Pushoutao-L,凯旋,凯旋,B0GZ2JYPV1,防切割手套,"HPPE Lined Cut Resistant Gloves with PU & Nitrile Sandy Coating, EN 388 Level 5 Safety Work Gloves for Construction, Gardening, Industrial Work"
一致,660,B0GV36GVDZ,KCC-dingqingshoutao-L-heihei,凯旋,凯旋,B0GZ2FSRT5,丁晴手套,"3 Pairs Nylon Lined Nitrile Coated Work Gloves, Dipped Rubber Non-Slip Safety Gloves for Gardening, Construction, Household & Men"
一致,661,B0GV3H6N3C,KCC-Pushoutao-XL,凯旋,凯旋,B0GZ2JYPV1,防切割手套,"HPPE Lined Cut Resistant Gloves with PU & Nitrile Sandy Coating, EN 388 Level 5 Safety Work Gloves for Construction, Gardening, Industrial Work"
一致,662,B0GV39Q43P,KCC-fangqiegeshoutao-L,凯旋,凯旋,B0GV39Q43P,防切割手套,"HPPE Nitrile Sandy Finish Cut Resistant Gloves, EN 388 Level 5 Protection, Safety Work Gloves for Kitchen, Gardening, Construction, Men & Women"
一致,663,B0GV2GH9JV,SP-fadai-hudie-01,图图,图图,B0GV2JH67X,发带,"Extra Wide Headbands for Women, Large Size Thick Turban Head Wrap, Boho Printed"
一致,664,B0GTZ8DVR3,KCC-wangyanwa-7se,凯旋,凯旋,B0GTZ8DVR3,网眼袜,"7 Pairs Men's Summer Thin Boat Socks, Breathable Mesh Low Cut Ankle Socks, Non-Slip Lightweight Invisible Liner Socks for Daily & Sports"
一致,665,B0GTZGBVFC,KCC-chuanwa-6se,凯旋,凯旋,B0GVN3WCSS,船袜,"6 Pairs Men's Pure Cotton Non-Slip Boat Socks, Anti-Slip No Show Low Cut Invisible Socks for Sneakers & Daily Wear"
一致,666,B0GTNKLTT3,SP-10-01,图图,图图,B0GTNLDNKW,勺子,"Square Wooden Handle Silver Flatware Set, Food Grade Stainless Steel Cutlery Set, 1 Dinner Fork & 2 Teaspoon, Mirror Polished Dishwasher Safe Silverware"
一致,667,B0GTLWC1GL,SP-07-01,图图,图图,B0GTLXQL4S,勺子,"Coffee Set of 2, Stainless Steel Demitasse Espresso Spoons, Gold Silver Small Spoons for Tea Dessert"
一致,668,B0GTLTFHCL,SP-TUTU-TGJ-06,图图,图图,B0GTLNNXR1,宠物玩具,"Premium Cotton Dog Rope Toys, Bone Chew Toys for Teething, Interactive Play & Training Toys for Small to Medium Dogs"
一致,669,B0GTBG5CDB,YQ-YUNYU-2026317-GUOLVQI-7,公司,公司,B0GT1K8L8Q,过滤器,"2 Pack Drain Hair Catcher-Sink Strainer, Shower Drain Cover, Drains Filter Cover for Kitchen Sink Bathroom Shower(Blue)"
一致,670,B0GTBPDYC5,YQ-YUNYU-2026317-GUOLVQI-9,公司,公司,B0GT1K8L8Q,过滤器,"2 Pack Drain Hair Catcher-Sink Strainer, Shower Drain Cover, Drains Filter Cover for Kitchen Sink Bathroom Shower(Gray)"
一致,671,B0GT1C8L3G,YQ-YUNYU-2026317-FADAI-21,公司,公司,B0GSX41MVT,发带-粉色-2,"Skincare Headband For Face Washing-Spa Headband, Makeup Headbands With Bow And Wrist Wash Bands Facial Routine Spa For Women(Pink)"
一致,672,B0GSXB1R4L,YQ-YUNYU-2026317-FADAI-3,公司,公司,B0GSX41MVT,发带-白色-3,"Skincare Headband For Face Washing-Spa Headband, Makeup Headbands With Bow And Wrist Wash Bands Facial Routine Spa For Women(White)"
一致,673,B0GSXB13R1,YQ-YUNYU-2026317-FADAI-1,公司,公司,B0GSX41MVT,发带-紫色-1,"Skincare Headband For Face Washing-Spa Headband, Makeup Headbands With Bow And Wrist Wash Bands Facial Routine Spa For Women(Purple)"
一致,674,B0GSX65TMY,YQ-YUNYU-2026317-FADAI-5,公司,公司,B0GSX41MVT,发带-绿色-5,"Skincare Headband For Face Washing-Spa Headband, Makeup Headbands With Bow And Wrist Wash Bands Facial Routine Spa For Women(Green)"
一致,675,B0GSXJG97D,YQ-YUNYU-2026317-FADAI-4,凯旋,凯旋,B0GSX41MVT,发带-黑色-4,"Skincare Headband For Face Washing-Spa Headband, Makeup Headbands With Bow And Wrist Wash Bands Facial Routine Spa For Women(Black)"
一致,676,B0GSVKBZSV,KC-B9-L,图图,图图,B0HD6F5MYH,比基尼,Womens Two Piece Bikini Set Vintage Print Swimwear Halter String Triangle Swimsuit Back Self Tie Spaghetti Strap Bathing Suit
一致,677,B0GSVLB176,KB-B5-L,图图,图图,B0HD6F5MYH,比基尼,Buauty Bikini Sets for Women Two Piece Swimsuits Halter String Triangle Bathing Suit Sexy Tie Side Bottom Swimwear
一致,678,B0GSVS7P4F,KC-B3-L,图图,图图,B0HD6F5MYH,比基尼,Women's Two Piece Bikini Set Halter Triangle Tops Sexy Thong Bottom Cheeky Swimsuit Bathing Suit
一致,679,B0GSVJQJJJ,KC-B15-M,图图,图图,B0HD6F5MYH,比基尼,Women's String Triangle Bikini Top Sexy Self Tie Back Bathing Suit Swim Top
一致,680,B0GSVLSHCG,KC-B15-L,图图,图图,B0HD6F5MYH,比基尼,Women's String Triangle Bikini Top Sexy Self Tie Back Bathing Suit Swim Top
一致,681,B0GSVJ12RX,KC-B12-M,图图,图图,B0HD6F5MYH,比基尼,Halter String Triangle Bikini Set Women Vintage Print Two Piece Back Self Tie Swimsuit
一致,682,B0GSVPQZ4D,KC-B10-L,图图,图图,B0HD6R23RJ,比基尼,Women Vintage Print Two Piece Bikini Set Halter String Triangle Swimsuit Back Self Tie Spaghetti Strap Swimwear Multicolor
负责人不一致,683,B0GSVW46L8,KC-B14-M,图图,凯旋,B0HD6F5MYH,比基尼,String Bikini Tops for Women Sexy Triangle Bathing Suit Tops Adjustable Tie Back Swim Tops Black
一致,684,B0GSVPJF2G,KC-B4-L,图图,图图,B0HD6F5MYH,比基尼,Halter Triangle Bikini Set Women Sexy Two Piece Cheeky Thong Bathing Suit Swimsuit
一致,685,B0GSVPCRB7,KC-B8-M,图图,图图,B0HD6F5MYH,比基尼,Sexy Two Piece Bikini Sets for Women Halter Triangle Swimsuit Tie Side Bottom Bathing Suit
一致,686,B0GSVQQ9G6,KC-B13-M,图图,图图,B0HD6F5MYH,比基尼,Women Two Piece Vintage Print Bikini Set Halter String Triangle Swimsuit Back Self Tie Spaghetti Strap Bathing Suit
一致,687,B0GSVPZYZW,KC-B3-M,图图,图图,B0HD6F5MYH,比基尼,Women's Two Piece Bikini Set Halter Triangle Tops Sexy Thong Bottom Cheeky Swimsuit Bathing Suit
一致,688,B0GSVQYWGV,KC-B11-M,图图,图图,B0HD6F5MYH,比基尼,Womens Vintage Print Two Piece Bikini Set by SEAFORM Halter String Triangle Top Back Self Tie Spaghetti Strap Swimsuit
一致,689,B0GSVS86G7,KC-B11-L,图图,图图,B0HD6F5MYH,比基尼,Womens Vintage Print Two Piece Bikini Set by SEAFORM Halter String Triangle Top Back Self Tie Spaghetti Strap Swimsuit
一致,690,B0GSVM7M86,KC-B7-L,图图,图图,B0HD6F5MYH,比基尼,Halter String Triangle Bikini Set for Women Two Piece Sexy Tie Side Bottom Bathing Suit Swimwear
一致,691,B0GSVMNYX4,KC-B1--M,图图,图图,B0HD6F5MYH,比基尼,Women Bikini Set Two Piece Swimsuit Sexy Thong Bathing Suit Halter Triangle Tops Cheeky Bikini for Women
一致,692,B0GSVHL6NR,KB-B5-M,图图,图图,B0HD6F5MYH,比基尼,Buauty Bikini Sets for Women Two Piece Swimsuits Halter String Triangle Bathing Suit Sexy Tie Side Bottom Swimwear
一致,693,B0GSVQ2P5P,KC-B13-L,图图,图图,B0HD6F5MYH,比基尼,Women Two Piece Vintage Print Bikini Set Halter String Triangle Swimsuit Back Self Tie Spaghetti Strap Bathing Suit
一致,694,B0GSVMWX93,KC-B10-M,图图,图图,B0GSVMWX93,比基尼,Women Vintage Print Two Piece Bikini Set Halter String Triangle Swimsuit Back Self Tie Spaghetti Strap Swimwear Multicolor
一致,695,B0GSVS38SN,KC-B4-M,图图,图图,B0HD6F5MYH,比基尼,Halter Triangle Bikini Set Women Sexy Two Piece Cheeky Thong Bathing Suit Swimsuit
一致,696,B0GSVJZ9M4,KC-B9-M,图图,图图,B0HD6F5MYH,比基尼,Womens Two Piece Bikini Set Vintage Print Swimwear Halter String Triangle Swimsuit Back Self Tie Spaghetti Strap Bathing Suit
一致,697,B0GSVNCBBW,KC-B8-L,图图,图图,B0HD6F5MYH,比基尼,Sexy Two Piece Bikini Sets for Women Halter Triangle Swimsuit Tie Side Bottom Bathing Suit
一致,698,B0GSVSSNF3,KC-B2-M,图图,图图,B0HD6F5MYH,比基尼,Sexy Halter Triangle Bikini Set for Women Two Piece Cheeky Thong Swimsuit Bathing Suit
一致,699,B0GSVQ7Q83,KC-B14-L,图图,图图,B0HD6F5MYH,比基尼,String Bikini Tops for Women Sexy Triangle Bathing Suit Tops Adjustable Tie Back Swim Tops Black
一致,700,B0GS91TM1D,QS-115-42/43,公司,公司,B0GQBS64JX,溯溪沙滩鞋,"Aqua Socks for Women Men, Water Shoes, Slip On Swim Footwear, Resort Pool Beach Water Park Cruise Summer Pair"
负责人不一致,701,B0GS8JQNW8,KC-10-01,图图,凯旋,B0GS8KFR4R,手机链,Keychain for Men Women - Durable Metal Key Chain with Key Ring Car Key Accessory
负责人不一致,702,B0GS8227R4,KC-16-01,图图,凯旋,B0GS8KFR4R,手机链,Keychain for Men Women - Durable Metal Key Chain with Key Ring Car Key Accessory
负责人不一致,703,B0GS8LKMSS,KC-20-01,图图,凯旋,B0GS8KFR4R,手机链,Keychain for Men Women - Durable Metal Key Chain with Key Ring Car Key Accessory
负责人不一致,704,B0GS8R1ZZF,KC-27-01,图图,凯旋,B0GS8KFR4R,,"Beaded Cell Phone Strap for Women, Stylish Bead Wrist Lanyard, Decorative Phone Accessory"
负责人不一致,705,B0GS8KPF9V,KC-04-01,图图,凯旋,B0GS8KFR4R,手机链,Keychain for Men Women - Durable Metal Key Chain with Key Ring Car Key Accessory
负责人不一致,706,B0GS8NPN13,KC-24-01,图图,凯旋,B0GS8NPN13,手机链,"Cute Bow & Pearl Beaded Keychain, Minimalist Dainty Key Chain for Women Girls Daily Use"
一致,707,B0GRTXTK2L,QS-101-40/41,公司,公司,B0GQBS64JX,溯溪沙滩鞋,"Beach Water Shoes Unisex, Anti Slip Pattern Sole, Quick Dry Swim Shoes for Ocean"
一致,708,B0GRTQVTR2,QS-101-42/43,公司,公司,B0GQBS64JX,溯溪沙滩鞋,"Beach Water Shoes Unisex, Anti Slip Pattern Sole, Quick Dry Swim Shoes for Ocean"
一致,709,B0GQH3BVXR,QS-044-40/41,公司,公司,B0GQH38Y4J,溯溪沙滩鞋,Lightweight Foldable Water Shoes Comfort Beach Shoes for Pool Travel
一致,710,B0GQGVFBBJ,QS-044-42/43,公司,公司,B0GQH38Y4J,溯溪沙滩鞋,Lightweight Foldable Water Shoes Comfort Beach Shoes for Pool Travel
一致,711,B0GQGRZX1G,QS-064-42/43,公司,公司,B0GQBP3SH9,溯溪沙滩鞋,Flexible Water Shoes Slip On Breathable Beach Shoes for Pool Surfing
一致,712,B0GQC99H4C,QS-089-40/41,公司,公司,B0GQBS64JX,溯溪沙滩鞋,Comfort Foldable Beach Shoes Non Slip Water Shoes for Women Men
一致,713,B0GQC8MP9V,QS-050-40/41,公司,公司,B0GQBS64JX,溯溪沙滩鞋,"Beach Aqua Shoes Unisex, Non Slip Rubber Sole, Comfortable Insole, for Ocean"
一致,714,B0GQBWG246,QS-062-40/41,公司,公司,B0GQBS64JX,溯溪沙滩鞋,"Non Slip Aqua Shoes Men Women, Rubber Sole, Quick Dry Slip On for Swimming"
一致,715,B0GQBMQ8WS,QS-090-40/41,公司,公司,B0GQBS64JX,溯溪沙滩鞋,"Beach Water Shoes Unisex, Anti Slip Pattern Sole, Quick Dry Swim Shoes for Ocean"
一致,716,B0GQBW7429,QS-082-40/41,公司,公司,B0GQBP3SH9,溯溪沙滩鞋,"Unisex Aqua Shoes, Non Skid Rubber Sole, Stretch Fit, for Ocean Reef Walk"
一致,717,B0GQBR6QKZ,QS-083-42/43,公司,公司,B0GQBP3SH9,溯溪沙滩鞋,Lightweight Aqua Shoes Quick Dry Water Shoes for Beach Pool Activities
一致,718,B0GQC1CD7Y,QS-087-40/41,公司,公司,B0GQBP3SH9,溯溪沙滩鞋,"Water Shoes Men Women, Non Slip Sole, Quick Dry, for Creek Hiking Beach Travel"
一致,719,B0GQBLYKWM,QS-008-40/41,公司,公司,B0GQBS64JX,溯溪沙滩鞋,"Slip On Water Shoes for Men Women, Non Slip Sole, Lightweight Travel Beach Shoes"
一致,720,B0GQC3LH69,QS-032-42/43,公司,公司,B0GQBS64JX,溯溪沙滩鞋,"Beach Shoes for Men Women, Non Slip Rubber Sole, Quick Dry Printed Aqua Shoes"
一致,721,B0GQBR61BP,QS-053-42/43,公司,公司,B0GQBP3SH9,溯溪沙滩鞋,"Slip On Beach Shoes Men Women, Non Skid Sole, Quick Dry Water Shoes"
一致,722,B0GQC578G9,QS-100-42/43,公司,公司,B0GQBP3SH9,溯溪沙滩鞋,"Beach Water Shoes Unisex, Anti Slip Pattern Sole, Quick Dry Swim Shoes for Ocean"
一致,723,B0GQBZ7JYK,QS-076-42/43,公司,公司,B0GQBP3SH9,溯溪沙滩鞋,"Unisex Swim Water Shoes, Non Skid Sole, Soft Stretch Upper, for Beach Pool"
一致,724,B0GQBP5G6M,QS-001-40/41,公司,公司,B0GQBS64JX,溯溪沙滩鞋,Water Shoes for Women Men Quick Dry Barefoot Beach Swim Pool Walking Shoes
一致,725,B0GQBS7HJW,QS-046-40/41,公司,公司,B0GQBS64JX,溯溪沙滩鞋,"Beach Water Shoes Unisex, Anti Slip Pattern Sole, Quick Dry Swim Shoes for Ocean"
一致,726,B0GQC8X8K6,QS-045-40/41,公司,公司,B0GQBS64JX,溯溪沙滩鞋,"Water Shoes Unisex, Anti Skid Sole, Thick Cushion Insole, for Kayak Rafting"
一致,727,B0GQBTQTGP,QS-084-42/43,公司,公司,B0GQBP3SH9,溯溪沙滩鞋,"Snorkeling Water Shoes for Men Women, Non Slip Rubber Sole, Quick Dry Beach Shoes"
一致,728,B0GQC3CTF1,QS-016-40/41,公司,公司,B0GQBS64JX,溯溪沙滩鞋,"Surf Water Shoes for Men Women, Anti Slip Rubber Sole, Stretch Upper, Quick Dry"
一致,729,B0GQBLY4M7,QS-042-42/43,公司,公司,B0GQBS64JX,溯溪沙滩鞋,"Unisex Swim Shoes, Non Skid Rubber Sole, Packable Quick Dry Beach Shoes"
一致,730,B0GQBY1K5X,QS-036-42/43,公司,公司,B0GQBS64JX,溯溪沙滩鞋,Summer Water Shoes for Women Men Comfort Quick Dry Beach Walking Shoes
一致,731,B0GQBSKR9C,QS-004-42/43,公司,公司,B0GQBP3SH9,溯溪沙滩鞋,"Beach Water Shoes Unisex, Printed Design, Anti Slip Sole, Quick Dry Shoes for Pool Ocean"
一致,732,B0GQC613XT,QS-056-40/41,公司,公司,B0GQBP3SH9,溯溪沙滩鞋,"Pool Beach Water Shoes Unisex, Non Slip Rubber Sole, Printed Quick Dry Shoes"
一致,733,B0GQBWTWT5,QS-073-40/41,公司,公司,B0GQBWTWT5,溯溪沙滩鞋,Summer Beach Shoes Lightweight Water Shoes for Women Men Daily Sports
一致,734,B0GQBWK8VT,QS-077-42/43,公司,公司,B0GQBP3SH9,溯溪沙滩鞋,"Water Shoes Men Women, Anti Slip Rubber Outsole, Lightweight, for Surf Snorkel"
一致,735,B0GQC5374T,QS-043-42/43,公司,公司,B0GQBS64JX,溯溪沙滩鞋,"River Shoes Unisex, Non Slip Sole, Quick Dry Water Shoes for Creek Trekking"
一致,736,B0GQBQ7W8M,QS-035-42/43,公司,公司,B0GQBP3SH9,溯溪沙滩鞋,"Rafting Beach Water Shoes Unisex, Anti Slip Rubber Sole, Quick Dry Slip On"
一致,737,B0GQBSPD65,QS-068-42/43,公司,公司,B0GQBS64JX,溯溪沙滩鞋,Summer Beach Shoes Lightweight Water Shoes for Women Men Daily Sports
一致,738,B0GQCBNBL7,QS-047-42/43,公司,公司,B0GQBS64JX,溯溪沙滩鞋,"Printed Beach Water Shoes Unisex, Non Slip Rubber Sole, Lightweight Swim Shoes"
一致,739,B0GQBTXJHD,QS-055-42/43,公司,公司,B0GQBP3SH9,溯溪沙滩鞋,"Creek Trekking Water Shoes for Men Women, Anti Slip Sole, Durable Outsole"
一致,740,B0GQC8Z8DF,QS-003-42/43,公司,公司,B0GQBP3SH9,溯溪沙滩鞋,"Water Shoes for Men Women, Non Skid Sole, Stretch Fit, Snorkeling Surf Swim Shoes"
一致,741,B0GQBX3RTX,QS-074-40/41,公司,公司,B0GQBS64JX,溯溪沙滩鞋,"Diving Beach Water Shoes Men Women, Non Slip Rubber Sole, Quick Dry Swim Shoes"
一致,742,B0GQC7CQFQ,QS-009-40/41,公司,公司,B0GQBP3SH9,溯溪沙滩鞋,Foldable Beach Shoes Slip On Water Shoes for Pool Beach Travel Outdoor
一致,743,B0GQC6B87W,QS-099-42/43,公司,公司,B0GQBP3SH9,溯溪沙滩鞋,"Creek River Water Shoes Men Women, Non Slip Rubber Sole, Quick Dry Slip On Shoes"
一致,744,B0GQC5YZBF,QS-040-40/41,公司,公司,B0GQBS64JX,溯溪沙滩鞋,"Lightweight Beach Water Shoes for Men Women, Anti Slip Sole, Quick Dry Swim"
一致,745,B0GQBGJYQW,QS-088-40/41,公司,公司,B0GQBP3SH9,溯溪沙滩鞋,"Unisex Printed Water Shoes, Anti Skid Rubber Sole, Lightweight Slip On Beach Shoes"
一致,746,B0GQC2V635,QS-047-40/41,公司,公司,B0GQBS64JX,溯溪沙滩鞋,"Printed Beach Water Shoes Unisex, Non Slip Rubber Sole, Lightweight Swim Shoes"
一致,747,B0GQBV6DX2,QS-031-40/41,公司,公司,B0GQBS64JX,溯溪沙滩鞋,Soft Water Shoes Lightweight Quick Dry Shoes for Beach Surfing Yoga
一致,748,B0GQBVTDQF,QS-097-42/43,公司,公司,B0GQBS64JX,溯溪沙滩鞋,Flexible Water Shoes Barefoot Slippers for Beach Pool Surfing Sports
一致,749,B0GQCBKRNM,QS-049-40/41,公司,公司,B0GQBS64JX,溯溪沙滩鞋,"Diving Swim Water Shoes for Men Women, Non Skid Sole, Stretch Fit Slip On"
一致,750,B0GQC28Z8Y,QS-091-40/41,公司,公司,B0GQBS64JX,溯溪沙滩鞋,"Pool Beach Aqua Shoes Men Women, Non Skid Rubber Sole, Lightweight Quick Dry"
一致,751,B0GQBM48RH,QS-072-40/41,公司,公司,B0GQBP3SH9,溯溪沙滩鞋,"Water Shoes for Men Women, Anti Skid Rubber Sole, Slip On, for Rafting Kayak"
一致,752,B0GQC37X5Z,QS-073-42/43,公司,公司,B0GQC37X5Z,溯溪沙滩鞋,Summer Beach Shoes Lightweight Water Shoes for Women Men Daily Sports
一致,753,B0GQBT7L7K,QS-093-40/41,公司,公司,B0GQBS64JX,溯溪沙滩鞋,"Diving Snorkel Shoes Men Women, Non Slip Rubber Sole, Quick Dry Water Shoes"
一致,754,B0GQBT7L6P,QS-037-42/43,公司,公司,B0GQBS64JX,溯溪沙滩鞋,"Unisex Water Shoes, Quick Dry Beach Shoes, Anti Skid Rubber Sole, for Travel"
一致,755,B0GQC2ZH9Z,QS-035-40/41,公司,公司,B0GQBP3SH9,溯溪沙滩鞋,"Rafting Beach Water Shoes Unisex, Anti Slip Rubber Sole, Quick Dry Slip On"
一致,756,B0GQBWXWQP,QS-062-42/43,公司,公司,B0GQBS64JX,溯溪沙滩鞋,"Non Slip Aqua Shoes Men Women, Rubber Sole, Quick Dry Slip On for Swimming"
一致,757,B0GQBWV6V8,QS-031-42/43,公司,公司,B0GQBWV6V8,溯溪沙滩鞋,Soft Water Shoes Lightweight Quick Dry Shoes for Beach Surfing Yoga
一致,758,B0GQBRK2R9,QS-096-40/41,公司,公司,B0GQBP3SH9,溯溪沙滩鞋,"Aqua Shoes Unisex, Anti Slip Rubber Sole, Quick Dry, for Surf Pool Ocean Beach"
一致,759,B0GQBR8VD8,QS-045-42/43,公司,公司,B0GQBS64JX,溯溪沙滩鞋,"Water Shoes Unisex, Anti Skid Sole, Thick Cushion Insole, for Kayak Rafting"
一致,760,B0GQBV7VZT,QS-074-42/43,公司,公司,B0GQBS64JX,溯溪沙滩鞋,"Diving Beach Water Shoes Men Women, Non Slip Rubber Sole, Quick Dry Swim Shoes"
一致,761,B0GQBNDGJN,QS-096-42/43,公司,公司,B0GQBP3SH9,溯溪沙滩鞋,"Aqua Shoes Unisex, Anti Slip Rubber Sole, Quick Dry, for Surf Pool Ocean Beach"
一致,762,B0GQBZZYVL,QS-072-42/43,公司,公司,B0GQBP3SH9,溯溪沙滩鞋,"Water Shoes for Men Women, Anti Skid Rubber Sole, Slip On, for Rafting Kayak"
一致,763,B0GQC79SSS,QS-050-42/43,公司,公司,B0GQBS64JX,溯溪沙滩鞋,"Beach Aqua Shoes Unisex, Non Slip Rubber Sole, Comfortable Insole, for Ocean"
一致,764,B0GQC144C7,QS-011-42/43,公司,公司,B0GQBS64JX,溯溪沙滩鞋,"Water Shoes for Men Women, Durable Rubber Outsole, Soft Stretch Upper, for Pool"
一致,765,B0GQBS6VFM,QS-082-42/43,公司,公司,B0GQBP3SH9,溯溪沙滩鞋,"Unisex Aqua Shoes, Non Skid Rubber Sole, Stretch Fit, for Ocean Reef Walk"
一致,766,B0GQBS3LM6,QS-012-42/43,公司,公司,B0GQBS64JX,溯溪沙滩鞋,Quick Dry Water Shoes Slip On Comfort Beach Shoes for Pool Surfing
一致,767,B0GQBSY4CS,QS-059-42/43,公司,公司,B0GQBP3SH9,溯溪沙滩鞋,"Water Shoes Men Women, Non Slip Sole, Cushion Insole, for Beach Snorkeling"
一致,768,B0GQC6BT3K,QS-049-42/43,公司,公司,B0GQBS64JX,溯溪沙滩鞋,"Diving Swim Water Shoes for Men Women, Non Skid Sole, Stretch Fit Slip On"
一致,769,B0GQBNJKXL,QS-004-40/41,公司,公司,B0GQBP3SH9,溯溪沙滩鞋,"Beach Water Shoes Unisex, Printed Design, Anti Slip Sole, Quick Dry Shoes for Pool Ocean"
一致,770,B0GQBGHBNV,QS-016-42/43,公司,公司,B0GQBS64JX,溯溪沙滩鞋,"Surf Water Shoes for Men Women, Anti Slip Rubber Sole, Stretch Upper, Quick Dry"
一致,771,B0GQC24PK6,QS-024-40/41,公司,公司,B0GQBS64JX,溯溪沙滩鞋,"Beach Shoes for Men Women, Non Slip Rubber Sole, Quick Dry Printed Aqua Shoes"
一致,772,B0GQBVRN6W,QS-066-40/41,公司,公司,B0GQBS64JX,溯溪沙滩鞋,"Slip On Swim Shoes Unisex, Non Slip Rubber Sole, Lightweight Quick Dry Aqua Shoes"
一致,773,B0GQC17L8V,QS-032-40/41,公司,公司,B0GQBS64JX,溯溪沙滩鞋,"Beach Shoes for Men Women, Non Slip Rubber Sole, Quick Dry Printed Aqua Shoes"
一致,774,B0GQC25XMX,QS-014-40/41,公司,公司,B0GQBS64JX,溯溪沙滩鞋,"Pool Water Shoes for Men Women, Anti Skid Sole, Quick Dry, Lightweight Swim Shoes"
一致,775,B0GQC8G6FL,QS-060-40/41,公司,公司,B0GQBS64JX,溯溪沙滩鞋,Non Slip Water Shoes Quick Dry Comfort Beach Shoes for Swimming Walking
一致,776,B0GQBR7BY7,QS-093-42/43,公司,公司,B0GQBS64JX,溯溪沙滩鞋,"Diving Snorkel Shoes Men Women, Non Slip Rubber Sole, Quick Dry Water Shoes"
一致,777,B0GQC9762Y,QS-021-42/43,公司,公司,B0GQBS64JX,溯溪沙滩鞋,"Unisex Reef Shoes, Non Slip Rubber Sole, Protective Water Shoes for Beach Ocean"
一致,778,B0GQC22DFX,QS-098-40/41,公司,公司,B0GQBNHWM7,溯溪沙滩鞋,"Beach Water Shoes Unisex, Anti Slip Pattern Sole, Quick Dry Swim Shoes for Ocean"
一致,779,B0GQC6FDKZ,QS-071-40/41,公司,公司,B0GQBP3SH9,溯溪沙滩鞋,Quick Dry Foldable Water Shoes Comfort Non Slip Beach Walking Shoes
一致,780,B0GQBY4XQZ,QS-057-40/41,公司,公司,B0GQBP3SH9,溯溪沙滩鞋,Portable Beach Shoes Foldable Design Water Shoes for Outdoor Activities
一致,781,B0GQBWPKVW,QS-002-40/41,公司,公司,B0GQBS64JX,溯溪沙滩鞋,Water Shoes for Women Men Quick Dry Barefoot Beach Swim Pool Walking Shoes
一致,782,B0GQBKZW9D,QS-081-40/41,公司,公司,B0GQBP3SH9,溯溪沙滩鞋,"Water Shoes Unisex, Anti Slip Sole, Printed Design, for Beach Swimming Rafting"
一致,783,B0GQBSKW2K,QS-019-42/43,公司,公司,B0GQBYRX2R,溯溪沙滩鞋,Lightweight Foldable Water Shoes Comfort Beach Shoes for Pool Travel Multicolor
一致,784,B0GQBGRKQB,QS-083-40/41,公司,公司,B0GQBP3SH9,溯溪沙滩鞋,Lightweight Aqua Shoes Quick Dry Water Shoes for Beach Pool Activities
一致,785,B0GQBRNH2V,QS-006-42/43,公司,公司,B0GQBS64JX,溯溪沙滩鞋,"Pool Water Shoes for Men Women, Anti Skid Sole, Quick Dry, Lightweight Swim Shoes"
一致,786,B0GQC6H3FW,QS-038-42/43,公司,公司,B0GQBS64JX,溯溪沙滩鞋,"Slip On Aqua Water Shoes Men Women, Non Slip Sole, Printed Beach Swim Shoes"
一致,787,B0GQC3JK3Y,QS-040-42/43,公司,公司,B0GQBS64JX,溯溪沙滩鞋,"Lightweight Beach Water Shoes for Men Women, Anti Slip Sole, Quick Dry Swim"
一致,788,B0GQBS3LN5,QS-097-40/41,公司,公司,B0GQBS64JX,溯溪沙滩鞋,Flexible Water Shoes Barefoot Slippers for Beach Pool Surfing Sports
一致,789,B0GQC56WJS,QS-095-42/43,公司,公司,B0GQBS64JX,溯溪沙滩鞋,"Beach Swim Water Shoes for Men Women, Non Slip Sole, Printed Quick Dry Slip On"
一致,790,B0GQBYCJKK,QS-022-40/41,公司,公司,B0GQBS64JX,溯溪沙滩鞋,Breathable Water Shoes Non Slip Quick Dry Shoes for Beach Swimming
一致,791,B0GQBX6NNV,QS-022-42/43,公司,公司,B0GQBS64JX,溯溪沙滩鞋,Breathable Water Shoes Non Slip Quick Dry Shoes for Beach Swimming
一致,792,B0GQBW11VQ,QS-063-40/41,公司,公司,B0GQBP3SH9,溯溪沙滩鞋,"Diving Beach Water Shoes Men Women, Non Slip Rubber Sole, Quick Dry Swim Shoes"
一致,793,B0GQBSKW29,QS-003-40/41,公司,公司,B0GQBP3SH9,溯溪沙滩鞋,"Water Shoes for Men Women, Non Skid Sole, Stretch Fit, Snorkeling Surf Swim Shoes"
一致,794,B0GQBXDLBL,QS-028-40/41,公司,公司,B0GQBVW8YY,溯溪沙滩鞋,"Creek Water Shoes for Men Women, Anti Slip Sole, Quick Dry, for River Walking"
一致,795,B0GQBLYYT5,QS-067-40/41,公司,公司,B0GQBS64JX,溯溪沙滩鞋,"Water Shoes Unisex, Anti Slip Pattern Sole, Thick Insole, for Creek River Beach"
一致,796,B0GQBY2SY7,QS-058-40/41,公司,公司,B0GQBS64JX,溯溪沙滩鞋,"Water Shoes Men Women, Non Slip Sole, Cushion Insole, for Beach Snorkeling"
一致,797,B0GQBZYVWQ,QS-060-42/43,公司,公司,B0GQBS64JX,溯溪沙滩鞋,Non Slip Water Shoes Quick Dry Comfort Beach Shoes for Swimming Walking
一致,798,B0GQBSMZ3L,QS-034-42/43,公司,公司,B0GQBS64JX,溯溪沙滩鞋,"Swim Water Shoes for Men Women, Non Slip Sole, Comfortable Fit, for Beach Pool"
一致,799,B0GQCBNBLC,QS-067-42/43,公司,公司,B0GQBS64JX,溯溪沙滩鞋,"Water Shoes Unisex, Anti Slip Pattern Sole, Thick Insole, for Creek River Beach"
一致,800,B0GQBNBXGY,QS-095-40/41,公司,公司,B0GQBS64JX,溯溪沙滩鞋,"Beach Swim Water Shoes for Men Women, Non Slip Sole, Printed Quick Dry Slip On"
一致,801,B0GQC8Z8DJ,QS-008-42/43,公司,公司,B0GQBS64JX,溯溪沙滩鞋,"Slip On Water Shoes for Men Women, Non Slip Sole, Lightweight Travel Beach Shoes"
一致,802,B0GQC6H3FM,QS-012-40/41,公司,公司,B0GQBS64JX,溯溪沙滩鞋,Quick Dry Water Shoes Slip On Comfort Beach Shoes for Pool Surfing
一致,803,B0GQBNCPMD,QS-006-40/41,公司,公司,B0GQBS64JX,溯溪沙滩鞋,"Pool Water Shoes for Men Women, Anti Skid Sole, Quick Dry, Lightweight Swim Shoes"
一致,804,B0GQBYR7Z7,QS-089-42/43,公司,公司,B0GQBS64JX,溯溪沙滩鞋,Comfort Foldable Beach Shoes Non Slip Water Shoes for Women Men
一致,805,B0GQC98VY2,QS-053-40/41,公司,公司,B0GQBP3SH9,溯溪沙滩鞋,"Slip On Beach Shoes Men Women, Non Skid Sole, Quick Dry Water Shoes"
一致,806,B0GQBP2K8L,QS-029-40/41,公司,公司,B0GQBP3SH9,溯溪沙滩鞋,"Snorkel Swim Water Shoes Unisex, Non Skid Rubber Sole, Stretch Fit Beach Shoes Black"
一致,807,B0GQC99BYJ,QS-076-40/41,公司,公司,B0GQBP3SH9,溯溪沙滩鞋,"Unisex Swim Water Shoes, Non Skid Sole, Soft Stretch Upper, for Beach Pool"
一致,808,B0GQBNHWM5,QS-021-40/41,公司,公司,B0GQBS64JX,溯溪沙滩鞋,"Unisex Reef Shoes, Non Slip Rubber Sole, Protective Water Shoes for Beach Ocean"
一致,809,B0GQC34WF7,QS-005-42/43,公司,公司,B0GQBS64JX,溯溪沙滩鞋,"Unisex Swim Shoes, Rubber Outsole Anti Slip, Soft Stretch Upper, for Beach Snorkel"
一致,810,B0GQBY1K6V,QS-094-42/43,公司,公司,B0GQBS64JX,溯溪沙滩鞋,"Unisex River Trek Water Shoes, Anti Skid Sole, Durable Outsole, Quick Dry"
一致,811,B0GQBR6ZMH,QS-005-40/41,公司,公司,B0GQBR6ZMH,溯溪沙滩鞋,"Unisex Swim Shoes, Rubber Outsole Anti Slip, Soft Stretch Upper, for Beach Snorkel"
一致,812,B0GQBYW8CQ,QS-085-40/41,公司,公司,B0GQBP3SH9,溯溪沙滩鞋,"Rafting River Shoes Unisex, Non Skid Sole, Durable Rubber Outsole, Quick Dry"
一致,813,B0GQBV623G,QS-059-40/41,公司,公司,B0GQBP3SH9,溯溪沙滩鞋,"Water Shoes Men Women, Non Slip Sole, Cushion Insole, for Beach Snorkeling"
一致,814,B0GQC144C9,QS-020-42/43,公司,公司,B0GQBS64JX,溯溪沙滩鞋,Foldable Beach Shoes Lightweight Water Shoes for Travel Outdoor Sports Pink Camo
一致,815,B0GQC3L819,QS-048-40/41,公司,公司,B0GQBS64JX,溯溪沙滩鞋,"Diving Swim Water Shoes for Men Women, Non Skid Sole, Stretch Fit Slip On"
一致,816,B0GQC4C3ZF,QS-033-40/41,公司,公司,B0GQBS64JX,溯溪沙滩鞋,"Water Shoes Unisex, Anti Skid Pattern Sole, Soft Stretch Upper, for Wet Rocks"
一致,817,B0GQBT8SZJ,QS-100-40/41,公司,公司,B0GQBP3SH9,溯溪沙滩鞋,"Beach Water Shoes Unisex, Anti Slip Pattern Sole, Quick Dry Swim Shoes for Ocean"
一致,818,B0GQBT34DP,QS-077-40/41,公司,公司,B0GQBP3SH9,溯溪沙滩鞋,"Water Shoes Men Women, Anti Slip Rubber Outsole, Lightweight, for Surf Snorkel"
一致,819,B0GQC13DJC,QS-033-42/43,公司,公司,B0GQBS64JX,溯溪沙滩鞋,"Water Shoes Unisex, Anti Skid Pattern Sole, Soft Stretch Upper, for Wet Rocks"
一致,820,B0GQC36J9N,QS-013-42/43,公司,公司,B0GQBS64JX,溯溪沙滩鞋,"Rafting Water Shoes Unisex, Non Slip Rubber Sole, Stretch Fit Slip On Aqua Shoes"
一致,821,B0GQBSQNVW,QS-087-42/43,公司,公司,B0GQBP3SH9,溯溪沙滩鞋,"Water Shoes Men Women, Non Slip Sole, Quick Dry, for Creek Hiking Beach Travel"
一致,822,B0GQBMPPTB,QS-098-42/43,公司,公司,B0GQBS64JX,溯溪沙滩鞋,"Beach Water Shoes Unisex, Anti Slip Pattern Sole, Quick Dry Swim Shoes for Ocean"
一致,823,B0GQBQ3GQN,QS-034-40/41,公司,公司,B0GQBS64JX,溯溪沙滩鞋,"Swim Water Shoes for Men Women, Non Slip Sole, Comfortable Fit, for Beach Pool"
一致,824,B0GQBMYP7T,QS-002-42/43,公司,公司,B0GQBS64JX,溯溪沙滩鞋,Water Shoes for Women Men Quick Dry Barefoot Beach Swim Pool Walking Shoes
一致,825,B0GQBWYNMN,QS-066-42/43,公司,公司,B0GQBS64JX,溯溪沙滩鞋,"Slip On Swim Shoes Unisex, Non Slip Rubber Sole, Lightweight Quick Dry Aqua Shoes"
一致,826,B0GQBTVKL9,QS-091-42/43,公司,公司,B0GQBS64JX,溯溪沙滩鞋,"Pool Beach Aqua Shoes Men Women, Non Skid Rubber Sole, Lightweight Quick Dry"
一致,827,B0GQC92YY7,QS-068-40/41,公司,公司,B0GQBS64JX,溯溪沙滩鞋,Summer Beach Shoes Lightweight Water Shoes for Women Men Daily Sports
一致,828,B0GQBSD76W,QS-014-42/43,公司,公司,B0GQBS64JX,溯溪沙滩鞋,"Pool Water Shoes for Men Women, Anti Skid Sole, Quick Dry, Lightweight Swim Shoes"
一致,829,B0GQBRLZB9,QS-055-40/41,公司,公司,B0GQBP3SH9,溯溪沙滩鞋,"Creek Trekking Water Shoes for Men Women, Anti Slip Sole, Durable Outsole"
一致,830,B0GQBR61BG,QS-042-40/41,公司,公司,B0GQBS64JX,溯溪沙滩鞋,"Unisex Swim Shoes, Non Skid Rubber Sole, Packable Quick Dry Beach Shoes"
一致,831,B0GQBV4N7R,QS-088-42/43,公司,公司,B0GQBP3SH9,溯溪沙滩鞋,"Unisex Printed Water Shoes, Anti Skid Rubber Sole, Lightweight Slip On Beach Shoes"
一致,832,B0GQC8P36C,QS-079-40/41,公司,公司,B0GQBP3SH9,溯溪沙滩鞋,Slip On Beach Shoes Quick Dry Water Shoes for Travel Vacation Outdoor
负责人不一致,833,B0GL918DQV,ZD001-White-8/9,凯旋,公司,B0GL92S6S4,折叠拖鞋001白,"Foldable Flip Flops for Travel, Lightweight Portable Silicone Slippers, Compact Non-Slip Sandals for Home/Hotel/Beach, Comfortable Flexible Footwear for Women & Men"
一致,834,B0GL9B194G,ZD003-Yellow-7/8,公司,公司,B0GL9J1BLX,折叠拖鞋003黄,"Foldable EVA Flip Flops for Women Men, Wide Strap Non-Slip Travel Sandals, Lightweight Quick-Drying Beach Slippers for Vacation, Pool & Shower"
一致,835,B0GL91XJMV,ZD003-Yellow-8/9,公司,公司,B0GL9J1BLX,折叠拖鞋003黄,"Foldable EVA Flip Flops for Women Men, Wide Strap Non-Slip Travel Sandals, Lightweight Quick-Drying Beach Slippers for Vacation, Pool & Shower"
一致,836,B0GL8XRPM9,ZD003-Black-7/8,公司,公司,B0GL9J1BLX,折叠拖鞋003黑,"Foldable EVA Flip Flops for Women Men, Wide Strap Non-Slip Travel Sandals, Lightweight Quick-Drying Beach Slippers for Vacation, Pool & Shower"
一致,837,B0GL8ZMT5M,ZD002-White-8/9,公司,公司,B0GL8ZMT5M,折叠拖鞋002白,"Foldable EVA Travel Slippers for Women Men, Lightweight Quick Drying Non Slip Shower Sandals, Portable Flip Flops for Bathroom, Hotel, Beach, Pool & Cruise"
一致,838,B0GL9CYBSR,ZD003-Red-8/9,公司,公司,B0GL9J1BLX,折叠拖鞋003红,"Foldable EVA Flip Flops for Women Men, Wide Strap Non-Slip Travel Sandals, Lightweight Quick-Drying Beach Slippers for Vacation, Pool & Shower"
一致,839,B0GL94NNFY,ZD003-Black-8/9,公司,公司,B0GL9J1BLX,折叠拖鞋003黑,"Foldable EVA Flip Flops for Women Men, Wide Strap Non-Slip Travel Sandals, Lightweight Quick-Drying Beach Slippers for Vacation, Pool & Shower"
一致,840,B0GL8VT3QN,ZD002-Grey-7/8,公司,公司,B0GL8VT3QN,折叠拖鞋002灰,"Foldable EVA Travel Slippers for Women Men, Lightweight Quick Drying Non Slip Shower Sandals, Portable Flip Flops for Bathroom, Hotel, Beach, Pool & Cruise"
一致,841,B0GL94ZZDQ,ZD002-Pink-7/8,公司,公司,B0GL91XJMF,折叠拖鞋002粉,"Foldable EVA Travel Slippers for Women Men, Lightweight Quick Drying Non Slip Shower Sandals, Portable Flip Flops for Bathroom, Hotel, Beach, Pool & Cruise"
一致,842,B0GL94GS9D,ZD003-Green-8/9,公司,公司,B0GL9J1BLX,折叠拖鞋003绿,"Foldable EVA Flip Flops for Women Men, Wide Strap Non-Slip Travel Sandals, Lightweight Quick-Drying Beach Slippers for Vacation, Pool & Shower"
一致,843,B0GL8WWC5C,ZD003-Red-7/8,公司,公司,B0GL9J1BLX,折叠拖鞋003红,"Foldable EVA Flip Flops for Women Men, Wide Strap Non-Slip Travel Sandals, Lightweight Quick-Drying Beach Slippers for Vacation, Pool & Shower"
一致,844,B0GL961T22,ZD003-White-8/9,公司,公司,B0GL9J1BLX,折叠拖鞋003白,"Foldable EVA Flip Flops for Women Men, Wide Strap Non-Slip Travel Sandals, Lightweight Quick-Drying Beach Slippers for Vacation, Pool & Shower"
一致,845,B0GL8ZD27K,ZD003-Green-7/8,公司,公司,B0GL9J1BLX,折叠拖鞋003绿,"Foldable EVA Flip Flops for Women Men, Wide Strap Non-Slip Travel Sandals, Lightweight Quick-Drying Beach Slippers for Vacation, Pool & Shower"
一致,846,B0GL8W559L,ZD002-Pink-8/9,公司,公司,B0GL91XJMF,折叠拖鞋002粉,"Foldable EVA Travel Slippers for Women Men, Lightweight Quick Drying Non Slip Shower Sandals, Portable Flip Flops for Bathroom, Hotel, Beach, Pool & Cruise"
一致,847,B0GL937PXW,ZD002-Blue-7/8,公司,公司,B0GL91XJMF,折叠拖鞋002蓝,"Foldable EVA Travel Slippers for Women Men, Lightweight Quick Drying Non Slip Shower Sandals, Portable Flip Flops for Bathroom, Hotel, Beach, Pool & Cruise"
一致,848,B0GL94DJQC,ZD002-Grey-8/9,公司,公司,B0GL94DJQC,折叠拖鞋002灰,"Foldable EVA Travel Slippers for Women Men, Lightweight Quick Drying Non Slip Shower Sandals, Portable Flip Flops for Bathroom, Hotel, Beach, Pool & Cruise"
一致,849,B0GL93DVDW,ZD001-Blue-8/9,公司,公司,B0GL92S6S4,折叠拖鞋001蓝,"Foldable Flip Flops for Travel, Lightweight Portable Silicone Slippers, Compact Non-Slip Sandals for Home/Hotel/Beach, Comfortable Flexible Footwear for Women & Men"
一致,850,B0GL9D1TT1,ZD001-Grey-8/9,公司,公司,B0GL9D1TT1,折叠拖鞋001灰,"Foldable Flip Flops for Travel, Lightweight Portable Silicone Slippers, Compact Non-Slip Sandals for Home/Hotel/Beach, Comfortable Flexible Footwear for Women & Men"
一致,851,B0GL987GNW,ZD001-Pink-8/9,公司,公司,B0GL92S6S4,折叠拖鞋001粉,"Foldable Flip Flops for Travel, Lightweight Portable Silicone Slippers, Compact Non-Slip Sandals for Home/Hotel/Beach, Comfortable Flexible Footwear for Women & Men"
一致,852,B0GL93DVF4,ZD001-White-7/8,公司,公司,B0GL92S6S4,折叠拖鞋001白,"Foldable Flip Flops for Travel, Lightweight Portable Silicone Slippers, Compact Non-Slip Sandals for Home/Hotel/Beach, Comfortable Flexible Footwear for Women & Men"
一致,853,B0GL91L477,ZD001-Blue-7/8,公司,公司,B0GL92S6S4,折叠拖鞋001蓝,"Foldable Flip Flops for Travel, Lightweight Portable Silicone Slippers, Compact Non-Slip Sandals for Home/Hotel/Beach, Comfortable Flexible Footwear for Women & Men"
一致,854,B0GL9JCN53,ZD001-Pink-7/8,公司,公司,B0GL92S6S4,折叠拖鞋001粉,"Foldable Flip Flops for Travel, Lightweight Portable Silicone Slippers, Compact Non-Slip Sandals for Home/Hotel/Beach, Comfortable Flexible Footwear for Women & Men"
一致,855,B0GL95J33J,ZD001-Yellow-8/9,公司,公司,B0GL92S6S4,折叠拖鞋001黄,"Foldable Flip Flops for Travel, Lightweight Portable Silicone Slippers, Compact Non-Slip Sandals for Home/Hotel/Beach, Comfortable Flexible Footwear for Women & Men"
一致,856,B0H5NTZKC8,SP-xiangquan1-38-cheng,图图,图图,B0H5NQJPLY,猫咪项圈橙色,"8-Month Long Lasting Pet Neck Collar for Dogs & Cats, Adjustable Waterproof Daily Wearing Collar, Skin Friendly Hypoallergenic Pet Accessory"
一致,857,B0H5NF8MGH,SP-xiangquan1-38-zi,图图,图图,B0H5NQJPLY,猫咪项圈紫色,"8-Month Long Lasting Pet Neck Collar for Dogs & Cats, Adjustable Waterproof Daily Wearing Collar, Skin Friendly Hypoallergenic Pet Accessory"
一致,858,B0H4ZP6BZG,SP-niuniule-6se1,图图,图图,B0H3MWDZ44,扭扭解压6色,"1PCS Colorful Sensory Twister, Silicone Stress Relief Gadget, Tactile Tool for Adult Office Relaxation"
一致,859,B0GSJSV391,YDBX-7017-ForestGreen-M,cccady,cccady,B0HBLQKXQM,,"Women's Strappy Sports Bra with Removable Pads, Crisscross Back Medium Support Workout Bra - Forest Green - Medium"
一致,860,B0GSJSNDVQ,YDBX-7017-ForestGreen-S,cccady,cccady,B0HBLQKXQM,,"Women's Strappy Sports Bra with Removable Pads, Crisscross Back Medium Support Workout Bra - Forest Green - Small"
一致,861,B0H21WXBXX,Coffee-LZ-SU04-200,cccady,cccady,B0HBKCQD8V,咖啡滤纸-扇形04-200片,"Unbleached Fan Shape Coffee Filters 04, 200 Count, Disposable Paper Filters for Drip Coffee Makers"
一致,862,B0H451VW9M,KCC-STK-AA-L,凯旋,凯旋,B0HDB3X9SL,沙滩裤,"Mens Swim Trunks, Vertical Stripe Board Shorts with Drawstring Waist for Resort and Daily Leisure Events"
一致,863,B0H3N8XDC5,KCC-FZAS-1,凯旋,凯旋,B0H3ND5F1N,仿真桉树,"Single Artificial Eucalyptus Garland with White Tiny Flowers, 70.87 Inch Fake Greenery Vine, Faux Eucalyptus Leaf Hanging Plant for Wedding Arch Table Mantle Wall Home Decor"
一致,864,B0H3MTZ7M7,SP-niuniule-cleargreen,图图,图图,B0H3MWDZ44,扭扭解压深绿,"1PCS Colorful Sensory Twister, Silicone Stress Relief Gadget, Tactile Tool for Adult Office Relaxation"
一致,865,B0H3L79V74,SP-jieya-6,图图,图图,B0H3L7ZPTV,舒压玩具,"6PCS Pop It Sensory Pack, Silicone Bubble Stress Relief Supplies, Tactile Kit for Adult Office Relaxation"
一致,866,B0H2MJXMYW,QS-C101-38/39,公司,公司,B0GQBS64JX,溯溪沙滩鞋,"Water Shoes for Women Men, Aqua Socks, Slip On Swim Shoes for Beach Pool Lake Boat Resort Travel Pair, C101, Adult Travel"
一致,867,B0H2MXJX81,QS-2626-36/37,公司,公司,B0GQBS64JX,溯溪沙滩鞋,"Water Shoes for Women Men, Aqua Socks, Slip On Swim Shoes for Beach Pool Lake Boat Resort Travel Pair, 2626, Adult Travel"
一致,868,B0H2MNTR2Y,QS-2511-38/39,公司,公司,B0GQBS64JX,溯溪沙滩鞋,"Water Shoes for Women Men, Slip On Pool Shoes for Beach Resort Shower Cruise Dock Travel Footwear, 2511, Adult Travel"
一致,869,B0H2MHW7PW,QS-2626-40/41,公司,公司,B0GQBS64JX,溯溪沙滩鞋,"Water Shoes for Women Men, Aqua Socks, Slip On Swim Shoes for Beach Pool Lake Boat Resort Travel Pair, 2626, Adult Travel"
一致,870,B0H2MC8HVM,QS-C115-44/45,公司,公司,B0GQBS64JX,溯溪沙滩鞋,"Water Shoes for Women Men, Lightweight Swim Shoes for Beach Hotel Pool Lake Marina Resort Travel Pair, C115, Adult Travel"
一致,871,B0H2MPV9YB,QS-C103-40/41,公司,公司,B0GQBS64JX,溯溪沙滩鞋,"Water Shoes for Women Men, Barefoot Water Footwear for Pool Beach Cruise River Dock Vacation Pair, C103, Adult Travel"
一致,872,B0H2MK5NZ3,QS-2612-38/39,公司,公司,B0GQBS64JX,溯溪沙滩鞋,"Water Shoes for Women Men, Quick Dry Aqua Socks for Pool Beach Boat Dock Lake Resort Summer Travel, 2612, Adult Travel"
一致,873,B0H2MGJPP4,QS-C117-44/45,公司,公司,B0GQBS64JX,溯溪沙滩鞋,"Water Shoes for Women Men, Quick Dry Swim Footwear for Beach Pool Resort River Cruise Lake Travel Pair, C117, Adult Travel"
一致,874,B0H2MKWWZW,QS-2561-42/43,公司,公司,B0GQBS64JX,溯溪沙滩鞋,"Water Shoes for Women Men, Aqua Socks, Slip On Swim Shoes for Beach Pool Lake Boat Resort Travel Pair, 2561, Adult Travel"
一致,875,B0H2MBRRNZ,QS-C101-44/45,公司,公司,B0GQBS64JX,溯溪沙滩鞋,"Water Shoes for Women Men, Aqua Socks, Slip On Swim Shoes for Beach Pool Lake Boat Resort Travel Pair, C101, Adult Travel"
一致,876,B0H2MJBTHZ,QS-2561-40/41,公司,公司,B0GQBS64JX,溯溪沙滩鞋,"Water Shoes for Women Men, Aqua Socks, Slip On Swim Shoes for Beach Pool Lake Boat Resort Travel Pair, 2561, Adult Travel"
一致,877,B0H2MGP8CT,QS-2552-42/43,公司,公司,B0GQBS64JX,溯溪沙滩鞋,"Water Shoes for Women Men, Quick Dry Aqua Socks for Pool Beach Boat Dock Lake Resort Summer Travel, 2552, Adult Travel"
一致,878,B0H2M93FQD,QS-2620-38/39,公司,公司,B0GQBS64JX,溯溪沙滩鞋,"Water Shoes for Women Men, Aqua Socks, Foldable Water Shoes for Beach Pool River Lake Cruise Trip Pair, 2620, Adult Travel"
一致,879,B0H2MF9ZZ2,QS-2623-38/39,公司,公司,B0GQBS64JX,溯溪沙滩鞋,"Water Shoes for Women Men, Barefoot Water Footwear for Pool Beach Cruise River Dock Vacation Pair, 2623, Adult Travel"
一致,880,B0H2MJ5WV7,QS-C103-44/45,公司,公司,B0GQBS64JX,溯溪沙滩鞋,"Water Shoes for Women Men, Barefoot Water Footwear for Pool Beach Cruise River Dock Vacation Pair, C103, Adult Travel"
一致,881,B0H2MK5G7D,QS-2610-36/37,公司,公司,B0GQBS64JX,溯溪沙滩鞋,"Water Shoes for Women Men, Lightweight Swim Shoes for Beach Hotel Pool Lake Marina Resort Travel Pair, 2610, Adult Travel"
一致,882,B0H2MMSRXY,QS-C119-36/37,公司,公司,B0GQBS64JX,溯溪沙滩鞋,"Water Shoes for Women Men, Lightweight Swim Shoes for Beach Hotel Pool Lake Marina Resort Travel Pair, C119, Adult Travel"
一致,883,B0H2M5MV6K,QS-2624-36/37,公司,公司,B0GQBS64JX,溯溪沙滩鞋,"Water Shoes for Women Men, Slip On Pool Shoes for Beach Resort Shower Cruise Dock Travel Footwear, 2624, Adult Travel"
一致,884,B0H2MDW5C5,QS-2618-38/39,公司,公司,B0GQBS64JX,溯溪沙滩鞋,"Water Shoes for Women Men, Quick Dry Swim Footwear for Beach Pool Resort River Cruise Lake Travel Pair, 2618, Adult Travel"
负责人不一致,885,B0H2M64575,QC-DB-H-red,公司,未分配,B0H2MKR6M2,,"Universal 6 Speed Knurled Aluminum Alloy Gear Shift Knob with 4 Adapters, Racing Shifter Head for Car & Sim Racing"
一致,886,B0H2HM9RSJ,KCC-33GGTZ-1,凯旋,凯旋,B0H2HHG3MD,33狗狗吊坠,"2D Flat Acrylic Yorkshire Terrier Dog Necklace, Colorful Stained-Glass Style Puppy Pendant Jewelry for Dog Lovers"
一致,887,B0H2HBYBBW,KCC-01KCJSL-1,凯旋,凯旋,B0H2HBZVWW,01KC金手链,"Freshwater Pearl Faceted Crystal Bracelet, Gold-Tone Adjustable Dainty Beaded Bracelet for Women Wedding Daily Jewelry"
一致,888,B0H27MFJLP,KCC-XMSJZJ-1,凯旋,凯旋,B0H27MFJLP,熊猫手机支架,"Cute Playful Panda Phone Stand, Resin Cartoon Animal Phone Holder for Desk Bedroom Decor Gift, Universal Smartphone Compatibility"
一致,889,B0H1V939K7,KCC-EJSNB-HEI,凯旋,凯旋,B0H1V2NYWP,耳机收纳包,"Hard EVA Over-Ear Headphone Case, Portable Shockproof Headset Storage Bag with Mesh Pocket & Hand Strap for Over-Ear Bluetooth and Wired Headphones"
一致,890,B0H1RSLHH7,QS-113-42/43,公司,公司,B0GQBS64JX,溯溪沙滩鞋,"Aqua Socks for Women Men, Water Shoes, Lightweight Swim Footwear, Pool Beach Cruise River Vacation Pair"
一致,891,B0H1S2MCYQ,QS-129-36/37,公司,公司,B0GQBS64JX,溯溪沙滩鞋,"Pool Shoes for Women Men, Aqua Socks, Water Footwear, Slip On River Cruise Resort Beach Summer Travel Pair"
一致,892,B0H1RVY4FL,QS-134-38/39,公司,公司,B0GQBS64JX,溯溪沙滩鞋,"Lake Shoes for Women Men, Aqua Socks, Water Footwear, Quick Dry Beach Pool Cruise Summer Vacation Travel Pair"
一致,893,B0H1RSTCJL,QS-114-38/39,公司,公司,B0GQBS64JX,溯溪沙滩鞋,"Aqua Socks for Women Men, Water Shoes, Foldable Swim Footwear, River Lake Dock Boat Beach Travel Pair"
一致,894,B0H1SBMY4H,QS-120-38/39,公司,公司,B0GQBS64JX,溯溪沙滩鞋,"Swim Shoes for Women Men, Water Shoes, Aqua Socks, Lightweight Surf Beach River Dock Travel Footwear"
一致,895,B0H1RZJ64N,QS-118-38/39,公司,公司,B0GQBS64JX,溯溪沙滩鞋,"Swim Shoes for Women Men, Water Shoes, Aqua Socks, Quick Dry Beach Pool River Lake Cruise Travel Footwear"
一致,896,B0H1S6582P,QS-120-40/41,公司,公司,B0GQBS64JX,溯溪沙滩鞋,"Swim Shoes for Women Men, Water Shoes, Aqua Socks, Lightweight Surf Beach River Dock Travel Footwear"
一致,897,B0H1S18687,QS-120-36/37,公司,公司,B0GQBS64JX,溯溪沙滩鞋,"Swim Shoes for Women Men, Water Shoes, Aqua Socks, Lightweight Surf Beach River Dock Travel Footwear"
一致,898,B0H1S6JDF8,QS-129-38/39,公司,公司,B0GQBS64JX,溯溪沙滩鞋,"Pool Shoes for Women Men, Aqua Socks, Water Footwear, Slip On River Cruise Resort Beach Summer Travel Pair"
一致,899,B0H1RZLMMH,QS-113-38/39,公司,公司,B0GQBS64JX,溯溪沙滩鞋,"Aqua Socks for Women Men, Water Shoes, Lightweight Swim Footwear, Pool Beach Cruise River Vacation Pair"
一致,900,B0H1RWZN1D,QS-115-36/37,公司,公司,B0GQBS64JX,溯溪沙滩鞋,"Aqua Socks for Women Men, Water Shoes, Slip On Swim Footwear, Resort Pool Beach Water Park Cruise Summer Pair"
一致,901,B0H1S3DT2F,QS-115-38/39,公司,公司,B0GQBS64JX,溯溪沙滩鞋,"Aqua Socks for Women Men, Water Shoes, Slip On Swim Footwear, Resort Pool Beach Water Park Cruise Summer Pair"
一致,902,B0H1RYTDS4,QS-137-38/39,公司,公司,B0GQBS64JX,溯溪沙滩鞋,"Surf Shoes for Women Men, Aqua Socks, Swim Footwear, Lightweight Lake River Beach Resort Summer Travel Pair"
一致,903,B0H1R64J77,KCC-LJQ-HONG,凯旋,凯旋,B0H1CSV1D8,量角器,"Aluminum Alloy Woodworking Triangle Ruler, Multi Functional 45 90 Degree Measuring Tool for Carpentry Layout"
一致,904,B0H1Q2343Y,KCC-DXYSK-1,凯旋,凯旋,B0H1Q6XP5V,大象钥匙扣,"Vintage Elephant Keychain, Boho Resin Elephant Pendant Key Ring With Bead Tassel For Bag Car Keys"
一致,905,B0H1HLGSBL,KCC-XBJ-1,凯旋,凯旋,B0H1HNWRG1,细胞夹,"3 Pack Stainless Steel Precision Tweezers, Straight and Curved Tip Tweezers for Ingrown Hair Splinter Removal"
一致,906,B0H1GX3Z2D,KCC-DNB-1,凯旋,凯旋,B0H1GZ6VN1,电脑包,"Laptop Sleeve With Handle, Shockproof Notebook Carrying Bag For 13-14 Inch Laptops Tablets"
一致,907,B0H1CP58NN,KCC-CDSND-HUANG,凯旋,凯旋,B0H1CLK9CL,超大收纳袋,"Extra Large Clothes Storage Bag, Foldable Quilt Organizer With Zipper Handle For Blankets Bedding Moving"
一致,908,B0H1D668X7,QS-020-36/37,公司,公司,B0GQBS64JX,,Foldable Beach Shoes Lightweight Water Shoes for Travel Outdoor Sports Pink Camo
一致,909,B0H1D5K8NQ,QS-020-38/39,公司,公司,B0GQBS64JX,,Foldable Beach Shoes Lightweight Water Shoes for Travel Outdoor Sports Pink Camo
一致,910,B0H1DBJQCD,QS-036-36/37,公司,公司,B0GQBS64JX,,Summer Water Shoes for Women Men Comfort Quick Dry Beach Walking Shoes
一致,911,B0H1D84G4F,QS-028-38/39,公司,公司,B0GQBS64JX,,"Creek Water Shoes for Men Women, Anti Slip Sole, Quick Dry, for River Walking"
一致,912,B0H1D48YB5,QS-028-44/45,公司,公司,B0GQBS64JX,,"Creek Water Shoes for Men Women, Anti Slip Sole, Quick Dry, for River Walking"
一致,913,B0H1D7Y8D9,QS-036-38/39,公司,公司,B0GQBS64JX,,Summer Water Shoes for Women Men Comfort Quick Dry Beach Walking Shoes
一致,914,B0H1D84KD1,QS-037-38/39,公司,公司,B0GQBS64JX,,"Unisex Water Shoes, Quick Dry Beach Shoes, Anti Skid Rubber Sole, for Travel"
一致,915,B0H1C8Z882,SP-guolv-50,图图,图图,B0H1CBVZGN,过滤网,"50 Pack Disposable Shower Drain Hair Catcher Covers, Gray Plastic Hair Stopper Mesh, Floor Sink Strainer Filter for Bathroom, Bathtub and Floor Drains."
一致,916,B0GZNY98XJ,QS-090-36/37,公司,公司,B0GQBS64JX,,"Beach Water Shoes Unisex, Anti Slip Pattern Sole, Quick Dry Swim Shoes for Ocean"
一致,917,B0H146YY6V,KCC-caihong-3,凯旋,凯旋,B0H146YY6V,宠物玩具,"3 Pack Dog Rope Toy, Multi Style Interactive Tug Chew Toys for Small Dogs, Teething Rope Toy Pack for Pet Daily Play"
一致,918,B0GZZ7N5PK,YQ-QWER-2026420-MGZJJ-1,凯旋,凯旋,B0GZYT7X7W,指甲钳套装,"Nail Clipper for Women 7Pcs- Manicure Pedicure Kit with Travel Case, Fingernail Toenail Clippers, Cuticle Trimmer for Home Travel (Rose Gold)"
一致,919,B0GZYW9QPZ,YQ-QWER-2026420-AMD-4,凯旋,凯旋,B0GZYYFCCC,硅胶洗脚垫,"Foot Scrubber Mat for Shower- Feet Scrubber Massager with Suction Cups, Silicone Shower Foots Cleaner for Bathroom Home Spa Travel (Green)"
一致,920,B0GZVB6YTS,KCC-SHD-1,凯旋,凯旋,B0GZVB6YTS,双黄蛋,"Squishy Egg, Stress Relief Squeeze Ball, Transparent Double Yolk Fidget for Office Desk"
一致,921,B0GZVLYXWV,KCC-HCKFJ-CAI,凯旋,凯旋,B0GZVQPGLD,幻彩咖啡夹,"2 In 1 Coffee Scoop With Bag Clip, Multi Purpose Metal Measuring Spoon For Coffee Bean Tea Food Storage"
一致,922,B0GZTX8K5L,SP-guaidao-4,图图,图图,B0GZVB122T,刮刀,"4 Pack Silicone Jar Spatula Set, Mini Jam Scraper Spoon, Long Handle Spreaders for Jars, Baking, Cooking"
一致,923,B0GZNZ73XH,QS-502-D11-28/29,公司,公司,B0GYWSYXZ5,新款大童溯溪鞋,"Big Kids Aqua Socks, Palm Tree & Sun Print Non Slip Water Shoes for Big Kids Beach Swim Quick Dry"
一致,924,B0GZNXQ241,QS-512-A71-28/29,公司,公司,B0GYX16S5J,新款大童溯溪鞋,"Big Kids Aqua Socks, Red Flower Print Non Slip Water Shoes for Big Kids Beach Swim Pool"
一致,925,B0GZN2LF6N,QS-502-D11-34/35,公司,公司,B0GYWSYXZ5,新款大童溯溪鞋,"Big Kids Aqua Socks, Palm Tree & Sun Print Non Slip Water Shoes for Big Kids Beach Swim Quick Dry"
一致,926,B0GYXX4VHT,SP-TU-BLTY-01,图图,图图,B0GYXBVR59,白兰太阳,"Sun Shaped Rope Chew Toy, 30CM Durable Cotton Tug Toy for Small Dogs, Teething & Interactive Play"
一致,927,B0GYXY1GG1,KCC-xiangbi-h,凯旋,凯旋,B0GYZ1MC68,宠物玩具,"Animal Shaped Dog Rope Toy, Interactive Tug Chew Toy for Small Dogs, Teething Rope Knot Toy for Pet Daily Play"
一致,928,B0GYYM92M5,KCC-qianyinsheng-ql,凯旋,凯旋,B0GYYZ45CJ,宠物玩具,"Cotton Rope Dog Leash and Collar Set, Soft Woven Pet Walking Lead for Small Dogs, Comfortable Outdoor Dog Leash Combo"
一致,929,B0GYXXH7BG,SP-TU-LXXDQ-01,图图,图图,B0GYXBVR59,蓝色星星吊球,"Blue Star Dog Rope Toy, 38CM Cotton Teething Toy for Puppies & Small Dogs, Interactive Chew & Fetch Toy"
一致,930,B0GYXQ8J5C,SP-TU-TYQ-01,图图,图图,B0GYXBVR59,太阳球,"Dog Sun Ball Rope Toy, 25CM Cotton Chew Ball for Puppies & Small Dogs, Teething & Fetch Interactive Toy"
一致,931,B0GYWXVQQK,QS-529-A96-32-33,公司,公司,B0GYX16S5J,潜水溯溪鞋,"Kids Water Shoes, Cute Shark Print Quick-Dry Aqua Socks for Toddler Boys Girls, Non-Slip Swim Shoes for Beach, Pool, Water Park, River Trekking, and Indoor Activities"
一致,932,B0GYWWF2XG,QS-512-A71-32/33,公司,公司,B0GYX16S5J,新款大童溯溪鞋,"Big Kids Aqua Socks, Red Flower Print Non Slip Water Shoes for Big Kids Beach Swim Pool"
一致,933,B0GYWRT7PS,QS-503-D12-32/33,公司,公司,B0GYWSYXZ5,新款大童溯溪鞋,"Big Kids Water Shoes, Mermaid & Castle Print Quick Dry Aqua Socks for Big Kids Beach Swim Pool"
一致,934,B0GYWX7FPT,QS-502-D11-32/33,公司,公司,B0GYWSYXZ5,新款大童溯溪鞋,"Big Kids Aqua Socks, Palm Tree & Sun Print Non Slip Water Shoes for Big Kids Beach Swim Quick Dry"
一致,935,B0GYRN4C3K,QS-019-38/39,公司,公司,B0GQBYRX2R,潜水溯溪鞋,Lightweight Foldable Water Shoes Comfort Beach Shoes for Pool Travel Multicolor
一致,936,B0GYRXFNDC,QS-078-38/39,公司,公司,B0GQBP3SH9,潜水溯溪鞋,"Unisex Aqua Shoes, Non Skid Rubber Sole, Stretch Fit, for Ocean Reef Walk"
一致,937,B0GYRNDNXG,QS-100-44/45,公司,公司,B0GQBP3SH9,潜水溯溪鞋,"Beach Water Shoes Unisex, Anti Slip Pattern Sole, Quick Dry Swim Shoes for Ocean"
一致,938,B0GY8TJKWP,KCC-XGYF-XXL,凯旋,凯旋,B0GY8X1TF6,小狗衣服,"Breathable Mesh Summer Dog Vest, Cute Printed Lightweight Tank Top As Daily Casual Apparel for Small Puppy and Small Breed Dogs"
一致,939,B0GY2K26R1,SP-XIE1-F44/45,公司,公司,B0GY2YYSHW,溯溪沙滩鞋,"Quick Dry Water Shoes for Men Women, Anti-Slip Lightweight Aqua Socks for Beach Swim Pool"
一致,940,B0GXYPMH36,KCC-TS-BAI,凯旋,凯旋,B0GXYHV3W1,头绳,"Pearl Woven Hair Scrunchie, Stylish Decorative Ponytail Holder As Daily Hairstyle Accessory For Women Outfit Matching"
一致,941,B0GXYFH5KP,KCC-ED-43,凯旋,凯旋,B0GXY99FCQ,耳钉,"Inlaid Zircon Non Piercing Ear Cuff, Stylish Cartilage Ear Wrap As Daily Fashion Accessory For Women Outfit Decoration"
一致,942,B0GXXMTTMZ,KCC-HDJ-0608J,凯旋,凯旋,B0GXXJC8XT,蝴蝶结,"Metallic Alloy Ponytail Holders, Minimalist Bow And Geometric Hair Scrunchies As Stylish Daily Wear Accessories For Women Hairstyle Matching"
一致,943,B0GXXRB9PT,KCC-HDJ-0619Y,凯旋,凯旋,B0GXXJC8XT,蝴蝶结,"Metallic Alloy Ponytail Holders, Minimalist Bow And Geometric Hair Scrunchies As Stylish Daily Wear Accessories For Women Hairstyle Matching"
一致,944,B0GXXGTKQD,KCC-HDJ-0619J,凯旋,凯旋,B0GXXJC8XT,蝴蝶结,"Metallic Alloy Ponytail Holders, Minimalist Bow And Geometric Hair Scrunchies As Stylish Daily Wear Accessories For Women Hairstyle Matching"
一致,945,B0GXTXWG61,QS-088-44/45,公司,公司,B0GQBP3SH9,溯溪沙滩鞋,"Unisex Printed Water Shoes, Anti Skid Rubber Sole, Lightweight Slip On Beach Shoes"
一致,946,B0GXV7R7WK,QS-058-38/39,公司,公司,B0GQBS64JX,溯溪沙滩鞋,"Water Shoes Men Women, Non Slip Sole, Cushion Insole, for Beach Snorkeling"
一致,947,B0GXTZDWC7,QS-014-38/39,公司,公司,B0GQBS64JX,溯溪沙滩鞋,"Pool Water Shoes for Men Women, Anti Skid Sole, Quick Dry, Lightweight Swim Shoes"
一致,948,B0GXV525NQ,QS-043-44/45,公司,公司,B0GQBS64JX,溯溪沙滩鞋,"River Shoes Unisex, Non Slip Sole, Quick Dry Water Shoes for Creek Trekking"
一致,949,B0GXV1J54S,QS-044-38/39,公司,公司,B0GQH38Y4J,溯溪沙滩鞋,Lightweight Foldable Water Shoes Comfort Beach Shoes for Pool Travel
一致,950,B0GXTVPM1W,QS-024-38/39,公司,公司,B0GQBS64JX,溯溪沙滩鞋,"Beach Shoes for Men Women, Non Slip Rubber Sole, Quick Dry Printed Aqua Shoes"
一致,951,B0GXHLNPWW,QS-025-36/37,公司,公司,B0GQBS64JX,溯溪沙滩鞋,"Non Slip Aqua Shoes Unisex, Quick Dry Beach Swim Shoes, Comfort Insole, Packable"
一致,952,B0GXHG2DDV,QS-095-44/45,公司,公司,B0GQBS64JX,溯溪沙滩鞋,"Beach Swim Water Shoes for Men Women, Non Slip Sole, Printed Quick Dry Slip On"
一致,953,B0GXHNK6WF,QS-055-44/45,公司,公司,B0GQBP3SH9,溯溪沙滩鞋,"Creek Trekking Water Shoes for Men Women, Anti Slip Sole, Durable Outsole"
一致,954,B0GXHGTR9W,QS-064-38/39,公司,公司,B0GQBP3SH9,溯溪沙滩鞋,Flexible Water Shoes Slip On Breathable Beach Shoes for Pool Surfing
一致,955,B0GXHSKSMH,QS-071-44/45,公司,公司,B0GQBP3SH9,溯溪沙滩鞋,Quick Dry Foldable Water Shoes Comfort Non Slip Beach Walking Shoes
一致,956,B0GXHMSZ4N,QS-045-38/39,公司,公司,B0GQBS64JX,溯溪沙滩鞋,"Water Shoes Unisex, Anti Skid Sole, Thick Cushion Insole, for Kayak Rafting"
一致,957,B0GXHSLKVF,QS-062-44/45,公司,公司,B0GQBS64JX,溯溪沙滩鞋,"Non Slip Aqua Shoes Men Women, Rubber Sole, Quick Dry Slip On for Swimming"
一致,958,B0GXHL55YY,QS-064-44/45,公司,公司,B0GQBP3SH9,溯溪沙滩鞋,Flexible Water Shoes Slip On Breathable Beach Shoes for Pool Surfing
一致,959,B0GXHRV1YY,QS-025/44/45,公司,公司,B0GQBS64JX,溯溪沙滩鞋,"Non Slip Aqua Shoes Unisex, Quick Dry Beach Swim Shoes, Comfort Insole, Packable"
一致,960,B0GXHQYCND,QS-055-38/39,公司,公司,B0GQBP3SH9,溯溪沙滩鞋,"Creek Trekking Water Shoes for Men Women, Anti Slip Sole, Durable Outsole"
一致,961,B0GXHQTVYF,QS-025-38/39,公司,公司,B0GQBS64JX,溯溪沙滩鞋,"Non Slip Aqua Shoes Unisex, Quick Dry Beach Swim Shoes, Comfort Insole, Packable"
一致,962,B0GXHMG159,QS-093-38/39,公司,公司,B0GQBS64JX,溯溪沙滩鞋,"Diving Snorkel Shoes Men Women, Non Slip Rubber Sole, Quick Dry Water Shoes"
一致,963,B0GXHCNGL4,QS-085-44/45,公司,公司,B0GQBP3SH9,溯溪沙滩鞋,"Rafting River Shoes Unisex, Non Skid Sole, Durable Rubber Outsole, Quick Dry"
一致,964,B0GXHJF29T,QS-009-44/45,公司,公司,B0GQBP3SH9,溯溪沙滩鞋,Foldable Beach Shoes Slip On Water Shoes for Pool Beach Travel Outdoor
一致,965,B0GXHWWX4H,QS-095-38/39,公司,公司,B0GQBS64JX,溯溪沙滩鞋,"Beach Swim Water Shoes for Men Women, Non Slip Sole, Printed Quick Dry Slip On"
一致,966,B0GXHSDVM3,QS-076-38/39,公司,公司,B0GQBP3SH9,溯溪沙滩鞋,"Unisex Swim Water Shoes, Non Skid Sole, Soft Stretch Upper, for Beach Pool"
一致,967,B0GXHH1ZH7,QS-076-44/45,公司,公司,B0GQBP3SH9,溯溪沙滩鞋,"Unisex Swim Water Shoes, Non Skid Sole, Soft Stretch Upper, for Beach Pool"
一致,968,B0GXD91MXN,SP-NZ-W01,图图,图图,B0GXD26CK5,镊子,"Anti-Static Tweezers, 4 Styles: Straight, Curved, Round & Fine Point, Precision Stainless Steel for Electronics & Crafts"
一致,969,B0GX9WTV39,SP-GWD-01,图图,图图,B0GXB5NFQG,螺丝刀套组,"Razor Blade Scraper Tool with 5 Replacement Blades, Green Cleaning Scraper for Stickers, Paint, Glue and Decals on Glass, Tile, Floor and Cooktop"
一致,970,B0GX9VS5ZB,KCC-CDB-LED,凯旋,凯旋,B0GX9YSY8Q,多功能LED彩光测电笔70-250V,"Voltage Tester Screwdriver Pen with Indicator Light, Transparent AC Circuit Tester for Wall Outlet, Switch Panel, Home Repair, Garage and DIY Electrical Check"
一致,971,B0GX6CBR5C,KCC-NK1-XL,凯旋,凯旋,B0GX5YLD4W,男士内裤,"4 Pack Men's Underwear, Soft Breathable Boxer Briefs, Stretch Comfortable Moisture Wicking Underwear for Men Daily Wear Multicolor"
一致,972,B0GX1DKKSM,QS-0871-42/43,公司,公司,B0GVYWN441,溯溪沙滩鞋,"Surf Shoes for Women Men, Aqua Socks, Quick Dry Water Footwear, Beach Rental Pool Resort Summer Pair"
一致,973,B0GX19ZKLR,QS-0221-40/41,公司,公司,B0GVYWN441,溯溪沙滩鞋,"Beach Shoes for Women Men, Aqua Socks, Lightweight Water Footwear, Boardwalk Pool Resort Travel Pair"
一致,974,B0GX196GDM,QS-0221-44/45,公司,公司,B0GVYWN441,溯溪沙滩鞋,"Beach Shoes for Women Men, Aqua Socks, Lightweight Water Footwear, Boardwalk Pool Resort Travel Pair"
一致,975,B0GX16WPYH,QS-0871-36/37,公司,公司,B0GVYWN441,溯溪沙滩鞋,"Surf Shoes for Women Men, Aqua Socks, Quick Dry Water Footwear, Beach Rental Pool Resort Summer Pair"
一致,976,B0GX1G9T56,QS-0531-36/37,公司,公司,B0GVYWN441,溯溪沙滩鞋,"River Shoes for Women Men, Aqua Socks, Barefoot Swim Footwear, Kayaking Beach Dock Summer Travel Pair"
一致,977,B0GX1JCJJK,QS-0221-42/43,公司,公司,B0GVYWN441,溯溪沙滩鞋,"Beach Shoes for Women Men, Aqua Socks, Lightweight Water Footwear, Boardwalk Pool Resort Travel Pair"
一致,978,B0GWMCQ5RD,SP-MT02-huang,图图,图图,B0GWMG62MG,马桶垫,"Cartoon Animal Adhesive Toilet Seat Cover, Waterproof Kids Toilet Seat Cushion, Universal Four-Season Sticky Toilet Pad for Children"
一致,979,B0GWPGSBY7,SP-SJ77,图图,图图,B0GWPRJBLQ,丝巾,"27.56 Inch Silk Feeling Scarf for Women, Square Satin Head Scarf, Fashion Hair Wrap Bandana for All Occasions"
一致,980,B0GWPWFQJ1,KCC-SJJ-BW,凯旋,凯旋,B0GWPXVC1K,手机夹,"2 Pack Universal Cell Phone Lanyard Patch for Phone Case, Compatible with Most Smartphones for Travel, Outdoor, Daily Use"
一致,981,B0GWPSJ362,KCC-ZJ-B,凯旋,凯旋,B0GWPXM3NT,手机胸带支架,"Cell Phone Chest Mount Harness Strap, Universal Phone Chest Holder for POV Video, Vlog, Cycling, Hiking, Outdoor Sports"
一致,982,B0GWP77J6Z,KCC-XH-W,凯旋,凯旋,B0GWPFSDT3,袖环,"Shirt Sleeve Holders, Adjustable Sleeve Garter Keep Sleeves Tucked for Men Women, Work, Uniform, Casual Wear White"
一致,983,B0GWP9GDTB,KCC-XH-B,凯旋,凯旋,B0GWPFSDT3,袖环,"Shirt Sleeve Holders, Adjustable Sleeve Garter Keep Sleeves Tucked for Men Women, Work, Uniform, Casual Wear Black"
一致,984,B0GWLP2L5H,SP-SJ-L47,图图,图图,B0GWPRJBLQ,丝巾,"Bright Color Satin Square Scarf for Women, Silk Feeling Head Scarf Hair Wrap Bandana, Fashion Neck Scarf for Daily Dressing"
一致,985,B0GWLZV2D9,SP-SJ45,图图,图图,B0GWPRJBLQ,丝巾,"27.56 Inch Silk Feeling Scarf for Women, Square Satin Head Scarf, Fashion Hair Wrap Bandana for All Occasions"
一致,986,B0GWLYRH4D,SP-SJ-L59,图图,图图,B0GWPRJBLQ,丝巾,"Bright Color Satin Square Scarf for Women, Silk Feeling Head Scarf Hair Wrap Bandana, Fashion Neck Scarf for Daily Dressing"
一致,987,B0GWLSZL92,SP-SJ-L46,图图,图图,B0GWPRJBLQ,丝巾,"Bright Color Satin Square Scarf for Women, Silk Feeling Head Scarf Hair Wrap Bandana, Fashion Neck Scarf for Daily Dressing"
一致,988,B0GWLX9TRD,SP-SJ-L52,图图,图图,B0GWPRJBLQ,丝巾,"Bright Color Satin Square Scarf for Women, Silk Feeling Head Scarf Hair Wrap Bandana, Fashion Neck Scarf for Daily Dressing"
一致,989,B0GWMP43CW,SP-MZ-quan01lan,图图,图图,B0GWMG1MT5,面罩,"3 Pack Full Face Cycling Mask for Summer, Windproof Breathable Non-Slip Face Cover for Outdoor Sports (Cycling/Hiking)"
一致,990,B0GWMRF1L7,SP-MZ-quan01lu,图图,图图,B0GWMG1MT5,面罩,"3 Pack Full Face Cycling Mask for Summer, Windproof Breathable Non-Slip Face Cover for Outdoor Sports (Cycling/Hiking)"
一致,991,B0GWM785D2,SP-MZ-quan02liang,图图,图图,B0GWM4SZST,面罩,"3 Pack Summer Full Face Cycling Mask, Breathable UV Protection Face Cover for Outdoor Sports (Cycling/Hiking)"
一致,992,B0GWMDRP71,SP-MZ-quan02hei,图图,图图,B0GWM4SZST,面罩,"3 Pack Summer Full Face Cycling Mask, Breathable UV Protection Face Cover for Outdoor Sports (Cycling/Hiking)"
一致,993,B0GWM1LMZN,KCC-NZWQ-B,凯旋,凯旋,B0GWM3Y3KZ,牛仔围裙,"Denim Apron, Adjustable Bib Apron With Pockets For Kitchen, Cooking, Baking, BBQ, Gardening, Workshop, Gift For Men Women"
一致,994,B0GWLX3CGQ,SP-FSD-shenfeng,图图,图图,B0GWLZDX4Q,防水袋,"1 Pack Waterproof Phone Pouch, IPX8 Underwater Dry Bag Case for Phones Up to 7.5"", Compatible with iPhone Samsung Multiple Colors"
一致,995,B0GWHZBCSR,QS-0671-36/37,公司,公司,B0GVYWN441,溯溪沙滩鞋,"Swim Shoes for Women Men, Water Shoes, Aqua Socks, Foldable Lake Dock Boat Beach Summer Vacation Pair"
一致,996,B0GWHWCD4H,QS-0671-44/45,公司,公司,B0GVYWN441,溯溪沙滩鞋,"Swim Shoes for Women Men, Water Shoes, Aqua Socks, Foldable Lake Dock Boat Beach Summer Vacation Pair"
一致,997,B0GWJ132JD,QS-0041-42/43,公司,公司,B0GVYWN441,溯溪沙滩鞋,"Pool Shoes for Women Men, Aqua Socks, Swim Footwear, Water Park Beach Hotel Summer Resort Vacation Pair"
一致,998,B0GWHRNF4T,QS-0031-44/45,公司,公司,B0GVYWN441,溯溪沙滩鞋,"Lake Shoes for Women Men, Aqua Socks, Slip On Swim Footwear, Cabin River Dock Beach Travel Pair"
一致,999,B0GWHZZTNB,QS-0031-36/37,公司,公司,B0GVYWN441,溯溪沙滩鞋,"Lake Shoes for Women Men, Aqua Socks, Slip On Swim Footwear, Cabin River Dock Beach Travel Pair"
一致,1000,B0GWHW3CW2,QS-0991-36/37,公司,公司,B0GVYWN441,溯溪沙滩鞋,"Pool Footwear for Women Men, Aqua Socks, Lightweight Swim Shoes, Spa Resort Beach Cruise Summer Pair"
一致,1001,B0GWHLD4RL,QS-0841-36/37,公司,公司,B0GVYWN441,溯溪沙滩鞋,"Barefoot Swim Shoes for Women Men, Aqua Socks, Beach Water Shoes, Pool Boat Lake Summer Vacation Pair"
一致,1002,B0GWHMW4JQ,QS-0041-38/39,公司,公司,B0GVYWN441,溯溪沙滩鞋,"Pool Shoes for Women Men, Aqua Socks, Swim Footwear, Water Park Beach Hotel Summer Resort Vacation Pair"
一致,1003,B0GWHLLNW3,QS-0841-44/45,公司,公司,B0GVYWN441,溯溪沙滩鞋,"Barefoot Swim Shoes for Women Men, Aqua Socks, Beach Water Shoes, Pool Boat Lake Summer Vacation Pair"
一致,1004,B0GWHVSKNH,QS-094-44/45,公司,公司,B0GQBS64JX,溯溪沙滩鞋,"Unisex River Trek Water Shoes, Anti Skid Sole, Durable Outsole, Quick Dry"
一致,1005,B0GWHJH9NB,QS-034-44/45,公司,公司,B0GQBS64JX,溯溪沙滩鞋,"Swim Water Shoes for Men Women, Non Slip Sole, Comfortable Fit, for Beach Pool"
一致,1006,B0GWJ29HLT,QS-0291-36/37,公司,公司,B0GVYWN441,溯溪沙滩鞋,"Barefoot Water Socks for Women Men, Aqua Shoes, Cruise Pool Beach Resort Summer Travel Footwear Pair"
一致,1007,B0GWHYN2SD,QS-0601-44/45,公司,公司,B0GVYWN441,溯溪沙滩鞋,"Beach Pool Shoes for Women Men, Aqua Socks, Quick Dry Swim Footwear, Resort Hotel Summer Travel Pair"
一致,1008,B0GWHVND1Y,QS-0291-44/45,公司,公司,B0GVYWN441,溯溪沙滩鞋,"Barefoot Water Socks for Women Men, Aqua Shoes, Cruise Pool Beach Resort Summer Travel Footwear Pair"
一致,1009,B0GWHF1NX2,KCC-LYB-P,凯旋,凯旋,B0GVSCLYJ2,便携式手提包,"Outdoor Camping Multi-Function Portable Carry Bag, Waterproof Foldable Storage Bag for Camping Gear Picnic Hiking Travel"
一致,1010,B0GWGS5N75,SP-MZ-hei,图图,图图,B0GWGV8Y1B,面罩,"3 Pack Windproof Face Covering, Thermal Neck Gaiter Warm Winter Mask for Cycling Skiing Hiking Outdoor Sports"
一致,1011,B0GVZ3RJFZ,QS-0671-38/39,公司,公司,B0GVYWN441,溯溪沙滩鞋,"Swim Shoes for Women Men, Water Shoes, Aqua Socks, Foldable Lake Dock Boat Beach Summer Vacation Pair"
一致,1012,B0GVYYZ582,QS-0291-40/41,公司,公司,B0GVYWN441,溯溪沙滩鞋,"Barefoot Water Socks for Women Men, Aqua Shoes, Cruise Pool Beach Resort Summer Travel Footwear Pair"
一致,1013,B0GVYVLF6S,QS-0941-38/39,公司,公司,B0GVYWN441,溯溪沙滩鞋,"Beach Footwear for Women Men, Aqua Socks, Slip On Water Shoes, Pool Lake Cruise Summer Vacation Pair"
一致,1014,B0GVZ3NPYC,QS-0291-38/39,公司,公司,B0GVYWN441,溯溪沙滩鞋,"Barefoot Water Socks for Women Men, Aqua Shoes, Cruise Pool Beach Resort Summer Travel Footwear Pair"
一致,1015,B0GVYYRFVF,QS-0671-40/41,公司,公司,B0GVYWN441,溯溪沙滩鞋,"Swim Shoes for Women Men, Water Shoes, Aqua Socks, Foldable Lake Dock Boat Beach Summer Vacation Pair"
一致,1016,B0GVZ5VJDK,QS-0911-40/41,公司,公司,B0GVYWN441,溯溪沙滩鞋,"Water Socks for Women Men, Aqua Shoes, Lightweight Pool Shoes, Beach Cruise Resort Summer Travel Pair"
一致,1017,B0GVZ15F1J,QS-0381-38/39,公司,公司,B0GVYWN441,溯溪沙滩鞋,"Swim Footwear for Women Men, Aqua Socks, Barefoot Water Shoes, Beach Yoga Pool Resort Summer Travel Pair"
一致,1018,B0GVZ4T6TN,QS-0841-38/39,公司,公司,B0GVYWN441,溯溪沙滩鞋,"Barefoot Swim Shoes for Women Men, Aqua Socks, Beach Water Shoes, Pool Boat Lake Summer Vacation Pair"
一致,1019,B0GVZ3Z4WT,QS-0031-42/43,公司,公司,B0GVYWN441,溯溪沙滩鞋,"Lake Shoes for Women Men, Aqua Socks, Slip On Swim Footwear, Cabin River Dock Beach Travel Pair"
一致,1020,B0GVYNHYBM,QS-0911-42/43,公司,公司,B0GVYWN441,溯溪沙滩鞋,"Water Socks for Women Men, Aqua Shoes, Lightweight Pool Shoes, Beach Cruise Resort Summer Travel Pair"
一致,1021,B0GVZ3LHRM,QS-0841-40/41,公司,公司,B0GVYWN441,溯溪沙滩鞋,"Barefoot Swim Shoes for Women Men, Aqua Socks, Beach Water Shoes, Pool Boat Lake Summer Vacation Pair"
一致,1022,B0GVYSMPKK,QS-0601-40/41,公司,公司,B0GVYWN441,溯溪沙滩鞋,"Beach Pool Shoes for Women Men, Aqua Socks, Quick Dry Swim Footwear, Resort Hotel Summer Travel Pair"
一致,1023,B0GVYX84FW,QS-0381-40/41,公司,公司,B0GVYWN441,溯溪沙滩鞋,"Swim Footwear for Women Men, Aqua Socks, Barefoot Water Shoes, Beach Yoga Pool Resort Summer Travel Pair"
一致,1024,B0GVZ3LHRW,QS-0031-38/39,公司,公司,B0GVYWN441,溯溪沙滩鞋,"Lake Shoes for Women Men, Aqua Socks, Slip On Swim Footwear, Cabin River Dock Beach Travel Pair"
一致,1025,B0GVYZ1M5M,QS-0601-38/39,公司,公司,B0GVYWN441,溯溪沙滩鞋,"Beach Pool Shoes for Women Men, Aqua Socks, Quick Dry Swim Footwear, Resort Hotel Summer Travel Pair"
一致,1026,B0GVZ27FGX,QS-0031-40/41,公司,公司,B0GVYWN441,溯溪沙滩鞋,"Lake Shoes for Women Men, Aqua Socks, Slip On Swim Footwear, Cabin River Dock Beach Travel Pair"
一致,1027,B0GVXGPXJR,ZD002-Blue-6/7,公司,公司,B0GL91XJMF,拖鞋,"Foldable EVA Travel Slippers for Women Men, Lightweight Quick Drying Non Slip Shower Sandals, Portable Flip Flops for Bathroom, Hotel, Beach, Pool & Cruise"
一致,1028,B0GVXM4185,ZD002-Grey-6/7,公司,公司,B0GVXM4185,拖鞋,"Foldable EVA Travel Slippers for Women Men, Lightweight Quick Drying Non Slip Shower Sandals, Portable Flip Flops for Bathroom, Hotel, Beach, Pool & Cruise"
一致,1029,B0GVS1H1F2,SP-huwan-xihan01,图图,图图,B0GVS6L8SW,护腕,"8 Pack Multi Color Sports Wristbands, Soft Elastic Sweat Absorbent Wrist Wraps for Basketball, Running, Fitness & Daily Sports"
一致,1030,B0GVS4YGHX,KCC-LYB-G,凯旋,凯旋,B0GVSCLYJ2,便携式手提包,"Outdoor Camping Multi-Function Portable Carry Bag, Waterproof Foldable Storage Bag for Camping Gear Picnic Hiking Travel"
一致,1031,B0GVS8JT3L,KCC-LL-20,凯旋,凯旋,B0GVSGPDGK,拉链,"20 Pack Detachable Metal Zipper Sliders Replacement Kit, Universal Alloy Zipper Pulls for Repairing Coats Jackets Bags Luggage Backpacks"
一致,1032,B0GVRNGGGJ,KCC-SGBX-2XL,凯旋,凯旋,B0GVRNGGGJ,速干背心,"Men's Quick Dry Tank Top, Sleeveless Athletic Workout Shirt, Lightweight Breathable Muscle Tank for Running Gym Fitness Training Black"
一致,1033,B0GVRQ6RNB,KCC-SGBX-XL,凯旋,凯旋,B0GVRQ6RNB,速干背心,"Men's Quick Dry Tank Top, Sleeveless Athletic Workout Shirt, Lightweight Breathable Muscle Tank for Running Gym Fitness Training Black"
一致,1034,B0GVRFQ3Y2,KCC-SGBX-L,凯旋,凯旋,B0GVRFQ3Y2,速干背心,"Men's Quick Dry Tank Top, Sleeveless Athletic Workout Shirt, Lightweight Breathable Muscle Tank for Running Gym Fitness Training Black"
一致,1035,B0GVQTJ64K,KCC-QXST-XL,凯旋,凯旋,B0GVRHHRJZ,骑行手套,"Cycling Gloves for Men Women, Breathable Non-Slip Bike Gloves, Shock Absorbing Padded Bicycle Gloves for Road Bike Mountain Biking"
一致,1036,B0GVQQGM3X,KCC-QXDK-2XL,凯旋,凯旋,B0GVQQGM3X,骑行短裤,"5 Pack Men's Cycling Shorts, Quick Dry Breathable Athletic Shorts, Lightweight High Stretch Sports Shorts for Running Cycling Workout Multicolor"
一致,1037,B0GVQJ4QQQ,SP-yaodai-zhenkou-tuo,图图,图图,B0GVQCSGD6,腰带,"Women's Thin Adjustable Waist Belt, Fashion Solid Color Simple Waistband for Dresses Jeans Cosplay Costume Casual Wear"
一致,1038,B0GVQJ28C9,SP-yaodai-zhenkou-bai,图图,图图,B0GVQCSGD6,腰带,"Women's Thin Adjustable Waist Belt, Fashion Solid Color Simple Waistband for Dresses Jeans Cosplay Costume Casual Wear"
一致,1039,B0GVQCXT83,SP-yaodai-zhenkou-hei,图图,图图,B0GVQCSGD6,腰带,"Women's Thin Adjustable Waist Belt, Fashion Solid Color Simple Waistband for Dresses Jeans Cosplay Costume Casual Wear"
一致,1040,B0GVN9F8JJ,SP-shouyao02-duokuan,图图,图图,B0GVNB58BZ,收腰扣,"4 Pack Adjustable Waist Buckles for Pants, Multiple Styles Alloy Waist Cinch Clips, Clothing Waist Tightener for Women"
一致,1041,B0GVK28TBN,SP-mianjiao-zhao,图图,图图,B0GVJZ98H4,免胶假睫毛,"Adhesive-Free Lower Eyelashes, Natural Look Fake Bottom Lashes, Reusable Multiple Styles Soft Under Lashes for Daily Makeup"
一致,1042,B0GVJZXKQH,SP-jiaoshui-xiao,图图,图图,B0GVJPJJ7Y,假睫毛,"False Lower Eyelashes Natural Look Variety Styles, Soft Lightweight Fake Bottom Lashes for Daily & Makeup"
一致,1043,B0GVJPZTQH,SP-mianjiao-xiao,图图,图图,B0GVJZ98H4,免胶假睫毛,"Adhesive-Free Lower Eyelashes, Natural Look Fake Bottom Lashes, Reusable Multiple Styles Soft Under Lashes for Daily Makeup"
一致,1044,B0GV3H7V3F,KCC-dingqingshoutao-L-baihui,凯旋,凯旋,B0GZ2FSRT5,丁晴手套,"3 Pairs Nylon Lined Nitrile Coated Work Gloves, Dipped Rubber Non-Slip Safety Gloves for Gardening, Construction, Household & Men"
一致,1045,B0GV3173L5,KCC-dingqingshoutao-L-baiju,凯旋,凯旋,B0GZ2FSRT5,丁晴手套,"3 Pairs Nylon Lined Nitrile Coated Work Gloves, Dipped Rubber Non-Slip Safety Gloves for Gardening, Construction, Household & Men"
一致,1046,B0GV337TG4,KCC-dingqingshoutao-L-huihei,凯旋,凯旋,B0GV337TG4,丁晴手套,"3 Pairs Nylon Lined Nitrile Coated Work Gloves, Dipped Rubber Non-Slip Safety Gloves for Gardening, Construction, Household & Men"
一致,1047,B0GV2QDYDR,SP-fadai-yujia-01,图图,图图,B0GV2S9RVJ,发带,"Stylish Striped Wide Turban Headbands for Women, Soft Elastic Thick Head Wraps, Fashion Non Slip Hair Bands for Workout and Daily Outfits, 4 Pack"
一致,1048,B0GV2J1N9T,SP-zhihan-duose,图图,图图,B0GV26DZK8,止汗带,"Sweat Wicking Striped Wide Headbands for Women, Non Slip Workout Head Wraps, Moisture Resistant Athletic Hair Bands for Yoga Running Fitness, 10 Pack"
一致,1049,B0GV2SGQ7C,SP-underwear-mian-L,图图,图图,B0GWHXBBZ3,内裤-棉,"Women's 5 Pack Solid Color Cotton Boxer Briefs, Soft Comfortable Breathable Underwear, Multicolor Assorted Pack"
一致,1050,B0GTZ8SXFZ,KCC-chuanwa-7se,凯旋,凯旋,B0GTZ8SXFZ,船袜,"7 Pairs Men's Summer Thin Boat Socks, Breathable Mesh Low Cut Ankle Socks, Non-Slip Lightweight Invisible Liner Socks for Daily & Sports"
一致,1051,B0GTV4RLX4,KCC-yaowanfenzhuanghe-ka28,凯旋,凯旋,B0GTKBY3VW,早中晚药丸分装盒,"28 Grid Weekly Pill Organizer, 4 Times a Day (Morning Noon Evening Night), 7 Days Large Capacity Pill Case for Vitamins, Fish Oil, Supplements and Medication"
一致,1052,B0GTLVB2N8,SP-06-01,图图,图图,B0GTLH8RY1,勺子,"Demitasse Espresso Spoons, Stainless Steel Mini Coffee Spoons, Gold & Silver Small Spoons for Dessert Tea, Set of 2"
一致,1053,B0GTLPT7GP,SP-TUTU-HLB-01,图图,图图,B0GTLTPM6W,宠物玩具,"Dog Rope Knot Toys Set, Cotton Chew Toys for Teething, Interactive Play Training Toys for Small and Medium Dogs"
一致,1054,B0GTK3G7N3,KCC-zhijiadao-lv,凯旋,凯旋,B0GTK34VMV,指甲刀套装,"Stainless Steel Nail Clipper Set, Professional Grooming Kit with Nail Clippers, Cuticle Pusher, Nail File for Home & Travel"
一致,1055,B0GTK6XGD7,KCC-zangyitong-hei82L,凯旋,凯旋,B0GTK7DCXY,家用卫生间脏衣桶,"Foldable Laundry Hamper, Collapsible Dirty Clothes Storage Basket, Portable Waterproof Laundry Bin for Bedroom, Bathroom, Dorm, Laundry Room and Travel"
一致,1056,B0GTKN6LGZ,KCC-zhijiaqian-1,凯旋,凯旋,B0GTK8Z3L9,指甲钳套装,"Stainless Steel Nail Clippers, Sharp Fingernail Toenail Clipper Cutter, Manicure Pedicure Tool for Men, Women, Adults and Seniors"
一致,1057,B0GSZHTZKJ,KC-S1-01,图图,图图,B0GSZ3WTC8,墨镜,Fashion Sports Sunglasses Polarized UV Protection Lightweight Outdoor Cycling Driving Glasses
一致,1058,B0GSZGMVX9,KC-S7-01,图图,图图,B0GSZ3WTC8,墨镜,Fashion Sports Sunglasses Polarized UV Protection Lightweight Outdoor Cycling Driving Glasses
一致,1059,B0GSZ8HWV1,KC-S9-01,图图,图图,B0GSZ3WTC8,墨镜,Fashion Sports Sunglasses Polarized UV Protection Lightweight Outdoor Cycling Driving Glasses
一致,1060,B0GSZB2WH4,KC-S4-01,图图,图图,B0GSZ3WTC8,墨镜,Fashion Sports Sunglasses Polarized UV Protection Lightweight Outdoor Cycling Driving Glasses
一致,1061,B0GSZ35W7N,KC-S10-01,图图,图图,B0GSZ3WTC8,墨镜,Classic Small Frame Sunglasses Women Men Vintage UV401 Protection Casual Daily Shades
一致,1062,B0GSZ5GS3T,KC-S8-01,图图,图图,B0GSZ3WTC8,墨镜,Fashion Sports Sunglasses Polarized UV Protection Lightweight Outdoor Cycling Driving Glasses
一致,1063,B0GSZBPCSV,KC-S2-01,图图,图图,B0GSZ3WTC8,墨镜,Fashion Sports Sunglasses Polarized UV Protection Lightweight Outdoor Cycling Driving Glasses
一致,1064,B0GSZ8NLGJ,KC-S11-01,图图,图图,B0GSZ3WTC8,墨镜,Fashion Sports Sunglasses Polarized UV Protection Lightweight Outdoor Cycling Driving Glasses
负责人不一致,1065,B0GSZCYFZR,KC-S3-01,图图,凯旋,B0GSZ3WTC8,墨镜,Fashion Sports Sunglasses Polarized UV Protection Lightweight Outdoor Cycling Driving Glasses
一致,1066,B0GSZ4P6CZ,KC-S6-01,图图,图图,B0GSZ3WTC8,墨镜,Fashion Sports Sunglasses Polarized UV Protection Lightweight Outdoor Cycling Driving Glasses
一致,1067,B0GSYC9MG2,KC-C2-02,图图,图图,B0GT8VDZJY,罩衫,Women Colorful Beach Sarong Sheer Wrap Skirt Bikini Swimsuit Cover Ups for Swimwear
一致,1068,B0GSVM4XNG,KC-B6-M,图图,图图,B0HD6F5MYH,比基尼,Women's Two Piece Bikini Set Halter String Triangle Tops Sexy Tie Side Bottom Bathing Suit Swimwear
一致,1069,B0GSVPVM8Q,KC-B7-M,图图,图图,B0HD6F5MYH,比基尼,Halter String Triangle Bikini Set for Women Two Piece Sexy Tie Side Bottom Bathing Suit Swimwear
一致,1070,B0GSVPS6MB,KC-B12-L,图图,图图,B0HD6F5MYH,比基尼,Halter String Triangle Bikini Set Women Vintage Print Two Piece Back Self Tie Swimsuit
一致,1071,B0GS8V8PLQ,QS-115-40/41,公司,公司,B0GQBS64JX,溯溪沙滩鞋,"Aqua Socks for Women Men, Water Shoes, Slip On Swim Footwear, Resort Pool Beach Water Park Cruise Summer Pair"
一致,1072,B0GS8TQ2SS,QS-117-42/43,公司,公司,B0GS8M9BJ1,溯溪沙滩鞋,Quick Dry Water Shoes for Women Men Slip On Beach Aqua Shoes Non-Slip Lightweight for Diving Snorkeling Surfing
一致,1073,B0GS8SNYJS,QS-116-40/41,公司,公司,B0GS8L8LPD,溯溪沙滩鞋,Slip On Quick Dry Beach Shoes Water Sports Aqua Socks Non-Slip Outdoor Shoes for Swimming Diving Kayaking
一致,1074,B0GS8SMWM7,QS-117-40/41,公司,公司,B0GS8M9BJ1,溯溪沙滩鞋,Quick Dry Water Shoes for Women Men Slip On Beach Aqua Shoes Non-Slip Lightweight for Diving Snorkeling Surfing
一致,1075,B0GS8G3YPX,KC-06-01,图图,图图,B0GS8KFR4R,手机链,"Beaded Cell Phone Strap for Women, Stylish Bead Wrist Lanyard, Decorative Phone Accessory"
负责人不一致,1076,B0GS8FSLZ6,KC-17-01,图图,凯旋,B0GS8KFR4R,手机链,Keychain for Men Women - Durable Metal Key Chain with Key Ring Car Key Accessory
负责人不一致,1077,B0GS8BLWC3,KC-02-01,图图,凯旋,B0GS8KFR4R,手机链,Keychain for Men Women - Durable Metal Key Chain with Key Ring Car Key Accessory
一致,1078,B0GS8M33PJ,KC-25-01,图图,图图,B0GS8KFR4R,手机链,"Beaded Cell Phone Strap for Women, Stylish Bead Wrist Lanyard, Decorative Phone Accessory"
一致,1079,B0GS8G3ND6,KC-09-01,图图,图图,B0GS8KFR4R,手机链,"Beaded Cell Phone Strap for Women, Stylish Bead Wrist Lanyard, Decorative Phone Accessory"
负责人不一致,1080,B0GS8NRCB1,KC-13-01,图图,凯旋,B0GS8KFR4R,手机链,"Lovely Dopamine Color Block Beaded Phone Charm, Handmade Phone Strap for Girls"
一致,1081,B0GS91TZCJ,KC-22-01,图图,图图,B0GS8KFR4R,手机链,Keychain for Men Women - Durable Metal Key Chain with Key Ring Car Key Accessory
一致,1082,B0GS879CK3,KC-21-01,图图,图图,B0GS8KFR4R,手机链,Keychain for Men Women - Durable Metal Key Chain with Key Ring Car Key Accessory
一致,1083,B0GQGMNNQS,QS-064-40/41,公司,公司,B0GQBP3SH9,溯溪沙滩鞋,Flexible Water Shoes Slip On Breathable Beach Shoes for Pool Surfing
一致,1084,B0GQBMQF7C,QS-009-42/43,公司,公司,B0GQBMQF7C,溯溪沙滩鞋,Foldable Beach Shoes Slip On Water Shoes for Pool Beach Travel Outdoor
一致,1085,B0GQBPCFYY,QS-092-42/43,公司,公司,B0GQBS64JX,溯溪沙滩鞋,All Terrain Water Shoes Lightweight Quick Dry Beach Swim Shoes
一致,1086,B0GQBVVDZF,QS-078-40/41,公司,公司,B0GQBP3SH9,溯溪沙滩鞋,"Unisex Aqua Shoes, Non Skid Rubber Sole, Stretch Fit, for Ocean Reef Walk"
一致,1087,B0GQBNHMKV,QS-090-42/43,公司,公司,B0GQBS64JX,溯溪沙滩鞋,"Beach Water Shoes Unisex, Anti Slip Pattern Sole, Quick Dry Swim Shoes for Ocean"
一致,1088,B0GQC5GMRK,QS-078-42/43,公司,公司,B0GQBP3SH9,溯溪沙滩鞋,"Unisex Aqua Shoes, Non Skid Rubber Sole, Stretch Fit, for Ocean Reef Walk"
一致,1089,B0GQC6B848,QS-039-42/43,公司,公司,B0GQBW741V,溯溪沙滩鞋,"Protective Water Shoes Unisex, Non Slip Rubber Outsole, for Reef Ocean Beach"
一致,1090,B0GQC15K84,QS-025-42/43,公司,公司,B0GQBS64JX,溯溪沙滩鞋,"Non Slip Aqua Shoes Unisex, Quick Dry Beach Swim Shoes, Comfort Insole, Packable"
一致,1091,B0GQBT5JCY,QS-025-40/41,公司,公司,B0GQBS64JX,溯溪沙滩鞋,"Non Slip Aqua Shoes Unisex, Quick Dry Beach Swim Shoes, Comfort Insole, Packable"
一致,1092,B0GQC3LH63,QS-013-40/41,公司,公司,B0GQBS64JX,溯溪沙滩鞋,"Rafting Water Shoes Unisex, Non Slip Rubber Sole, Stretch Fit Slip On Aqua Shoes"
一致,1093,B0GQBV3P16,QS-056-42/43,公司,公司,B0GQBP3SH9,溯溪沙滩鞋,"Pool Beach Water Shoes Unisex, Non Slip Rubber Sole, Printed Quick Dry Shoes"
一致,1094,B0GQBTM4FM,QS-057-42/43,公司,公司,B0GQBP3SH9,溯溪沙滩鞋,Portable Beach Shoes Foldable Design Water Shoes for Outdoor Activities
一致,1095,B0GQBN3QY6,QS-058-42/43,公司,公司,B0GQBS64JX,溯溪沙滩鞋,"Water Shoes Men Women, Non Slip Sole, Cushion Insole, for Beach Snorkeling"
一致,1096,B0GQBSGKM5,QS-039-40/41,公司,公司,B0GQBW741V,溯溪沙滩鞋,"Protective Water Shoes Unisex, Non Slip Rubber Outsole, for Reef Ocean Beach"
一致,1097,B0GQC7FNZC,QS-028-42/43,公司,公司,B0GQBS64JX,溯溪沙滩鞋,"Creek Water Shoes for Men Women, Anti Slip Sole, Quick Dry, for River Walking"
一致,1098,B0GQC56FHC,QS-063-42/43,公司,公司,B0GQBP3SH9,溯溪沙滩鞋,"Diving Beach Water Shoes Men Women, Non Slip Rubber Sole, Quick Dry Swim Shoes"
一致,1099,B0GQBNZFL5,QS-061-40/41,公司,公司,B0GQBP3SH9,溯溪沙滩鞋,"Ocean Swim Water Shoes Unisex, Anti Slip Rubber Sole, Stretch Fit Beach Shoes"
一致,1100,B0GQBNQZY6,QS-061-42/43,公司,公司,B0GQBP3SH9,溯溪沙滩鞋,"Ocean Swim Water Shoes Unisex, Anti Slip Rubber Sole, Stretch Fit Beach Shoes"
一致,1101,B0GQBW11VF,QS-024-42/43,公司,公司,B0GQBS64JX,溯溪沙滩鞋,"Beach Shoes for Men Women, Non Slip Rubber Sole, Quick Dry Printed Aqua Shoes"
一致,1102,B0GQC6LDLC,QS-092-40/41,公司,公司,B0GQBS64JX,溯溪沙滩鞋,All Terrain Water Shoes Lightweight Quick Dry Beach Swim Shoes
一致,1103,B0GQBY2SXV,QS-043-40/41,公司,公司,B0GQBS64JX,溯溪沙滩鞋,"River Shoes Unisex, Non Slip Sole, Quick Dry Water Shoes for Creek Trekking"
一致,1104,B0GQC8P369,QS-070-40/41,公司,公司,B0GQBP3SH9,溯溪沙滩鞋,"Packable Beach Water Shoes for Men Women, Non Slip Sole, Travel Swim Shoes"
一致,1105,B0GQBY2WKX,QS-036-40/41,公司,公司,B0GQBS64JX,溯溪沙滩鞋,Summer Water Shoes for Women Men Comfort Quick Dry Beach Walking Shoes
一致,1106,B0GQBVKQGT,QS-001-42/43,公司,公司,B0GQBS64JX,溯溪沙滩鞋,Water Shoes for Women Men Quick Dry Barefoot Beach Swim Pool Walking Shoes
一致,1107,B0GQCBNKCQ,QS-081-42/43,公司,公司,B0GQBP3SH9,溯溪沙滩鞋,"Water Shoes Unisex, Anti Slip Sole, Printed Design, for Beach Swimming Rafting"
一致,1108,B0GQC278T9,QS-038-40/41,公司,公司,B0GQBS64JX,溯溪沙滩鞋,"Slip On Aqua Water Shoes Men Women, Non Slip Sole, Printed Beach Swim Shoes"
一致,1109,B0GQBTMCW4,QS-011-40/41,公司,公司,B0GQBS64JX,溯溪沙滩鞋,"Water Shoes for Men Women, Durable Rubber Outsole, Soft Stretch Upper, for Pool"
一致,1110,B0GQBJWLJ9,QS-051-40/41,公司,公司,B0GQBZY2T5,溯溪沙滩鞋,"Beach Aqua Shoes Unisex, Non Slip Rubber Sole, Comfortable Insole, for Ocean"
一致,1111,B0GQBK1J9N,QS-069-42/43,公司,公司,B0GQBP3SH9,溯溪沙滩鞋,"Ocean Swim Water Shoes Unisex, Anti Slip Rubber Sole, Stretch Fit Beach Shoes"
一致,1112,B0GQBVTJ3Y,QS-099-40/41,公司,公司,B0GQBP3SH9,溯溪沙滩鞋,"Creek River Water Shoes Men Women, Non Slip Rubber Sole, Quick Dry Slip On Shoes"
一致,1113,B0GQC5YZBV,QS-069-40/41,公司,公司,B0GQBP3SH9,溯溪沙滩鞋,"Ocean Swim Water Shoes Unisex, Anti Slip Rubber Sole, Stretch Fit Beach Shoes"
一致,1114,B0GQBWTWT3,QS-065-42/43,公司,公司,B0GQBYSZDQ,溯溪沙滩鞋,"Beach Water Shoes Men Women, Anti Skid Sole, Quick Dry, for Snorkeling Reef Multicolor"
一致,1115,B0GQCBGQQM,QS-046-42/43,公司,公司,B0GQBS64JX,溯溪沙滩鞋,"Beach Water Shoes Unisex, Anti Slip Pattern Sole, Quick Dry Swim Shoes for Ocean"
一致,1116,B0GQBGP5JL,QS-085-42/43,公司,公司,B0GQBP3SH9,溯溪沙滩鞋,"Rafting River Shoes Unisex, Non Skid Sole, Durable Rubber Outsole, Quick Dry"
一致,1117,B0GQBLSQJ1,QS-037-40/41,公司,公司,B0GQBS64JX,溯溪沙滩鞋,"Unisex Water Shoes, Quick Dry Beach Shoes, Anti Skid Rubber Sole, for Travel"
一致,1118,B0GQC52WRV,QS-020-40/41,公司,公司,B0GQBS64JX,溯溪沙滩鞋,Foldable Beach Shoes Lightweight Water Shoes for Travel Outdoor Sports Pink Camo
一致,1119,B0GQBYXH21,QS-019-40/41,公司,公司,B0GQBYRX2R,溯溪沙滩鞋,Lightweight Foldable Water Shoes Comfort Beach Shoes for Pool Travel Multicolor
一致,1120,B0GL9D1VKG,ZD002-Blue-8/9,公司,公司,B0GL91XJMF,折叠拖鞋002蓝,"Foldable EVA Travel Slippers for Women Men, Lightweight Quick Drying Non Slip Shower Sandals, Portable Flip Flops for Bathroom, Hotel, Beach, Pool & Cruise"
一致,1121,B0GL8WG66H,ZD002-White-7/8,公司,公司,B0GL8WG66H,折叠拖鞋002白,"Foldable EVA Travel Slippers for Women Men, Lightweight Quick Drying Non Slip Shower Sandals, Portable Flip Flops for Bathroom, Hotel, Beach, Pool & Cruise"
一致,1122,B0GL93TCW4,ZD001-Yellow-7/8,公司,公司,B0GL92S6S4,折叠拖鞋001黄,"Foldable Flip Flops for Travel, Lightweight Portable Silicone Slippers, Compact Non-Slip Sandals for Home/Hotel/Beach, Comfortable Flexible Footwear for Women & Men"
Listing负责人为空,1123,B0HCJFJKB8,TTCA-Pet-XQ-Airtag-Blue,,,B0HCJ92929,,"Tracker Holder Pet Collar, Adjustable Dog and Cat Collar with Buckle, M Size Sky Blue for Outdoor Walking and Daily Wear"
Listing负责人为空,1124,B0HCJD8736,TTCA-Petchewtoy-bird,,,B0HDLLWN8B,,"Cat Parrot Toy, Interactive Pet Chew Toy for Indoor Play and Activity, Parrot Shape, Natural Small Style"
Listing负责人为空,1125,B0HCJGM7R2,TTCA-Pettoy-Sisal,,,B0HCJGM7R2,,"Cat Wobble Toy with Textured Body, Self-Righting Tumbler Toy for Indoor Cats, Battery-Free Solo Play, Small Natural"
Listing负责人为空,1126,B0HCJBPRZ3,TTCA-Pettoy-Feather,,,B0HCJBPRZ3,,"Cat Wobble Toy with Feather Teaser, Self-Righting Tumbler Toy for Indoor Cats, Battery-Free Solo Play, Small Multicolor"
工具未内置该 ASIN,1127,B0HCBBZT8S,KCC-ZWBD-20MM,凯旋,,B0H1VK6P8V,植物绑带,"Plant Tie Tape Roll 0.79 in x 9.84 ft, Reusable Adjustable Plant Securing Tape, Cut‑to‑Length Stem Bundling Strap For Houseplant, Patio & Garden Branch Fixing Vine Shaping"
工具未内置该 ASIN,1128,B0HCBHQJZT,KCC-MTTZ-CAT,凯旋,,B0HCBHQJZT,垃圾桶贴纸,"Rectangular Throw Pillow Cover, Funny Black Cat Printed Cushion Sleeve with Humorous Quote, Envelope Closure Decorative Pillow Case for Sofa and Bedroom Indoor Space"
工具未内置该 ASIN,1129,B0HCBC3KXJ,KCC-SQQJS1-BAI,凯旋,,B0H4F84574,神奇清洁刷,"Reusable Rubber Rust Remover Eraser, Multipurpose Stain Limescale Eraser for Faucet Sink Iron Metal Surface Cleaning"
工具未内置该 ASIN,1130,B0HCB96BSC,KCC-SQQJS1-LAN,凯旋,,B0H4F84574,神奇清洁刷,"Reusable Rubber Rust Remover Eraser, Multipurpose Stain Limescale Eraser for Faucet Sink Iron Metal Surface Cleaning"
工具未内置该 ASIN,1131,B0HC6MWL5L,KCC-JBPK-J,凯旋,,B0HC6KRM4N,金箔扑克,"Gold Foil Playing Cards, Rose Back Poker Deck, Gold Color Variant for Parties, Travel Card Games, 3.74 X 2.17 Inch"
工具未内置该 ASIN,1132,B0HC6SR8TN,KCC-MJCT-H-V1,凯旋,,B0HB5463QH,美甲锉条,"2 Pcs Nail Files, Black 50 Count Double Sided 100/180 Grit Manicure Files for Shaping Buffing Salon and Home Use"
工具未内置该 ASIN,1133,B0HC6NSFC2,TTCA-RepotMat-Green-50-R,cccady,,B0HC6NHLPF,,"Repotting Mat for Indoor Gardening, Green Square Plant Transplanting Pad with Snap Corners, Potting Work Surface"
工具未内置该 ASIN,1134,B0HC5WX6KQ,KCC-YXMQ-W,凯旋,,B0HC5PNQYC,眼线棉签,"Pointed Makeup Swabs, White Precision Tip Applicators for Eyeliner Cleanup, Brow Shaping, Nail Art Touch Ups, 2.76 Inch"
工具未内置该 ASIN,1135,B0HC3ZH22D,TTCA-Towel-green,cccady,,B0HC46CXJ3,冷感运动毛巾-绿色,"Cooling Sports Towel, Quick Dry Fitness Towel for Gym Yoga Running Camping Golf Hiking Travel and Workouts, Green"
工具未内置该 ASIN,1136,B0HC3ZWK92,TTCA-Fishtail-Ribbon-Purp,cccady,,B0HC3ZWK92,,"Fishtail Ribbon Trim, Purple Bouquet Wrap Tie for Floral Arrangements, Gift Packaging, DIY Craft Decor"
工具未内置该 ASIN,1137,B0HC3ZPC6H,TTCA-Fishtail-Ribbon-Pik,cccady,,B0HC3ZPC6H,鱼尾纱花束包装纸-粉色-无卷芯,"Fishtail Ribbon Trim, Pink Bouquet Wrap Tie for Floral Arrangements, Gift Packaging, DIY Craft Decor"
工具未内置该 ASIN,1138,B0HC4BHN2H,TTCA-Shakerbottle-Green,cccady,,B0HC4BHN2H,,"Protein Shaker Bottle 350 ML, Leak Proof Fitness Mixer Cup for Gym Workout Smoothies and Meal Prep, Green"
工具未内置该 ASIN,1139,B0HC3Z7M1X,TTCA-Shakerbottle-Black,cccady,,B0HC3Z7M1X,,"Protein Shaker Bottle 350 ML, Leak Proof Fitness Mixer Cup for Gym Workout Smoothies and Meal Prep, Black"
工具未内置该 ASIN,1140,B0HC4CCJX8,TTCA-Shakerbottle-Pink,cccady,,B0HC4CCJX8,,"Protein Shaker Bottle 350 ML, Leak Proof Fitness Mixer Cup for Gym Workout Smoothies and Meal Prep, Pink"
工具未内置该 ASIN,1141,B0HC4C269F,TTCA-Clips-Brown-50,cccady,,B0HC4C269F,,"Garden Plant Clips, Brown Orchid Stem Support Clamps for Vine Training, Flower Stake Holders, 50 Count Pack"
工具未内置该 ASIN,1142,B0HC4C99XC,TTCA-Clips-Green-50,cccady,,B0HC4C99XC,,"Garden Plant Clips, Green Orchid Stem Support Clamps for Vine Training, Flower Stake Holders, 50 Count Pack"
工具未内置该 ASIN,1143,B0HC48FQDN,TTCA-Clips-White-50,cccady,,B0HC48FQDN,,"Garden Plant Clips, White Orchid Stem Support Clamps for Vine Training, Flower Stake Holders, 50 Count Pack"
工具未内置该 ASIN,1144,B0HC426YLT,TTCA-PetXQ-Airlight-WHITE,cccady,,B0HC426YLT,,"Luminous Pet Collar with Tracker Holder, Breakaway Cat Collar for Small Pets, Night Visibility, Daily Wear, White"
工具未内置该 ASIN,1145,B0HC42KHMP,TTCA-PetXQ-Airlight-PINK,cccady,,B0HC42KHMP,,"Luminous Pet Collar with Tracker Holder, Breakaway Cat Collar for Small Pets, Night Visibility, Daily Wear, Pink"
工具未内置该 ASIN,1146,B0HC3LRX15,TTCA-Sperators-Pearl,cccady,,B0HC3RND7T,,"Toe Separators for Pedicure, Pearl Toe Spacers, Reusable Nail Care Tool for Foot Grooming and Polish"
工具未内置该 ASIN,1147,B0HC3DJTF1,TTCA-Sperators-Flower-Pik,cccady,,B0HC3RND7T,,"Toe Separators for Pedicure, Orange Flower Toe Spacers, Reusable Nail Care Tool for Foot Grooming and Polish"
工具未内置该 ASIN,1148,B0HC3J2F63,TTCA-PetToy-Feather-R,cccady,,B0HC3J2F63,,"Cat Feather Toy, Interactive Pet Chew Item for Indoor Play and Activity, Feather Style, Beige Small Style"
工具未内置该 ASIN,1149,B0HC3B175R,TTCA-Washbag-Grey,cccady,,B0HC3BQX2D,防水洗漱包-灰色-大号,"Waterproof Toiletry Bag, Large Travel Makeup Organizer Pouch for Gym, Swimming, Beach, Bathroom Storage, Transparent Gray"
工具未内置该 ASIN,1150,B0HC3FKH5W,TTCA-Washbag-White,cccady,,B0HC3BQX2D,防水洗漱包-白色-大号,"Waterproof Toiletry Bag, Large Travel Makeup Organizer Pouch for Gym, Swimming, Beach, Bathroom Storage, Transparent White"
工具未内置该 ASIN,1151,B0HC2V5GCS,SP-huaben-mi,图图,,B0HC2WNV33,,"Secret Garden Adult Coloring Book, Intricate Floral Pattern Colouring Pages, Stress Relief Anxiety Calming Art Drawing Book for Relaxation"
工具未内置该 ASIN,1152,B0HC2J31HX,SP-xiedai-cai,图图,,B0HBWN8JGN,,"12 Pack No Tie Silicone Shoe Laces, Quick Lock Elastic Lazy Shoelaces, Replacement Laces for Sneakers Canvas Casual Shoes"
工具未内置该 ASIN,1153,B0H94G5KPB,SP-FDB-1,图图,,B0H94NK69W,,"Interlocking Silver Mirror Wind Sequin Wall Panels, DIY Splicable Shiny Decor Tiles for Home Wall, Wedding Photo Backdrop Party Background"
工具未内置该 ASIN,1154,B0HBWX6FX1,SP-xiedai-bai,图图,,B0HBWN8JGN,,"12 Pack No Tie Silicone Shoe Laces, Quick Lock Elastic Lazy Shoelaces, Replacement Laces for Sneakers Canvas Casual Shoes"
工具未内置该 ASIN,1155,B0HBWRHXFD,SP-fangtangjia-1hong,图图,,B0H1QP7PPS,,"3 in 1 Anti-Scald Plate Clip, Multifunctional Kitchen Bowl Gripper with Bottle Opener, Non Slip Heat Resistant Dish Lifter"
工具未内置该 ASIN,1156,B0HBWQ2R9B,CA-Sock-S5-Green-R2,cccady,,B0HBWLJMSK,,"Women's Non-Slip Five-Toe Yoga Grip Socks for Pilates Barre Dance, Low Cut Studio Toe Socks, One Pair, Green"
工具未内置该 ASIN,1157,B0HBWSQ1YW,CA-Sock-S5-Purple-R2,cccady,,B0HBWLJMSK,,"Women's Non-Slip Five-Toe Yoga Grip Socks for Pilates Barre Dance, Low Cut Studio Toe Socks, One Pair, Purple"
工具未内置该 ASIN,1158,B0HBVDJCH3,KCC-DGNBXQ-1,凯旋,,B0HBVCXLJ5,多功能剥线器,"Multi Function Wire Stripper Pliers, Spring Loaded Generic Electrician Tool For Wire Stripping Cutting Crimping Household Circuit Repair"
工具未内置该 ASIN,1159,B0HBBP7ZRS,KCC-DBJLLSD-B,凯旋,,B0H94PTFMM,短柄棘轮螺丝刀,"13-in-1 Short Handle Ratchet Screwdriver Set, Black Mini Magnetic Screwdriver with 12 Bits and Magnetizer, 6mm Bit Holder"
工具未内置该 ASIN,1160,B0HB8XWH14,SP-motuochanrao-1,图图,,B0HB8YQ8Z7,,"Motorcycle Handlebar Wrap Grips, Anti-Slip Breathable Hand Grip Tape for Motorcycles, Scooters, Bikes, 1/2 Pack Universal Handlebar Covers"
工具未内置该 ASIN,1161,B0HB9CYXZR,SP-motuochanrao-2,图图,,B0HB8YQ8Z7,,"Motorcycle Handlebar Wrap Grips, Anti-Slip Breathable Hand Grip Tape for Motorcycles, Scooters, Bikes, 1/2 Pack Universal Handlebar Covers"
工具未内置该 ASIN,1162,B0HB8Q4WQG,SP-juanfacao-6,图图,,B0HB8YXNJW,,"6 Pack Strawberry Sponge Hair Curlers, No Heat Sleep-in Foam Rollers for Big Wavy Hair"
工具未内置该 ASIN,1163,B0HB8WFKVH,SP-juanfacao-1,图图,,B0HB8YXNJW,,"1 Pack Strawberry Sponge Hair Curler, No Heat Sleep-in Foam Roller for Big Wavy Hair"
工具未内置该 ASIN,1164,B0HB4LWQZ9,SP-kaipijiu-1,图图,,B0HD79BH6P,,"2 Pack Ace of Spades Bottle Openers, Stainless Steel Credit Card Style Beer Opener, Portable Poker Card Shaped Bottle Opener for Bar Kitchen Party"
工具未内置该 ASIN,1165,B0HB4TXXNR,SP-zhijiaci-hei2,图图,,B0H9YDPSPX,,"Foldable Silicone Phone Stand, Adjustable Portable Cell Phone Holder with Random Lanyard, Roll Up Pocket Mount for Travel Home Office Video Call"
工具未内置该 ASIN,1166,B0HB4SFQYB,SP-maojin-dae,图图,,B0GVR5WKNS,,"2 Pack Cute Duck Hanging Hand Towels, Ultra Absorbent Quick Dry Microfiber Towels, Soft Cartoon Cloth for Kitchen Bathroom Sink Home Decor"
工具未内置该 ASIN,1167,B0HB48JQCY,KCC-BXTJ-5,凯旋,,B0HB49JPCY,冰箱贴夹,"Multicolor Magnetic Bag Sealer, 5 Pack Fridge Magnet Clips, 30 x 75 mm"
工具未内置该 ASIN,1168,B0H9Y9SYT6,SP-kaidan-huang21,图图,,B0H94TYLWT,,"Manual Egg Cracker Tool With Matching Silicone Egg Poacher Cups, Multicolor Kitchen Egg Cooking Gadget Set For Breakfast Baking"
工具未内置该 ASIN,1169,B0H9YG76P6,KCC-BXGQJS-Y,凯旋,,B0H9Y6VC4L,不锈钢清洁刷,"Stainless Steel Pot Cleaning Brush, Long Handle Wire Scrub Brush for Kitchen Pans, Durable Rust Resistant Dish Scrubber, Silver, 7.9 Inch"
工具未内置该 ASIN,1170,B0H9YC58LD,SP-qingjieduocen-1,图图,,B0HB4KVWBG,,"2-in-1 Kitchen Cleaning Cloth Set, Peelable Rainbow Layer Sponge Wipe & Metal Wire Cleaning Cloth for Pots, Sinks & Tabletops"
工具未内置该 ASIN,1171,B0H9YBTZFY,SP-zhijiaci-fen2,图图,,B0H9YDPSPX,,"Foldable Silicone Phone Stand, Adjustable Portable Cell Phone Holder with Random Lanyard, Roll Up Pocket Mount for Travel Home Office Video Call"
工具未内置该 ASIN,1172,B0H9WK3DTW,KCC-LXQ-B,凯旋,,B0H94TT4GW,理线器,"Adhesive Cable Organizer Ties, 10 Pack Black 3M Backed Hook and Loop Cable Management Straps, 30 x 90 mm"
工具未内置该 ASIN,1173,B0H9WLXF2K,KCC-NMJT-10,凯旋,,B0H94T31LX,纳米胶贴,"1 mm Thick x 3 cm Wide x 5 m Long, 3.8 cm Core，Clear Double Sided Nano Tape, Waterproof Removable Acrylic Mounting Tape, Regular Pack"
工具未内置该 ASIN,1174,B0H9WP8QXB,KCC-SJWB-Black,凯旋,,B0H9WGMWB1,,"Generic Multifunctional Ergonomic Phone Grip, Pinky Finger Support, Stress Relief Ring Grip Phone Holder, Black"
工具未内置该 ASIN,1175,B0H9RF8V1Q,KCC-FPhei-11,凯旋,,B0H9RF8V1Q,,"2 Pack White Caulk Tape, Toilet Seal Strip with Black Tool for Bathroom Base, Sink, Shower, Bathtub Edge and Countertop"
工具未内置该 ASIN,1176,B0H9RJLTQW,KCC-FPfen-1,凯旋,,B0H9RJLTQW,,"2 Pack Powder Puff, Makeup Sponge, Sample Size Face Applicator for Loose Powder, Foundation, Travel And Vanity Routines"
工具未内置该 ASIN,1177,B0H9LCRG1W,SP-fashua-3,图图,,B0H9LG9BSZ,,"Wide Tooth Styling Comb, Anti Static Detangling Hair Comb for Curly Thick Wavy Hair, Salon Home Hair Care Accessory"
工具未内置该 ASIN,1178,B0H9L6XDLW,SP-fashua-1,图图,,B0H9LG9BSZ,,"Wide Tooth Styling Comb, Anti Static Detangling Hair Comb for Curly Thick Wavy Hair, Salon Home Hair Care Accessory"
工具未内置该 ASIN,1179,B0H9KTC2GL,WESSP-shouzhibaohu-1,图图,,B0H9KQD27V,2店手指保护套6,"Ergonomic Silicone Thumb Picking Sleeve, Non-Slip Finger Guard for Garden Fruit Vegetable Harvesting"
一致,1180,B0H94VBS47,KCC-HWSS-1,凯旋,凯旋,B0H94GZCMQ,户外绳索,"Silver Outdoor Rope Tightener with 3m Nylon Rope, Zinc Alloy Tent Rope Tensioner Hook"
一致,1181,B0H94J45BK,KCC-JLBS-B,凯旋,凯旋,B0H94M75FV,棘轮扳手,"Multifunctional Self-Tightening Ratchet Wrench, 45# Steel Heat-Treated Bicycle Repair Tool, Black, 5.91 Inch"
一致,1182,B0H94H59HV,KCC-GD-O,凯旋,凯旋,B0H94RCJKV,刮刀,Orange Retractable Razor Scraper Tool Set with 10 Metal Blades and 3 Wire Brushes
一致,1183,B0H94RF212,SP-zhankouhu-4,图图,图图,B0H94KN6QT,,"Butterfly Wall Hooks with Sponge Cleaning Pad, 4 Pack Self-Adhesive Hanging Hooks with 1PCS Water Absorbent Sponge for Kitchen Bathroom Organization"
一致,1184,B0H94GR825,SP-haimianjia-gui,图图,图图,B0H94HJV8Q,,"Horror Ghost Face Sponge Holder, Funny Kitchen Sink Dish Sponge Drain Rack, Halloween Decor Dish Scrubber Storage Caddy"
一致,1185,B0H94HLDQ8,SP-safen-1,图图,图图,B0H94XQT8C,,"Food Grade 304 Stainless Steel Powder Sugar Shaker Duster, One Hand Spring Operated Mini Mesh Sieve Dispenser for Baking, Cocoa, Matcha, Coffee Latte Decor"
一致,1186,B0H94L3FGK,SP-huayiwang-2,图图,图图,B0H94NNS7F,,"2 Pack Honeycomb Mesh Decor Film, DIY Vase Pebble Texture Molding Tape, Reusable Hex Grid Stencil for Home Ceramic Craft Decor"
一致,1187,B0H94H27C2,SP-kaidan-fen2,图图,图图,B0H94TYLWT,,"Manual Egg Cracker Tool With Matching Silicone Egg Poacher Cups, Multicolor Kitchen Egg Cooking Gadget Set For Breakfast Baking"
一致,1188,B0H94T18DW,SP-zhanmaoqi-2,图图,图图,B0H94M4CPQ,,"2 Pack Reusable Washable Lint Roller with Dust Cover & Hook, Portable Waterproof Pet Hair Remover for Clothes Sofa Car, White & Green"
一致,1189,B0H94KM8XQ,SP-kaidan-hong2,图图,图图,B0H94TYLWT,,"Manual Egg Cracker Tool With Matching Silicone Egg Poacher Cups, Multicolor Kitchen Egg Cooking Gadget Set For Breakfast Baking"
一致,1190,B0H8WRTHCN,KCC-GYXCSQ-1,凯旋,凯旋,B0H8WFLQB8,高压吸水枪,"Long Wand Foam Spray Gun with Detergent Soap Bottle, Adjustable Pattern Hose Attachment Sprayer for Car Wash and Garden Irrigation"
一致,1191,B0H8WYSL4R,WESSP-kaipingqi-1,图图,图图,B0H8WP6VP2,,"One-Touch Electric Hands-Free Can Opener, Battery Operated Kitchen Tool with Smooth Cut Edge for Daily Cans"
一致,1192,B0H8S9YQP7,WESSP-doumaotihuan-mi,图图,图图,B0H8S9VYG3,2店逗猫棒替换头蜜蜂,"Single Bug Cat Wand Refill Attachment, Interchangeable Feather Teaser WESSPare with Bell, Snap On Replacement Head for Indoor Kitten Interactive Play"
一致,1193,B0H8SH9K6C,WESSP-doumaotihuan-hu,图图,图图,B0H8S9VYG3,2店逗猫棒替换头蝴蝶,"Single Bug Cat Wand Refill Attachment, Interchangeable Feather Teaser WESSPare with Bell, Snap On Replacement Head for Indoor Kitten Interactive Play"
一致,1194,B0H8SJXZM9,WESSP-doumaotihuan-fei,图图,图图,B0H8S9VYG3,2店逗猫棒替换头小飞虫,"Single Bug Cat Wand Refill Attachment, Interchangeable Feather Teaser WESSPare with Bell, Snap On Replacement Head for Indoor Kitten Interactive Play"
一致,1195,B0H8SD17Y2,SP-FP-dan02,图图,图图,B0H6ZW72SY,,"1Pcs Black Pink Makeup Puff Kit, Powder Cushion Beauty Sponge & Mini Finger Puffs for All Makeup Steps"
一致,1196,B0H8SBSQLN,SP-FP-dingzhuang02,图图,图图,B0H6BD6LT4,,"2Pcs Black Pink Makeup Puff Kit, Powder Cushion Beauty Sponge & Mini Finger Puffs for All Makeup Steps"
一致,1197,B0H8S6WLF4,SP-FP-tao01,图图,图图,B0H6BDX73N,,"10Pcs Powder Puff Set, Cloud Diamond Square Triangle Puffs for Loose Pressed Powder Touch Up"
负责人不一致,1198,B0H8PZN871,Pet-XQ-RePur65,cccady,未分配,B0HBMV3966,舒缓宠物项圈-紫色,"Pet Collar for Dogs & Cats 65cm, Adjustable Waterproof Collar for Daily Wear"
一致,1199,B0H8NXW7RV,SP-doumaotihuan-hu,图图,图图,B0H8NYTS5W,逗猫棒替换头蝴蝶,"Single Bug Cat Wand Refill Attachment, Interchangeable Feather Teaser Spare with Bell, Snap On Replacement Head for Indoor Kitten Interactive Play"
一致,1200,B0H8NVTHWY,SP-doumaotihuan-fei,图图,图图,B0H8NYTS5W,逗猫棒替换头小飞虫,"Single Bug Cat Wand Refill Attachment, Interchangeable Feather Teaser Spare with Bell, Snap On Replacement Head for Indoor Kitten Interactive Play"
一致,1201,B0H8NZD7H3,SP-doumaotihuan-mi,图图,图图,B0H8NYTS5W,逗猫棒替换头蜜蜂,"Single Bug Cat Wand Refill Attachment, Interchangeable Feather Teaser Spare with Bell, Snap On Replacement Head for Indoor Kitten Interactive Play"
一致,1202,B0H8NS4XQD,SP-FP-quan02,图图,图图,B0H6B7MB9X,,"2Pcs Black Pink Makeup Puff Kit, Powder Cushion Beauty Sponge & Mini Finger Puffs for All Makeup Steps"
一致,1203,B0H8N37Q9H,SP-jiroutie-x6,图图,图图,B0H8CQM5JZ,肌肉贴x6,"6 Pack Assorted Color Kinesiology Tape, 3X X-Shaped & 3X Wide Y-Shaped Elastic Athletic Muscle Support Tape for Sports & Sedentary Soreness Relief"
一致,1204,B0H8N596PD,SP-xiangquan1-62-hui,图图,图图,B0H5NQJPLY,,"8-Month Long Lasting Pet Neck Collar for Dogs & Cats, Adjustable Waterproof Daily Wearing Collar, Skin Friendly Hypoallergenic Pet Accessory"
一致,1205,B0H8N2WFMC,SP-jiroutie-y6,图图,图图,B0H8CQM5JZ,肌肉贴y6,"6 Pack Assorted Color Kinesiology Tape, 3X X-Shaped & 3X Wide Y-Shaped Elastic Athletic Muscle Support Tape for Sports & Sedentary Soreness Relief"
一致,1206,B0H8CW83FM,SP-rongqigaixi-fen,图图,图图,B0H2HGT5T6,容器盖带吸管2粉色,"Silicone Soda Can Lids with 2 Straws, Multicolor Reusable Dust Leak Proof Can Sealers for Outdoor Beverage Storage"
一致,1207,B0H8CLFCHY,SP-rongqigaixi-hui,图图,图图,B0H2HGT5T6,容器盖带吸管2灰色,"Silicone Soda Can Lids with 2 Straws, Multicolor Reusable Dust Leak Proof Can Sealers for Outdoor Beverage Storage"
一致,1208,B0H87SMLPN,SP-shouzhibaohu-1,图图,图图,B0H8BHDW1C,手指保护套6,"Ergonomic Silicone Thumb Picking Sleeve, Non-Slip Finger Guard for Garden Fruit Vegetable Harvesting"
一致,1209,B0H87Q24K7,SP-lixianqi-si,图图,图图,B0H87LG4GP,理线器可撕款,"196.85In Reusable Cuttable Hook and Loop Cable Strap, Dark Gray Adjustable Cord Organizer Wrap for Desktop Charging Wire, Home Office Electronic Cable Sorting Supply"
一致,1210,B0H87N9L4R,WESSP-diguan-1,图图,图图,B0H87NRH3R,2店滴灌小鸟,"Bird Self Watering Plant Stake, Transparent Light Green Auto Slow Release Irrigation Spike, Water Insert for Indoor Outdoor Potted Flower Succulent Garden"
一致,1211,B0H87PX6S8,SP-lixianqi-cai,图图,图图,B0H87LG4GP,理线器裁剪款,"196.85In Reusable Cuttable Hook and Loop Cable Strap, Dark Gray Adjustable Cord Organizer Wrap for Desktop Charging Wire, Home Office Electronic Cable Sorting Supply"
一致,1212,B0H85YZ2SH,SP-fanguangwei1-6,图图,图图,B0H86D47N3,,"Triangular Bike Saddle Reflector, High Vis TPU Safety Tag, Tool-Free Hook, Night Riding Accessory for Mountain Road Folding Bikes, 6 Colors"
一致,1213,B0H83M8XCT,KCC-DZFZQ-1,凯旋,凯旋,B0H83F9RNX,钉子辅助器,"Finger Protection Nail Holding Safety Plier, Multi Size Plastic Nail Positioning Tool For Diy Woodworking And Household Renovation"
一致,1214,B0H839HNWC,SP-diguan-1,图图,图图,B0H8386RRZ,滴灌小鸟,"Bird Self Watering Plant Stake, Transparent Light Green Auto Slow Release Irrigation Spike, Water Insert for Indoor Outdoor Potted Flower Succulent Garden"
一致,1215,B0H837CPQJ,SP-tiezhi-h500,图图,图图,B0H82ZRD75,标签红色,"500 Sheets Blank Write-On Pantry Label Roll, Self Adhesive Blue Border Tags for Jars Canisters Food Containers"
一致,1216,B0H835R6L8,SP-tiezhi-hk500,图图,图图,B0H82ZRD75,标签红空白色,"500 Sheets Blank Write-On Pantry Label Roll, Self Adhesive Blue Border Tags for Jars Canisters Food Containers"
一致,1217,B0H74YH9L7,SP-pingzi-2,图图,图图,B0H754J2J5,,"2 Pack Mini Capsule Travel Makeup Spatulas, Portable Reusable Cosmetic Spoon for Cream Lotion Skincare TSA Carry-On Approved"
一致,1218,B0H7Q765FK,Slide-ZD-Blue-9-R,cccady,cccady,B0H7FN6981,,"Foldable EVA Slide Sandals, Ocean Blue, US Size 9"
一致,1219,B0H7FW5NBH,Slide-ZD-Grey-8,cccady,cccady,B0H7FN6981,,"Foldable EVA Slide Sandals, Mist Grey, US Size 8"
一致,1220,B0H7F95XRJ,Slide-ZD-Grey-9,cccady,cccady,B0H7FN6981,,"Foldable EVA Slide Sandals, Mist Grey, US Size 9"
一致,1221,B0H7FPGHCT,Slide-ZD-White-8,cccady,cccady,B0H7FN6981,,"Foldable EVA Slide Sandals, Pearl White, US Size 8"
一致,1222,B0H7FSW3S8,Slide-ZD-Blue-8,cccady,cccady,B0H7FN6981,,"Foldable EVA Slide Sandals, Ocean Blue, US Size 8"
一致,1223,B0H7FFYG66,Slide-ZD-Pink-9,cccady,cccady,B0H7FN6981,,"Foldable EVA Slide Sandals, Blush Pink, US Size 9"
一致,1224,B0H7FG7CRQ,Slide-ZD-Pink-8,cccady,cccady,B0H7FN6981,,"Foldable EVA Slide Sandals, Blush Pink, US Size 8"
一致,1225,B0H7BX9LX4,SP-fanguangxiang-M,图图,图图,B0H7BX4XBV,,"Reflective Nylon Dog Collar, Adjustable Safety Collar with Metal D-Ring, High Vis Night Walking Collar for Medium Large Dogs, Multi Sizes & Colors"
一致,1226,B0H7BZDVPX,SP-fanguangxiang-L,图图,图图,B0H7BX4XBV,,"Reflective Nylon Dog Collar, Adjustable Safety Collar with Metal D-Ring, High Vis Night Walking Collar for Medium Large Dogs, Multi Sizes & Colors"
一致,1227,B0H77JXNHM,Sandal-Black-cc,cccady,cccady,B0HBR99JR6,果冻鞋花配饰-黑色,"Women's Jelly Slide Sandals with Flower Charms, Plastic Slip On Summer Flats, Size 7, Black"
一致,1228,B0H77HK1TK,Sandal-Transp-cc,图图,图图,B0HBR99JR6,果冻鞋花配饰-透明,"Women's Jelly Slide Sandals with Flower Charms, Plastic Slip On Summer Flats, Size 7, Clear"
一致,1229,B0H76ZNHT5,Sandal-Golden-cc,cccady,cccady,B0HBR99JR6,果冻鞋花配饰-金色,"Women's Jelly Slide Sandals with Flower Charms, Plastic Slip On Summer Flats, Size 7, Gold"
一致,1230,B0H77KLHW4,Spraybottle-Purple-cc1,cccady,cccady,B0HDJSVM7C,复古玻璃喷壶-200ml款式2-彩色,"Vintage Glass Plant Mister Spray Bottle, 200ml Decorative Water Sprayer for Indoor Plants, Purple"
一致,1231,B0H776FBN6,Spraybottle-Yellow-cc1,cccady,cccady,B0H776FBN6,复古玻璃喷壶-200ml款式4-彩色,"Vintage Glass Plant Mister Spray Bottle, 200ml Decorative Water Sprayer for Indoor Plants, Yellow"
一致,1232,B0H758QZ82,SP-guashi-1,图图,图图,B0H756WL7J,,7 Chakra Crystal Suncatcher Rainbow Maker Hanging Prism Ornament for Window Home Garden Wedding Boho Decor Gift
一致,1233,B0H6ZSB7QT,SP-FP-dan01,图图,图图,B0H6ZW72SY,,"4Pcs Beauty Sponge Set, Makeup Blenders for Foundation Concealer Loose Setting Powder Under Eye Touch Up"
一致,1234,B0H6WFG56M,KCC-FPhei-6,凯旋,凯旋,B0H6W3F8Y5,,"Set With 4 Triangle And 2 Cloud Shape Powder Puffs, Makeup Puff For Loose Powder And Cosmetic Foundation Use"
一致,1235,B0H6W9TCGF,KCC-FPFH-6,凯旋,凯旋,B0H6W517ZG,,"Set With 2 Triangle, 2 Diamond And 2 Cloud Shape Powder Puffs, Makeup Puff For Loose Powder Cosmetic Foundation Contouring"
一致,1236,B0H6G4SYKL,KCC-SKJ-1,凯旋,凯旋,B0H6FW2G5F,烧烤架,"Camping Grill Rack, Folding Campfire Grill for Picnic, Patio, and Travel Cooking With Portable Tabletop Stand."
一致,1237,B0H6FR5LLR,KCC-FQLSS-1,凯旋,凯旋,B0H6FYDML2,防撬螺栓锁,"Door Latch, Flip Door Latch, 90 180 Degree Swing Hook for Barn Door, Cabinet, Gate, and Suite Room Use."
一致,1238,B0H6FSY7JW,KCC-AMS-1,凯旋,凯旋,B0H6FS8PK7,按摩刷,"Beard Brush, Pocket Grooming Brush With Case, Is a Palm Fit Styling Tool for Travel, Desk, And Daily Touch Ups."
一致,1239,B0H6B94W5W,SP-FP-dingzhuang01,图图,图图,B0H6BD6LT4,,"10Pcs Powder Puff Set, Cloud Bite Shape Makeup Puffs for Loose Pressed Powder Face Touch Up"
Listing负责人为空,1240,B0H6BHRJ3D,SP-FP-tao02,,,B0H6BDX73N,,"2 Pcs Powder Puff Set, Cloud Diamond Square Triangle Puffs for Loose Pressed Powder Touch Up"
一致,1241,B0H6B52MGC,SP-FP-quan01,图图,图图,B0H6B7MB9X,,"14Pcs Black Pink Makeup Puff Kit, Powder Cushion Beauty Sponge & Mini Finger Puffs for All Makeup Steps"
一致,1242,B0H6B9PRMQ,SP-TX-9,图图,图图,B0H6B8LW5W,短袖9,"Premium Women's Solid Crew Neck Shirt, Casual Short Sleeve Lightweight Regular Fit Basic Tee Multicolor"
一致,1243,B0H6B3WSKS,SP-TX-7,图图,图图,B0H6B8LW5W,短袖7,"Premium Women's Solid Crew Neck Shirt, Casual Short Sleeve Lightweight Regular Fit Basic Tee Multicolor"
一致,1244,B0H6BF9B7G,SP-TX-8,图图,图图,B0H6B8LW5W,短袖8,"Premium Women's Solid Crew Neck Shirt, Casual Short Sleeve Lightweight Regular Fit Basic Tee Multicolor"
一致,1245,B0H6B3N6X9,SP-TX-1,图图,图图,B0H6B8LW5W,短袖1,"Premium Women's Solid Crew Neck Shirt, Casual Short Sleeve Lightweight Regular Fit Basic Tee Multicolor"
一致,1246,B0H6BFTPY8,SP-TX-5,图图,图图,B0H6B8LW5W,短袖5,"Premium Women's Solid Crew Neck Shirt, Casual Short Sleeve Lightweight Regular Fit Basic Tee Multicolor"
一致,1247,B0H6B287TN,SP-TX-4,图图,图图,B0H6B8LW5W,短袖4,"Premium Women's Solid Crew Neck Shirt, Casual Short Sleeve Lightweight Regular Fit Basic Tee Multicolor"
一致,1248,B0H69YSSQJ,SP-TX-2,图图,图图,B0H6B8LW5W,短袖2,"Premium Women's Solid Crew Neck Shirt, Casual Short Sleeve Lightweight Regular Fit Basic Tee Multicolor"
一致,1249,B0H69TV1D7,SP-TX-3,图图,图图,B0H6B8LW5W,短袖3,"Premium Women's Solid Crew Neck Shirt, Casual Short Sleeve Lightweight Regular Fit Basic Tee Multicolor"
一致,1250,B0H6B9TY3B,SP-TX-10,图图,图图,B0H6B8LW5W,短袖10,"Premium Women's Solid Crew Neck Shirt, Casual Short Sleeve Lightweight Regular Fit Basic Tee Multicolor"
一致,1251,B0H6B1QRLZ,SP-TX-6,图图,图图,B0H6B8LW5W,短袖6,"Premium Women's Solid Crew Neck Shirt, Casual Short Sleeve Lightweight Regular Fit Basic Tee Multicolor"
一致,1252,B0H5NHDKDB,SP-xiangquan1-62-zi,图图,图图,B0H5NQJPLY,狗狗项圈紫色,"8-Month Long Lasting Pet Neck Collar for Dogs & Cats, Adjustable Waterproof Daily Wearing Collar, Skin Friendly Hypoallergenic Pet Accessory"
一致,1253,B0H5JJV254,SP-shounafenge-tou,图图,图图,B0H5J4P51X,,"8 Compartments Clear Acrylic Tea Bag Organizer, Multi-Purpose Tea Packet Storage Holder for Kitchen Drawer, Countertop, Cabinet & Pantry (Compartment)"
一致,1254,B0H5CDB2LZ,SP-chumaodian-bai,图图,图图,B0H5CKYDZM,顺毛白色,"Electric Spray Pet Grooming Brush, Rechargeable 3-in-1 Cat Dog Hair Brush with Massage Comb, Water Spray Dematting Tool"
一致,1255,B0H5CNW9WC,SP-chumaodian-huang,图图,图图,B0H5CKYDZM,顺毛白色,"Electric Spray Pet Grooming Brush, Rechargeable 3-in-1 Cat Dog Hair Brush with Massage Comb, Water Spray Dematting Tool"
负责人不一致,1256,B0H5B96D8Q,WESKCC-wangyanwa-7se,凯旋,cccady,B0H5B4QW8C,,"7 Pairs Men's Ankle Socks, Mesh Short Crew Socks, Multicolor Casual Socks For Daily Wear"
一致,1257,B0H4ZNP896,KCC-YJHXD1-2,凯旋,凯旋,B0H4ZLTJ4B,瑜伽,"Single Flower Shaped Yoga Knee Pad, 7.87 Inch Soft NBR Foam Knee Cushion, Non-Slip Thick Kneeling Mat for Yoga Pilates Gardening House Cleaning"
一致,1258,B0H4SXF1R1,SP-shuibei01-bai,图图,图图,B0H4SNVS2K,水杯白色,"30oz Multicolor Stainless Steel Tumbler with Handle, Lid & Straw, Double Wall Insulated Outdoor Travel Mug for Hot Cold Drinks"
一致,1259,B0H4TJ1G99,SP-shuibei01-hui,图图,图图,B0H4SNVS2K,水杯灰色,"30oz Multicolor Stainless Steel Tumbler with Handle, Lid & Straw, Double Wall Insulated Outdoor Travel Mug for Hot Cold Drinks"
一致,1260,B0H4SVJ41D,SP-shuibei01-hei,图图,图图,B0H4SNVS2K,水杯黑色,"30oz Multicolor Stainless Steel Tumbler with Handle, Lid & Straw, Double Wall Insulated Outdoor Travel Mug for Hot Cold Drinks"
一致,1261,B0H4SMX71P,KCC-FHBWB-LAN,凯旋,凯旋,B0H4SNVS2K,户外保温杯,"30 Oz Non Slip Textured Travel Tumbler With Carry Handle And Flip Straw, Leakproof Stainless Steel Drink Mug For Driving Outdoor Use"
一致,1262,B0H4SW6DPR,KCC-QB4-1,凯旋,凯旋,B0H4S9WYMC,钱包,"Genuine Leather, Three-Fold Men Wallet with 13 Card Slots, Anti-Theft Design"
一致,1263,B0H4SVBH74,KCC-QB5-1,凯旋,凯旋,B0H4SRLK1G,钱包,PU Leather Unisex Zippered Business Card Holder with 22 Cards Capacity for Credit Debit Bank Cards
一致,1264,B0H4SRKMC3,KCC-QB6-1,凯旋,凯旋,B0H4SR78KK,钱包,"Vintage Casual, Patchwork Color-Blocked Men's Short Wallet, 1pc Classic Bifold Design"
一致,1265,B0H4SVBD6G,KCC-QB2-1,凯旋,凯旋,B0H4SRY4PD,钱包,"Vintage Korean Style Long Wallet, Multi-Card Holder, Slim Envelope Design Ladies Purse"
一致,1266,B0H4SLS337,KCC-QB7-1,凯旋,凯旋,B0H4SYNRHM,钱包,"Vintage Leather Trifold Wallet, Large Capacity Purse with Snap Closure and Zippered Pocket for Women"
一致,1267,B0H4S7LX2X,KCC-QB3-1,凯旋,凯旋,B0H4SSSTKY,钱包,"Black Carbon Fiber, Orange Aluminum Pop-Up Wallet, Credit Card Holder with RFID Blocking"
一致,1268,B0H4R1FTF4,SP-shuibei02-bai,图图,图图,B0H4SNVS2K,水杯渐变莓红色,"27.05 oz Stainless Steel Tumbler with Handle, Lid & Straw, Double Wall Insulated Travel Cup, Outdoor Reusable Drinking Mug for Cold Hot Drinks"
一致,1269,B0H4QWWNG8,SP-shuibei02-hui,图图,图图,B0H4SNVS2K,水杯渐变本色,"27.05 oz Stainless Steel Tumbler with Handle, Lid & Straw, Double Wall Insulated Travel Cup, Outdoor Reusable Drinking Mug for Cold Hot Drinks"
一致,1270,B0H4R4M57L,SP-shuibei01-fen,图图,图图,B0H4SNVS2K,水杯粉色,"30oz Multicolor Stainless Steel Tumbler with Handle, Lid & Straw, Double Wall Insulated Outdoor Travel Mug for Hot Cold Drinks"
一致,1271,B0H4R5F255,SP-dabao-lv,图图,图图,B0H4R5Y4WB,化妆包大绿,"Striped Color-Block Hanging Travel Makeup Bag, Foldable Multi-Compartment Cosmetic Organizer for Women"
一致,1272,B0H4L4JGC6,WESSP-B14-M,图图,图图,B0H4L56X4Y,泳衣红色,String Bikini Tops for Women Sexy Triangle Bathing Suit Tops Adjustable Tie Back Swim Tops Black
一致,1273,B0H4LBBZ3B,WESSP-B13-L,图图,图图,B0H4L56X4Y,泳衣条纹蓝白,Women Two Piece Vintage Print Bikini Set Halter String Triangle Swimsuit Back Self Tie Spaghetti Strap Bathing Suit
一致,1274,B0H4LFFD16,WESSP-B13-M,图图,图图,B0H4L56X4Y,泳衣条纹蓝白,Women Two Piece Vintage Print Bikini Set Halter String Triangle Swimsuit Back Self Tie Spaghetti Strap Bathing Suit
一致,1275,B0H4L3KMG4,WESSP-BINGXIU-binchuan01,图图,图图,B0H4L3D191,冰袖冰川,"Ice Silk Cooling Arm Sleeves, UV Sun Protection Non-Slip Arm Covers for Men Women Outdoor Sports"
一致,1276,B0H4L7B6GC,WESSP-shouyao01-zhenzhu,图图,图图,B0H4LDZN9X,收腰扣针扣,"4Pcs Adjustable Waist Buckle Set, Alloy Pant Button Extender Fashion Waist Cinch Clips for Women"
一致,1277,B0H4LHG1VR,WESSP-maojin-feng,图图,图图,B0H4L5YJ73,挂件毛巾,"Fuzzy Ball Chenille Hanging Hand Towels 2 Pack, Soft Absorbent Fast Drying Towels with Hanging Loop for Bathroom Kitchen"
一致,1278,B0H4LBGLNM,WESSP-shouyao01-xingyun,图图,图图,B0H4LDZN9X,收腰扣幸运,"4Pcs Adjustable Waist Buckle Set, Alloy Pant Button Extender Fashion Waist Cinch Clips for Women"
一致,1279,B0H4JHVR62,SP-jiaobandadan3-1,图图,图图,B0H4JBC65Y,半自动打蛋器,"Semi Automatic Hand Push Egg Whisk, Stainless Steel Rotary Egg Beater, Manual Mixer for Egg Cream Batter, Home Baking Kitchen Gadget"
一致,1280,B0H4HDVS6Z,FlipFlops-ZD-ClassicBlack-9,cccady,cccady,B0HB4TD2TW,,"Foldable Flip Flops for Men and Women Portable Lightweight Non-Slip Quick Dry Travel Sandals, Classic Black, Size 9"
一致,1281,B0H4HK6L56,FlipFlops-ZD-SunshineYellow-9,cccady,cccady,B0HB5DXJHK,,"Foldable Flip Flops for Men and Women Portable Lightweight Non-Slip Quick Dry Travel Sandals, Sunshine Yellow, Size 9"
一致,1282,B0H4H77K18,FlipFlops-ZD-MintGreen-8,cccady,cccady,B0HB4TD2TW,,"Foldable Flip Flops for Men and Women Portable Lightweight Non-Slip Quick Dry Travel Sandals, Mint Green, Size 8"
一致,1283,B0H4H6L1FM,FlipFlops-ZD-CloudWhite-9,cccady,cccady,B0HB4TD2TW,,"Foldable Flip Flops for Men and Women Portable Lightweight Non-Slip Quick Dry Travel Sandals, Cloud White, Size 9"
一致,1284,B0H4HB219T,FlipFlops-ZD-OceanBlue-9,cccady,cccady,B0HB5DXJHK,,"Foldable Flip Flops for Men and Women Portable Lightweight Non-Slip Quick Dry Travel Sandals, Ocean Blue, Size 9"
一致,1285,B0H4H8FXTT,FlipFlops-ZD-RoseRed-8,cccady,cccady,B0HB4TD2TW,,"Foldable Flip Flops for Men and Women Portable Lightweight Non-Slip Quick Dry Travel Sandals, Rose Red, Size 8"
一致,1286,B0H4H1Z4N4,FlipFlops-ZD-LemonYellow-9,cccady,cccady,B0HB4TD2TW,,"Foldable Flip Flops for Men and Women Portable Lightweight Non-Slip Quick Dry Travel Sandals, Lemon Yellow, Size 9"
一致,1287,B0H4H7SS6W,FlipFlops-ZD-PearlWhite-9,cccady,cccady,B0HB5DXJHK,,"Foldable Flip Flops for Men and Women Portable Lightweight Non-Slip Quick Dry Travel Sandals, Pearl White, Size 9"
一致,1288,B0H4H49FTB,FlipFlops-ZD-PearlWhite-8,cccady,cccady,B0HB5DXJHK,,"Foldable Flip Flops for Men and Women Portable Lightweight Non-Slip Quick Dry Travel Sandals, Pearl White, Size 8"
一致,1289,B0H4HJHHL5,FlipFlops-ZD-MistGrey-9,cccady,cccady,B0HB5DXJHK,,"Foldable Flip Flops for Men and Women Portable Lightweight Non-Slip Quick Dry Travel Sandals, Mist Grey, Size 9"
一致,1290,B0H4H3Y47J,FlipFlops-ZD-CloudWhite-8,cccady,cccady,B0HB4TD2TW,,"Foldable Flip Flops for Men and Women Portable Lightweight Non-Slip Quick Dry Travel Sandals, Cloud White, Size 8"
一致,1291,B0H4HDZTJ6,FlipFlops-ZD-BlushPink-8,cccady,cccady,B0HB5DXJHK,,"Foldable Flip Flops for Men and Women Portable Lightweight Non-Slip Quick Dry Travel Sandals, Blush Pink, Size 8"
一致,1292,B0H4H7P4MT,FlipFlops-ZD-OceanBlue-8,cccady,cccady,B0HB5DXJHK,,"Foldable Flip Flops for Men and Women Portable Lightweight Non-Slip Quick Dry Travel Sandals, Ocean Blue, Size 8"
一致,1293,B0H4H8L9LB,FlipFlops-ZD-BlushPink-9,cccady,cccady,B0HB5DXJHK,,"Foldable Flip Flops for Men and Women Portable Lightweight Non-Slip Quick Dry Travel Sandals, Blush Pink, Size 9"
一致,1294,B0H4HG4T67,FlipFlops-ZD-MintGreen-9,cccady,cccady,B0HB4TD2TW,,"Foldable Flip Flops for Men and Women Portable Lightweight Non-Slip Quick Dry Travel Sandals, Mint Green, Size 9"
负责人不一致,1295,B0H4GMMZF3,WESKCC-JSDK-S,凯旋,cccady,B0H4GS8LB8,,"5 Pack Men's Boxer Briefs, Pocket Long Leg Underwear, Multipack Daily Wear Boxers for Male Daily and Travel Scenes Multicolor"
负责人不一致,1296,B0H4GKPBRT,WESKCC-JSDK-M,凯旋,cccady,B0H4GS8LB8,,"5 Pack Men's Boxer Briefs, Pocket Long Leg Underwear, Multipack Daily Wear Boxers for Male Daily and Travel Scenes Multicolor"
负责人不一致,1297,B0H4GGWXT6,WESKCC-JSDK-2XL,凯旋,cccady,B0H4GS8LB8,,"5 Pack Men's Boxer Briefs, Pocket Long Leg Underwear, Multipack Daily Wear Boxers for Male Daily and Travel Scenes Multicolor"
负责人不一致,1298,B0H4GPLQQT,WESKCC-JSDK-XL,凯旋,cccady,B0H4GS8LB8,,"5 Pack Men's Boxer Briefs, Pocket Long Leg Underwear, Multipack Daily Wear Boxers for Male Daily and Travel Scenes Multicolor"
负责人不一致,1299,B0H4GM7HZM,WESKCC-DK-40,凯旋,cccady,B0H4GJG5W6,,"20 Pcs Dual Carabiner Clip, S Shaped Double Ended Clip, Small Keychain Hook For Daily And Outdoor Use"
负责人不一致,1300,B0H4GLZ5VJ,WESKCC-FSD-W20,凯旋,cccady,B0H4GQVGPR,,"Waterproof Dry Bag, Ocean Pack Floating Dry Sack, 20L Storage Bag For Beach And Outdoor Activities（White）"
负责人不一致,1301,B0H4GHKBZ3,WESKCC-FSD-B20,凯旋,cccady,B0H4GQVGPR,,"Waterproof Dry Bag, Ocean Pack Floating Dry Sack, 20L Storage Bag For Beach And Outdoor Activities(Black"
负责人不一致,1302,B0H4GK1P4L,WESKCC-CCQ-CHENG,凯旋,cccady,B0H4GJ5ZSP,,"Hand Weeder Tool, Garden Root Remover, Weed Puller with Non Slip Handle for Gardening, Yard Use"
一致,1303,B0GWZQMF9W,Pet-Ldq-White,cccady,cccady,B0HB5YC4VY,猫咪铃铛项圈-米白色,"Velvet Pet Collar with Bell, Adjustable Collar for Cats and Small Dogs, Daily Wear and Indoor Outdoor Use, Off-White"
一致,1304,B0GZB82M9W,KFLZ-Y-White-64,cccady,cccady,B0HBB92HG4,圆形咖啡滤纸-白色64mm,"100 Count Round Disposable Coffee Filters for Coffee Makers, Natural Wood Pulp Paper"
一致,1305,B0GZB6FF1D,KFLZ-Y-White-56,cccady,cccady,B0HBB92HG4,圆形咖啡滤纸-白色56mm,"100 Count Round Disposable Coffee Filters for Coffee Makers, Natural Wood Pulp Paper"
一致,1306,B0H3V3D889,Stripper-Red,cccady,cccady,B0HBX8J1M6,玫瑰去刺钳-红色,"Rose Thorn Stripper Tool, Red Iron Leaf Thorn Remover for Roses, Floral Stem Cleaner for Gardening and Flower Arrangements"
一致,1307,B0H2FPNHRF,YJQ-Ball-CloudBlue,cccady,cccady,B0HBK3P2R6,普拉提小球-云彩蓝,"Small Exercise Ball, Mini Pilates Ball for Yoga, Core Training, Cloud Blue"
一致,1308,B0GZTXGMMT,Coffee-FW-58-DB,cccady,cccady,B0HCKZ4B5B,咖啡粉碗-58MM单杯单层,58mm Single Cup Single Wall Espresso Filter Basket
一致,1309,B0GXF64BPG,Pet-XQ-ReG63-4,cccady,cccady,B0HBMS9LGN,舒缓项圈4条装-狗款63.5cm,"Pet Collar for Dogs 63.5cm, Adjustable Waterproof Collar, 4 Pack"
一致,1310,B0H2SJWRF3,Sock-5-L-White,cccady,cccady,B0HBLJ4MK2,,"Women's Non-Slip Five-Toe Yoga Grip Socks, Cotton Pilates Barre Crew Socks, White"
一致,1311,B0H49ZB5PH,GardenGlove-Gray-BlackGrip,cccady,cccady,B0HC7X84YK,园艺手套-灰黑胶,"Gardening Gloves for Women and Men, Breathable Latex Coated Garden Work Gloves with Grip, Medium Size, Gray Elastic Black Grip, 1 Pair"
一致,1312,B0GZVHKQKC,Coffee-FW-51-DB,cccady,cccady,B0HCKZ4B5B,咖啡粉碗-51MM单杯双层,51mm Single Cup Double Wall Espresso Filter Basket
一致,1313,B0GZ9WKD2X,KFLZ-Y-Natural-53,cccady,cccady,B0HBB92HG4,圆形咖啡滤纸-原色53mm,"100 Count Round Disposable Coffee Filters for Coffee Makers, Natural Wood Pulp Paper"
一致,1314,B0H1SHJRGH,XXB-Aroma-Black,cccady,cccady,B0HDJJBX1N,香薰挥发棒-黑色纤维50支,Generic Diffuser Replacement Sticks 22cm Black Fiber 50 Count
一致,1315,B0H223B95G,Coffee-LZ-SV02-200,cccady,cccady,B0HBKCQD8V,咖啡滤纸-V02-200片,"Unbleached V Shape Coffee Filters V02, 200 Count, Disposable Paper Filters for Drip Coffee Makers"
一致,1316,B0GZB1BJR5,KFLZ-Y-Natural-51,cccady,cccady,B0HBB92HG4,圆形咖啡滤纸-原色51mm,"100 Count Round Disposable Coffee Filters for Coffee Makers, Natural Wood Pulp Paper"
一致,1317,B0GXYVF7V4,8LLQ-80g-Purple,cccady,cccady,B0HCL3XW3X,8字拉力器-紫色,"Purple Figure 8 Resistance Band for Workout, Stretching, Yoga, Pilates, Physical Therapy and Home Fitness, TPE Exercise Band"
一致,1318,B0GWZSYN8M,Pet-Ldq-Blue,cccady,cccady,B0HB5YC4VY,猫咪铃铛项圈-湖蓝色,"Velvet Pet Collar with Bell, Adjustable Collar for Cats and Small Dogs, Daily Wear and Indoor Outdoor Use, Lake Blue"
一致,1319,B0H1S45D7J,XXB-Aroma-White,cccady,cccady,B0H1S45D7J,香薰挥发棒-白色纤维50支,Generic Diffuser Replacement Sticks 22cm White Fiber 50 Count
一致,1320,B0GZTXFN51,Coffee-FW-54-SB,cccady,cccady,B0HCKZ4B5B,咖啡粉碗-54MM双杯单层,54mm Double Cup Single Wall Espresso Filter Basket
一致,1321,B0H3TX3FBL,Stripper-Pink,cccady,cccady,B0HBX8J1M6,玫瑰去刺钳-粉色,"Rose Thorn Stripper Tool, Pink Iron Leaf Thorn Remover for Roses, Floral Stem Cleaner for Gardening and Flower Arrangements"
一致,1322,B0H3V4PKMH,Stripper-Green,cccady,cccady,B0HBX8J1M6,玫瑰去刺钳-绿色,"Rose Thorn Stripper Tool, Green Iron Leaf Thorn Remover for Roses, Floral Stem Cleaner for Gardening and Flower Arrangements"
一致,1323,B0H2FKBKFP,YJQ-Ball-CloudPurple,cccady,cccady,B0HBK3P2R6,普拉提小球-云彩紫,"Small Exercise Ball, Mini Pilates Ball for Yoga, Core Training, Cloud Purple"
一致,1324,B0H4B7483Q,GardenGlove-Green-Hibiscus,cccady,cccady,B0HC7X84YK,园艺手套-绿色木槿,"Gardening Gloves for Women and Men, Breathable Latex Coated Garden Work Gloves with Grip, Medium Size, Green Hibiscus Foam Latex Coated, 1 Pair"
一致,1325,B0GXZ6HYVY,8LLQ-80g-Pink,cccady,cccady,B0GXZ6HYVY,8字拉力器-粉色,"Pink Figure 8 Resistance Band for Workout, Stretching, Yoga, Pilates, Physical Therapy and Home Fitness, TPE Exercise Band"
一致,1326,B0GXYZCJ5T,8LLQ-80g-Green,cccady,cccady,B0HCL3XW3X,8字拉力器-绿色,"Green Figure 8 Resistance Band for Workout, Stretching, Yoga, Pilates, Physical Therapy and Home Fitness, TPE Exercise Band"
一致,1327,B0GZTXGB6Z,Coffee-FW-58-MW,cccady,cccady,B0HCL45XMR,咖啡粉碗-58MM盲碗,58mm Blind Espresso Backflush Basket
一致,1328,B0H4B6G8G1,GardenGlove-Purple-Violet,cccady,cccady,B0HC7X84YK,园艺手套-紫色罗兰,"Gardening Gloves for Women and Men, Breathable Latex Coated Garden Work Gloves with Grip, Medium Size, Purple Violet Foam Latex Coated, 1 Pair"
一致,1329,B0GY4XSHVF,Pet-WD-DeepBlue,cccady,cccady,B0HBCZN7V3,宠物生日围兜-深蓝色,Pet Birthday Bandana Bib Deep Blue
一致,1330,B0H269DYNM,Cycleglass-Black,cccady,cccady,B0H269DYNM,,"Shield Cycling Sunglasses with Carrying Case, Mirror Lens, Adult Unisex, Black Frame"
一致,1331,B0H2FPKFBW,YJQ-Ball-Blue,cccady,cccady,B0HBK3P2R6,普拉提小球-蓝色,"Small Exercise Ball, Mini Pilates Ball for Yoga, Core Training, Blue"
一致,1332,B0GZB2W47K,KFLZ-Y-Natural-56,cccady,cccady,B0HBB92HG4,圆形咖啡滤纸-原色56mm,"100 Count Round Disposable Coffee Filters for Coffee Makers, Natural Wood Pulp Paper"
一致,1333,B0GZ9Z7S29,KFLZ-Y-Natural-64,cccady,cccady,B0HBB92HG4,圆形咖啡滤纸-原色64mm,"100 Count Round Disposable Coffee Filters for Coffee Makers, Natural Wood Pulp Paper"
一致,1334,B0H22189H2,Coffee-LZ-SU04-100,cccady,cccady,B0HBKCQD8V,咖啡滤纸-扇形04-100片,"Unbleached Fan Shape Coffee Filters 04, 100 Count, Disposable Paper Filters for Drip Coffee Makers"
一致,1335,B0GZVL2BTT,Pet-XQ-Re-W48,cccady,cccady,B0HBMV3966,舒缓宠物项圈-白色,"Pet Collar for Dogs & Cats 48cm, Adjustable Waterproof Collar for Daily Wear"
一致,1336,B0GZTZXSC8,Coffee-FW-58-SB,cccady,cccady,B0HCKZ4B5B,咖啡粉碗-58MM双杯单层,58mm Double Cup Single Wall Espresso Filter Basket
一致,1337,B0H21Z7L3R,Coffee-LZ-SU02-200,cccady,cccady,B0HBKCQD8V,咖啡滤纸-U02-200片,"Unbleached Fan Shape Coffee Filters 02, 200 Count, Disposable Paper Filters for Drip Coffee Makers"
一致,1338,B0GXYYNRZ8,8LLQ-80g-Blue,cccady,cccady,B0HCL3XW3X,8字拉力器-蓝色,"Blue Figure 8 Resistance Band for Workout, Stretching, Yoga, Pilates, Physical Therapy and Home Fitness, TPE Exercise Band"
一致,1339,B0GZRRPC47,Coffee-FH-53,cccady,cccady,B0HBGDL165,咖啡接粉环-银色,"Magnetic Espresso Dosing Ring for 53mm Portafilter, Mess-Reducing Coffee Funnel"
一致,1340,B0H2FHZJQD,YJQ-Ball-Purple,cccady,cccady,B0HBK3P2R6,普拉提小球-紫色,"Small Exercise Ball, Mini Pilates Ball for Yoga, Core Training, Purple"
一致,1341,B0H21Z31M5,Coffee-LZ-SU02-100,cccady,cccady,B0HBKCQD8V,咖啡滤纸-扇形02-100片,"Unbleached Fan Shape Coffee Filters 02, 100 Count, Disposable Paper Filters for Drip Coffee Makers"
一致,1342,B0H4F7RWSK,KCC-ZDCWW-LANBAI,凯旋,凯旋,B0H4F96LGP,折叠宠物碗蓝白,"2 Pack Collapsible Silicone Pet Bowls, Portable Foldable Dog Cat Water Food Bowls with Carabiner Clip, BPA-Free Travel Feeding Dishes for Walking Camping Hiking"
一致,1343,B0H4F2TBXY,SP-gaoerfujia-white,图图,图图,B0H4FD5SZR,高尔夫球夹白色,"Portable Golf Ball Holder, Clip On Golf Ball Pouch, Practical Golf Accessories, Easy to Attach on Golf Bag & Cart, Novelty Gift for Golfers Men Women"
一致,1344,B0H4FD3WWP,KCC-ZDCWW-LANLV,凯旋,凯旋,B0H4F96LGP,折叠宠物碗蓝绿,"2 Pack Collapsible Silicone Pet Bowls, Portable Foldable Dog Cat Water Food Bowls with Carabiner Clip, BPA-Free Travel Feeding Dishes for Walking Camping Hiking"
一致,1345,B0H4F6B2WF,SP-gaoerfujia-black,图图,图图,B0H4FD5SZR,高尔夫球夹黑色,"Portable Golf Ball Holder, Clip On Golf Ball Pouch, Practical Golf Accessories, Easy to Attach on Golf Bag & Cart, Novelty Gift for Golfers Men Women"
一致,1346,B0H4F4BVQD,KCC-ZDCWW-LANHEI,凯旋,凯旋,B0H4F96LGP,折叠宠物碗蓝黑,"2 Pack Collapsible Silicone Pet Bowls, Portable Foldable Dog Cat Water Food Bowls with Carabiner Clip, BPA-Free Travel Feeding Dishes for Walking Camping Hiking"
一致,1347,B0H4F39C6P,SP-gaoerfujia-pink,图图,图图,B0H4FD5SZR,高尔夫球夹粉色,"Portable Golf Ball Holder, Clip On Golf Ball Pouch, Practical Golf Accessories, Easy to Attach on Golf Bag & Cart, Novelty Gift for Golfers Men Women"
一致,1348,B0H456QPHC,KCC-STK-A5-XL,凯旋,凯旋,B0HDB3X9SL,沙滩裤,"Mens Swim Trunks, Patriotic Flag Print Board Shorts with Drawstring Waist for Holiday and Resort Casual Activities"
一致,1349,B0H456WR5Y,KCC-STK-A8-L,凯旋,凯旋,B0HDB3X9SL,沙滩裤,"Mens Swim Trunks, Cactus Print Board Shorts with Drawstring Waist for Resort and Summer Casual Events"
一致,1350,B0H45CVS2C,KCC-STK-AJ-XL,凯旋,凯旋,B0HDB3X9SL,沙滩裤,"Mens Swim Trunks, School of Fish Print Board Shorts with Drawstring Waist for Resort and Summer Coastal Gatherings"
一致,1351,B0H4592C2S,KCC-STK-941-L,凯旋,凯旋,B0HDB3X9SL,沙滩裤,"Mens Swim Trunks, Pink Flamingo Print Board Shorts with Drawstring Waist for Resort and Summer Coastal Parties"
一致,1352,B0H45C9NTW,KCC-STK-AL-L,凯旋,凯旋,B0HDB3X9SL,沙滩裤,"Mens Swim Trunks, Flamingo Print Board Shorts with Drawstring Waist for Resort and Summer Coastal Parties"
一致,1353,B0H459HQ86,KCC-STK-AH-XL,凯旋,凯旋,B0HDB3X9SL,沙滩裤,"Mens Swim Trunks, Pineapple Print Board Shorts with Drawstring Waist for Resort and Summer Casual Occasions"
一致,1354,B0H457MJ2R,KCC-STK-AP-XL,凯旋,凯旋,B0HDB3X9SL,沙滩裤,"Mens Swim Trunks, Banana Print Board Shorts with Drawstring Waist for Resort and Summer Casual Outings"
一致,1355,B0H4566HCL,KCC-STK-942-XL,凯旋,凯旋,B0HDB3X9SL,沙滩裤,"Mens Swim Trunks, Multi Color Pineapple Print Board Shorts with Drawstring Waist for Resort and Summer Casual Outings"
一致,1356,B0H458GFDT,KCC-STK-AG-L,凯旋,凯旋,B0HDB3X9SL,沙滩裤,"Mens Swim Trunks, Watermelon Print Board Shorts with Drawstring Waist for Resort and Summer Casual Parties"
一致,1357,B0H454WDBX,KCC-STK-A4-XL,凯旋,凯旋,B0HDB3X9SL,沙滩裤,"Mens Swim Trunks, Flamingo Print Board Shorts with Drawstring Waist for Beach and Daily Casual Occasions"
一致,1358,B0H456QPHQ,KCC-STK-8113-XL,凯旋,凯旋,B0HDB3X9SL,沙滩裤,"Mens Swim Trunks, Mini Palm Tree Print Board Shorts with Drawstring Waist for Resort and Summer Casual Getaways"
一致,1359,B0H452TMCB,KCC-STK-AE-L,凯旋,凯旋,B0HDB3X9SL,沙滩裤,"Mens Swim Trunks, Palm Tree Print Board Shorts with Drawstring Waist for Resort and Summer Casual Getaways"
一致,1360,B0H456KVZJ,KCC-STK-AJ-L,凯旋,凯旋,B0HDB3X9SL,沙滩裤,"Mens Swim Trunks, School of Fish Print Board Shorts with Drawstring Waist for Resort and Summer Coastal Gatherings"
一致,1361,B0H44XX8BP,KCC-STK-A7-XL,凯旋,凯旋,B0HDB3X9SL,沙滩裤,"Mens Swim Trunks, Bird Print Board Shorts with Drawstring Waist for Resort and Summer Leisure Occasions"
一致,1362,B0H44YXDJM,KCC-STK-PG-XL,凯旋,凯旋,B0HDB3X9SL,沙滩裤,"Mens Swim Trunks, Two Tone Shark Print Board Shorts with Drawstring Waist for Resort and Summer Coastal Trips"
一致,1363,B0H456RSM8,KCC-STK-AU-L,凯旋,凯旋,B0HDB3X9SL,沙滩裤,"Mens Swim Trunks, Pink Flamingo Print Board Shorts with Drawstring Waist for Resort and Summer Casual Parties"
一致,1364,B0H4555SJQ,KCC-STK-AQ-XL,凯旋,凯旋,B0HDB3X9SL,沙滩裤,"Mens Swim Trunks, Flamingo Print Board Shorts with Drawstring Waist for Resort and Summer Coastal Events"
一致,1365,B0H45CXYX3,KCC-STK-A4-L,凯旋,凯旋,B0HDB3X9SL,沙滩裤,"Mens Swim Trunks, Flamingo Print Board Shorts with Drawstring Waist for Beach and Daily Casual Occasions"
一致,1366,B0H456T45C,KCC-STK-AK-XL,凯旋,凯旋,B0HDB3X9SL,沙滩裤,"Mens Swim Trunks, Large Pineapple Print Board Shorts with Drawstring Waist for Resort and Summer Casual Events"
一致,1367,B0H455P35Q,KCC-STK-AN-XL,凯旋,凯旋,B0HDB3X9SL,沙滩裤,"Mens Swim Trunks, Triangle Print Board Shorts with Drawstring Waist for Resort and Summer Casual Gatherings"
一致,1368,B0H4556DGY,KCC-STK-AA-XL,凯旋,凯旋,B0HDB3X9SL,沙滩裤,"Mens Swim Trunks, Vertical Stripe Board Shorts with Drawstring Waist for Resort and Daily Leisure Events"
一致,1369,B0H45CVW1X,KCC-STK-AB-L,凯旋,凯旋,B0HDB3X9SL,沙滩裤,"Mens Swim Trunks, Steamed Dumpling Print Board Shorts with Drawstring Waist for Resort and Summer Casual Gatherings"
一致,1370,B0H45DLC4C,KCC-STK-AR-XL,凯旋,凯旋,B0HDB3X9SL,沙滩裤,"Mens Swim Trunks, Palm Tree Print Board Shorts with Drawstring Waist for Resort and Summer Casual Getaways"
一致,1371,B0H4548B2Z,KCC-STK-AH-L,凯旋,凯旋,B0HDB3X9SL,沙滩裤,"Mens Swim Trunks, Pineapple Print Board Shorts with Drawstring Waist for Resort and Summer Casual Occasions"
一致,1372,B0H45F5DKT,KCC-STK-AN-L,凯旋,凯旋,B0HDB3X9SL,沙滩裤,"Mens Swim Trunks, Triangle Print Board Shorts with Drawstring Waist for Resort and Summer Casual Gatherings"
一致,1373,B0H454NQV6,KCC-STK-A6-XL,凯旋,凯旋,B0HDB3X9SL,沙滩裤,"Mens Swim Trunks, Pineapple Print Board Shorts with Drawstring Waist for Resort and Summer Casual Scenarios"
一致,1374,B0H453KBCZ,KCC-STK-PF-L,凯旋,凯旋,B0HDB3X9SL,沙滩裤,"Mens Swim Trunks, Anchor Print Board Shorts with Drawstring Waist for Resort and Nautical Casual Events"
一致,1375,B0H457V2WF,KCC-STK-AR-L,凯旋,凯旋,B0HDB3X9SL,沙滩裤,"Mens Swim Trunks, Palm Tree Print Board Shorts with Drawstring Waist for Resort and Summer Casual Getaways"
一致,1376,B0H456KRPY,KCC-STK-A7-L,凯旋,凯旋,B0HDB3X9SL,沙滩裤,"Mens Swim Trunks, Bird Print Board Shorts with Drawstring Waist for Resort and Summer Leisure Occasions"
一致,1377,B0H456LNWY,KCC-STK-AK-L,凯旋,凯旋,B0HDB3X9SL,沙滩裤,"Mens Swim Trunks, Large Pineapple Print Board Shorts with Drawstring Waist for Resort and Summer Casual Events"
一致,1378,B0H453S35N,KCC-STK-8113-L,凯旋,凯旋,B0HDB3X9SL,沙滩裤,"Mens Swim Trunks, Mini Palm Tree Print Board Shorts with Drawstring Waist for Resort and Summer Casual Getaways"
一致,1379,B0H45CFT4M,KCC-STK-PG-L,凯旋,凯旋,B0HDB3X9SL,沙滩裤,"Mens Swim Trunks, Two Tone Shark Print Board Shorts with Drawstring Waist for Resort and Summer Coastal Trips"
一致,1380,B0H44XX8C2,KCC-STK-AT-XL,凯旋,凯旋,B0HDB3X9SL,沙滩裤,"Mens Swim Trunks, Shark Print Board Shorts with Drawstring Waist for Resort and Summer Coastal Gatherings"
一致,1381,B0H4552J6H,KCC-STK-8111-L,凯旋,凯旋,B0HDB3X9SL,沙滩裤,"Mens Swim Trunks, Tropical Floral Bird Print Board Shorts with Drawstring Waist for Resort and Summer Casual Events"
一致,1382,B0H45BNC52,KCC-STK-A6-L,凯旋,凯旋,B0HDB3X9SL,沙滩裤,"Mens Swim Trunks, Pineapple Print Board Shorts with Drawstring Waist for Resort and Summer Casual Scenarios"
一致,1383,B0H45BRMQY,KCC-STK-AG-XL,凯旋,凯旋,B0HDB3X9SL,沙滩裤,"Mens Swim Trunks, Watermelon Print Board Shorts with Drawstring Waist for Resort and Summer Casual Parties"
一致,1384,B0H45BFT87,KCC-STK-AF-L,凯旋,凯旋,B0HDB3X9SL,沙滩裤,"Mens Swim Trunks, Block Stripe Board Shorts with Drawstring Waist for Resort and Daily Casual Trips"
一致,1385,B0H45C8G3G,KCC-STK-PF-XL,凯旋,凯旋,B0HDB3X9SL,沙滩裤,"Mens Swim Trunks, Anchor Print Board Shorts with Drawstring Waist for Resort and Nautical Casual Events"
一致,1386,B0H45FFWYT,KCC-STK-AU-XL,凯旋,凯旋,B0HDB3X9SL,沙滩裤,"Mens Swim Trunks, Pink Flamingo Print Board Shorts with Drawstring Waist for Resort and Summer Casual Parties"
一致,1387,B0H45HDZBD,KCC-STK-8111-XL,凯旋,凯旋,B0HDB3X9SL,沙滩裤,"Mens Swim Trunks, Tropical Floral Bird Print Board Shorts with Drawstring Waist for Resort and Summer Casual Events"
一致,1388,B0H455QVX4,KCC-STK-942-L,凯旋,凯旋,B0HDB3X9SL,沙滩裤,"Mens Swim Trunks, Multi Color Pineapple Print Board Shorts with Drawstring Waist for Resort and Summer Casual Outings"
一致,1389,B0H458S7CD,KCC-STK-941-XL,凯旋,凯旋,B0HDB3X9SL,沙滩裤,"Mens Swim Trunks, Pink Flamingo Print Board Shorts with Drawstring Waist for Resort and Summer Coastal Parties"
一致,1390,B0H45CJ7JN,KCC-STK-AL-XL,凯旋,凯旋,B0HDB3X9SL,沙滩裤,"Mens Swim Trunks, Flamingo Print Board Shorts with Drawstring Waist for Resort and Summer Coastal Parties"
一致,1391,B0H4512N6Y,KCC-STK-AM-L,凯旋,凯旋,B0HDB3X9SL,沙滩裤,"Mens Swim Trunks, Mini Pineapple Print Board Shorts with Drawstring Waist for Resort and Summer Casual Trips"
一致,1392,B0H458SMFF,KCC-STK-AT-L,凯旋,凯旋,B0HDB3X9SL,沙滩裤,"Mens Swim Trunks, Shark Print Board Shorts with Drawstring Waist for Resort and Summer Coastal Gatherings"
一致,1393,B0H4579FVD,KCC-STK-A9-L,凯旋,凯旋,B0HDB3X9SL,沙滩裤,"Mens Swim Trunks, Pear Print Board Shorts with Drawstring Waist for Resort and Summer Casual Plans"
一致,1394,B0H44ZH4RX,KCC-STK-A9-XL,凯旋,凯旋,B0HDB3X9SL,沙滩裤,"Mens Swim Trunks, Pear Print Board Shorts with Drawstring Waist for Resort and Summer Casual Plans"
一致,1395,B0H44Y5KJB,KCC-STK-AQ-L,凯旋,凯旋,B0HDB3X9SL,沙滩裤,"Mens Swim Trunks, Flamingo Print Board Shorts with Drawstring Waist for Resort and Summer Coastal Events"
一致,1396,B0H4543J6T,KCC-STK-AB-XL,凯旋,凯旋,B0HDB3X9SL,沙滩裤,"Mens Swim Trunks, Steamed Dumpling Print Board Shorts with Drawstring Waist for Resort and Summer Casual Gatherings"
一致,1397,B0H45B4R1J,KCC-STK-AF-XL,凯旋,凯旋,B0HDB3X9SL,沙滩裤,"Mens Swim Trunks, Block Stripe Board Shorts with Drawstring Waist for Resort and Daily Casual Trips"
一致,1398,B0H456JCRQ,KCC-STK-A8-XL,凯旋,凯旋,B0HDB3X9SL,沙滩裤,"Mens Swim Trunks, Cactus Print Board Shorts with Drawstring Waist for Resort and Summer Casual Events"
一致,1399,B0H3SZ3SCQ,KCC-NZDPB-4,凯旋,凯旋,B0H3SWKCNJ,镊子带皮包,"4Pcs Precision Eyebrow Tweezers Set with PU Leather Case, Black Stainless Steel Multi Tip Tweezers for Facial Hair Plucking, Professional Makeup Hair Removal Kit"
一致,1400,B0H3T83X9F,KCC-CXGJSWD-1,凯旋,凯旋,B0H3STM3FS,磁性工具手腕带,"Single Magnetic Tool Wristband, Portable Adjustable Magnetic Wrist Tool Holder, Strong Magnet Wrist Cuff for Screws Nails Drill Bits Storage, Handyman Carpenter Repair Helper"
一致,1401,B0H3S461RQ,SP-chizi-1,图图,图图,B0H3S6N3JC,尺子,"Multi-Angle Measuring Ruler, Adjustable Four-Sided Layout Template Tool, Universal Angle Finder for Woodworking Tile Flooring Construction DIY"
一致,1402,B0H3RPWKT5,SP-zhijiache-1,图图,图图,B0H3RQX14P,便携手机支架，挂件,"Magnetic Car Phone Mount, 360° Rotation Dashboard Magnetic Cell Phone Holder, Universal Metal Magnet Car Mount for All Smartphones"
一致,1403,B0H3N5X2JQ,KCC-CXSJZJ-1,凯旋,凯旋,B0H3NFZ6LM,磁吸手机支架,"Single Magnetic Car Phone Mount, 360° Rotatable Mini Dashboard Magnet Cell Phone Holder, Strong N52 Neodymium Magnet Universal Car Mount for All Smartphones"
一致,1404,B0H397QVSK,KCC-WFB-90L,凯旋,凯旋,B0H396NXD5,无纺布收纳袋,"Non-Woven Fabric Storage Bags, Large Capacity Clothing Organizer Bags with Reinforced Handles, Foldable Storage Bags for Blankets, Comforters, Bedding, Clothes, Quilts"
一致,1405,B0H2XH41JF,SP-zhiwuguagou3-4,图图,图图,B0H2X8RGFC,,"4 Pack Stainless Steel Sponge Holder, Adhesive Kitchen Sink Caddy, No Drill Wall Mount Sponge Drain Rack"
负责人不一致,1406,B0H2VMZ34L,QCGS-JJLH-FEN,公司,未分配,B0H2VQZ9Q7,,"2 Pack Heart‑Shaped Car Pull Ring, Universal Interior Hanging Ornament Strap for Automotive Modification"
负责人不一致,1407,B0H2VQ3Q3Q,QCGS-EMJLH-FEN,公司,未分配,B0H2VS5ZDY,,"2 Pack Devil‑Horn Heart Car Pull Ring, Universal Interior Hanging Ornament Strap for Automotive Modification"
负责人不一致,1408,B0H2W18LDF,QCGS-JJLH-HUANG,公司,未分配,B0H2VQZ9Q7,,"2 Pack Heart‑Shaped Car Pull Ring, Universal Interior Hanging Ornament Strap for Automotive Modification"
负责人不一致,1409,B0H2VKZJ54,QCGS-EMJLH-ZI,公司,未分配,B0H2VS5ZDY,,"2 Pack Devil‑Horn Heart Car Pull Ring, Universal Interior Hanging Ornament Strap for Automotive Modification"
负责人不一致,1410,B0H2VWV9RW,QCGS-EMJLH-CHENG,公司,未分配,B0H2VS5ZDY,,"2 Pack Devil‑Horn Heart Car Pull Ring, Universal Interior Hanging Ornament Strap for Automotive Modification"
负责人不一致,1411,B0H2VSKN7F,QCGS-JJLH-HEI,公司,未分配,B0H2VQZ9Q7,,"2 Pack Heart‑Shaped Car Pull Ring, Universal Interior Hanging Ornament Strap for Automotive Modification"
负责人不一致,1412,B0H2VTQS3F,QCGS-EMJLH-HEI,公司,未分配,B0H2VS5ZDY,,"2 Pack Devil‑Horn Heart Car Pull Ring, Universal Interior Hanging Ornament Strap for Automotive Modification"
负责人不一致,1413,B0H2VVGG57,QCGS-EMJLH-HONG,公司,未分配,B0H2VS5ZDY,,"2 Pack Devil‑Horn Heart Car Pull Ring, Universal Interior Hanging Ornament Strap for Automotive Modification"
负责人不一致,1414,B0H2W19WRK,QCGS-JJLH-ZI,公司,未分配,B0H2VQZ9Q7,,"2 Pack Heart‑Shaped Car Pull Ring, Universal Interior Hanging Ornament Strap for Automotive Modification"
负责人不一致,1415,B0H2VYT46B,QCGS-JJLH-HONG,公司,未分配,B0H2VQZ9Q7,,"2 Pack Heart‑Shaped Car Pull Ring, Universal Interior Hanging Ornament Strap for Automotive Modification"
负责人不一致,1416,B0H2VWDGDY,QCGS-EMJLH-HUANG,公司,未分配,B0H2VS5ZDY,,"2 Pack Devil‑Horn Heart Car Pull Ring, Universal Interior Hanging Ornament Strap for Automotive Modification"
负责人不一致,1417,B0H2VQBKQ5,QCGS-JJLH-CHENG,公司,未分配,B0H2VQZ9Q7,,"2 Pack Heart‑Shaped Car Pull Ring, Universal Interior Hanging Ornament Strap for Automotive Modification"
负责人不一致,1418,B0H2W2GKRX,QCGS-JJLH-LAN,公司,未分配,B0H2VQZ9Q7,,"2 Pack Heart‑Shaped Car Pull Ring, Universal Interior Hanging Ornament Strap for Automotive Modification"
负责人不一致,1419,B0H2VTP5KN,QCGS-JJLH-BAI,公司,未分配,B0H2VQZ9Q7,,"2 Pack Heart‑Shaped Car Pull Ring, Universal Interior Hanging Ornament Strap for Automotive Modification"
负责人不一致,1420,B0H2VTK3T7,QCGS-EMJLH-LAN,公司,未分配,B0H2VS5ZDY,,"2 Pack Devil‑Horn Heart Car Pull Ring, Universal Interior Hanging Ornament Strap for Automotive Modification"
负责人不一致,1421,B0H2VWHK76,QCGS-JJLH-LV,公司,未分配,B0H2VQZ9Q7,,"2 Pack Heart‑Shaped Car Pull Ring, Universal Interior Hanging Ornament Strap for Automotive Modification"
负责人不一致,1422,B0H2VYZ6DR,QCGS-EMJLH-BAI,公司,未分配,B0H2VS5ZDY,,"2 Pack Devil‑Horn Heart Car Pull Ring, Universal Interior Hanging Ornament Strap for Automotive Modification"
负责人不一致,1423,B0H2MC5MF1,QC-DB1-HUANG,公司,未分配,B0H2M92GVQ,,"Cylindrical Ergonomic Shift Knob Kit, Universal Manual Gear Shifter with Multi‑Thread Adapters for Automotive Interior Modification（Yellow）"
负责人不一致,1424,B0H2MLPNXN,QC-DB-H-purple,公司,未分配,B0H2MKR6M2,,"Universal 6 Speed Knurled Aluminum Alloy Gear Shift Knob with 4 Adapters, Racing Shifter Head for Car & Sim Racing"
负责人不一致,1425,B0H2MFXLCV,QC-DB-CHUNTANHEI-5,公司,未分配,B0H2MFXLCV,,"5 Speed Carbon Fiber Shift Knob Kit, Universal Manual Gear Shifter with Multi‑Thread Adapters for Automotive Interior Modification"
负责人不一致,1426,B0H2ML4H8V,QC-DB1-YIN,公司,未分配,B0H2M92GVQ,,"Cylindrical Ergonomic Shift Knob Kit, Universal Manual Gear Shifter with Multi‑Thread Adapters for Automotive Interior Modification（Sliver）"
一致,1427,B0H2MLQSND,QS-C119-40/41,公司,公司,B0GQBS64JX,溯溪沙滩鞋,"Water Shoes for Women Men, Lightweight Swim Shoes for Beach Hotel Pool Lake Marina Resort Travel Pair, C119, Adult Travel"
一致,1428,B0H2MGV6P9,QS-C119-44/45,公司,公司,B0GQBS64JX,溯溪沙滩鞋,"Water Shoes for Women Men, Lightweight Swim Shoes for Beach Hotel Pool Lake Marina Resort Travel Pair, C119, Adult Travel"
一致,1429,B0H2MG73Q5,QS-2628-40/41,公司,公司,B0GQBS64JX,溯溪沙滩鞋,"Water Shoes for Women Men, Quick Dry Swim Footwear for Beach Pool Resort River Cruise Lake Travel Pair, 2628, Adult Travel"
一致,1430,B0H2MJ5T4G,QS-2612-42/43,公司,公司,B0GQBS64JX,溯溪沙滩鞋,"Water Shoes for Women Men, Quick Dry Aqua Socks for Pool Beach Boat Dock Lake Resort Summer Travel, 2612, Adult Travel"
一致,1431,B0H2MFH73T,QS-C117-40/41,公司,公司,B0GQBS64JX,溯溪沙滩鞋,"Water Shoes for Women Men, Quick Dry Swim Footwear for Beach Pool Resort River Cruise Lake Travel Pair, C117, Adult Travel"
一致,1432,B0H2MGW6JC,QS-2511-36/37,公司,公司,B0GQBS64JX,溯溪沙滩鞋,"Water Shoes for Women Men, Slip On Pool Shoes for Beach Resort Shower Cruise Dock Travel Footwear, 2511, Adult Travel"
一致,1433,B0H2MN1YNN,QS-2514-40/41,公司,公司,B0GQBS64JX,溯溪沙滩鞋,"Water Shoes for Women Men, Barefoot Water Footwear for Pool Beach Cruise River Dock Vacation Pair, 2514, Adult Travel"
一致,1434,B0H2MK8FYW,QS-2622-42/43,公司,公司,B0GQBS64JX,溯溪沙滩鞋,"Water Shoes for Women Men, Water Footwear for Beach Pool Spa Hotel River Lake Cruise Travel Pair, 2622, Adult Travel"
一致,1435,B0H2MFDPHK,QS-2552-40/41,公司,公司,B0GQBS64JX,溯溪沙滩鞋,"Water Shoes for Women Men, Quick Dry Aqua Socks for Pool Beach Boat Dock Lake Resort Summer Travel, 2552, Adult Travel"
一致,1436,B0H2MG7LNS,QS-C104-38/39,公司,公司,B0GQBS64JX,溯溪沙滩鞋,"Water Shoes for Women Men, Slip On Pool Shoes for Beach Resort Shower Cruise Dock Travel Footwear, C104, Adult Travel"
一致,1437,B0H2MMYDVC,QS-2628-38/39,公司,公司,B0GQBS64JX,溯溪沙滩鞋,"Water Shoes for Women Men, Quick Dry Swim Footwear for Beach Pool Resort River Cruise Lake Travel Pair, 2628, Adult Travel"
一致,1438,B0H2MPTXJ6,QS-2520-40/41,公司,公司,B0GQBS64JX,溯溪沙滩鞋,"Water Shoes for Women Men, Aqua Socks, Foldable Water Shoes for Beach Pool River Lake Cruise Trip Pair, 2520, Adult Travel"
一致,1439,B0H2MDLDFF,QS-C103-36/37,公司,公司,B0GQBS64JX,溯溪沙滩鞋,"Water Shoes for Women Men, Barefoot Water Footwear for Pool Beach Cruise River Dock Vacation Pair, C103, Adult Travel"
一致,1440,B0H2MCTKKL,QS-2609-36/37,公司,公司,B0GQBS64JX,溯溪沙滩鞋,"Water Shoes for Women Men, Barefoot Water Footwear for Pool Beach Cruise River Dock Vacation Pair, 2609, Adult Travel"
一致,1441,B0H2MLWV1F,QS-C112-36/37,公司,公司,B0GQBS64JX,溯溪沙滩鞋,"Water Shoes for Women Men, Quick Dry Aqua Socks for Pool Beach Boat Dock Lake Resort Summer Travel, C112, Adult Travel"
一致,1442,B0H2MNSN93,QS-C115-38/39,公司,公司,B0GQBS64JX,溯溪沙滩鞋,"Water Shoes for Women Men, Lightweight Swim Shoes for Beach Hotel Pool Lake Marina Resort Travel Pair, C115, Adult Travel"
一致,1443,B0H2MQDHQK,QS-C117-36/37,公司,公司,B0GQBS64JX,溯溪沙滩鞋,"Water Shoes for Women Men, Quick Dry Swim Footwear for Beach Pool Resort River Cruise Lake Travel Pair, C117, Adult Travel"
一致,1444,B0H2MF19VC,QS-2617-40/41,公司,公司,B0GQBS64JX,溯溪沙滩鞋,"Water Shoes for Women Men, Water Footwear for Beach Pool Spa Hotel River Lake Cruise Travel Pair, 2617, Adult Travel"
一致,1445,B0H2MDKR8B,QS-2625-42/43,公司,公司,B0GQBS64JX,溯溪沙滩鞋,"Water Shoes for Women Men, Quick Dry Aqua Socks for Pool Beach Boat Dock Lake Resort Summer Travel, 2625, Adult Travel"
一致,1446,B0H2MLDZLW,QS-2532-38/39,公司,公司,B0GQBS64JX,溯溪沙滩鞋,"Water Shoes for Women Men, Slip On Pool Shoes for Beach Resort Shower Cruise Dock Travel Footwear, 2532, Adult Travel"
一致,1447,B0H2MF4GHJ,QS-2626-38/39,公司,公司,B0GQBS64JX,溯溪沙滩鞋,"Water Shoes for Women Men, Aqua Socks, Slip On Swim Shoes for Beach Pool Lake Boat Resort Travel Pair, 2626, Adult Travel"
一致,1448,B0H2MKV3ZB,QS-C104-42/43,公司,公司,B0GQBS64JX,溯溪沙滩鞋,"Water Shoes for Women Men, Slip On Pool Shoes for Beach Resort Shower Cruise Dock Travel Footwear, C104, Adult Travel"
一致,1449,B0H2MDK2L1,QS-C118-40/41,公司,公司,B0GQBS64JX,溯溪沙滩鞋,"Water Shoes for Women Men, Water Footwear for Beach Pool Spa Hotel River Lake Cruise Travel Pair, C118, Adult Travel"
一致,1450,B0H2MJXMZG,QS-2529-38/39,公司,公司,B0GQBS64JX,溯溪沙滩鞋,"Water Shoes for Women Men, Aqua Socks, Foldable Water Shoes for Beach Pool River Lake Cruise Trip Pair, 2529, Adult Travel"
一致,1451,B0H2MBJB9H,QS-2618-42/43,公司,公司,B0GQBS64JX,溯溪沙滩鞋,"Water Shoes for Women Men, Quick Dry Swim Footwear for Beach Pool Resort River Cruise Lake Travel Pair, 2618, Adult Travel"
一致,1452,B0H2MGG677,QS-2622-36/37,公司,公司,B0GQBS64JX,溯溪沙滩鞋,"Water Shoes for Women Men, Water Footwear for Beach Pool Spa Hotel River Lake Cruise Travel Pair, 2622, Adult Travel"
一致,1453,B0H2MM7P2K,QS-2552-36/37,公司,公司,B0GQBS64JX,溯溪沙滩鞋,"Water Shoes for Women Men, Quick Dry Aqua Socks for Pool Beach Boat Dock Lake Resort Summer Travel, 2552, Adult Travel"
一致,1454,B0H2MKJFJQ,QS-2617-38/39,公司,公司,B0GQBS64JX,溯溪沙滩鞋,"Water Shoes for Women Men, Water Footwear for Beach Pool Spa Hotel River Lake Cruise Travel Pair, 2617, Adult Travel"
一致,1455,B0H2MBFVB8,QS-2621-42/43,公司,公司,B0GQBS64JX,溯溪沙滩鞋,"Water Shoes for Women Men, Lightweight Swim Shoes for Beach Hotel Pool Lake Marina Resort Travel Pair, 2621, Adult Travel"
一致,1456,B0H2MPCR3K,QS-2626-42/43,公司,公司,B0GQBS64JX,溯溪沙滩鞋,"Water Shoes for Women Men, Aqua Socks, Slip On Swim Shoes for Beach Pool Lake Boat Resort Travel Pair, 2626, Adult Travel"
一致,1457,B0H2MCG97Y,QS-2520-36/37,公司,公司,B0GQBS64JX,溯溪沙滩鞋,"Water Shoes for Women Men, Aqua Socks, Foldable Water Shoes for Beach Pool River Lake Cruise Trip Pair, 2520, Adult Travel"
一致,1458,B0H2MNCN47,QS-C114-36/37,公司,公司,B0GQBS64JX,溯溪沙滩鞋,"Water Shoes for Women Men, Barefoot Water Footwear for Pool Beach Cruise River Dock Vacation Pair, C114, Adult Travel"
一致,1459,B0H2MNSKL1,QS-2625-40/41,公司,公司,B0GQBS64JX,溯溪沙滩鞋,"Water Shoes for Women Men, Quick Dry Aqua Socks for Pool Beach Boat Dock Lake Resort Summer Travel, 2625, Adult Travel"
一致,1460,B0H2MGCNTL,QS-C104-44/45,公司,公司,B0GQBS64JX,溯溪沙滩鞋,"Water Shoes for Women Men, Slip On Pool Shoes for Beach Resort Shower Cruise Dock Travel Footwear, C104, Adult Travel"
一致,1461,B0H2MC7YHG,QS-2620-42/43,公司,公司,B0GQBS64JX,溯溪沙滩鞋,"Water Shoes for Women Men, Aqua Socks, Foldable Water Shoes for Beach Pool River Lake Cruise Trip Pair, 2620, Adult Travel"
一致,1462,B0H2MDXQYV,QS-C119-42/43,公司,公司,B0GQBS64JX,溯溪沙滩鞋,"Water Shoes for Women Men, Lightweight Swim Shoes for Beach Hotel Pool Lake Marina Resort Travel Pair, C119, Adult Travel"
一致,1463,B0H2MHYQQF,QS-2629-42/43,公司,公司,B0GQBS64JX,溯溪沙滩鞋,"Water Shoes for Women Men, Aqua Socks, Slip On Swim Shoes for Beach Pool Lake Boat Resort Travel Pair, 2629, Adult Travel"
一致,1464,B0H2MDX3DX,QS-C117-38/39,公司,公司,B0GQBS64JX,溯溪沙滩鞋,"Water Shoes for Women Men, Quick Dry Swim Footwear for Beach Pool Resort River Cruise Lake Travel Pair, C117, Adult Travel"
一致,1465,B0H2MLV57F,QS-C114-42/43,公司,公司,B0GQBS64JX,溯溪沙滩鞋,"Water Shoes for Women Men, Barefoot Water Footwear for Pool Beach Cruise River Dock Vacation Pair, C114, Adult Travel"
一致,1466,B0H2M5MV3H,QS-2609-40/41,公司,公司,B0GQBS64JX,溯溪沙滩鞋,"Water Shoes for Women Men, Barefoot Water Footwear for Pool Beach Cruise River Dock Vacation Pair, 2609, Adult Travel"
一致,1467,B0H2MD3HBF,QS-2629-40/41,公司,公司,B0GQBS64JX,溯溪沙滩鞋,"Water Shoes for Women Men, Aqua Socks, Slip On Swim Shoes for Beach Pool Lake Boat Resort Travel Pair, 2629, Adult Travel"
一致,1468,B0H2MKSZT2,QS-C118-38/39,公司,公司,B0GQBS64JX,溯溪沙滩鞋,"Water Shoes for Women Men, Water Footwear for Beach Pool Spa Hotel River Lake Cruise Travel Pair, C118, Adult Travel"
一致,1469,B0H2MJJJFT,QS-2617-42/43,公司,公司,B0GQBS64JX,溯溪沙滩鞋,"Water Shoes for Women Men, Water Footwear for Beach Pool Spa Hotel River Lake Cruise Travel Pair, 2617, Adult Travel"
一致,1470,B0H2MD5ZV1,QS-C114-40/41,公司,公司,B0GQBS64JX,溯溪沙滩鞋,"Water Shoes for Women Men, Barefoot Water Footwear for Pool Beach Cruise River Dock Vacation Pair, C114, Adult Travel"
一致,1471,B0H2MG419Z,QS-C101-36/37,公司,公司,B0GQBS64JX,溯溪沙滩鞋,"Water Shoes for Women Men, Aqua Socks, Slip On Swim Shoes for Beach Pool Lake Boat Resort Travel Pair, C101, Adult Travel"
一致,1472,B0H2MKYMS2,QS-2621-38/39,公司,公司,B0GQBS64JX,溯溪沙滩鞋,"Water Shoes for Women Men, Lightweight Swim Shoes for Beach Hotel Pool Lake Marina Resort Travel Pair, 2621, Adult Travel"
一致,1473,B0H2MK8VV7,QS-2514-36/37,公司,公司,B0GQBS64JX,溯溪沙滩鞋,"Water Shoes for Women Men, Barefoot Water Footwear for Pool Beach Cruise River Dock Vacation Pair, 2514, Adult Travel"
一致,1474,B0H2MJK1RG,QS-2622-38/39,公司,公司,B0GQBS64JX,溯溪沙滩鞋,"Water Shoes for Women Men, Water Footwear for Beach Pool Spa Hotel River Lake Cruise Travel Pair, 2622, Adult Travel"
一致,1475,B0H2MJ6F2C,QS-2706-42/43,公司,公司,B0GQBS64JX,溯溪沙滩鞋,"Water Shoes for Women Men, Quick Dry Swim Footwear for Beach Pool Resort River Cruise Lake Travel Pair, 2706, Adult Travel"
一致,1476,B0H2MD396D,QS-C106-38/39,公司,公司,B0GQBS64JX,溯溪沙滩鞋,"Water Shoes for Women Men, Aqua Socks, Slip On Swim Shoes for Beach Pool Lake Boat Resort Travel Pair, C106, Adult Travel"
一致,1477,B0H2MJFC17,QS-2618-36/37,公司,公司,B0GQBS64JX,溯溪沙滩鞋,"Water Shoes for Women Men, Quick Dry Swim Footwear for Beach Pool Resort River Cruise Lake Travel Pair, 2618, Adult Travel"
一致,1478,B0H2MGW3S6,QS-2705-38/39,公司,公司,B0GQBS64JX,溯溪沙滩鞋,"Water Shoes for Women Men, Water Footwear for Beach Pool Spa Hotel River Lake Cruise Travel Pair, 2705, Adult Travel"
一致,1479,B0H2MBL57F,QS-C103-42/43,公司,公司,B0GQBS64JX,溯溪沙滩鞋,"Water Shoes for Women Men, Barefoot Water Footwear for Pool Beach Cruise River Dock Vacation Pair, C103, Adult Travel"
一致,1480,B0H2MJLY51,QS-2609-38/39,公司,公司,B0GQBS64JX,溯溪沙滩鞋,"Water Shoes for Women Men, Barefoot Water Footwear for Pool Beach Cruise River Dock Vacation Pair, 2609, Adult Travel"
一致,1481,B0H2MR9JF1,QS-C106-40/41,公司,公司,B0GQBS64JX,溯溪沙滩鞋,"Water Shoes for Women Men, Aqua Socks, Slip On Swim Shoes for Beach Pool Lake Boat Resort Travel Pair, C106, Adult Travel"
一致,1482,B0H2ML6YQF,QS-2705-42/43,公司,公司,B0GQBS64JX,溯溪沙滩鞋,"Water Shoes for Women Men, Water Footwear for Beach Pool Spa Hotel River Lake Cruise Travel Pair, 2705, Adult Travel"
一致,1483,B0H2MDLDD6,QS-2529-40/41,公司,公司,B0GQBS64JX,溯溪沙滩鞋,"Water Shoes for Women Men, Aqua Socks, Foldable Water Shoes for Beach Pool River Lake Cruise Trip Pair, 2529, Adult Travel"
一致,1484,B0H2MGRXBF,QS-2625-36/37,公司,公司,B0GQBS64JX,溯溪沙滩鞋,"Water Shoes for Women Men, Quick Dry Aqua Socks for Pool Beach Boat Dock Lake Resort Summer Travel, 2625, Adult Travel"
一致,1485,B0H2MLHMQH,QS-2520-42/43,公司,公司,B0GQBS64JX,溯溪沙滩鞋,"Water Shoes for Women Men, Aqua Socks, Foldable Water Shoes for Beach Pool River Lake Cruise Trip Pair, 2520, Adult Travel"
一致,1486,B0H2MDNBPZ,QS-C106-42/43,公司,公司,B0GQBS64JX,溯溪沙滩鞋,"Water Shoes for Women Men, Aqua Socks, Slip On Swim Shoes for Beach Pool Lake Boat Resort Travel Pair, C106, Adult Travel"
一致,1487,B0H2MR8XYB,QS-C104-36/37,公司,公司,B0GQBS64JX,溯溪沙滩鞋,"Water Shoes for Women Men, Slip On Pool Shoes for Beach Resort Shower Cruise Dock Travel Footwear, C104, Adult Travel"
一致,1488,B0H2MFDDWJ,QS-C101-40/41,公司,公司,B0GQBS64JX,溯溪沙滩鞋,"Water Shoes for Women Men, Aqua Socks, Slip On Swim Shoes for Beach Pool Lake Boat Resort Travel Pair, C101, Adult Travel"
一致,1489,B0H2M5KZNR,QS-C106-44/45,公司,公司,B0GQBS64JX,溯溪沙滩鞋,"Water Shoes for Women Men, Aqua Socks, Slip On Swim Shoes for Beach Pool Lake Boat Resort Travel Pair, C106, Adult Travel"
一致,1490,B0H2MCJSK9,QS-2628-42/43,公司,公司,B0GQBS64JX,溯溪沙滩鞋,"Water Shoes for Women Men, Quick Dry Swim Footwear for Beach Pool Resort River Cruise Lake Travel Pair, 2628, Adult Travel"
一致,1491,B0H2MGQWNK,QS-2625-38/39,公司,公司,B0GQBS64JX,溯溪沙滩鞋,"Water Shoes for Women Men, Quick Dry Aqua Socks for Pool Beach Boat Dock Lake Resort Summer Travel, 2625, Adult Travel"
一致,1492,B0H2MDHDGF,QS-C114-44/45,公司,公司,B0GQBS64JX,溯溪沙滩鞋,"Water Shoes for Women Men, Barefoot Water Footwear for Pool Beach Cruise River Dock Vacation Pair, C114, Adult Travel"
一致,1493,B0H2MKRDTG,QS-C118-44/45,公司,公司,B0GQBS64JX,溯溪沙滩鞋,"Water Shoes for Women Men, Water Footwear for Beach Pool Spa Hotel River Lake Cruise Travel Pair, C118, Adult Travel"
一致,1494,B0H2MKZY2L,QS-2532-42/43,公司,公司,B0GQBS64JX,溯溪沙滩鞋,"Water Shoes for Women Men, Slip On Pool Shoes for Beach Resort Shower Cruise Dock Travel Footwear, 2532, Adult Travel"
一致,1495,B0H2MHWVWS,QS-2515-40/41,公司,公司,B0GQBS64JX,溯溪沙滩鞋,"Water Shoes for Women Men, Lightweight Swim Shoes for Beach Hotel Pool Lake Marina Resort Travel Pair, 2515, Adult Travel"
一致,1496,B0H2MBQWNY,QS-2532-36/37,公司,公司,B0GQBS64JX,溯溪沙滩鞋,"Water Shoes for Women Men, Slip On Pool Shoes for Beach Resort Shower Cruise Dock Travel Footwear, 2532, Adult Travel"
一致,1497,B0H2MG3BL5,QS-2610-42/43,公司,公司,B0GQBS64JX,溯溪沙滩鞋,"Water Shoes for Women Men, Lightweight Swim Shoes for Beach Hotel Pool Lake Marina Resort Travel Pair, 2610, Adult Travel"
一致,1498,B0H2MJ25ZZ,QS-2621-36/37,公司,公司,B0GQBS64JX,溯溪沙滩鞋,"Water Shoes for Women Men, Lightweight Swim Shoes for Beach Hotel Pool Lake Marina Resort Travel Pair, 2621, Adult Travel"
一致,1499,B0H2MJCN9M,QS-2561-36/37,公司,公司,B0GQBS64JX,溯溪沙滩鞋,"Water Shoes for Women Men, Aqua Socks, Slip On Swim Shoes for Beach Pool Lake Boat Resort Travel Pair, 2561, Adult Travel"
一致,1500,B0H2MQS6RY,QS-2515-42/43,公司,公司,B0GQBS64JX,溯溪沙滩鞋,"Water Shoes for Women Men, Lightweight Swim Shoes for Beach Hotel Pool Lake Marina Resort Travel Pair, 2515, Adult Travel"
一致,1501,B0H2MFVW8G,QS-2622-40/41,公司,公司,B0GQBS64JX,溯溪沙滩鞋,"Water Shoes for Women Men, Water Footwear for Beach Pool Spa Hotel River Lake Cruise Travel Pair, 2622, Adult Travel"
一致,1502,B0H2MKH9MQ,QS-2621-40/41,公司,公司,B0GQBS64JX,溯溪沙滩鞋,"Water Shoes for Women Men, Lightweight Swim Shoes for Beach Hotel Pool Lake Marina Resort Travel Pair, 2621, Adult Travel"
一致,1503,B0H2MLCZSS,QS-2520-38/39,公司,公司,B0GQBS64JX,溯溪沙滩鞋,"Water Shoes for Women Men, Aqua Socks, Foldable Water Shoes for Beach Pool River Lake Cruise Trip Pair, 2520, Adult Travel"
一致,1504,B0H2MP7TSR,QS-C118-36/37,公司,公司,B0GQBS64JX,溯溪沙滩鞋,"Water Shoes for Women Men, Water Footwear for Beach Pool Spa Hotel River Lake Cruise Travel Pair, C118, Adult Travel"
一致,1505,B0H2MJ7Y7H,QS-2706-38/39,公司,公司,B0GQBS64JX,溯溪沙滩鞋,"Water Shoes for Women Men, Quick Dry Swim Footwear for Beach Pool Resort River Cruise Lake Travel Pair, 2706, Adult Travel"
一致,1506,B0H2MMZKL3,QS-C118-42/43,公司,公司,B0GQBS64JX,溯溪沙滩鞋,"Water Shoes for Women Men, Water Footwear for Beach Pool Spa Hotel River Lake Cruise Travel Pair, C118, Adult Travel"
一致,1507,B0H2MH5YRZ,QS-C112-40/41,公司,公司,B0GQBS64JX,溯溪沙滩鞋,"Water Shoes for Women Men, Quick Dry Aqua Socks for Pool Beach Boat Dock Lake Resort Summer Travel, C112, Adult Travel"
一致,1508,B0H2MCYWX9,QS-2612-40/41,公司,公司,B0GQBS64JX,溯溪沙滩鞋,"Water Shoes for Women Men, Quick Dry Aqua Socks for Pool Beach Boat Dock Lake Resort Summer Travel, 2612, Adult Travel"
一致,1509,B0H2MN1YHW,QS-2552-38/39,公司,公司,B0GQBS64JX,溯溪沙滩鞋,"Water Shoes for Women Men, Quick Dry Aqua Socks for Pool Beach Boat Dock Lake Resort Summer Travel, 2552, Adult Travel"
一致,1510,B0H2MTC5J3,QS-2705-40/41,公司,公司,B0GQBS64JX,溯溪沙滩鞋,"Water Shoes for Women Men, Water Footwear for Beach Pool Spa Hotel River Lake Cruise Travel Pair, 2705, Adult Travel"
一致,1511,B0H2MJ2J5F,QS-C112-38/39,公司,公司,B0GQBS64JX,溯溪沙滩鞋,"Water Shoes for Women Men, Quick Dry Aqua Socks for Pool Beach Boat Dock Lake Resort Summer Travel, C112, Adult Travel"
一致,1512,B0H2MD9VYP,QS-2511-40/41,公司,公司,B0GQBS64JX,溯溪沙滩鞋,"Water Shoes for Women Men, Slip On Pool Shoes for Beach Resort Shower Cruise Dock Travel Footwear, 2511, Adult Travel"
一致,1513,B0H2MDZQ2X,QS-2705-36/37,公司,公司,B0GQBS64JX,溯溪沙滩鞋,"Water Shoes for Women Men, Water Footwear for Beach Pool Spa Hotel River Lake Cruise Travel Pair, 2705, Adult Travel"
一致,1514,B0H2MJ7G7N,QS-2511-42/43,公司,公司,B0GQBS64JX,溯溪沙滩鞋,"Water Shoes for Women Men, Slip On Pool Shoes for Beach Resort Shower Cruise Dock Travel Footwear, 2511, Adult Travel"
一致,1515,B0H2MNL3GW,QS-2609-42/43,公司,公司,B0GQBS64JX,溯溪沙滩鞋,"Water Shoes for Women Men, Barefoot Water Footwear for Pool Beach Cruise River Dock Vacation Pair, 2609, Adult Travel"
一致,1516,B0H2MK6SLD,QS-C112-44/45,公司,公司,B0GQBS64JX,溯溪沙滩鞋,"Water Shoes for Women Men, Quick Dry Aqua Socks for Pool Beach Boat Dock Lake Resort Summer Travel, C112, Adult Travel"
一致,1517,B0H2MM2J3B,QS-2529-36/37,公司,公司,B0GQBS64JX,溯溪沙滩鞋,"Water Shoes for Women Men, Aqua Socks, Foldable Water Shoes for Beach Pool River Lake Cruise Trip Pair, 2529, Adult Travel"
一致,1518,B0H2MJXJNG,QS-C117-42/43,公司,公司,B0GQBS64JX,溯溪沙滩鞋,"Water Shoes for Women Men, Quick Dry Swim Footwear for Beach Pool Resort River Cruise Lake Travel Pair, C117, Adult Travel"
一致,1519,B0H2MM1S6M,QS-C115-36/37,公司,公司,B0GQBS64JX,溯溪沙滩鞋,"Water Shoes for Women Men, Lightweight Swim Shoes for Beach Hotel Pool Lake Marina Resort Travel Pair, C115, Adult Travel"
一致,1520,B0H2MCJDCC,QS-C104-40/41,公司,公司,B0GQBS64JX,溯溪沙滩鞋,"Water Shoes for Women Men, Slip On Pool Shoes for Beach Resort Shower Cruise Dock Travel Footwear, C104, Adult Travel"
一致,1521,B0H2MMRCJW,QS-2514-38/39,公司,公司,B0GQBS64JX,溯溪沙滩鞋,"Water Shoes for Women Men, Barefoot Water Footwear for Pool Beach Cruise River Dock Vacation Pair, 2514, Adult Travel"
一致,1522,B0H2MKKMSS,QS-C114-38/39,公司,公司,B0GQBS64JX,溯溪沙滩鞋,"Water Shoes for Women Men, Barefoot Water Footwear for Pool Beach Cruise River Dock Vacation Pair, C114, Adult Travel"
一致,1523,B0H2MDP4JD,QS-2612-36/37,公司,公司,B0GQBS64JX,溯溪沙滩鞋,"Water Shoes for Women Men, Quick Dry Aqua Socks for Pool Beach Boat Dock Lake Resort Summer Travel, 2612, Adult Travel"
一致,1524,B0H2MN8998,QS-C115-42/43,公司,公司,B0GQBS64JX,溯溪沙滩鞋,"Water Shoes for Women Men, Lightweight Swim Shoes for Beach Hotel Pool Lake Marina Resort Travel Pair, C115, Adult Travel"
一致,1525,B0H2MGCNTB,QS-2623-36/37,公司,公司,B0GQBS64JX,溯溪沙滩鞋,"Water Shoes for Women Men, Barefoot Water Footwear for Pool Beach Cruise River Dock Vacation Pair, 2623, Adult Travel"
一致,1526,B0H2MFH6T8,QS-2620-40/41,公司,公司,B0GQBS64JX,溯溪沙滩鞋,"Water Shoes for Women Men, Aqua Socks, Foldable Water Shoes for Beach Pool River Lake Cruise Trip Pair, 2620, Adult Travel"
一致,1527,B0H2MDPK8H,QS-2706-36/37,公司,公司,B0GQBS64JX,溯溪沙滩鞋,"Water Shoes for Women Men, Quick Dry Swim Footwear for Beach Pool Resort River Cruise Lake Travel Pair, 2706, Adult Travel"
一致,1528,B0H2MJK422,QS-2515-36/37,公司,公司,B0GQBS64JX,溯溪沙滩鞋,"Water Shoes for Women Men, Lightweight Swim Shoes for Beach Hotel Pool Lake Marina Resort Travel Pair, 2515, Adult Travel"
一致,1529,B0H2MGG5W4,QS-2514-42/43,公司,公司,B0GQBS64JX,溯溪沙滩鞋,"Water Shoes for Women Men, Barefoot Water Footwear for Pool Beach Cruise River Dock Vacation Pair, 2514, Adult Travel"
一致,1530,B0H2MPC7H1,QS-2629-36/37,公司,公司,B0GQBS64JX,溯溪沙滩鞋,"Water Shoes for Women Men, Aqua Socks, Slip On Swim Shoes for Beach Pool Lake Boat Resort Travel Pair, 2629, Adult Travel"
负责人不一致,1531,B0H2MCCNWQ,QC-DB-P-red,公司,未分配,B0H2M7R4K1,,"Gear Shift Knob, 6 Speed Manual Shifter Head, Universal Gear Lever for Car Interior Upgrade and Sim Racing Setup"
负责人不一致,1532,B0H2MFKCHC,QC-DB-P-black,公司,未分配,B0H2M7R4K1,,"Gear Shift Knob, 6 Speed Manual Shifter Head, Universal Gear Lever for Car Interior Upgrade and Sim Racing Setup"
负责人不一致,1533,B0H2MHKVXY,QC-DB-H-titanium,公司,未分配,B0H2MKR6M2,,"Universal 6 Speed Knurled Aluminum Alloy Gear Shift Knob with 4 Adapters, Racing Shifter Head for Car & Sim Racing"
负责人不一致,1534,B0H2M7H16K,QC-DB-H-blue,公司,未分配,B0H2MKR6M2,,"Universal 6 Speed Knurled Aluminum Alloy Gear Shift Knob with 4 Adapters, Racing Shifter Head for Car & Sim Racing"
负责人不一致,1535,B0H2M8YB9B,QC-DB-H-yellow,公司,未分配,B0H2MKR6M2,,"Universal 6 Speed Knurled Aluminum Alloy Gear Shift Knob with 4 Adapters, Racing Shifter Head for Car & Sim Racing"
负责人不一致,1536,B0H2MB6LYG,QC-DB-P-yellow,公司,未分配,B0H2M7R4K1,,"Gear Shift Knob, 6 Speed Manual Shifter Head, Universal Gear Lever for Car Interior Upgrade and Sim Racing Setup"
负责人不一致,1537,B0H2MFDX56,QC-DB-P-titanium,公司,未分配,B0H2M7R4K1,,"Gear Shift Knob, 6 Speed Manual Shifter Head, Universal Gear Lever for Car Interior Upgrade and Sim Racing Setup"
负责人不一致,1538,B0H2MBPYM5,QC-DB1-ZI,公司,未分配,B0H2M92GVQ,,"Cylindrical Ergonomic Shift Knob Kit, Universal Manual Gear Shifter with Multi‑Thread Adapters for Automotive Interior Modification（Purple）"
负责人不一致,1539,B0H2MHTD2C,QC-DB1-HEI,公司,未分配,B0H2M92GVQ,,"Cylindrical Ergonomic Shift Knob Kit, Universal Manual Gear Shifter with Multi‑Thread Adapters for Automotive Interior Modification（Black）"
负责人不一致,1540,B0H2M7XWFY,QC-DB1-TAI,公司,未分配,B0H2M92GVQ,,"Cylindrical Ergonomic Shift Knob Kit, Universal Manual Gear Shifter with Multi‑Thread Adapters for Automotive Interior Modification（Titanium）"
负责人不一致,1541,B0H2M6FD68,QC-DB1-LAN,公司,未分配,B0H2M92GVQ,,"Cylindrical Ergonomic Shift Knob Kit, Universal Manual Gear Shifter with Multi‑Thread Adapters for Automotive Interior Modification（Blue）"
负责人不一致,1542,B0H2M9D7VW,QC-DB-P-purple,公司,未分配,B0H2M7R4K1,,"Gear Shift Knob, 6 Speed Manual Shifter Head, Universal Gear Lever for Car Interior Upgrade and Sim Racing Setup"
负责人不一致,1543,B0H2M5D1FD,QC-DB-P-silver,公司,未分配,B0H2M7R4K1,,"Gear Shift Knob, 6 Speed Manual Shifter Head, Universal Gear Lever for Car Interior Upgrade and Sim Racing Setup"
负责人不一致,1544,B0H2MFRSCN,QC-DB1-HONG,公司,未分配,B0H2M92GVQ,,"Cylindrical Ergonomic Shift Knob Kit, Universal Manual Gear Shifter with Multi‑Thread Adapters for Automotive Interior Modification（Red）"
负责人不一致,1545,B0H2MBZVHZ,QC-DB-P-rainbow,公司,未分配,B0H2M7R4K1,,"Gear Shift Knob, 6 Speed Manual Shifter Head, Universal Gear Lever for Car Interior Upgrade and Sim Racing Setup"
负责人不一致,1546,B0H2MD98QV,QC-DB-P-blue,公司,未分配,B0H2M7R4K1,,"Gear Shift Knob, 6 Speed Manual Shifter Head, Universal Gear Lever for Car Interior Upgrade and Sim Racing Setup"
一致,1547,B0H2M4BQ1N,KCC-4H1QJSZ-1,凯旋,凯旋,B0H2MD92M5,刷子,"4‑in‑1 Handheld Grout Cleaning Brush, Multi‑Purpose Gap Scrub Brush for Kitchen Bathroom Household Surface Maintenance"
一致,1548,B0H2LVYDPQ,SP-xieshua1-1,公司,公司,B0H2LY73PM,鞋刷,"Shoe Brush with Liquid Holder, Press Type Cleaning Brush, Soft Bristle Long Handle Brush for Household Cleaning"
一致,1549,B0H2M2L9RN,SP-luosi1-16,图图,图图,B0H2LVLBWZ,螺丝16,"100PCS Pack of 8 Screws, Available in 5/8 inch and 3/4 inch Lengths, Sufficient for DIY, Furniture Assembly and Metal Repair."
一致,1550,B0H2M25S6B,SP-quqimuju-2,图图,图图,B0H2M1YB5P,曲奇饼干模具,"Cookie Cutter Set, Flower Pastry Cutter, Tart Tamper Tools, 2 Piece Baking Gadgets for Cookies And Tarts"
一致,1551,B0H2LKB6LW,SP-feizaodie-3,图图,图图,B0H1X7H5SV,肥皂盒,"3 Pack Soap Dish Holder, Self Draining Bar Soap Tray with Waterfall Grooves, Multi Placement Soap Holder for Bathroom Shower Sink"
一致,1552,B0H2L4RD93,SP-rongqi3-1,图图,图图,B0H2L49ZZX,,"Acrylic Cotton Swab Holder with Bamboo Lid, Clear Desktop Organizer Box, Dustproof Storage Case for Bathroom Vanity Bedroom"
一致,1553,B0H2H8K44D,KCC-BXMYFJL-1,凯旋,凯旋,B0H2HK5T4T,波西米亚风脚链,"Boho Double Interlocked Heart Anklet, White Seed Bead Turquoise Accent Adjustable Foot For Women"
一致,1554,B0H2GYKVZF,SP-jiyagao-p,图图,图图,B0H2GW2WP7,挤牙膏工具粉色,"Cute Cartoon Toothpaste Squeezer, Plastic Tube Dispenser, Multi-Functional Bathroom Kitchen Gadget for Home Decor"
一致,1555,B0H2GX1GTC,SP-bingkuan-1,图图,图图,B0H2H2TCC5,冰块托盘,"Silicone Ice Cube Tray with Lid and Storage Bin, Easy Release Round Ice Mold, Reusable Freezer Ice Container for Cocktails Drinks"
一致,1556,B0H2GLL989,SP-shoujizhijia-1,图图,图图,B0H2GS7759,便携式电子设备支架,"Adjustable Aluminum Phone Stand, Ergonomic Swivel Tilt Holder, Universal Metal Desk Cradle for Smartphone Tablet"
一致,1557,B0H23TMDX2,QS-153-36/37,公司,公司,B0H23TMDX2,溯溪沙滩鞋,"Water Shoes for Women Men, Aqua Socks, Swim Footwear, Beach Pool Boat Dock Spa Hotel Travel Pair"
一致,1558,B0H23QF6C6,QS-151-42/43,公司,公司,B0GQBS64JX,溯溪沙滩鞋,"Beach Shoes for Women Men, Aqua Socks, Lightweight Water Footwear, River Dock Fishing Lake Travel Pair"
一致,1559,B0H23TSS8P,QS-150-38/39,公司,公司,B0GQBS64JX,溯溪沙滩鞋,"Swim Shoes for Women Men, Water Shoes, Aqua Socks, Foldable Beach Pool Water Park Cruise Vacation Footwear"
一致,1560,B0H23Z13HS,QS-150-40/41,公司,公司,B0GQBS64JX,溯溪沙滩鞋,"Swim Shoes for Women Men, Water Shoes, Aqua Socks, Foldable Beach Pool Water Park Cruise Vacation Footwear"
一致,1561,B0H241YKMT,QS-153-38/39,公司,公司,B0H241YKMT,溯溪沙滩鞋,"Water Shoes for Women Men, Aqua Socks, Swim Footwear, Beach Pool Boat Dock Spa Hotel Travel Pair"
一致,1562,B0H23QGMN1,QS-151-38/39,公司,公司,B0GQBS64JX,溯溪沙滩鞋,"Beach Shoes for Women Men, Aqua Socks, Lightweight Water Footwear, River Dock Fishing Lake Travel Pair"
一致,1563,B0H241DH2M,QS-150-44/45,公司,公司,B0GQBS64JX,溯溪沙滩鞋,"Swim Shoes for Women Men, Water Shoes, Aqua Socks, Foldable Beach Pool Water Park Cruise Vacation Footwear"
一致,1564,B0H23M6YGV,QS-150-42/43,公司,公司,B0GQBS64JX,溯溪沙滩鞋,"Swim Shoes for Women Men, Water Shoes, Aqua Socks, Foldable Beach Pool Water Park Cruise Vacation Footwear"
一致,1565,B0H241N2FK,QS-151-44/45,公司,公司,B0GQBS64JX,溯溪沙滩鞋,"Beach Shoes for Women Men, Aqua Socks, Lightweight Water Footwear, River Dock Fishing Lake Travel Pair"
一致,1566,B0H23WFHNL,QS-153-44/45,公司,公司,B0H23WFHNL,溯溪沙滩鞋,"Water Shoes for Women Men, Aqua Socks, Swim Footwear, Beach Pool Boat Dock Spa Hotel Travel Pair"
一致,1567,B0H23PVG1M,QS-150-36/37,公司,公司,B0GQBS64JX,溯溪沙滩鞋,"Swim Shoes for Women Men, Water Shoes, Aqua Socks, Foldable Beach Pool Water Park Cruise Vacation Footwear"
一致,1568,B0H2426RL2,QS-153-42/43,公司,公司,B0H2426RL2,溯溪沙滩鞋,"Water Shoes for Women Men, Aqua Socks, Swim Footwear, Beach Pool Boat Dock Spa Hotel Travel Pair"
一致,1569,B0H24122H3,QS-153-40/41,公司,公司,B0H24122H3,溯溪沙滩鞋,"Water Shoes for Women Men, Aqua Socks, Swim Footwear, Beach Pool Boat Dock Spa Hotel Travel Pair"
一致,1570,B0H2415GBP,QS-151-36/37,公司,公司,B0GQBS64JX,溯溪沙滩鞋,"Beach Shoes for Women Men, Aqua Socks, Lightweight Water Footwear, River Dock Fishing Lake Travel Pair"
一致,1571,B0H1W7NPDM,SP-Nzshipin-1,图图,图图,B0H1WCPRB7,镊子,"2 Pack Stainless Steel Kitchen Food Tongs, Serrated Tip Cooking Tweezers, Non-Slip Heat Resistant Clip for BBQ Steak Salad Dessert"
一致,1572,B0H1W8GYYB,SP-bingganmuju-9,图图,图图,B0H1W8KKFY,不锈钢印花模具,"9Pcs Cat Cookie Cutters Set, Stainless Steel Cute Cat Shaped Biscuit Cutter for Baking Pastry Fondant Cake"
一致,1573,B0H1RTQHH1,QS-124-36/37,公司,公司,B0GQBS64JX,溯溪沙滩鞋,"Beach Shoes for Women Men, Aqua Socks, Swim Footwear, Lightweight Cruise Pool Resort Vacation Travel Pair"
一致,1574,B0H1RY19TM,QS-134-36/37,公司,公司,B0GQBS64JX,溯溪沙滩鞋,"Lake Shoes for Women Men, Aqua Socks, Water Footwear, Quick Dry Beach Pool Cruise Summer Vacation Travel Pair"
一致,1575,B0H1RZGWG1,QS-118-44/45,公司,公司,B0GQBS64JX,溯溪沙滩鞋,"Swim Shoes for Women Men, Water Shoes, Aqua Socks, Quick Dry Beach Pool River Lake Cruise Travel Footwear"
一致,1576,B0H1RXD12K,QS-137-40/41,公司,公司,B0GQBS64JX,溯溪沙滩鞋,"Surf Shoes for Women Men, Aqua Socks, Swim Footwear, Lightweight Lake River Beach Resort Summer Travel Pair"
一致,1577,B0H1RSQN4S,QS-118-36/37,公司,公司,B0GQBS64JX,溯溪沙滩鞋,"Swim Shoes for Women Men, Water Shoes, Aqua Socks, Quick Dry Beach Pool River Lake Cruise Travel Footwear"
一致,1578,B0H1S5ZBJC,QS-138-42/43,公司,公司,B0GQBS64JX,溯溪沙滩鞋,"Barefoot Water Socks for Women Men, Aqua Shoes, Swim Footwear, Beach Pool Resort Cruise Summer Travel Pair"
一致,1579,B0H1RV6Y8Q,QS-132-42/43,公司,公司,B0GQBS64JX,溯溪沙滩鞋,"River Shoes for Women Men, Aqua Socks, Water Footwear, Quick Dry Beach Pool Lake Weekend Travel Trip Pair"
一致,1580,B0H1RQ9SBF,QS-129-40/41,公司,公司,B0GQBS64JX,溯溪沙滩鞋,"Pool Shoes for Women Men, Aqua Socks, Water Footwear, Slip On River Cruise Resort Beach Summer Travel Pair"
一致,1581,B0H1S31113,QS-111-44/45,公司,公司,B0GQBS64JX,溯溪沙滩鞋,"Aqua Socks for Women Men, Water Shoes, Quick Dry Swim Footwear, Beach Pool River Lake Cruise Summer Travel Pair"
一致,1582,B0H1RVVCPP,QS-129-42/43,公司,公司,B0GQBS64JX,溯溪沙滩鞋,"Pool Shoes for Women Men, Aqua Socks, Water Footwear, Slip On River Cruise Resort Beach Summer Travel Pair"
一致,1583,B0H1RYN7R9,QS-119-40/41,公司,公司,B0GQBS64JX,溯溪沙滩鞋,"Swim Shoes for Women Men, Water Shoes, Aqua Socks, Barefoot Lake Cruise Resort Pool Vacation Footwear"
一致,1584,B0H1S62VHH,QS-123-42/43,公司,公司,B0GQBS64JX,溯溪沙滩鞋,"Beach Shoes for Women Men, Aqua Socks, Water Shoes, Quick Dry Pool River Lake Cruise Resort Travel Pair"
一致,1585,B0H1S3S71K,QS-131-44/45,公司,公司,B0GQBS64JX,溯溪沙滩鞋,"Pool Shoes for Women Men, Aqua Socks, Barefoot Water Footwear, Yoga Beach Resort Spa Pool Vacation Pair"
一致,1586,B0H1RTLH4R,QS-122-44/45,公司,公司,B0GQBS64JX,溯溪沙滩鞋,"Swim Shoes for Women Men, Water Shoes, Aqua Socks, Slip On Boat Lake Camping Shower Beach Travel Footwear Pair"
一致,1587,B0H1RZYJ6V,QS-133-42/43,公司,公司,B0GQBS64JX,溯溪沙滩鞋,"River Shoes for Women Men, Aqua Socks, Swim Footwear, Lightweight Kayaking Dock Beach Summer Travel Pair"
一致,1588,B0H1RW3YMB,QS-124-44/45,公司,公司,B0GQBS64JX,溯溪沙滩鞋,"Beach Shoes for Women Men, Aqua Socks, Swim Footwear, Lightweight Cruise Pool Resort Vacation Travel Pair"
一致,1589,B0H1RYTDRY,QS-132-44/45,公司,公司,B0GQBS64JX,溯溪沙滩鞋,"River Shoes for Women Men, Aqua Socks, Water Footwear, Quick Dry Beach Pool Lake Weekend Travel Trip Pair"
一致,1590,B0H1RSLVSF,QS-129-44/45,公司,公司,B0GQBS64JX,溯溪沙滩鞋,"Pool Shoes for Women Men, Aqua Socks, Water Footwear, Slip On River Cruise Resort Beach Summer Travel Pair"
一致,1591,B0H1RT4948,QS-120-44/45,公司,公司,B0GQBS64JX,溯溪沙滩鞋,"Swim Shoes for Women Men, Water Shoes, Aqua Socks, Lightweight Surf Beach River Dock Travel Footwear"
一致,1592,B0H1RXFTLY,QS-121-44/45,公司,公司,B0GQBS64JX,溯溪沙滩鞋,"Swim Shoes for Women Men, Water Shoes, Aqua Socks, Foldable Pool Water Park Beach Resort Travel Pair"
一致,1593,B0H1S11ZY1,QS-128-40/41,公司,公司,B0GQBS64JX,溯溪沙滩鞋,"Pool Shoes for Women Men, Aqua Socks, Swim Footwear, Quick Dry Beach Lake Resort Cruise Summer Travel Pair"
一致,1594,B0H1S5QWS9,QS-136-36/37,公司,公司,B0GQBS64JX,溯溪沙滩鞋,"Surf Shoes for Women Men, Aqua Socks, Water Footwear, Quick Dry Beach Pool Resort Summer Vacation Travel Pair"
一致,1595,B0H1S9C429,QS-125-36/37,公司,公司,B0GQBS64JX,溯溪沙滩鞋,"Beach Shoes for Women Men, Aqua Socks, Barefoot Water Footwear, Lake River Beach House Summer Travel Pair"
一致,1596,B0H1RYKCCW,QS-114-44/45,公司,公司,B0GQBS64JX,溯溪沙滩鞋,"Aqua Socks for Women Men, Water Shoes, Foldable Swim Footwear, River Lake Dock Boat Beach Travel Pair"
一致,1597,B0H1S12F3N,QS-135-38/39,公司,公司,B0GQBS64JX,溯溪沙滩鞋,"Lake Shoes for Women Men, Aqua Socks, Swim Footwear, Slip On River Dock Boat Ramp Travel Vacation Pair"
一致,1598,B0H1RTJPZX,QS-120-42/43,公司,公司,B0GQBS64JX,溯溪沙滩鞋,"Swim Shoes for Women Men, Water Shoes, Aqua Socks, Lightweight Surf Beach River Dock Travel Footwear"
一致,1599,B0H1RWGDL5,QS-135-44/45,公司,公司,B0GQBS64JX,溯溪沙滩鞋,"Lake Shoes for Women Men, Aqua Socks, Swim Footwear, Slip On River Dock Boat Ramp Travel Vacation Pair"
一致,1600,B0H1RXCWVW,QS-135-36/37,公司,公司,B0GQBS64JX,溯溪沙滩鞋,"Lake Shoes for Women Men, Aqua Socks, Swim Footwear, Slip On River Dock Boat Ramp Travel Vacation Pair"
一致,1601,B0H1RTFXRC,QS-122-38/39,公司,公司,B0GQBS64JX,溯溪沙滩鞋,"Swim Shoes for Women Men, Water Shoes, Aqua Socks, Slip On Boat Lake Camping Shower Beach Travel Footwear Pair"
一致,1602,B0H1RWN9FH,QS-112-44/45,公司,公司,B0GQBS64JX,溯溪沙滩鞋,"Aqua Socks for Women Men, Water Shoes, Barefoot Swim Footwear, Resort Pool Lake Yoga Beach Travel Pair"
一致,1603,B0H1RZ6SC8,QS-112-36/37,公司,公司,B0GQBS64JX,溯溪沙滩鞋,"Aqua Socks for Women Men, Water Shoes, Barefoot Swim Footwear, Resort Pool Lake Yoga Beach Travel Pair"
一致,1604,B0H1RTJQ11,QS-124-42/43,公司,公司,B0GQBS64JX,溯溪沙滩鞋,"Beach Shoes for Women Men, Aqua Socks, Swim Footwear, Lightweight Cruise Pool Resort Vacation Travel Pair"
一致,1605,B0H1RQ4RB4,QS-113-36/37,公司,公司,B0GQBS64JX,溯溪沙滩鞋,"Aqua Socks for Women Men, Water Shoes, Lightweight Swim Footwear, Pool Beach Cruise River Vacation Pair"
一致,1606,B0H1S3R2FR,QS-133-40/41,公司,公司,B0GQBS64JX,溯溪沙滩鞋,"River Shoes for Women Men, Aqua Socks, Swim Footwear, Lightweight Kayaking Dock Beach Summer Travel Pair"
一致,1607,B0H1S42D52,QS-131-42/43,公司,公司,B0GQBS64JX,溯溪沙滩鞋,"Pool Shoes for Women Men, Aqua Socks, Barefoot Water Footwear, Yoga Beach Resort Spa Pool Vacation Pair"
一致,1608,B0H1RW5JNR,QS-128-38/39,公司,公司,B0GQBS64JX,溯溪沙滩鞋,"Pool Shoes for Women Men, Aqua Socks, Swim Footwear, Quick Dry Beach Lake Resort Cruise Summer Travel Pair"
一致,1609,B0H1RW2DND,QS-121-40/41,公司,公司,B0GQBS64JX,溯溪沙滩鞋,"Swim Shoes for Women Men, Water Shoes, Aqua Socks, Foldable Pool Water Park Beach Resort Travel Pair"
一致,1610,B0H1SBNN2W,QS-114-42/43,公司,公司,B0GQBS64JX,溯溪沙滩鞋,"Aqua Socks for Women Men, Water Shoes, Foldable Swim Footwear, River Lake Dock Boat Beach Travel Pair"
一致,1611,B0H1S8PMPH,QS-125-40/41,公司,公司,B0GQBS64JX,溯溪沙滩鞋,"Beach Shoes for Women Men, Aqua Socks, Barefoot Water Footwear, Lake River Beach House Summer Travel Pair"
一致,1612,B0H1S61DHG,QS-127-42/43,公司,公司,B0GQBS64JX,溯溪沙滩鞋,"Beach Shoes for Women Men, Aqua Socks, Lightweight Water Footwear, River Dock Fishing Summer Travel Pair"
一致,1613,B0H1RTVMZY,QS-133-36/37,公司,公司,B0GQBS64JX,溯溪沙滩鞋,"River Shoes for Women Men, Aqua Socks, Swim Footwear, Lightweight Kayaking Dock Beach Summer Travel Pair"
一致,1614,B0H1RVJ81N,QS-133-44/45,公司,公司,B0GQBS64JX,溯溪沙滩鞋,"River Shoes for Women Men, Aqua Socks, Swim Footwear, Lightweight Kayaking Dock Beach Summer Travel Pair"
一致,1615,B0H1S1FMN1,QS-132-40/41,公司,公司,B0GQBS64JX,溯溪沙滩鞋,"River Shoes for Women Men, Aqua Socks, Water Footwear, Quick Dry Beach Pool Lake Weekend Travel Trip Pair"
一致,1616,B0H1S4T9D8,QS-115-44/45,公司,公司,B0GQBS64JX,溯溪沙滩鞋,"Aqua Socks for Women Men, Water Shoes, Slip On Swim Footwear, Resort Pool Beach Water Park Cruise Summer Pair"
一致,1617,B0H1RYVFML,QS-111-36/37,公司,公司,B0GQBS64JX,溯溪沙滩鞋,"Aqua Socks for Women Men, Water Shoes, Quick Dry Swim Footwear, Beach Pool River Lake Cruise Summer Travel Pair"
一致,1618,B0H1S89SQ5,QS-114-36/37,公司,公司,B0GQBS64JX,溯溪沙滩鞋,"Aqua Socks for Women Men, Water Shoes, Foldable Swim Footwear, River Lake Dock Boat Beach Travel Pair"
一致,1619,B0H1RVQ3BR,QS-122-42/43,公司,公司,B0GQBS64JX,溯溪沙滩鞋,"Swim Shoes for Women Men, Water Shoes, Aqua Socks, Slip On Boat Lake Camping Shower Beach Travel Footwear Pair"
一致,1620,B0H1RYTWPT,QS-121-38/39,公司,公司,B0GQBS64JX,溯溪沙滩鞋,"Swim Shoes for Women Men, Water Shoes, Aqua Socks, Foldable Pool Water Park Beach Resort Travel Pair"
一致,1621,B0H1RWL144,QS-139-36/37,公司,公司,B0GQBS64JX,溯溪沙滩鞋,"Barefoot Water Socks for Women Men, Aqua Shoes, Pool Footwear, River Lake Beach Resort Summer Travel Pair"
一致,1622,B0H1RYRK3L,QS-102-38/39,公司,公司,B0GQBS64JX,溯溪沙滩鞋,"Water Shoes for Women Men, Aqua Socks, Quick Dry Swim Shoes, Slip On Beach Pool River Lake Cruise Travel Footwear"
一致,1623,B0H1S3RHYX,QS-127-44/45,公司,公司,B0GQBS64JX,溯溪沙滩鞋,"Beach Shoes for Women Men, Aqua Socks, Lightweight Water Footwear, River Dock Fishing Summer Travel Pair"
一致,1624,B0H1RWG6V6,QS-113-44/45,公司,公司,B0GQBS64JX,溯溪沙滩鞋,"Aqua Socks for Women Men, Water Shoes, Lightweight Swim Footwear, Pool Beach Cruise River Vacation Pair"
一致,1625,B0H1RSZ2G2,QS-137-44/45,公司,公司,B0GQBS64JX,溯溪沙滩鞋,"Surf Shoes for Women Men, Aqua Socks, Swim Footwear, Lightweight Lake River Beach Resort Summer Travel Pair"
一致,1626,B0H1RNJBVW,QS-119-36/37,公司,公司,B0GQBS64JX,溯溪沙滩鞋,"Swim Shoes for Women Men, Water Shoes, Aqua Socks, Barefoot Lake Cruise Resort Pool Vacation Footwear"
一致,1627,B0H1SBV97W,QS-138-44/45,公司,公司,B0GQBS64JX,溯溪沙滩鞋,"Barefoot Water Socks for Women Men, Aqua Shoes, Swim Footwear, Beach Pool Resort Cruise Summer Travel Pair"
一致,1628,B0H1RX9HMP,QS-126-42/43,公司,公司,B0GQBS64JX,溯溪沙滩鞋,"Beach Shoes for Women Men, Aqua Socks, Quick Dry Water Footwear, Pool Resort Cruise Beach Hotel Travel Pair"
一致,1629,B0H1SBMP76,QS-121-36/37,公司,公司,B0GQBS64JX,溯溪沙滩鞋,"Swim Shoes for Women Men, Water Shoes, Aqua Socks, Foldable Pool Water Park Beach Resort Travel Pair"
一致,1630,B0H1RTLH59,QS-136-42/43,公司,公司,B0GQBS64JX,溯溪沙滩鞋,"Surf Shoes for Women Men, Aqua Socks, Water Footwear, Quick Dry Beach Pool Resort Summer Vacation Travel Pair"
一致,1631,B0H1S8K846,QS-135-42/43,公司,公司,B0GQBS64JX,溯溪沙滩鞋,"Lake Shoes for Women Men, Aqua Socks, Swim Footwear, Slip On River Dock Boat Ramp Travel Vacation Pair"
一致,1632,B0H1S3LMQS,QS-131-38/39,公司,公司,B0GQBS64JX,溯溪沙滩鞋,"Pool Shoes for Women Men, Aqua Socks, Barefoot Water Footwear, Yoga Beach Resort Spa Pool Vacation Pair"
一致,1633,B0H1S4P18N,QS-126-44/45,公司,公司,B0GQBS64JX,溯溪沙滩鞋,"Beach Shoes for Women Men, Aqua Socks, Quick Dry Water Footwear, Pool Resort Cruise Beach Hotel Travel Pair"
一致,1634,B0H1S1YV6C,QS-127-38/39,公司,公司,B0GQBS64JX,溯溪沙滩鞋,"Beach Shoes for Women Men, Aqua Socks, Lightweight Water Footwear, River Dock Fishing Summer Travel Pair"
一致,1635,B0H1S34C75,QS-114-40/41,公司,公司,B0GQBS64JX,溯溪沙滩鞋,"Aqua Socks for Women Men, Water Shoes, Foldable Swim Footwear, River Lake Dock Boat Beach Travel Pair"
一致,1636,B0H1RTJZYL,QS-125-44/45,公司,公司,B0GQBS64JX,溯溪沙滩鞋,"Beach Shoes for Women Men, Aqua Socks, Barefoot Water Footwear, Lake River Beach House Summer Travel Pair"
一致,1637,B0H1S4KNSR,QS-132-36/37,公司,公司,B0GQBS64JX,溯溪沙滩鞋,"River Shoes for Women Men, Aqua Socks, Water Footwear, Quick Dry Beach Pool Lake Weekend Travel Trip Pair"
一致,1638,B0H1RWC2G6,QS-124-40/41,公司,公司,B0GQBS64JX,溯溪沙滩鞋,"Beach Shoes for Women Men, Aqua Socks, Swim Footwear, Lightweight Cruise Pool Resort Vacation Travel Pair"
一致,1639,B0H1RRXBMG,QS-132-38/39,公司,公司,B0GQBS64JX,溯溪沙滩鞋,"River Shoes for Women Men, Aqua Socks, Water Footwear, Quick Dry Beach Pool Lake Weekend Travel Trip Pair"
一致,1640,B0H1RTS258,QS-137-42/43,公司,公司,B0GQBS64JX,溯溪沙滩鞋,"Surf Shoes for Women Men, Aqua Socks, Swim Footwear, Lightweight Lake River Beach Resort Summer Travel Pair"
一致,1641,B0H1RZ9GR9,QS-139-44/45,公司,公司,B0GQBS64JX,溯溪沙滩鞋,"Barefoot Water Socks for Women Men, Aqua Shoes, Pool Footwear, River Lake Beach Resort Summer Travel Pair"
一致,1642,B0H1RYLZFG,QS-127-36/37,公司,公司,B0GQBS64JX,溯溪沙滩鞋,"Beach Shoes for Women Men, Aqua Socks, Lightweight Water Footwear, River Dock Fishing Summer Travel Pair"
一致,1643,B0H1S1VFFV,QS-131-36/37,公司,公司,B0GQBS64JX,溯溪沙滩鞋,"Pool Shoes for Women Men, Aqua Socks, Barefoot Water Footwear, Yoga Beach Resort Spa Pool Vacation Pair"
一致,1644,B0H1RT2HNN,QS-125-38/39,公司,公司,B0GQBS64JX,溯溪沙滩鞋,"Beach Shoes for Women Men, Aqua Socks, Barefoot Water Footwear, Lake River Beach House Summer Travel Pair"
一致,1645,B0H1RVR1L6,QS-137-36/37,公司,公司,B0GQBS64JX,溯溪沙滩鞋,"Surf Shoes for Women Men, Aqua Socks, Swim Footwear, Lightweight Lake River Beach Resort Summer Travel Pair"
一致,1646,B0H1RTQLKP,QS-128-36/37,公司,公司,B0GQBS64JX,溯溪沙滩鞋,"Pool Shoes for Women Men, Aqua Socks, Swim Footwear, Quick Dry Beach Lake Resort Cruise Summer Travel Pair"
一致,1647,B0H1RV2QC2,QS-128-42/43,公司,公司,B0GQBS64JX,溯溪沙滩鞋,"Pool Shoes for Women Men, Aqua Socks, Swim Footwear, Quick Dry Beach Lake Resort Cruise Summer Travel Pair"
一致,1648,B0H1RW1W3B,QS-121-42/43,公司,公司,B0GQBS64JX,溯溪沙滩鞋,"Swim Shoes for Women Men, Water Shoes, Aqua Socks, Foldable Pool Water Park Beach Resort Travel Pair"
一致,1649,B0H1RT2P22,QS-126-38/39,公司,公司,B0GQBS64JX,溯溪沙滩鞋,"Beach Shoes for Women Men, Aqua Socks, Quick Dry Water Footwear, Pool Resort Cruise Beach Hotel Travel Pair"
一致,1650,B0H1SC6GGB,QS-134-44/45,公司,公司,B0GQBS64JX,溯溪沙滩鞋,"Lake Shoes for Women Men, Aqua Socks, Water Footwear, Quick Dry Beach Pool Cruise Summer Vacation Travel Pair"
一致,1651,B0H1S8HQ5B,QS-131-40/41,公司,公司,B0GQBS64JX,溯溪沙滩鞋,"Pool Shoes for Women Men, Aqua Socks, Barefoot Water Footwear, Yoga Beach Resort Spa Pool Vacation Pair"
一致,1652,B0H1RRXBMJ,QS-136-38/39,公司,公司,B0GQBS64JX,溯溪沙滩鞋,"Surf Shoes for Women Men, Aqua Socks, Water Footwear, Quick Dry Beach Pool Resort Summer Vacation Travel Pair"
一致,1653,B0H1RZ8LRV,QS-134-42/43,公司,公司,B0GQBS64JX,溯溪沙滩鞋,"Lake Shoes for Women Men, Aqua Socks, Water Footwear, Quick Dry Beach Pool Cruise Summer Vacation Travel Pair"
一致,1654,B0H1RZB97Y,QS-139-38/39,公司,公司,B0GQBS64JX,溯溪沙滩鞋,"Barefoot Water Socks for Women Men, Aqua Shoes, Pool Footwear, River Lake Beach Resort Summer Travel Pair"
一致,1655,B0H1RZL6VM,QS-118-40/41,公司,公司,B0GQBS64JX,溯溪沙滩鞋,"Swim Shoes for Women Men, Water Shoes, Aqua Socks, Quick Dry Beach Pool River Lake Cruise Travel Footwear"
一致,1656,B0H1RWDB8D,QS-119-42/43,公司,公司,B0GQBS64JX,溯溪沙滩鞋,"Swim Shoes for Women Men, Water Shoes, Aqua Socks, Barefoot Lake Cruise Resort Pool Vacation Footwear"
一致,1657,B0H1RM4WSR,QS-122-40/41,公司,公司,B0GQBS64JX,溯溪沙滩鞋,"Swim Shoes for Women Men, Water Shoes, Aqua Socks, Slip On Boat Lake Camping Shower Beach Travel Footwear Pair"
一致,1658,B0H1RW76N4,QS-124-38/39,公司,公司,B0GQBS64JX,溯溪沙滩鞋,"Beach Shoes for Women Men, Aqua Socks, Swim Footwear, Lightweight Cruise Pool Resort Vacation Travel Pair"
一致,1659,B0H1SBMY4R,QS-126-40/41,公司,公司,B0GQBS64JX,溯溪沙滩鞋,"Beach Shoes for Women Men, Aqua Socks, Quick Dry Water Footwear, Pool Resort Cruise Beach Hotel Travel Pair"
一致,1660,B0H1SBNTS3,QS-119-44/45,公司,公司,B0GQBS64JX,溯溪沙滩鞋,"Swim Shoes for Women Men, Water Shoes, Aqua Socks, Barefoot Lake Cruise Resort Pool Vacation Footwear"
一致,1661,B0H1S3XH69,QS-102-44/45,公司,公司,B0GQBS64JX,溯溪沙滩鞋,"Water Shoes for Women Men, Aqua Socks, Quick Dry Swim Shoes, Slip On Beach Pool River Lake Cruise Travel Footwear"
一致,1662,B0H1RVGLB7,QS-125-42/43,公司,公司,B0GQBS64JX,溯溪沙滩鞋,"Beach Shoes for Women Men, Aqua Socks, Barefoot Water Footwear, Lake River Beach House Summer Travel Pair"
一致,1663,B0H1RWN2FY,QS-136-40/41,公司,公司,B0GQBS64JX,溯溪沙滩鞋,"Surf Shoes for Women Men, Aqua Socks, Water Footwear, Quick Dry Beach Pool Resort Summer Vacation Travel Pair"
一致,1664,B0H1RRD482,QS-109-36/37,公司,公司,B0GQBS64JX,溯溪沙滩鞋,"Water Shoes for Women Men, Aqua Socks, Quick Dry Swim Shoes, Lake River Dock Beach Camping Shower Footwear"
一致,1665,B0H1RRQTZN,QS-109-44/45,公司,公司,B0GQBS64JX,溯溪沙滩鞋,"Water Shoes for Women Men, Aqua Socks, Quick Dry Swim Shoes, Lake River Dock Beach Camping Shower Footwear"
一致,1666,B0H1RSFKJS,QS-109-40/41,公司,公司,B0GQBS64JX,溯溪沙滩鞋,"Water Shoes for Women Men, Aqua Socks, Quick Dry Swim Shoes, Lake River Dock Beach Camping Shower Footwear"
一致,1667,B0H1RL7P88,QS-109-42/43,公司,公司,B0GQBS64JX,溯溪沙滩鞋,"Water Shoes for Women Men, Aqua Socks, Quick Dry Swim Shoes, Lake River Dock Beach Camping Shower Footwear"
一致,1668,B0H1RSWVCG,QS-109-38/39,公司,公司,B0GQBS64JX,溯溪沙滩鞋,"Water Shoes for Women Men, Aqua Socks, Quick Dry Swim Shoes, Lake River Dock Beach Camping Shower Footwear"
一致,1669,B0H1QYVP2K,SP-chanzi-1,图图,图图,B0H1R39GHR,食物铲,"Silicone Kitchen Spatula, Food Grade Heat Resistant Non-Stick Cooking Spatula, Flexible Solid Turner for Frying, Stirring and Baking Kitchen Tool"
一致,1670,B0H1QZKWVV,SP-niupaijia-1,图图,图图,B0H1R6WSQR,牛排夹,"Stainless Steel Fish Spatula Tongs, 2-in-1 Non-Stick Food Clip, Steak Shovel Turner for Kitchen Cooking"
一致,1671,B0H1R1JTQ8,SP-geyoulou-1,图图,图图,B0H1QNXJSZ,隔油勺,"Stainless Steel Oil Separator Spoon, Fat Gravy Skimmer Ladle, Kitchen Soup Oil Filter Spoon for Cooking"
一致,1672,B0H1Q3J8CC,SP-yinhuamuju-01,图图,图图,B0H1QFVJNQ,,"12Pcs Stainless Steel Cookie & Vegetable Cutter Set, Perfect for Fruit, Cake Decorating, Salad Prep, Baking & Dry Sprinkling"
一致,1673,B0H1QNWQ3Q,KCC-GLW-200MU,凯旋,凯旋,B0H1Q167BL,过滤网,"Fine Nylon Mesh Strainer Spoon, High Density PP Frame Food Filter Sieve For Soy Milk Juice Honey"
一致,1674,B0H1CS5WH7,SP-jidan-4,图图,图图,B0H1CMQFP9,鸡蛋模具,"4 Pack Stainless Steel Egg Rings, Non Stick Egg Mold Shaper, Round Square Oval Rectangular Cooking Rings for Fried Egg Pancake Breakfast Sandwich"
一致,1675,B0H1H7HZWZ,SP-shuazi-1,图图,图图,B0H1HF5C67,海绵刷子,"Magic Cleaning Sponge, PU Foam Scrub Sponge, Lightweight Non-Scratch Eraser for Ceramic Tile Glass Wall Toilet Kitchen Bathroom Home Cleaning"
一致,1676,B0H1HG48V4,SP-FPtaozu-12zi,图图,图图,B0H1HCTD7L,粉扑紫色,"14Pcs Makeup Sponge Puff Set, Beauty Blenders & Mini Puffs, Soft Cotton Foundation Blending Sponges for Powder Cream Liquid Makeup"
一致,1677,B0H1FQ4P14,KCC-XZQXD-BAI,凯旋,凯旋,B0H1G214D3,鞋子清洗袋,"Shoe Laundry Wash Bag, Mesh Fabric Zippered Protector For Sneakers Footwear Washing Machine Cleaning"
一致,1678,B0H1FNLCPN,SP-cunchu-1,图图,图图,B0H1FDR6V3,调料架,"Wall Mounted Storage Rack, No Drilling Adhesive Floating Shelf, Moderate Size Bathroom Kitchen Organizer for Cosmetics Toiletries Sundries"
一致,1679,B0H1D4CDZC,QS-079-38/39,公司,公司,B0GQBP3SH9,,Slip On Beach Shoes Quick Dry Water Shoes for Travel Vacation Outdoor
一致,1680,B0H1D3K9M7,QS-028-36/37,公司,公司,B0GQBS64JX,,"Creek Water Shoes for Men Women, Anti Slip Sole, Quick Dry, for River Walking"
一致,1681,B0H1D2LD2Y,QS-036-44/45,公司,公司,B0GQBS64JX,,Summer Water Shoes for Women Men Comfort Quick Dry Beach Walking Shoes
一致,1682,B0H1CZ8S9N,QS-072-36/37,公司,公司,B0GQBP3SH9,,"Water Shoes for Men Women, Anti Skid Rubber Sole, Slip On, for Rafting Kayak"
一致,1683,B0H1D71MBQ,QS-033-36/37,公司,公司,B0GQBS64JX,,"Water Shoes Unisex, Anti Skid Pattern Sole, Soft Stretch Upper, for Wet Rocks"
一致,1684,B0H1DFYT7B,QS-033-38/39,公司,公司,B0GQBS64JX,,"Water Shoes Unisex, Anti Skid Pattern Sole, Soft Stretch Upper, for Wet Rocks"
一致,1685,B0H1CZRRG7,QS-033-44/45,公司,公司,B0GQBS64JX,,"Water Shoes Unisex, Anti Skid Pattern Sole, Soft Stretch Upper, for Wet Rocks"
一致,1686,B0H1DFT55H,QS-010-44/45,公司,公司,B0GQBS64JX,,"Diving Water Shoes for Men Women, Non Skid Rubber Sole, Quick Dry Swim Shoes"
一致,1687,B0H1DDF3DQ,QS-010-36/37,公司,公司,B0GQBS64JX,,"Diving Water Shoes for Men Women, Non Skid Rubber Sole, Quick Dry Swim Shoes"
一致,1688,B0H1D2L5S2,QS-056-38/39,公司,公司,B0GQBP3SH9,,"Pool Beach Water Shoes Unisex, Non Slip Rubber Sole, Printed Quick Dry Shoes"
一致,1689,B0H1D5TCQY,QS-070-38/39,公司,公司,B0GQBP3SH9,,"Packable Beach Water Shoes for Men Women, Non Slip Sole, Travel Swim Shoes"
一致,1690,B0H1CZCVDW,QS-056-36/37,公司,公司,B0GQBP3SH9,,"Pool Beach Water Shoes Unisex, Non Slip Rubber Sole, Printed Quick Dry Shoes"
一致,1691,B0H1D95VF8,QS-070-36/37,公司,公司,B0GQBP3SH9,,"Packable Beach Water Shoes for Men Women, Non Slip Sole, Travel Swim Shoes"
一致,1692,B0H1CWS9BY,KCC-XXD-HUANG,凯旋,凯旋,B0H1CTKL88,洗鞋袋,"Shoe Laundry Wash Bag, Reusable Zippered Fabric Protector For Sneakers Footwear In Washing Machine"
一致,1693,B0H156KRGG,QS-044-36/37,公司,公司,B0GQH38Y4J,,Lightweight Foldable Water Shoes Comfort Beach Shoes for Pool Travel
一致,1694,B0H1561F22,QS-082-36/37,公司,公司,B0GQBP3SH9,,"Unisex Aqua Shoes, Non Skid Rubber Sole, Stretch Fit, for Ocean Reef Walk"
一致,1695,B0H156PKSD,QS-050-36/37,公司,公司,B0GQBS64JX,,"Beach Aqua Shoes Unisex, Non Slip Rubber Sole, Comfortable Insole, for Ocean"
一致,1696,B0GZNZJ34V,QS-002-36/37,公司,公司,B0GQBS64JX,,Water Shoes for Women Men Quick Dry Barefoot Beach Swim Pool Walking Shoes
一致,1697,B0H14KHVXK,KC-B22-M,图图,图图,B0HD6F5MYH,比基尼,String Triangle Bikini Top for Women Sexy Self Tie Back Bathing Suit Swim Top Black
一致,1698,B0H147G4HD,KCC-caihong-1,凯旋,凯旋,B0GYXXHWBS,宠物玩具,"Dog Rope Toy, Multi Style Interactive Tug Chew Toys for Small Dogs, Teething Rope Toy Pack for Pet Daily Play"
一致,1699,B0H14FXJZN,KCC-caihong-2,凯旋,凯旋,B0H14FXJZN,宠物玩具,"2 Pack Dog Rope Toy, Multi Style Interactive Tug Chew Toys for Small Dogs, Teething Rope Toy Pack for Pet Daily Play"
一致,1700,B0H118DFFJ,KC-B20-M,图图,图图,B0HD6F5MYH,比基尼,String Bikini Tops for Women Sexy Triangle Bathing Suit Tops Adjustable Tie Back Swim Tops
一致,1701,B0GZYWDLB9,YQ-QWER-2026421-SJQ,凯旋,凯旋,B0GZYWDLB9,水晶球,"Glass Crystal Ball for Women-3D Inner Carved Glass Ball Decor with Stand, Sculpture Decor for Desk Shelf Mantel Office Bedroom (Dolphin)"
一致,1702,B0GZYRC64S,YQ-QWER-2026422-SJQ,凯旋,凯旋,B0GZYRC64S,水晶球,"Glass Crystal Ball for Women-3D Inner Carved Glass Ball Decor with Stand, Sculpture Decor for Desk Shelf Mantel Office Bedroom (Panda)"
一致,1703,B0GZYR7Q2W,YQ-QWER-2026420-MGZJJ-2,凯旋,凯旋,B0GZYT7X7W,指甲钳套装,"Nail Clipper for Women 7Pcs- Manicure Pedicure Kit with Travel Case, Fingernail Toenail Clippers, Cuticle Trimmer for Home Travel (Green)"
一致,1704,B0GZYQXWJ3,YQ-QWER-2026427-SJQ,凯旋,凯旋,B0GZYQXWJ3,水晶球,"Glass Crystal Ball for Women-3D Inner Carved Glass Ball Decor with Stand, Sculpture Decor for Desk Shelf Mantel Office Bedroom (Tree)"
一致,1705,B0GZYSZZ1G,YQ-QWER-2026419-SJQ,凯旋,凯旋,B0GZZ4BH93,水晶球,"Glass Crystal Ball for Women-3D Inner Carved Glass Ball Decor with Stand, Sculpture Decor for Desk Shelf Mantel Office Bedroom (Elk)"
一致,1706,B0GZZ7C6KM,YQ-QWER-2026428-SJQ,凯旋,凯旋,B0GZZ7C6KM,水晶球,"Glass Crystal Ball for Women-3D Inner Carved Glass Ball Decor with Stand, Sculpture Decor for Desk Shelf Mantel Office Bedroom (Moon)"
一致,1707,B0GZYNQX98,SP-huanbao-bai,图图,图图,B0GZYMCQXS,折叠环保包白色,"Reusable Cotton Mesh Grocery Bag, Expandable Net Tote Bag for Fruits, Vegetables, Produce, Beach and Shopping"
一致,1708,B0GZVNFDQB,SP-bingxiang01-hua,图图,图图,B0GZVPL8WD,冰箱贴花1,"4 PCS 3D Embossed Flower Ceramic Fridge Magnets, Floral Decorative Magnets Set for Kitchen Refrigerator Home Office Whiteboard Metal Wall Decor Gift"
一致,1709,B0GZP59R2N,QS-526-B17-26-27,公司,公司,B0GYX16S5J,,"Kids Water Shoes, Cute Whale & Seahorse Print Quick-Dry Aqua Socks for Toddler Boys Girls, Non-Slip Swim Shoes for Beach, Pool, Water Park, River Trekking, and Indoor Activities"
一致,1710,B0GZP66WVT,QS-524-B23-26-27,公司,公司,B0GYX16S5J,,"Kids Water Shoes, Cute Ocean Cartoon Print Quick-Dry Aqua Socks for Toddler Boys Girls, Non-Slip Swim Shoes for Beach, Pool, Water Park, River Trekking, and Indoor Activities"
一致,1711,B0GZP6YWSJ,QS-524-B23-28-29,公司,公司,B0GYX16S5J,,"Kids Water Shoes, Cute Ocean Cartoon Print Quick-Dry Aqua Socks for Toddler Boys Girls, Non-Slip Swim Shoes for Beach, Pool, Water Park, River Trekking, and Indoor Activities"
一致,1712,B0GZPBRQ8N,QS-526-B17-28-29,公司,公司,B0GYX16S5J,,"Kids Water Shoes, Cute Whale & Seahorse Print Quick-Dry Aqua Socks for Toddler Boys Girls, Non-Slip Swim Shoes for Beach, Pool, Water Park, River Trekking, and Indoor Activities"
一致,1713,B0GZP7YG7Q,QS-527-A110-28-29,公司,公司,B0GYX16S5J,,"Kids Water Shoes, Cute Starfish Print Quick-Dry Aqua Socks for Toddler Boys Girls, Non-Slip Swim Shoes for Beach, Pool, Water Park, River Trekking, and Indoor Activities"
一致,1714,B0GZP8DQ5J,QS-046-38/39,公司,公司,B0GQBS64JX,,"Beach Water Shoes Unisex, Anti Slip Pattern Sole, Quick Dry Swim Shoes for Ocean"
一致,1715,B0GZPNKN1Y,QS-529-A96-26-27,公司,公司,B0GYX16S5J,,"Kids Water Shoes, Cute Shark Print Quick-Dry Aqua Socks for Toddler Boys Girls, Non-Slip Swim Shoes for Beach, Pool, Water Park, River Trekking, and Indoor Activities"
一致,1716,B0GZNZJ34V,QS-001-36/37,公司,公司,B0GQBS64JX,,Water Shoes for Women Men Quick Dry Barefoot Beach Swim Pool Walking Shoes
一致,1717,B0GZP1B14W,QS-528-A95-26-27,公司,公司,B0GYX16S5J,,"Kids Water Shoes, Cute Dolphin Print Quick-Dry Aqua Socks for Toddler Boys Girls, Non-Slip Swim Shoes for Beach, Pool, Water Park, River Trekking, and Indoor Activities"
一致,1718,B0GZP4BBJ5,QS-061-36/37,公司,公司,B0GQBP3SH9,,"Ocean Swim Water Shoes Unisex, Anti Slip Rubber Sole, Stretch Fit Beach Shoes"
一致,1719,B0GZP66WNH,QS-081-36/37,公司,公司,B0GQBP3SH9,,"Water Shoes Unisex, Anti Slip Sole, Printed Design, for Beach Swimming Rafting"
一致,1720,B0GZNZDN1N,QS-506-D19-28/29,公司,公司,B0GYWSYXZ5,新款大童溯溪鞋,"Big Kids Water Shoes, Whale & Sailboat Print Non Slip Aqua Socks for Big Kids Beach Swim Pool"
一致,1721,B0GZNTCX6T,QS-506-D19-26/27,公司,公司,B0GYWSYXZ5,新款大童溯溪鞋,"Big Kids Water Shoes, Whale & Sailboat Print Non Slip Aqua Socks for Big Kids Beach Swim Pool"
一致,1722,B0GZN2SCLH,QS-506-D19-34/35,公司,公司,B0GYWSYXZ5,新款大童溯溪鞋,"Big Kids Water Shoes, Whale & Sailboat Print Non Slip Aqua Socks for Big Kids Beach Swim Pool"
一致,1723,B0GZ1VF7TW,ZD003-Yellow-10/11,公司,公司,B0GL9J1BLX,人字拖,"Foldable EVA Flip Flops for Women Men, Wide Strap Non-Slip Travel Sandals, Lightweight Quick-Drying Beach Slippers for Vacation, Pool & Shower"
一致,1724,B0GYYSK2M4,QS-524-B23-34-35,公司,公司,B0GYX16S5J,潜水溯溪鞋,"Kids Water Shoes, Cute Ocean Cartoon Print Quick-Dry Aqua Socks for Toddler Boys Girls, Non-Slip Swim Shoes for Beach, Pool, Water Park, River Trekking, and Indoor Activities"
一致,1725,B0GYZFL74L,SP-TU-XXDZ-01,图图,图图,B0GYXBVR59,星星吊坠,"Dog Star Pendant Rope Toy, 28CM Cotton Teething Toy for Small Dogs, Interactive Tug & Fetch Toy"
一致,1726,B0GYX2TPFM,QS-524-B23-32-33,公司,公司,B0GYX16S5J,潜水溯溪鞋,"Kids Water Shoes, Cute Ocean Cartoon Print Quick-Dry Aqua Socks for Toddler Boys Girls, Non-Slip Swim Shoes for Beach, Pool, Water Park, River Trekking, and Indoor Activities"
一致,1727,B0GYWX516C,QS-527-A110-30-31,公司,公司,B0GYX16S5J,潜水溯溪鞋,"Kids Water Shoes, Cute Starfish Print Quick-Dry Aqua Socks for Toddler Boys Girls, Non-Slip Swim Shoes for Beach, Pool, Water Park, River Trekking, and Indoor Activities"
一致,1728,B0GYX2HZ32,QS-524-B23-30-31,公司,公司,B0GYX16S5J,潜水溯溪鞋,"Kids Water Shoes, Cute Ocean Cartoon Print Quick-Dry Aqua Socks for Toddler Boys Girls, Non-Slip Swim Shoes for Beach, Pool, Water Park, River Trekking, and Indoor Activities"
一致,1729,B0GYWXVB7X,QS-526-B17-30-31,公司,公司,B0GYX16S5J,潜水溯溪鞋,"Kids Water Shoes, Cute Whale & Seahorse Print Quick-Dry Aqua Socks for Toddler Boys Girls, Non-Slip Swim Shoes for Beach, Pool, Water Park, River Trekking, and Indoor Activities"
一致,1730,B0GYX36NND,QS-506-D19-30/31,公司,公司,B0GYWSYXZ5,新款大童溯溪鞋,"Big Kids Water Shoes, Whale & Sailboat Print Non Slip Aqua Socks for Big Kids Beach Swim Pool"
一致,1731,B0GYWPSZYZ,QS-506-D19-32/33,公司,公司,B0GYWSYXZ5,新款大童溯溪鞋,"Big Kids Water Shoes, Whale & Sailboat Print Non Slip Aqua Socks for Big Kids Beach Swim Pool"
一致,1732,B0GYRKJGKW,QS-019-44/45,公司,公司,B0GQBYRX2R,潜水溯溪鞋,Lightweight Foldable Water Shoes Comfort Beach Shoes for Pool Travel Multicolor
一致,1733,B0GYRMSSB4,QS-101-44/45,公司,公司,B0GQBS64JX,潜水溯溪鞋,"Beach Water Shoes Unisex, Anti Slip Pattern Sole, Quick Dry Swim Shoes for Ocean"
一致,1734,B0GYRJCCK8,QS-061-38/39,公司,公司,B0GQBP3SH9,潜水溯溪鞋,"Ocean Swim Water Shoes Unisex, Anti Slip Rubber Sole, Stretch Fit Beach Shoes"
一致,1735,B0GYRNQ69R,QS-001-44/45,公司,公司,B0GQBS64JX,潜水溯溪鞋,Water Shoes for Women Men Quick Dry Barefoot Beach Swim Pool Walking Shoes
一致,1736,B0GYRGGPCS,QS-101-38/39,公司,公司,B0GQBS64JX,潜水溯溪鞋,"Beach Water Shoes Unisex, Anti Slip Pattern Sole, Quick Dry Swim Shoes for Ocean"
一致,1737,B0GYRKPY8V,QS-048-44/45,公司,公司,B0GQBS64JX,潜水溯溪鞋,"Diving Swim Water Shoes for Men Women, Non Skid Sole, Stretch Fit Slip On"
一致,1738,B0GYRFBGGD,QS-059-38/39,公司,公司,B0GQBP3SH9,潜水溯溪鞋,"Water Shoes Men Women, Non Slip Sole, Cushion Insole, for Beach Snorkeling"
一致,1739,B0GY8SRWSQ,KCC-XGYF-XL,凯旋,凯旋,B0GY8X1TF6,小狗衣服,"Breathable Mesh Summer Dog Vest, Cute Printed Lightweight Tank Top As Daily Casual Apparel for Small Puppy and Small Breed Dogs"
一致,1740,B0GXZ5SGJV,SP-qingjieh1-01,图图,图图,B0GXZ56JYY,清洁果蔬,"4 Pcs Bendable Vegetable Brush, Multi‑Segment Flexible Fruit and Vegetable Cleaning Brush for Potato Carrot Ginger Kitchen Cleaning (Orange, White)"
一致,1741,B0GXYZZVLG,SP-qingjies1-01,图图,图图,B0GXZC7VLM,清洁果蔬,"4 Pcs Double-Sided Cleaning Brush, Dual-Use Brush for Fruit & Vegetable Washing and Dish Pot Pan Kitchen Cleaning"
一致,1742,B0GY2PWPPM,SP-XIE6-Q42/43,公司,公司,B0GY2PWPPM,溯溪沙滩鞋,"Aqua Socks Water Shoes for Men Women, Anti-Slip Quick Dry Swim Shoes for Pool"
一致,1743,B0GXYW57PM,SP-shibian5l-01,图图,图图,B0GXZ1PSZR,宠物拾便袋,"5 Pcs Dog Poop Bags with Dispenser, Portable Leak-Proof Pet Waste Bags for Outdoor Dog Walking"
一致,1744,B0GXY22SVS,SP-fengpu03-01,图图,图图,B0GXXPC5T3,,"4Pcs Multi-Color & Multi-Shape Velour Makeup Puff Set, Soft Powder Puffs for Foundation, Loose Powder & Concealer Application"
一致,1745,B0GXXVBJMJ,SP-fengpu01-01,图图,图图,B0GXXLSSND,,"4Pcs Makeup Puff Set, Multi-Shape & Multi-Color, Soft Cosmetic Puffs for Foundation & Loose Powder"
工具未内置该 ASIN,1746,B0GXVNL9MH,KCC-FPFH-1,凯旋,,B0GXVNL9MH,,"2 Pack Triangle Powder Puff, Mini Finger Makeup Puff for Loose Setting, Pressed Powder, Foundation Touch Ups in Travel Bags"
一致,1747,B0GXTQLJ12,QS-049-38/39,公司,公司,B0GQBS64JX,溯溪沙滩鞋,"Diving Swim Water Shoes for Men Women, Non Skid Sole, Stretch Fit Slip On"
一致,1748,B0GXHW1BLY,QS-021-44/45,公司,公司,B0GQBS64JX,溯溪沙滩鞋,"Unisex Reef Shoes, Non Slip Rubber Sole, Protective Water Shoes for Beach Ocean"
一致,1749,B0GXHPGN3H,QS-013-36/37,公司,公司,B0GQBS64JX,溯溪沙滩鞋,"Rafting Water Shoes Unisex, Non Slip Rubber Sole, Stretch Fit Slip On Aqua Shoes"
一致,1750,B0GXHSCXHN,QS-042-36/37,公司,公司,B0GQBS64JX,溯溪沙滩鞋,"Unisex Swim Shoes, Non Skid Rubber Sole, Packable Quick Dry Beach Shoes"
一致,1751,B0GXHMFT5X,QS-062-36/37,公司,公司,B0GQBS64JX,溯溪沙滩鞋,"Non Slip Aqua Shoes Men Women, Rubber Sole, Quick Dry Slip On for Swimming"
一致,1752,B0GXHT2ZFY,QS-045-36/37,公司,公司,B0GQBS64JX,溯溪沙滩鞋,"Water Shoes Unisex, Anti Skid Sole, Thick Cushion Insole, for Kayak Rafting"
一致,1753,B0GXHCTWJW,QS-093-36/37,公司,公司,B0GQBS64JX,溯溪沙滩鞋,"Diving Snorkel Shoes Men Women, Non Slip Rubber Sole, Quick Dry Water Shoes"
一致,1754,B0GXCY51L9,SP-NZ-Y01,图图,图图,B0GXD26CK5,镊子,"Anti-Static Tweezers, 4 Styles: Straight, Curved, Round & Fine Point, Precision Stainless Steel for Electronics & Crafts"
一致,1755,B0GX5ZLMLK,KCC-NK1-M,凯旋,凯旋,B0GX5YLD4W,男士内裤,"4 Pack Men's Underwear, Soft Breathable Boxer Briefs, Stretch Comfortable Moisture Wicking Underwear for Men Daily Wear Multicolor"
一致,1756,B0GX17V84S,QS-0961-36/37,公司,公司,B0GVYWN441,溯溪沙滩鞋,"Water Shoes for Women Men, Aqua Socks, Swim Footwear, Pool Gym Shower Beach Resort Summer Travel Pair"
一致,1757,B0GX1DQD78,QS-0961-38/39,公司,公司,B0GVYWN441,溯溪沙滩鞋,"Water Shoes for Women Men, Aqua Socks, Swim Footwear, Pool Gym Shower Beach Resort Summer Travel Pair"
一致,1758,B0GWLQHQ9F,SP-SJ2,图图,图图,B0GWPRJBLQ,丝巾,"27.56 Inch Silk Feeling Scarf for Women, Square Satin Head Scarf, Fashion Hair Wrap Bandana for All Occasions"
一致,1759,B0GWLVBVC7,SP-SJ11,图图,图图,B0GWPRJBLQ,丝巾,"27.56 Inch Silk Feeling Scarf for Women, Square Satin Head Scarf, Fashion Hair Wrap Bandana for All Occasions"
一致,1760,B0GWLXJYFY,SP-SJ-L75,图图,图图,B0GWPRJBLQ,丝巾,"Bright Color Satin Square Scarf for Women, Silk Feeling Head Scarf Hair Wrap Bandana, Fashion Neck Scarf for Daily Dressing"
一致,1761,B0GWM36TTM,SP-FSD-zi,图图,图图,B0GWLZDX4Q,防水袋,"1 Pack Waterproof Phone Pouch, IPX8 Underwater Dry Bag Case for Phones Up to 7.5"", Compatible with iPhone Samsung Multiple Colors Purple"
一致,1762,B0GWHRTXX5,QS-0971-44/45,公司,公司,B0GVYWN441,溯溪沙滩鞋,"Water Footwear for Women Men, Aqua Socks, Foldable Swim Shoes, Resort Beach Boat Dock Travel Pair"
一致,1763,B0GWJ27WRZ,QS-0921-44/45,公司,公司,B0GVYWN441,溯溪沙滩鞋,"Aqua Shoes for Women Men, Water Socks, Quick Dry Pool Shoes, Beach Lake River Summer Travel Pair"
一致,1764,B0GWHLPP6Y,QS-0991-44/45,公司,公司,B0GVYWN441,溯溪沙滩鞋,"Pool Footwear for Women Men, Aqua Socks, Lightweight Swim Shoes, Spa Resort Beach Cruise Summer Pair"
一致,1765,B0GWHWLL73,QS-0921-36/37,公司,公司,B0GVYWN441,溯溪沙滩鞋,"Aqua Shoes for Women Men, Water Socks, Quick Dry Pool Shoes, Beach Lake River Summer Travel Pair"
一致,1766,B0GWHJCDFR,QS-0971-36/37,公司,公司,B0GVYWN441,溯溪沙滩鞋,"Water Footwear for Women Men, Aqua Socks, Foldable Swim Shoes, Resort Beach Boat Dock Travel Pair"
一致,1767,B0GWHQ5G4T,QS-097-36/37,公司,公司,B0GQBS64JX,溯溪沙滩鞋,Flexible Water Shoes Barefoot Slippers for Beach Pool Surfing Sports
一致,1768,B0GWHVZCFH,QS-034-36/37,公司,公司,B0GQBS64JX,溯溪沙滩鞋,"Swim Water Shoes for Men Women, Non Slip Sole, Comfortable Fit, for Beach Pool"
一致,1769,B0GWHQ5836,QS-0381-36/37,公司,公司,B0GVYWN441,溯溪沙滩鞋,"Swim Footwear for Women Men, Aqua Socks, Barefoot Water Shoes, Beach Yoga Pool Resort Summer Travel Pair"
一致,1770,B0GWHWJ6TK,QS-0941-36/37,公司,公司,B0GVYWN441,溯溪沙滩鞋,"Beach Footwear for Women Men, Aqua Socks, Slip On Water Shoes, Pool Lake Cruise Summer Vacation Pair"
一致,1771,B0GWGV8TTG,SP-MZmi-lan,图图,图图,B0GWGXYHXP,面罩,"3 Pack Camouflage Windproof Face Covering, Thermal Neck Gaiter Winter Warm Mask for Hunting Skiing Cycling"
一致,1772,B0GVYWJDQP,QS-0941-40/41,公司,公司,B0GVYWN441,溯溪沙滩鞋,"Beach Footwear for Women Men, Aqua Socks, Slip On Water Shoes, Pool Lake Cruise Summer Vacation Pair"
一致,1773,B0GVZ4FSTK,QS-0921-40/41,公司,公司,B0GVYWN441,溯溪沙滩鞋,"Aqua Shoes for Women Men, Water Socks, Quick Dry Pool Shoes, Beach Lake River Summer Travel Pair"
一致,1774,B0GVZ1LGTQ,QS-0921-38/39,公司,公司,B0GVYWN441,溯溪沙滩鞋,"Aqua Shoes for Women Men, Water Socks, Quick Dry Pool Shoes, Beach Lake River Summer Travel Pair"
一致,1775,B0GVYYZSJZ,QS-0971-40/41,公司,公司,B0GVYWN441,溯溪沙滩鞋,"Water Footwear for Women Men, Aqua Socks, Foldable Swim Shoes, Resort Beach Boat Dock Travel Pair"
一致,1776,B0GVYR2FZV,QS-0921-42/43,公司,公司,B0GVYWN441,溯溪沙滩鞋,"Aqua Shoes for Women Men, Water Socks, Quick Dry Pool Shoes, Beach Lake River Summer Travel Pair"
一致,1777,B0GVYWRSBV,QS-0991-38/39,公司,公司,B0GVYWN441,溯溪沙滩鞋,"Pool Footwear for Women Men, Aqua Socks, Lightweight Swim Shoes, Spa Resort Beach Cruise Summer Pair"
一致,1778,B0GVYZRY2K,QS-0971-42/43,公司,公司,B0GVYWN441,溯溪沙滩鞋,"Water Footwear for Women Men, Aqua Socks, Foldable Swim Shoes, Resort Beach Boat Dock Travel Pair"
一致,1779,B0GVYZRY2H,QS-0991-42/43,公司,公司,B0GVYWN441,溯溪沙滩鞋,"Pool Footwear for Women Men, Aqua Socks, Lightweight Swim Shoes, Spa Resort Beach Cruise Summer Pair"
一致,1780,B0GVYR543X,QS-038-38/39,公司,公司,B0GQBS64JX,溯溪沙滩鞋,"Slip On Aqua Water Shoes Men Women, Non Slip Sole, Printed Beach Swim Shoes"
一致,1781,B0GVXCPVKW,ZD002-White-10/11,公司,公司,B0GVXCPVKW,拖鞋,"Foldable EVA Travel Slippers for Women Men, Lightweight Quick Drying Non Slip Shower Sandals, Portable Flip Flops for Bathroom, Hotel, Beach, Pool & Cruise"
一致,1782,B0GVXCH61Z,ZD002-Pink-6/7,公司,公司,B0GVXCH61Z,拖鞋,"Foldable EVA Travel Slippers for Women Men, Lightweight Quick Drying Non Slip Shower Sandals, Portable Flip Flops for Bathroom, Hotel, Beach, Pool & Cruise"
一致,1783,B0GVWCBBNK,ZD001-Blue-10/11,公司,公司,B0GL92S6S4,人字拖,"Foldable Flip Flops for Travel, Lightweight Portable Silicone Slippers, Compact Non-Slip Sandals for Home/Hotel/Beach, Comfortable Flexible Footwear for Women & Men"
一致,1784,B0GVQMV86B,KCC-QXST-S,凯旋,凯旋,B0GVRHHRJZ,骑行手套,"Cycling Gloves for Men Women, Breathable Non-Slip Bike Gloves, Shock Absorbing Padded Bicycle Gloves for Road Bike Mountain Biking"
一致,1785,B0GVQQJJHH,KCC-QXST-M,凯旋,凯旋,B0GVRHHRJZ,骑行手套,"Cycling Gloves for Men Women, Breathable Non-Slip Bike Gloves, Shock Absorbing Padded Bicycle Gloves for Road Bike Mountain Biking"
一致,1786,B0GVQRQGZ9,KCC-QXST-L,凯旋,凯旋,B0GVRHHRJZ,骑行手套,"Cycling Gloves for Men Women, Breathable Non-Slip Bike Gloves, Shock Absorbing Padded Bicycle Gloves for Road Bike Mountain Biking"
一致,1787,B0GVQSCZDV,KCC-QXDK-S,凯旋,凯旋,B0GVQSCZDV,骑行短裤,"5 Pack Men's Cycling Shorts, Quick Dry Breathable Athletic Shorts, Lightweight High Stretch Sports Shorts for Running Cycling Workout Multicolor"
一致,1788,B0GVMBGTHX,SP-underwear-yujia-L,图图,图图,B0GWHYTZKS,,"8 Pack Women’s Seamless Thong Panties, Invisible Yoga Underwear Ultra Soft Comfortable Sexy Lace Briefs Multicolor"
一致,1789,B0GVJ69LXB,SP-BINGXIU-yundong01,图图,图图,B0GVMZ9PVP,冰袖,"Cooling Sports Arm Sleeves with UV Sun Protection, Anti Slip Ice Silk Arm Covers for Men Women"
一致,1790,B0GVJG8P31,SP-BINGXIU-lu01,图图,图图,B0GVN3TTBB,冰袖,"Ombre UV Protection Arm Sleeves, 2 Pairs Cooling Ice Silk Arm Covers, Gradient Color Sun Block Sleeves."
一致,1791,B0GV26C5SC,SP-underwear-leisi-S,图图,图图,B0GWJ2XYYS,内裤-蕾丝,"Sexy Lace Low Rise Underwear for Women 5 Pack, Soft Breathable Comfort Fashion Ladies Panties Multi Color"
一致,1792,B0GV2CZ4YS,SP-underwear-leisi-M,图图,图图,B0GWJ2XYYS,内裤-蕾丝,"Sexy Lace Low Rise Underwear for Women 5 Pack, Soft Breathable Comfort Fashion Ladies Panties Multi Color"
一致,1793,B0GTBJ852M,YQ-YUNYU-2026317-GUOLVQI-8,公司,公司,B0GT1K8L8Q,过滤器,"2 Pack Drain Hair Catcher-Sink Strainer, Shower Drain Cover, Drains Filter Cover for Kitchen Sink Bathroom Shower(Green)"
一致,1794,B0GSYBXY9G,KC-C1-01,图图,图图,B0GT8VPZSC,罩衫,Women Bright Color Beach Sarong Wrap Skirt Sheer Bathing Suit Cover Ups for Bikini Swimsuit Swimwear
一致,1795,B0GSYK8G2G,KC-C3-02,图图,图图,B0GT96DZJ7,罩衫,Women Fashion Colorful Beach Sarong Sheer Wrap Skirt Bathing Suit Cover Ups for Bikini
一致,1796,B0GSVWMJ9N,KC-B1-L,图图,图图,B0HD6F5MYH,比基尼,Women Bikini Set Two Piece Swimsuit Sexy Thong Bathing Suit Halter Triangle Tops Cheeky Bikini for Women
一致,1797,B0GSVXJGXN,KC-B2-L,图图,图图,B0HD6F5MYH,比基尼,Sexy Halter Triangle Bikini Set for Women Two Piece Cheeky Thong Swimsuit Bathing Suit
一致,1798,B0GSVW46L7,KC-B6-L,图图,图图,B0HD6F5MYH,比基尼,Women's Two Piece Bikini Set Halter String Triangle Tops Sexy Tie Side Bottom Bathing Suit Swimwear
一致,1799,B0GS8JYCZF,QS-116-42/43,公司,公司,B0GS8L8LPD,溯溪沙滩鞋,Slip On Quick Dry Beach Shoes Water Sports Aqua Socks Non-Slip Outdoor Shoes for Swimming Diving Kayaking
一致,1800,B0GS4HJLBM,QS-111-40/41,公司,公司,B0GQBS64JX,溯溪沙滩鞋,"Aqua Socks for Women Men, Water Shoes, Quick Dry Swim Footwear, Beach Pool River Lake Cruise Summer Travel Pair"
一致,1801,B0GS4GXTVH,QS-111-42/43,公司,公司,B0GQBS64JX,溯溪沙滩鞋,"Aqua Socks for Women Men, Water Shoes, Quick Dry Swim Footwear, Beach Pool River Lake Cruise Summer Travel Pair"
一致,1802,B0GS4GZFJ1,QS-112-40/41,公司,公司,B0GQBS64JX,溯溪沙滩鞋,"Aqua Socks for Women Men, Water Shoes, Barefoot Swim Footwear, Resort Pool Lake Yoga Beach Travel Pair"
一致,1803,B0GS4N3W12,QS-112-42/43,公司,公司,B0GQBS64JX,溯溪沙滩鞋,"Aqua Socks for Women Men, Water Shoes, Barefoot Swim Footwear, Resort Pool Lake Yoga Beach Travel Pair"
一致,1804,B0GRTYYM6V,QS-102-42/43,公司,公司,B0GQBS64JX,溯溪沙滩鞋,"Water Shoes for Women Men, Aqua Socks, Quick Dry Swim Shoes, Slip On Beach Pool River Lake Cruise Travel Footwear"
一致,1805,B0GRTYXJDF,QS-102-40/41,公司,公司,B0GQBS64JX,溯溪沙滩鞋,"Water Shoes for Women Men, Aqua Socks, Quick Dry Swim Shoes, Slip On Beach Pool River Lake Cruise Travel Footwear"
一致,1806,B0GQBLSQJF,QS-048-42/43,公司,公司,B0GQBS64JX,溯溪沙滩鞋,"Diving Swim Water Shoes for Men Women, Non Skid Sole, Stretch Fit Slip On"
一致,1807,B0GQBNSX8T,QS-010-40/41,公司,公司,B0GQBS64JX,溯溪沙滩鞋,"Diving Water Shoes for Men Women, Non Skid Rubber Sole, Quick Dry Swim Shoes"
一致,1808,B0GQBQ42L4,QS-010-42/43,公司,公司,B0GQBS64JX,溯溪沙滩鞋,"Diving Water Shoes for Men Women, Non Skid Rubber Sole, Quick Dry Swim Shoes"
一致,1809,B0GQC8DTHB,QS-075-40/41,公司,公司,B0GQBPVFK6,溯溪沙滩鞋,Breathable Beach Shoes Lightweight Water Shoes for Swim Surf Hiking
一致,1810,B0GQBWMQY8,QS-075-42/43,公司,公司,B0GQBPVFK6,溯溪沙滩鞋,Breathable Beach Shoes Lightweight Water Shoes for Swim Surf Hiking
一致,1811,B0GQCBQDDH,QS-079-42/43,公司,公司,B0GQBP3SH9,溯溪沙滩鞋,Slip On Beach Shoes Quick Dry Water Shoes for Travel Vacation Outdoor
一致,1812,B0GL95G94W,ZD001-Grey-7/8,公司,公司,B0GL95G94W,折叠拖鞋001灰,"Foldable Flip Flops for Travel, Lightweight Portable Silicone Slippers, Compact Non-Slip Sandals for Home/Hotel/Beach, Comfortable Flexible Footwear for Women & Men"
Listing负责人为空,1813,B0HDM1NB6T,TTCA-Vase-Brown2S-R,,,B0HDM1NB6T,,"Decorative Refrigerator Magnet Holder Set, Mini Tube Stem Display for Kitchen, Office and Living Room, 2 Pack, Brown"
工具未内置该 ASIN,1814,B0HDCSSFLZ,KCC-MYQ-QP,凯旋,,B0H94R2RMG,沐浴球,"Bath Loofah, Shower Pouf Body Sponge for Bath, Shower, Travel, and Guest Room Use with Playful Face Design."
工具未内置该 ASIN,1815,B0HDCSTJKZ,KCC-MYQ-XY,凯旋,,B0H94R2RMG,沐浴球,"Bath Loofah, Shower Pouf Body Sponge for Bath, Shower, Travel, and Guest Room Use with Winking Face Design."
工具未内置该 ASIN,1816,B0HDCMSPC6,KCC-MYQ-MY,凯旋,,B0H94R2RMG,沐浴球,"Bath Loofah, Shower Pouf Body Sponge for Bath, Shower, Travel, and Guest Room Use with Decorative Smile Design."
工具未内置该 ASIN,1817,B0HDCFG7ZX,KCC-MYQ-WX,凯旋,,B0H94R2RMG,沐浴球,"Bath Loofah, Shower Pouf Body Sponge for Bath, Shower, Travel, and Guest Room Use with Smile Face Design."
工具未内置该 ASIN,1818,B0HDBM7CVC,KCC-FQWSL-FEN,凯旋,,B0HCZNFRW1,粉蔷薇手链,"Pink Beaded Stretch Bracelet, Rose Quartz Style Rectangular Bead Bracelet for Women, Elastic Cord Jewelry"
Listing负责人为空,1819,B0HDBFDT41,SP-kulou-1,,,B0HDBHCQJF,,"Aquarium Ornament Fish Tank Decor, Air‑Driven Dynamic Skeleton Figurine, Novelty Underwater Landscape Decoration for Freshwater Saltwater Aquariums"
Listing负责人为空,1820,B0HDBKV13V,SP-shuimu-1,,,B0HDBHCQJF,,"Floating Resin Jellyfish Aquarium Ornament with Suspension Float Ball, Realistic Glitter Jellyfish Fish Tank Decor for Freshwater Aquarium Landscape"
Listing负责人为空,1821,B0HDB6ZSNS,SP-kaidanshou-1,,,B0HDBKZNHX,,"Mini Aluminum Bottle Opener, Crescent Double‑Hook Opener with Integrated Finger Hole, 2‑in‑1 Portable Keychain & Refrigerator Magnet for Daily Use"
Listing负责人为空,1822,B0HD776QG4,SP-baozhen-nangua,,,B0HD717ZLB,,"15.75 * 17.75 inches Flocked Pumpkin Throw Pillow Cover, 3D Embossed Plush Cushion Case, Orange Soft Decor Pillow Cover for Sofa Autumn Home Party Decor"
Listing负责人为空,1823,B0HD6WR84R,SP-baohuzhao-60*80,,,B0H3N1959R,,"2 Pack 23.62×31.49 Inch Plant Protection Covers, Non‑Woven Plant Blanket with Zipper Drawstring, Wind Sun Bird Cold Guard for Trees Shrubs"
Listing负责人为空,1824,B0HD76WV3B,SP-naxian-6,,,B0HD732SD6,,"6 Rolls Waxed Polyester Cord, 0.8mm 20M Per Roll, Round Wax Thread for Bracelet Wallet Making, Sewing Macrame DIY Craft Supplies"
Listing负责人为空,1825,B0HD6YL3X1,SP-baohuzhao-1*1.2,,,B0H3N1959R,,"2 Pack 39.37×47.24 Inch Plant Protection Covers, Non‑Woven Plant Blanket with Zipper Drawstring, Wind Sun Bird Cold Guard for Trees Shrubs"
Listing负责人为空,1826,B0HD6XLWPD,SP-bingxiang05-mao,,,B0HD6VJH6R,,"2 Pack Cat Hugging Bottle Fridge Magnets, Two Styles Clear Acrylic Refrigerator Magnets for Kitchen Home Decor"
Listing负责人为空,1827,B0HD6NRZP4,SP-diy-16,,,B0HD73HLW3,,"16Pcs White Natural Stone Beads Set, 8 Shapes Star Cross Skull Sea Star Loose Spacer Beads for DIY Bracelet Necklace Jewelry Making"
Listing负责人为空,1828,B0HD5Z3FY8,SP-peihu-2,,,B0HCZGF1H1,,"2 Pack Refillable Card‑Shape Fine Mist Spray Bottles,1.28+1.69 Fl Oz Portable Empty Plastic Vial for Travel Perfume Toner Sanitizer Liquid"
Listing负责人为空,1829,B0HCZB2HCP,SP-qixing-black,,,B0HCZHG1HM,,"Shield Sports Cycling Sunglasses with Storage Case, Mirror UV Protection Lens, Unisex Adult Outdoor Glasses, Black Frame"
工具未内置该 ASIN,1830,B0HCZ6TLW7,KCC-CZ-H8,凯旋,,B0HCZ8RWYH,尺子,"Acrylic Quilting Ruler Template, Yellow 8 Inch Square Sewing Measuring Tool for Fabric Cutting and Craft Projects"
工具未内置该 ASIN,1831,B0HCZ3SCG1,KCC-FSTK-10,凯旋,,B0HCZ63Z2Q,防水套卡,"10 Pcs Transparent Card Sleeves, Horizontal Card Holder for ID, Social Security, Business Cards, 3.82 X 2.32 Inch"
工具未内置该 ASIN,1832,B0HCZ5RGRM,KCC-XF-10,凯旋,,B0HCZ54MCW,信封,"10 Pack Embossed Floral Envelopes, Multicolor Invitation Card Sleeves for Greeting Cards and Wedding Stationery"
Listing负责人为空,1833,B0HCYC8DD1,SP-yinzhang-1,,,B0HCXTDCMD,,"Privacy Roller Stamp, Identity Theft Protection Confidential Mask Stamp, Quick Data Blocker for Mails Bills Documents, Multi Color Portable Privacy Roller Stamp"
Listing负责人为空,1834,B0HCXYBCH8,SP-zhelibi-8,,,,,"8 Pack Glitter Gel Highlight Pens, 1.0mm Metallic Shimmer Ink Markers, Multi Color Sparkling Pens for Adult Journaling Scrapbooking Card Making"
工具未内置该 ASIN,1835,B0HCNYMYN6,KCC-BHQ-HUI,凯旋,,B0GZV46QKN,薄荷器,"Rotating Catnip Ball Toy, Wall Mounted Interactive Cat Chew Toy for Indoor Cats, Calming Lickable Catnip Treat Toy"
工具未内置该 ASIN,1836,B0HCNYSW5X,KCC-BHQ-CHENG,凯旋,,B0GZV46QKN,薄荷器,"Rotating Catnip Ball Toy, Wall Mounted Interactive Cat Chew Toy for Indoor Cats, Calming Lickable Catnip Treat Toy"
工具未内置该 ASIN,1837,B0HCNVCWXD,KCC-BHQ-LAN,凯旋,,B0GZV46QKN,薄荷器,"Rotating Catnip Ball Toy, Wall Mounted Interactive Cat Chew Toy for Indoor Cats, Calming Lickable Catnip Treat Toy"
工具未内置该 ASIN,1838,B0HCN22Z4Z,KCC-DBQJP1-30,凯旋,,B0HCN3TK3T,地板清洁片,"Floor Cleaner Tablets, Blue 30 Count Dissolving Mop Cleaning Sheets for Tile, Laminate, Vinyl and Sealed Floors"
工具未内置该 ASIN,1839,B0HCN943ZX,KCC-ZD1-150,凯旋,,B0HCN7WLWB,扎带,"Cable Ties, Black Self Locking Zip Ties 100 Pack 5.91 Inch Long for Wire Management and Workshop Use"
工具未内置该 ASIN,1840,B0HCMPVGDY,KCC-ZD1-200,凯旋,,B0HCN7WLWB,扎带,"Cable Ties, Black Self Locking Zip Ties 100 Pack 7.87 Inch Long for Wire Management and Workshop Use"
工具未内置该 ASIN,1841,B0HCN9LF9Y,KCC-MTFST1-YL,凯旋,,B0HCN6QGY8,马桶防水贴,"10.5 Ft x 1.5 in Self-Adhesive Toilet Base Decorative Strip, Water-Resistant Gap Cover for Bathroom Sink Edge"
工具未内置该 ASIN,1842,B0HCN5PTF2,KCC-MTFST1-W,凯旋,,B0HCN6QGY8,马桶防水贴,"10.5 Ft x 1.5 in Waterproof Caulk Strip, Self-Adhesive Gap Sealing Tape for Toilet Sink Kitchen Stove, with 3 in 1 Tool"
Listing负责人为空,1843,B0HCMVCYS5,SP-FP-dingzhuang04,,,B0H6BD6LT4,,"4Pcs Black Pink Makeup Puff Kit, Powder Cushion Beauty Sponge & Mini Finger Puffs for All Makeup Steps"
Listing负责人为空,1844,B0HCJJQ5X3,TTCA-Pet-XQ-Airtag-Black,,,B0HCJJQ5X3,,"Tracker Holder Pet Collar, Adjustable Dog and Cat Collar with Buckle, M Size Black for Outdoor Walking and Daily Wear"
Listing负责人为空,1845,B0HCJH94QJ,TTCA-Pet-XQ-Airtag-Pink,,,B0HCJH94QJ,,"Tracker Holder Pet Collar, Adjustable Dog and Cat Collar with Buckle, M Size Pink for Outdoor Walking and Daily Wear"
Listing负责人为空,1846,B0HCJCZW53,TTCA-CatQtipToy-3PK,,,B0HCJCZW53,,"3 Pack Cat Q Tip Toys with Catnip, Giant Swab Shape Indoor Cat Chew Toys for Chase, Kick, Boredom Play Set, Beige"
Listing负责人为空,1847,B0HCJ928HM,TTCA-Petchewtoy-ball,,,B0HCJ928HM,,"Cat String Ball Toy, Interactive Pet Chew Toy for Indoor Play and Activity, Ball Shape, Natural Small Style"
Listing负责人为空,1848,B0HCJK8L7W,TTCA-Petchewtoy-mouse,,,B0HCJK8L7W,,"Cat Mouse and Ball Toy, Interactive Pet Chew Toy for Indoor Play and Activity, Mouse Shape, Natural Small Style"
Listing负责人为空,1849,B0HCJ8S9VV,TTCA-Petchewtoy-fly,,,B0HCJ8S9VV,,"Cat Butterfly Toy, Interactive Pet Chew Toy for Indoor Play and Activity, Butterfly Shape, Natural Small Style"
Listing负责人为空,1850,B0HCC6CRMC,TTCA-Vase-Yellow-2S,,,B0HCBK2Q4M,,"Decorative Refrigerator Magnet Holder Set, Mini Tube Stem Display for Kitchen, Office and Living Room, 2 Pack, Yellow"
Listing负责人为空,1851,B0HCBWN6YD,KS157-36/37,,,B0HCBWN6YD,,
Listing负责人为空,1852,B0HCC3YZRV,KS137-36/37,,,B0HCC2FYQ2,,
Listing负责人为空,1853,B0HCBYCCFV,KS169-44/45,,,B0HCBYCCFV,,
Listing负责人为空,1854,B0HCC13LPF,KS125-44/45,,,B0HCBYT12L,,
Listing负责人为空,1855,B0HCC1VNCL,SKT2-941-XL,,,B0HCBQRPXK,,"Mens Swim Trunks, Pink Flamingo Print Board Shorts with Drawstring Waist for Resort and Summer Coastal Parties"
Listing负责人为空,1856,B0HCBWKMDZ,SKT2-942-L,,,B0HCBQRPXK,,"Mens Swim Trunks, Multi Color Pineapple Print Board Shorts with Drawstring Waist for Resort and Summer Casual Outings"
Listing负责人为空,1857,B0HCC14DDD,SKT3-AU-L,,,B0HCBSX9WX,,"Mens Swim Trunks, Pink Flamingo Print Board Shorts with Drawstring Waist for Resort and Summer Casual Parties"
Listing负责人为空,1858,B0HCBYQD2Y,SKT4-AH-XL,,,B0HCBZ5R31,,"Mens Swim Trunks, Pineapple Print Board Shorts with Drawstring Waist for Resort and Summer Casual Occasions"
Listing负责人为空,1859,B0HCBS92FJ,SKT2-8111-L,,,B0HCBQRPXK,,"Mens Swim Trunks, Tropical Floral Bird Print Board Shorts with Drawstring Waist for Resort and Summer Casual Events"
Listing负责人为空,1860,B0HCBWTDL7,SKT4-AU-L,,,B0HCBZ5R31,,"Mens Swim Trunks, Pink Flamingo Print Board Shorts with Drawstring Waist for Resort and Summer Casual Parties"
Listing负责人为空,1861,B0HCC1F8MN,SKT3-AG-XL,,,B0HCBSX9WX,,"Mens Swim Trunks, Watermelon Print Board Shorts with Drawstring Waist for Resort and Summer Casual Parties"
Listing负责人为空,1862,B0HCC3G194,SKT3-AE-L,,,B0HCBSX9WX,,"Mens Swim Trunks, Palm Tree Print Board Shorts with Drawstring Waist for Resort and Summer Casual Getaways"
Listing负责人为空,1863,B0HCBZ46Y5,SKT4-AQ-XL,,,B0HCBZ5R31,,"Mens Swim Trunks, Flamingo Print Board Shorts with Drawstring Waist for Resort and Summer Coastal Events"
Listing负责人为空,1864,B0HCBXLWND,SKT2-AN-L,,,B0HCBQRPXK,,"Mens Swim Trunks, Triangle Print Board Shorts with Drawstring Waist for Resort and Summer Casual Gatherings"
Listing负责人为空,1865,B0HCBYV6RC,SKT2-AA-L,,,B0HCBQRPXK,,"Mens Swim Trunks, Vertical Stripe Board Shorts with Drawstring Waist for Resort and Daily Leisure Events"
Listing负责人为空,1866,B0HCBZBTVV,SKT2-PG-XL,,,B0HCBQRPXK,,"Mens Swim Trunks, Two Tone Shark Print Board Shorts with Drawstring Waist for Resort and Summer Coastal Trips"
Listing负责人为空,1867,B0HCBRG2HB,SKT4-AK-XL,,,B0HCBZ5R31,,"Mens Swim Trunks, Large Pineapple Print Board Shorts with Drawstring Waist for Resort and Summer Casual Events"
Listing负责人为空,1868,B0HCBTL9VK,SKT3-AT-XL,,,B0HCBSX9WX,,"Mens Swim Trunks, Shark Print Board Shorts with Drawstring Waist for Resort and Summer Coastal Gatherings"
Listing负责人为空,1869,B0HCC6NW5X,SKT4-AG-L,,,B0HCBZ5R31,,"Mens Swim Trunks, Watermelon Print Board Shorts with Drawstring Waist for Resort and Summer Casual Parties"
Listing负责人为空,1870,B0HCC2GGGW,SKT3-AK-XL,,,B0HCBSX9WX,,"Mens Swim Trunks, Large Pineapple Print Board Shorts with Drawstring Waist for Resort and Summer Casual Events"
Listing负责人为空,1871,B0HCBTZQ9X,SKT4-AU-XL,,,B0HCBZ5R31,,"Mens Swim Trunks, Pink Flamingo Print Board Shorts with Drawstring Waist for Resort and Summer Casual Parties"
Listing负责人为空,1872,B0HCC5MB2P,SKT3-A8-L,,,B0HCBSX9WX,,"Mens Swim Trunks, Cactus Print Board Shorts with Drawstring Waist for Resort and Summer Casual Events"
Listing负责人为空,1873,B0HCBQZ9GM,SKT3-AK-L,,,B0HCBSX9WX,,"Mens Swim Trunks, Large Pineapple Print Board Shorts with Drawstring Waist for Resort and Summer Casual Events"
Listing负责人为空,1874,B0HCBVT31C,SKT1-A4-XL,,,B0HCBPZZKX,,"Mens Swim Trunks, Flamingo Print Board Shorts with Drawstring Waist for Beach and Daily Casual Occasions"
Listing负责人为空,1875,B0HCBTTX8P,SKT2-AE-XL,,,B0HCBQRPXK,,"Mens Swim Trunks, Palm Tree Print Board Shorts with Drawstring Waist for Resort and Summer Casual Getaways"
Listing负责人为空,1876,B0HCBTR4NC,SKT3-AA-XL,,,B0HCBSX9WX,,"Mens Swim Trunks, Vertical Stripe Board Shorts with Drawstring Waist for Resort and Daily Leisure Events"
Listing负责人为空,1877,B0HCBTH3TY,SKT4-AR-L,,,B0HCBZ5R31,,"Mens Swim Trunks, Palm Tree Print Board Shorts with Drawstring Waist for Resort and Summer Casual Getaways"
Listing负责人为空,1878,B0HCC33DFZ,SKT1-AL-XL,,,B0HCBPZZKX,,"Mens Swim Trunks, Flamingo Print Board Shorts with Drawstring Waist for Resort and Summer Coastal Parties"
Listing负责人为空,1879,B0HCBWSB18,SKT2-8113-XL,,,B0HCBQRPXK,,"Mens Swim Trunks, Mini Palm Tree Print Board Shorts with Drawstring Waist for Resort and Summer Casual Getaways"
Listing负责人为空,1880,B0HCBZPV41,SKT3-A9-XL,,,B0HCBSX9WX,,"Mens Swim Trunks, Pear Print Board Shorts with Drawstring Waist for Resort and Summer Casual Plans"
Listing负责人为空,1881,B0HCC14WNB,SKT4-PG-L,,,B0HCBZ5R31,,"Mens Swim Trunks, Two Tone Shark Print Board Shorts with Drawstring Waist for Resort and Summer Coastal Trips"
Listing负责人为空,1882,B0HCBX3T72,SKT3-AQ-XL,,,B0HCBSX9WX,,"Mens Swim Trunks, Flamingo Print Board Shorts with Drawstring Waist for Resort and Summer Coastal Events"
Listing负责人为空,1883,B0HCBW6CFB,SKT3-AF-L,,,B0HCBSX9WX,,"Mens Swim Trunks, Block Stripe Board Shorts with Drawstring Waist for Resort and Daily Casual Trips"
Listing负责人为空,1884,B0HCBVGJ51,SKT2-PF-L,,,B0HCBQRPXK,,"Mens Swim Trunks, Anchor Print Board Shorts with Drawstring Waist for Resort and Nautical Casual Events"
Listing负责人为空,1885,B0HCC4GMB6,SKT1-8111-XL,,,B0HCBPZZKX,,"Mens Swim Trunks, Tropical Floral Bird Print Board Shorts with Drawstring Waist for Resort and Summer Casual Events"
Listing负责人为空,1886,B0HCBWNM2X,SKT2-8111-XL,,,B0HCBQRPXK,,"Mens Swim Trunks, Tropical Floral Bird Print Board Shorts with Drawstring Waist for Resort and Summer Casual Events"
Listing负责人为空,1887,B0HCC4G16S,SKT1-AA-L,,,B0HCBPZZKX,,"Mens Swim Trunks, Vertical Stripe Board Shorts with Drawstring Waist for Resort and Daily Leisure Events"
Listing负责人为空,1888,B0HCC5MPZ8,SKT1-AH-L,,,B0HCBPZZKX,,"Mens Swim Trunks, Pineapple Print Board Shorts with Drawstring Waist for Resort and Summer Casual Occasions"
Listing负责人为空,1889,B0HCBPYHWS,SKT1-A6-L,,,B0HCBPZZKX,,"Mens Swim Trunks, Pineapple Print Board Shorts with Drawstring Waist for Resort and Summer Casual Scenarios"
Listing负责人为空,1890,B0HCBTJBB7,SKT3-AE-XL,,,B0HCBSX9WX,,"Mens Swim Trunks, Palm Tree Print Board Shorts with Drawstring Waist for Resort and Summer Casual Getaways"
Listing负责人为空,1891,B0HCBYNG6R,SKT3-AQ-L,,,B0HCBSX9WX,,"Mens Swim Trunks, Flamingo Print Board Shorts with Drawstring Waist for Resort and Summer Coastal Events"
Listing负责人为空,1892,B0HCBLHFT3,SKT1-AE-L,,,B0HCBPZZKX,,"Mens Swim Trunks, Palm Tree Print Board Shorts with Drawstring Waist for Resort and Summer Casual Getaways"
Listing负责人为空,1893,B0HCBXJDPG,SKT4-942-L,,,B0HCBZ5R31,,"Mens Swim Trunks, Multi Color Pineapple Print Board Shorts with Drawstring Waist for Resort and Summer Casual Outings"
Listing负责人为空,1894,B0HCC51X7G,SKT3-A6-XL,,,B0HCBSX9WX,,"Mens Swim Trunks, Pineapple Print Board Shorts with Drawstring Waist for Resort and Summer Casual Scenarios"
Listing负责人为空,1895,B0HCBXC9FS,SKT4-AH-L,,,B0HCBZ5R31,,"Mens Swim Trunks, Pineapple Print Board Shorts with Drawstring Waist for Resort and Summer Casual Occasions"
Listing负责人为空,1896,B0HCBZ23VQ,SKT4-AK-L,,,B0HCBZ5R31,,"Mens Swim Trunks, Large Pineapple Print Board Shorts with Drawstring Waist for Resort and Summer Casual Events"
Listing负责人为空,1897,B0HCC51J3P,SKT2-A6-XL,,,B0HCBQRPXK,,"Mens Swim Trunks, Pineapple Print Board Shorts with Drawstring Waist for Resort and Summer Casual Scenarios"
Listing负责人为空,1898,B0HCBYDTYZ,SKT1-A8-L,,,B0HCBPZZKX,,"Mens Swim Trunks, Cactus Print Board Shorts with Drawstring Waist for Resort and Summer Casual Events"
Listing负责人为空,1899,B0HCBXH744,SKT1-8113-L,,,B0HCBPZZKX,,"Mens Swim Trunks, Mini Palm Tree Print Board Shorts with Drawstring Waist for Resort and Summer Casual Getaways"
Listing负责人为空,1900,B0HCC3C4TB,SKT2-AL-L,,,B0HCBQRPXK,,"Mens Swim Trunks, Flamingo Print Board Shorts with Drawstring Waist for Resort and Summer Coastal Parties"
Listing负责人为空,1901,B0HCC3DQPZ,SKT3-PG-XL,,,B0HCBSX9WX,,"Mens Swim Trunks, Two Tone Shark Print Board Shorts with Drawstring Waist for Resort and Summer Coastal Trips"
Listing负责人为空,1902,B0HCBRD2VS,SKT2-AQ-XL,,,B0HCBQRPXK,,"Mens Swim Trunks, Flamingo Print Board Shorts with Drawstring Waist for Resort and Summer Coastal Events"
Listing负责人为空,1903,B0HCBW45YB,SKT3-A5-XL,,,B0HCBSX9WX,,"Mens Swim Trunks, Patriotic Flag Print Board Shorts with Drawstring Waist for Holiday and Resort Casual Activities"
Listing负责人为空,1904,B0HCBWQZDS,SKT4-AM-L,,,B0HCBZ5R31,,"Mens Swim Trunks, Mini Pineapple Print Board Shorts with Drawstring Waist for Resort and Summer Casual Trips"
Listing负责人为空,1905,B0HCBZGD9M,SKT1-A9-L,,,B0HCBPZZKX,,"Mens Swim Trunks, Pear Print Board Shorts with Drawstring Waist for Resort and Summer Casual Plans"
Listing负责人为空,1906,B0HCC4VH8Q,SKT4-8113-XL,,,B0HCBZ5R31,,"Mens Swim Trunks, Mini Palm Tree Print Board Shorts with Drawstring Waist for Resort and Summer Casual Getaways"
Listing负责人为空,1907,B0HCC5WHXC,SKT4-A7-L,,,B0HCBZ5R31,,"Mens Swim Trunks, Bird Print Board Shorts with Drawstring Waist for Resort and Summer Leisure Occasions"
Listing负责人为空,1908,B0HCC5D3HR,SKT1-AT-L,,,B0HCBPZZKX,,"Mens Swim Trunks, Shark Print Board Shorts with Drawstring Waist for Resort and Summer Coastal Gatherings"
Listing负责人为空,1909,B0HCC2HTN4,SKT2-A7-L,,,B0HCBQRPXK,,"Mens Swim Trunks, Bird Print Board Shorts with Drawstring Waist for Resort and Summer Leisure Occasions"
Listing负责人为空,1910,B0HCC1WN2W,SKT1-AP-XL,,,B0HCBPZZKX,,"Mens Swim Trunks, Banana Print Board Shorts with Drawstring Waist for Resort and Summer Casual Outings"
Listing负责人为空,1911,B0HCBXZ3JZ,SKT2-AT-XL,,,B0HCBQRPXK,,"Mens Swim Trunks, Shark Print Board Shorts with Drawstring Waist for Resort and Summer Coastal Gatherings"
Listing负责人为空,1912,B0HCBPNB7Z,SKT4-PF-L,,,B0HCBZ5R31,,"Mens Swim Trunks, Anchor Print Board Shorts with Drawstring Waist for Resort and Nautical Casual Events"
Listing负责人为空,1913,B0HCBXP65Z,SKT3-AR-L,,,B0HCBSX9WX,,"Mens Swim Trunks, Palm Tree Print Board Shorts with Drawstring Waist for Resort and Summer Casual Getaways"
Listing负责人为空,1914,B0HCC8WR4J,SKT1-AU-XL,,,B0HCBPZZKX,,"Mens Swim Trunks, Pink Flamingo Print Board Shorts with Drawstring Waist for Resort and Summer Casual Parties"
Listing负责人为空,1915,B0HCBTL9V5,SKT1-AM-XL,,,B0HCBPZZKX,,"Mens Swim Trunks, Mini Pineapple Print Board Shorts with Drawstring Waist for Resort and Summer Casual Trips"
Listing负责人为空,1916,B0HCC51X74,SKT1-AR-XL,,,B0HCBPZZKX,,"Mens Swim Trunks, Palm Tree Print Board Shorts with Drawstring Waist for Resort and Summer Casual Getaways"
Listing负责人为空,1917,B0HCBW98QL,SKT4-AJ-XL,,,B0HCBZ5R31,,"Mens Swim Trunks, School of Fish Print Board Shorts with Drawstring Waist for Resort and Summer Coastal Gatherings"
Listing负责人为空,1918,B0HCBY2FFH,SKT2-AU-XL,,,B0HCBQRPXK,,"Mens Swim Trunks, Pink Flamingo Print Board Shorts with Drawstring Waist for Resort and Summer Casual Parties"
Listing负责人为空,1919,B0HCBZFYSV,SKT1-8111-L,,,B0HCBPZZKX,,"Mens Swim Trunks, Tropical Floral Bird Print Board Shorts with Drawstring Waist for Resort and Summer Casual Events"
Listing负责人为空,1920,B0HCBXWMW4,SKT3-AH-XL,,,B0HCBSX9WX,,"Mens Swim Trunks, Pineapple Print Board Shorts with Drawstring Waist for Resort and Summer Casual Occasions"
Listing负责人为空,1921,B0HCC1Q5DW,SKT2-AN-XL,,,B0HCBQRPXK,,"Mens Swim Trunks, Triangle Print Board Shorts with Drawstring Waist for Resort and Summer Casual Gatherings"
Listing负责人为空,1922,B0HCBVW4ZB,SKT1-AG-L,,,B0HCBPZZKX,,"Mens Swim Trunks, Watermelon Print Board Shorts with Drawstring Waist for Resort and Summer Casual Parties"
Listing负责人为空,1923,B0HCBSVM3Q,SKT1-AJ-XL,,,B0HCBPZZKX,,"Mens Swim Trunks, School of Fish Print Board Shorts with Drawstring Waist for Resort and Summer Coastal Gatherings"
Listing负责人为空,1924,B0HCBXGQFQ,SKT1-942-XL,,,B0HCBPZZKX,,"Mens Swim Trunks, Multi Color Pineapple Print Board Shorts with Drawstring Waist for Resort and Summer Casual Outings"
Listing负责人为空,1925,B0HCBYLVBR,SKT3-AG-L,,,B0HCBSX9WX,,"Mens Swim Trunks, Watermelon Print Board Shorts with Drawstring Waist for Resort and Summer Casual Parties"
Listing负责人为空,1926,B0HCC84BGK,SKT1-AJ-L,,,B0HCBPZZKX,,"Mens Swim Trunks, School of Fish Print Board Shorts with Drawstring Waist for Resort and Summer Coastal Gatherings"
Listing负责人为空,1927,B0HCBVZ33W,SKT2-AG-XL,,,B0HCBQRPXK,,"Mens Swim Trunks, Watermelon Print Board Shorts with Drawstring Waist for Resort and Summer Casual Parties"
Listing负责人为空,1928,B0HCBYBFFQ,SKT1-941-XL,,,B0HCBPZZKX,,"Mens Swim Trunks, Pink Flamingo Print Board Shorts with Drawstring Waist for Resort and Summer Coastal Parties"
Listing负责人为空,1929,B0HCBZYZ2N,SKT2-PG-L,,,B0HCBQRPXK,,"Mens Swim Trunks, Two Tone Shark Print Board Shorts with Drawstring Waist for Resort and Summer Coastal Trips"
Listing负责人为空,1930,B0HCC3QBJM,SKT1-A4-L,,,B0HCBPZZKX,,"Mens Swim Trunks, Flamingo Print Board Shorts with Drawstring Waist for Beach and Daily Casual Occasions"
Listing负责人为空,1931,B0HCBSDYS2,SKT3-AF-XL,,,B0HCBSX9WX,,"Mens Swim Trunks, Block Stripe Board Shorts with Drawstring Waist for Resort and Daily Casual Trips"
Listing负责人为空,1932,B0HCC8XR2D,SKT2-A5-XL,,,B0HCBQRPXK,,"Mens Swim Trunks, Patriotic Flag Print Board Shorts with Drawstring Waist for Holiday and Resort Casual Activities"
Listing负责人为空,1933,B0HCC2H2DY,SKT1-AQ-XL,,,B0HCBPZZKX,,"Mens Swim Trunks, Flamingo Print Board Shorts with Drawstring Waist for Resort and Summer Coastal Events"
Listing负责人为空,1934,B0HCBZSTVK,SKT3-AP-L,,,B0HCBSX9WX,,"Mens Swim Trunks, Banana Print Board Shorts with Drawstring Waist for Resort and Summer Casual Outings"
Listing负责人为空,1935,B0HCBTTJCS,SKT4-A4-L,,,B0HCBZ5R31,,"Mens Swim Trunks, Flamingo Print Board Shorts with Drawstring Waist for Beach and Daily Casual Occasions"
Listing负责人为空,1936,B0HCBVH9LB,SKT2-AH-L,,,B0HCBQRPXK,,"Mens Swim Trunks, Pineapple Print Board Shorts with Drawstring Waist for Resort and Summer Casual Occasions"
Listing负责人为空,1937,B0HCC3PQ4W,SKT4-A5-XL,,,B0HCBZ5R31,,"Mens Swim Trunks, Patriotic Flag Print Board Shorts with Drawstring Waist for Holiday and Resort Casual Activities"
Listing负责人为空,1938,B0HCBYH85P,SKT3-AB-XL,,,B0HCBSX9WX,,"Mens Swim Trunks, Steamed Dumpling Print Board Shorts with Drawstring Waist for Resort and Summer Casual Gatherings"
Listing负责人为空,1939,B0HCBPVPWS,SKT2-A8-XL,,,B0HCBQRPXK,,"Mens Swim Trunks, Cactus Print Board Shorts with Drawstring Waist for Resort and Summer Casual Events"
Listing负责人为空,1940,B0HCBYXSKT,SKT3-PF-XL,,,B0HCBSX9WX,,"Mens Swim Trunks, Anchor Print Board Shorts with Drawstring Waist for Resort and Nautical Casual Events"
Listing负责人为空,1941,B0HCBQVZPG,SKT1-8113-XL,,,B0HCBPZZKX,,"Mens Swim Trunks, Mini Palm Tree Print Board Shorts with Drawstring Waist for Resort and Summer Casual Getaways"
Listing负责人为空,1942,B0HCBX3T6P,SKT1-AB-L,,,B0HCBPZZKX,,"Mens Swim Trunks, Steamed Dumpling Print Board Shorts with Drawstring Waist for Resort and Summer Casual Gatherings"
Listing负责人为空,1943,B0HCBZK2WS,SKT2-AM-L,,,B0HCBQRPXK,,"Mens Swim Trunks, Mini Pineapple Print Board Shorts with Drawstring Waist for Resort and Summer Casual Trips"
Listing负责人为空,1944,B0HCC4L6XQ,SKT3-8111-XL,,,B0HCBSX9WX,,"Mens Swim Trunks, Tropical Floral Bird Print Board Shorts with Drawstring Waist for Resort and Summer Casual Events"
Listing负责人为空,1945,B0HCC9Q7HK,SKT3-AJ-L,,,B0HCBSX9WX,,"Mens Swim Trunks, School of Fish Print Board Shorts with Drawstring Waist for Resort and Summer Coastal Gatherings"
Listing负责人为空,1946,B0HCBN8HHB,SKT4-AL-XL,,,B0HCBZ5R31,,"Mens Swim Trunks, Flamingo Print Board Shorts with Drawstring Waist for Resort and Summer Coastal Parties"
Listing负责人为空,1947,B0HCBXCDWD,SKT1-AN-XL,,,B0HCBPZZKX,,"Mens Swim Trunks, Triangle Print Board Shorts with Drawstring Waist for Resort and Summer Casual Gatherings"
Listing负责人为空,1948,B0HCBSYPNY,SKT2-A7-XL,,,B0HCBQRPXK,,"Mens Swim Trunks, Bird Print Board Shorts with Drawstring Waist for Resort and Summer Leisure Occasions"
Listing负责人为空,1949,B0HCC32WCS,SKT4-AB-L,,,B0HCBZ5R31,,"Mens Swim Trunks, Steamed Dumpling Print Board Shorts with Drawstring Waist for Resort and Summer Casual Gatherings"
Listing负责人为空,1950,B0HCC3J7DL,SKT2-A9-XL,,,B0HCBQRPXK,,"Mens Swim Trunks, Pear Print Board Shorts with Drawstring Waist for Resort and Summer Casual Plans"
Listing负责人为空,1951,B0HCBX7B5F,SKT2-942-XL,,,B0HCBQRPXK,,"Mens Swim Trunks, Multi Color Pineapple Print Board Shorts with Drawstring Waist for Resort and Summer Casual Outings"
Listing负责人为空,1952,B0HCBX5X25,SKT1-PF-L,,,B0HCBPZZKX,,"Mens Swim Trunks, Anchor Print Board Shorts with Drawstring Waist for Resort and Nautical Casual Events"
Listing负责人为空,1953,B0HCBYM1RF,SKT3-AN-L,,,B0HCBSX9WX,,"Mens Swim Trunks, Triangle Print Board Shorts with Drawstring Waist for Resort and Summer Casual Gatherings"
Listing负责人为空,1954,B0HCC1XR76,SKT4-AR-XL,,,B0HCBZ5R31,,"Mens Swim Trunks, Palm Tree Print Board Shorts with Drawstring Waist for Resort and Summer Casual Getaways"
Listing负责人为空,1955,B0HCBTV7LT,SKT3-AL-XL,,,B0HCBSX9WX,,"Mens Swim Trunks, Flamingo Print Board Shorts with Drawstring Waist for Resort and Summer Coastal Parties"
Listing负责人为空,1956,B0HCBYV9M1,SKT4-AT-XL,,,B0HCBZ5R31,,"Mens Swim Trunks, Shark Print Board Shorts with Drawstring Waist for Resort and Summer Coastal Gatherings"
Listing负责人为空,1957,B0HCC2R4BL,SKT4-8113-L,,,B0HCBZ5R31,,"Mens Swim Trunks, Mini Palm Tree Print Board Shorts with Drawstring Waist for Resort and Summer Casual Getaways"
Listing负责人为空,1958,B0HCBTZSRX,SKT3-A7-XL,,,B0HCBSX9WX,,"Mens Swim Trunks, Bird Print Board Shorts with Drawstring Waist for Resort and Summer Leisure Occasions"
Listing负责人为空,1959,B0HCBZN7X3,SKT3-AU-XL,,,B0HCBSX9WX,,"Mens Swim Trunks, Pink Flamingo Print Board Shorts with Drawstring Waist for Resort and Summer Casual Parties"
Listing负责人为空,1960,B0HCBTZQ96,SKT2-A4-XL,,,B0HCBQRPXK,,"Mens Swim Trunks, Flamingo Print Board Shorts with Drawstring Waist for Beach and Daily Casual Occasions"
Listing负责人为空,1961,B0HCC59WQ9,SKT3-AH-L,,,B0HCBSX9WX,,"Mens Swim Trunks, Pineapple Print Board Shorts with Drawstring Waist for Resort and Summer Casual Occasions"
Listing负责人为空,1962,B0HCBVPY41,SKT4-A6-XL,,,B0HCBZ5R31,,"Mens Swim Trunks, Pineapple Print Board Shorts with Drawstring Waist for Resort and Summer Casual Scenarios"
Listing负责人为空,1963,B0HCBZLKM5,SKT3-AM-L,,,B0HCBSX9WX,,"Mens Swim Trunks, Mini Pineapple Print Board Shorts with Drawstring Waist for Resort and Summer Casual Trips"
Listing负责人为空,1964,B0HCBXW4RF,SKT4-AQ-L,,,B0HCBZ5R31,,"Mens Swim Trunks, Flamingo Print Board Shorts with Drawstring Waist for Resort and Summer Coastal Events"
Listing负责人为空,1965,B0HCBPST28,SKT1-AF-XL,,,B0HCBPZZKX,,"Mens Swim Trunks, Block Stripe Board Shorts with Drawstring Waist for Resort and Daily Casual Trips"
Listing负责人为空,1966,B0HCC2BT9S,SKT2-AH-XL,,,B0HCBQRPXK,,"Mens Swim Trunks, Pineapple Print Board Shorts with Drawstring Waist for Resort and Summer Casual Occasions"
Listing负责人为空,1967,B0HCBQLSVX,SKT3-AA-L,,,B0HCBSX9WX,,"Mens Swim Trunks, Vertical Stripe Board Shorts with Drawstring Waist for Resort and Daily Leisure Events"
Listing负责人为空,1968,B0HCC9VN3N,SKT1-A5-XL,,,B0HCBPZZKX,,"Mens Swim Trunks, Patriotic Flag Print Board Shorts with Drawstring Waist for Holiday and Resort Casual Activities"
Listing负责人为空,1969,B0HCC1M2RZ,SKT3-AT-L,,,B0HCBSX9WX,,"Mens Swim Trunks, Shark Print Board Shorts with Drawstring Waist for Resort and Summer Coastal Gatherings"
Listing负责人为空,1970,B0HCBT8F58,SKT4-A8-XL,,,B0HCBZ5R31,,"Mens Swim Trunks, Cactus Print Board Shorts with Drawstring Waist for Resort and Summer Casual Events"
Listing负责人为空,1971,B0HCC1S8F4,SKT2-AU-L,,,B0HCBQRPXK,,"Mens Swim Trunks, Pink Flamingo Print Board Shorts with Drawstring Waist for Resort and Summer Casual Parties"
Listing负责人为空,1972,B0HCBT4TMK,SKT4-AL-L,,,B0HCBZ5R31,,"Mens Swim Trunks, Flamingo Print Board Shorts with Drawstring Waist for Resort and Summer Coastal Parties"
Listing负责人为空,1973,B0HCBX3BLN,SKT3-AM-XL,,,B0HCBSX9WX,,"Mens Swim Trunks, Mini Pineapple Print Board Shorts with Drawstring Waist for Resort and Summer Casual Trips"
Listing负责人为空,1974,B0HCBZC1S5,SKT2-AP-XL,,,B0HCBQRPXK,,"Mens Swim Trunks, Banana Print Board Shorts with Drawstring Waist for Resort and Summer Casual Outings"
Listing负责人为空,1975,B0HCBX4B7G,SKT2-AT-L,,,B0HCBQRPXK,,"Mens Swim Trunks, Shark Print Board Shorts with Drawstring Waist for Resort and Summer Coastal Gatherings"
Listing负责人为空,1976,B0HCBTY78L,SKT1-PF-XL,,,B0HCBPZZKX,,"Mens Swim Trunks, Anchor Print Board Shorts with Drawstring Waist for Resort and Nautical Casual Events"
Listing负责人为空,1977,B0HCBT4K2R,SKT4-AN-XL,,,B0HCBZ5R31,,"Mens Swim Trunks, Triangle Print Board Shorts with Drawstring Waist for Resort and Summer Casual Gatherings"
Listing负责人为空,1978,B0HCBZY8TM,SKT1-AN-L,,,B0HCBPZZKX,,"Mens Swim Trunks, Triangle Print Board Shorts with Drawstring Waist for Resort and Summer Casual Gatherings"
Listing负责人为空,1979,B0HCC1Y5B8,SKT3-A7-L,,,B0HCBSX9WX,,"Mens Swim Trunks, Bird Print Board Shorts with Drawstring Waist for Resort and Summer Leisure Occasions"
Listing负责人为空,1980,B0HCBWTPSK,SKT3-8113-XL,,,B0HCBSX9WX,,"Mens Swim Trunks, Mini Palm Tree Print Board Shorts with Drawstring Waist for Resort and Summer Casual Getaways"
Listing负责人为空,1981,B0HCBVJC16,SKT1-AL-L,,,B0HCBPZZKX,,"Mens Swim Trunks, Flamingo Print Board Shorts with Drawstring Waist for Resort and Summer Coastal Parties"
Listing负责人为空,1982,B0HCBT3N2M,SKT4-AA-L,,,B0HCBZ5R31,,"Mens Swim Trunks, Vertical Stripe Board Shorts with Drawstring Waist for Resort and Daily Leisure Events"
Listing负责人为空,1983,B0HCBWPM8C,SKT1-A6-XL,,,B0HCBPZZKX,,"Mens Swim Trunks, Pineapple Print Board Shorts with Drawstring Waist for Resort and Summer Casual Scenarios"
Listing负责人为空,1984,B0HCC5KJDD,SKT2-PF-XL,,,B0HCBQRPXK,,"Mens Swim Trunks, Anchor Print Board Shorts with Drawstring Waist for Resort and Nautical Casual Events"
Listing负责人为空,1985,B0HCC1VNCC,SKT2-A5-L,,,B0HCBQRPXK,,"Mens Swim Trunks, Patriotic Flag Print Board Shorts with Drawstring Waist for Holiday and Resort Casual Activities"
Listing负责人为空,1986,B0HCBZKVCF,SKT1-AE-XL,,,B0HCBPZZKX,,"Mens Swim Trunks, Palm Tree Print Board Shorts with Drawstring Waist for Resort and Summer Casual Getaways"
Listing负责人为空,1987,B0HCC2W6P1,SKT1-A7-L,,,B0HCBPZZKX,,"Mens Swim Trunks, Bird Print Board Shorts with Drawstring Waist for Resort and Summer Leisure Occasions"
Listing负责人为空,1988,B0HCC3H1GV,SKT3-AN-XL,,,B0HCBSX9WX,,"Mens Swim Trunks, Triangle Print Board Shorts with Drawstring Waist for Resort and Summer Casual Gatherings"
Listing负责人为空,1989,B0HCBQS3RT,SKT3-AB-L,,,B0HCBSX9WX,,"Mens Swim Trunks, Steamed Dumpling Print Board Shorts with Drawstring Waist for Resort and Summer Casual Gatherings"
Listing负责人为空,1990,B0HCBWW39H,SKT1-A5-L,,,B0HCBPZZKX,,"Mens Swim Trunks, Patriotic Flag Print Board Shorts with Drawstring Waist for Holiday and Resort Casual Activities"
Listing负责人为空,1991,B0HCBVNCN5,SKT4-PG-XL,,,B0HCBZ5R31,,"Mens Swim Trunks, Two Tone Shark Print Board Shorts with Drawstring Waist for Resort and Summer Coastal Trips"
Listing负责人为空,1992,B0HCBXP959,SKT4-AM-XL,,,B0HCBZ5R31,,"Mens Swim Trunks, Mini Pineapple Print Board Shorts with Drawstring Waist for Resort and Summer Casual Trips"
Listing负责人为空,1993,B0HCBSLM83,SKT2-AJ-L,,,B0HCBQRPXK,,"Mens Swim Trunks, School of Fish Print Board Shorts with Drawstring Waist for Resort and Summer Coastal Gatherings"
Listing负责人为空,1994,B0HCBX56WW,SKT1-A8-XL,,,B0HCBPZZKX,,"Mens Swim Trunks, Cactus Print Board Shorts with Drawstring Waist for Resort and Summer Casual Events"
Listing负责人为空,1995,B0HCBLMM57,SKT2-A6-L,,,B0HCBQRPXK,,"Mens Swim Trunks, Pineapple Print Board Shorts with Drawstring Waist for Resort and Summer Casual Scenarios"
Listing负责人为空,1996,B0HCBX7B59,SKT2-AJ-XL,,,B0HCBQRPXK,,"Mens Swim Trunks, School of Fish Print Board Shorts with Drawstring Waist for Resort and Summer Coastal Gatherings"
Listing负责人为空,1997,B0HCC89P6M,SKT4-PF-XL,,,B0HCBZ5R31,,"Mens Swim Trunks, Anchor Print Board Shorts with Drawstring Waist for Resort and Nautical Casual Events"
Listing负责人为空,1998,B0HCC8T58W,SKT2-AQ-L,,,B0HCBQRPXK,,"Mens Swim Trunks, Flamingo Print Board Shorts with Drawstring Waist for Resort and Summer Coastal Events"
Listing负责人为空,1999,B0HCC6KDJZ,SKT1-AK-XL,,,B0HCBPZZKX,,"Mens Swim Trunks, Large Pineapple Print Board Shorts with Drawstring Waist for Resort and Summer Casual Events"
Listing负责人为空,2000,B0HCBYDV11,SKT3-AR-XL,,,B0HCBSX9WX,,"Mens Swim Trunks, Palm Tree Print Board Shorts with Drawstring Waist for Resort and Summer Casual Getaways"
Listing负责人为空,2001,B0HCC3LB75,SKT3-A6-L,,,B0HCBSX9WX,,"Mens Swim Trunks, Pineapple Print Board Shorts with Drawstring Waist for Resort and Summer Casual Scenarios"
Listing负责人为空,2002,B0HCBPBZRN,SKT1-A9-XL,,,B0HCBPZZKX,,"Mens Swim Trunks, Pear Print Board Shorts with Drawstring Waist for Resort and Summer Casual Plans"
Listing负责人为空,2003,B0HCBY1BCJ,SKT2-8113-L,,,B0HCBQRPXK,,"Mens Swim Trunks, Mini Palm Tree Print Board Shorts with Drawstring Waist for Resort and Summer Casual Getaways"
Listing负责人为空,2004,B0HCC1DYSL,SKT1-AR-L,,,B0HCBPZZKX,,"Mens Swim Trunks, Palm Tree Print Board Shorts with Drawstring Waist for Resort and Summer Casual Getaways"
Listing负责人为空,2005,B0HCBZJ1Z3,SKT3-AP-XL,,,B0HCBSX9WX,,"Mens Swim Trunks, Banana Print Board Shorts with Drawstring Waist for Resort and Summer Casual Outings"
Listing负责人为空,2006,B0HCC39FRF,SKT2-AL-XL,,,B0HCBQRPXK,,"Mens Swim Trunks, Flamingo Print Board Shorts with Drawstring Waist for Resort and Summer Coastal Parties"
Listing负责人为空,2007,B0HCBZH8KN,SKT1-AP-L,,,B0HCBPZZKX,,"Mens Swim Trunks, Banana Print Board Shorts with Drawstring Waist for Resort and Summer Casual Outings"
Listing负责人为空,2008,B0HCC33DGM,SKT4-AA-XL,,,B0HCBZ5R31,,"Mens Swim Trunks, Vertical Stripe Board Shorts with Drawstring Waist for Resort and Daily Leisure Events"
Listing负责人为空,2009,B0HCBYX6DZ,SKT1-AU-L,,,B0HCBPZZKX,,"Mens Swim Trunks, Pink Flamingo Print Board Shorts with Drawstring Waist for Resort and Summer Casual Parties"
Listing负责人为空,2010,B0HCBTY3ZN,SKT2-AR-L,,,B0HCBQRPXK,,"Mens Swim Trunks, Palm Tree Print Board Shorts with Drawstring Waist for Resort and Summer Casual Getaways"
Listing负责人为空,2011,B0HCBXQ38R,SKT3-A4-XL,,,B0HCBSX9WX,,"Mens Swim Trunks, Flamingo Print Board Shorts with Drawstring Waist for Beach and Daily Casual Occasions"
Listing负责人为空,2012,B0HCC13LTR,SKT1-AT-XL,,,B0HCBPZZKX,,"Mens Swim Trunks, Shark Print Board Shorts with Drawstring Waist for Resort and Summer Coastal Gatherings"
Listing负责人为空,2013,B0HCBXYKTL,SKT4-AN-L,,,B0HCBZ5R31,,"Mens Swim Trunks, Triangle Print Board Shorts with Drawstring Waist for Resort and Summer Casual Gatherings"
Listing负责人为空,2014,B0HCC1B3GT,SKT3-8111-L,,,B0HCBSX9WX,,"Mens Swim Trunks, Tropical Floral Bird Print Board Shorts with Drawstring Waist for Resort and Summer Casual Events"
Listing负责人为空,2015,B0HCC377XZ,SKT2-AP-L,,,B0HCBQRPXK,,"Mens Swim Trunks, Banana Print Board Shorts with Drawstring Waist for Resort and Summer Casual Outings"
Listing负责人为空,2016,B0HCC2P43C,SKT2-A8-L,,,B0HCBQRPXK,,"Mens Swim Trunks, Cactus Print Board Shorts with Drawstring Waist for Resort and Summer Casual Events"
Listing负责人为空,2017,B0HCBTG3TK,SKT4-AG-XL,,,B0HCBZ5R31,,"Mens Swim Trunks, Watermelon Print Board Shorts with Drawstring Waist for Resort and Summer Casual Parties"
Listing负责人为空,2018,B0HCBXM6BZ,SKT2-A9-L,,,B0HCBQRPXK,,"Mens Swim Trunks, Pear Print Board Shorts with Drawstring Waist for Resort and Summer Casual Plans"
Listing负责人为空,2019,B0HCBWN44J,SKT2-AG-L,,,B0HCBQRPXK,,"Mens Swim Trunks, Watermelon Print Board Shorts with Drawstring Waist for Resort and Summer Casual Parties"
Listing负责人为空,2020,B0HCBYR7N3,SKT4-AP-L,,,B0HCBZ5R31,,"Mens Swim Trunks, Banana Print Board Shorts with Drawstring Waist for Resort and Summer Casual Outings"
Listing负责人为空,2021,B0HCC38WGR,SKT1-AA-XL,,,B0HCBPZZKX,,"Mens Swim Trunks, Vertical Stripe Board Shorts with Drawstring Waist for Resort and Daily Leisure Events"
Listing负责人为空,2022,B0HCBQN3NR,SKT4-AP-XL,,,B0HCBZ5R31,,"Mens Swim Trunks, Banana Print Board Shorts with Drawstring Waist for Resort and Summer Casual Outings"
Listing负责人为空,2023,B0HCC2RLW1,SKT3-PG-L,,,B0HCBSX9WX,,"Mens Swim Trunks, Two Tone Shark Print Board Shorts with Drawstring Waist for Resort and Summer Coastal Trips"
Listing负责人为空,2024,B0HCBZ8TXV,SKT1-AH-XL,,,B0HCBPZZKX,,"Mens Swim Trunks, Pineapple Print Board Shorts with Drawstring Waist for Resort and Summer Casual Occasions"
Listing负责人为空,2025,B0HCC1QNKJ,SKT1-AK-L,,,B0HCBPZZKX,,"Mens Swim Trunks, Large Pineapple Print Board Shorts with Drawstring Waist for Resort and Summer Casual Events"
Listing负责人为空,2026,B0HCBYLVBF,SKT1-AB-XL,,,B0HCBPZZKX,,"Mens Swim Trunks, Steamed Dumpling Print Board Shorts with Drawstring Waist for Resort and Summer Casual Gatherings"
Listing负责人为空,2027,B0HCBTJBB9,SKT3-A4-L,,,B0HCBSX9WX,,"Mens Swim Trunks, Flamingo Print Board Shorts with Drawstring Waist for Beach and Daily Casual Occasions"
Listing负责人为空,2028,B0HCBZSBQF,SKT2-AR-XL,,,B0HCBQRPXK,,"Mens Swim Trunks, Palm Tree Print Board Shorts with Drawstring Waist for Resort and Summer Casual Getaways"
Listing负责人为空,2029,B0HCBTY78J,SKT2-AF-L,,,B0HCBQRPXK,,"Mens Swim Trunks, Block Stripe Board Shorts with Drawstring Waist for Resort and Daily Casual Trips"
Listing负责人为空,2030,B0HCC22221,SKT4-A9-L,,,B0HCBZ5R31,,"Mens Swim Trunks, Pear Print Board Shorts with Drawstring Waist for Resort and Summer Casual Plans"
Listing负责人为空,2031,B0HCBZLGK5,SKT2-AE-L,,,B0HCBQRPXK,,"Mens Swim Trunks, Palm Tree Print Board Shorts with Drawstring Waist for Resort and Summer Casual Getaways"
Listing负责人为空,2032,B0HCBYY66Q,SKT4-AF-XL,,,B0HCBZ5R31,,"Mens Swim Trunks, Block Stripe Board Shorts with Drawstring Waist for Resort and Daily Casual Trips"
Listing负责人为空,2033,B0HCBYWWKY,SKT3-A9-L,,,B0HCBSX9WX,,"Mens Swim Trunks, Pear Print Board Shorts with Drawstring Waist for Resort and Summer Casual Plans"
Listing负责人为空,2034,B0HCBTBXFX,SKT1-A7-XL,,,B0HCBPZZKX,,"Mens Swim Trunks, Bird Print Board Shorts with Drawstring Waist for Resort and Summer Leisure Occasions"
Listing负责人为空,2035,B0HCBT3QTB,SKT4-941-XL,,,B0HCBZ5R31,,"Mens Swim Trunks, Pink Flamingo Print Board Shorts with Drawstring Waist for Resort and Summer Coastal Parties"
Listing负责人为空,2036,B0HCC28WQG,SKT1-942-L,,,B0HCBPZZKX,,"Mens Swim Trunks, Multi Color Pineapple Print Board Shorts with Drawstring Waist for Resort and Summer Casual Outings"
Listing负责人为空,2037,B0HCBWZBM4,SKT3-942-L,,,B0HCBSX9WX,,"Mens Swim Trunks, Multi Color Pineapple Print Board Shorts with Drawstring Waist for Resort and Summer Casual Outings"
Listing负责人为空,2038,B0HCBVK61F,SKT2-AB-XL,,,B0HCBQRPXK,,"Mens Swim Trunks, Steamed Dumpling Print Board Shorts with Drawstring Waist for Resort and Summer Casual Gatherings"
Listing负责人为空,2039,B0HCC1XR6G,SKT2-A4-L,,,B0HCBQRPXK,,"Mens Swim Trunks, Flamingo Print Board Shorts with Drawstring Waist for Beach and Daily Casual Occasions"
Listing负责人为空,2040,B0HCBT54DG,SKT4-AT-L,,,B0HCBZ5R31,,"Mens Swim Trunks, Shark Print Board Shorts with Drawstring Waist for Resort and Summer Coastal Gatherings"
Listing负责人为空,2041,B0HCBT57NW,SKT4-AB-XL,,,B0HCBZ5R31,,"Mens Swim Trunks, Steamed Dumpling Print Board Shorts with Drawstring Waist for Resort and Summer Casual Gatherings"
Listing负责人为空,2042,B0HCBQMZW3,SKT3-AJ-XL,,,B0HCBSX9WX,,"Mens Swim Trunks, School of Fish Print Board Shorts with Drawstring Waist for Resort and Summer Coastal Gatherings"
Listing负责人为空,2043,B0HCC8SKHG,SKT4-8111-L,,,B0HCBZ5R31,,"Mens Swim Trunks, Tropical Floral Bird Print Board Shorts with Drawstring Waist for Resort and Summer Casual Events"
Listing负责人为空,2044,B0HCC1FG8Q,SKT2-AB-L,,,B0HCBQRPXK,,"Mens Swim Trunks, Steamed Dumpling Print Board Shorts with Drawstring Waist for Resort and Summer Casual Gatherings"
Listing负责人为空,2045,B0HCC3R4XG,SKT4-A4-XL,,,B0HCBZ5R31,,"Mens Swim Trunks, Flamingo Print Board Shorts with Drawstring Waist for Beach and Daily Casual Occasions"
Listing负责人为空,2046,B0HCC19VQT,SKT4-AJ-L,,,B0HCBZ5R31,,"Mens Swim Trunks, School of Fish Print Board Shorts with Drawstring Waist for Resort and Summer Coastal Gatherings"
Listing负责人为空,2047,B0HCBQCP6F,SKT3-8113-L,,,B0HCBSX9WX,,"Mens Swim Trunks, Mini Palm Tree Print Board Shorts with Drawstring Waist for Resort and Summer Casual Getaways"
Listing负责人为空,2048,B0HCC15P7H,SKT1-AF-L,,,B0HCBPZZKX,,"Mens Swim Trunks, Block Stripe Board Shorts with Drawstring Waist for Resort and Daily Casual Trips"
Listing负责人为空,2049,B0HCBZFW1S,SKT4-A9-XL,,,B0HCBZ5R31,,"Mens Swim Trunks, Pear Print Board Shorts with Drawstring Waist for Resort and Summer Casual Plans"
Listing负责人为空,2050,B0HCBTP7WK,SKT4-AE-L,,,B0HCBZ5R31,,"Mens Swim Trunks, Palm Tree Print Board Shorts with Drawstring Waist for Resort and Summer Casual Getaways"
Listing负责人为空,2051,B0HCBXCSJ4,SKT4-942-XL,,,B0HCBZ5R31,,"Mens Swim Trunks, Multi Color Pineapple Print Board Shorts with Drawstring Waist for Resort and Summer Casual Outings"
Listing负责人为空,2052,B0HCBZFW1T,SKT4-A8-L,,,B0HCBZ5R31,,"Mens Swim Trunks, Cactus Print Board Shorts with Drawstring Waist for Resort and Summer Casual Events"
Listing负责人为空,2053,B0HCC5NT6R,SKT4-A7-XL,,,B0HCBZ5R31,,"Mens Swim Trunks, Bird Print Board Shorts with Drawstring Waist for Resort and Summer Leisure Occasions"
Listing负责人为空,2054,B0HCC3FFN1,KS144-44/45,,,B0HCC3FFN1,,
Listing负责人为空,2055,B0HCBXH741,SKT1-AQ-L,,,B0HCBPZZKX,,"Mens Swim Trunks, Flamingo Print Board Shorts with Drawstring Waist for Resort and Summer Coastal Events"
Listing负责人为空,2056,B0HCC5HHNN,SKT3-A8-XL,,,B0HCBSX9WX,,"Mens Swim Trunks, Cactus Print Board Shorts with Drawstring Waist for Resort and Summer Casual Events"
Listing负责人为空,2057,B0HCBTDHTP,SKT4-AE-XL,,,B0HCBZ5R31,,"Mens Swim Trunks, Palm Tree Print Board Shorts with Drawstring Waist for Resort and Summer Casual Getaways"
Listing负责人为空,2058,B0HCBT99ZW,KS133-40/41,,,B0HCBT99ZW,,
Listing负责人为空,2059,B0HCC16Z8M,SKT2-941-L,,,B0HCBQRPXK,,"Mens Swim Trunks, Pink Flamingo Print Board Shorts with Drawstring Waist for Resort and Summer Coastal Parties"
Listing负责人为空,2060,B0HCBY2BM2,SKT1-941-L,,,B0HCBPZZKX,,"Mens Swim Trunks, Pink Flamingo Print Board Shorts with Drawstring Waist for Resort and Summer Coastal Parties"
Listing负责人为空,2061,B0HCC3V977,SKT4-A6-L,,,B0HCBZ5R31,,"Mens Swim Trunks, Pineapple Print Board Shorts with Drawstring Waist for Resort and Summer Casual Scenarios"
Listing负责人为空,2062,B0HCBZ9F62,SKT1-AG-XL,,,B0HCBPZZKX,,"Mens Swim Trunks, Watermelon Print Board Shorts with Drawstring Waist for Resort and Summer Casual Parties"
Listing负责人为空,2063,B0HCBVM2P1,SKT2-AK-L,,,B0HCBQRPXK,,"Mens Swim Trunks, Large Pineapple Print Board Shorts with Drawstring Waist for Resort and Summer Casual Events"
Listing负责人为空,2064,B0HCC2J4XJ,SKT2-AM-XL,,,B0HCBQRPXK,,"Mens Swim Trunks, Mini Pineapple Print Board Shorts with Drawstring Waist for Resort and Summer Casual Trips"
Listing负责人为空,2065,B0HCBXCHJK,SKT3-941-XL,,,B0HCBSX9WX,,"Mens Swim Trunks, Pink Flamingo Print Board Shorts with Drawstring Waist for Resort and Summer Coastal Parties"
Listing负责人为空,2066,B0HCBX3FFD,SKT4-941-L,,,B0HCBZ5R31,,"Mens Swim Trunks, Pink Flamingo Print Board Shorts with Drawstring Waist for Resort and Summer Coastal Parties"
Listing负责人为空,2067,B0HCBWVHMQ,SKT4-A5-L,,,B0HCBZ5R31,,"Mens Swim Trunks, Patriotic Flag Print Board Shorts with Drawstring Waist for Holiday and Resort Casual Activities"
Listing负责人为空,2068,B0HCBWJTW8,SKT3-A5-L,,,B0HCBSX9WX,,"Mens Swim Trunks, Patriotic Flag Print Board Shorts with Drawstring Waist for Holiday and Resort Casual Activities"
Listing负责人为空,2069,B0HCC3QN7Y,SKT1-AM-L,,,B0HCBPZZKX,,"Mens Swim Trunks, Mini Pineapple Print Board Shorts with Drawstring Waist for Resort and Summer Casual Trips"
Listing负责人为空,2070,B0HCC1W58C,SKT3-942-XL,,,B0HCBSX9WX,,"Mens Swim Trunks, Multi Color Pineapple Print Board Shorts with Drawstring Waist for Resort and Summer Casual Outings"
Listing负责人为空,2071,B0HCBXK5YN,SKT2-AA-XL,,,B0HCBQRPXK,,"Mens Swim Trunks, Vertical Stripe Board Shorts with Drawstring Waist for Resort and Daily Leisure Events"
Listing负责人为空,2072,B0HCBYYWCT,SKT2-AF-XL,,,B0HCBQRPXK,,"Mens Swim Trunks, Block Stripe Board Shorts with Drawstring Waist for Resort and Daily Casual Trips"
Listing负责人为空,2073,B0HCC91G3F,SKT1-PG-XL,,,B0HCBPZZKX,,"Mens Swim Trunks, Two Tone Shark Print Board Shorts with Drawstring Waist for Resort and Summer Coastal Trips"
Listing负责人为空,2074,B0HCBZLY17,SKT3-AL-L,,,B0HCBSX9WX,,"Mens Swim Trunks, Flamingo Print Board Shorts with Drawstring Waist for Resort and Summer Coastal Parties"
Listing负责人为空,2075,B0HCC31HMS,SKT3-941-L,,,B0HCBSX9WX,,"Mens Swim Trunks, Pink Flamingo Print Board Shorts with Drawstring Waist for Resort and Summer Coastal Parties"
Listing负责人为空,2076,B0HCC8Q2P4,SKT2-AK-XL,,,B0HCBQRPXK,,"Mens Swim Trunks, Large Pineapple Print Board Shorts with Drawstring Waist for Resort and Summer Casual Events"
Listing负责人为空,2077,B0HCBQW9CR,SKT4-8111-XL,,,B0HCBZ5R31,,"Mens Swim Trunks, Tropical Floral Bird Print Board Shorts with Drawstring Waist for Resort and Summer Casual Events"
Listing负责人为空,2078,B0HCBTP1J3,SKT3-PF-L,,,B0HCBSX9WX,,"Mens Swim Trunks, Anchor Print Board Shorts with Drawstring Waist for Resort and Nautical Casual Events"
Listing负责人为空,2079,B0HCBZ5G4Q,SKT4-AF-L,,,B0HCBZ5R31,,"Mens Swim Trunks, Block Stripe Board Shorts with Drawstring Waist for Resort and Daily Casual Trips"
Listing负责人为空,2080,B0HCBPSLL2,SKT1-PG-L,,,B0HCBPZZKX,,"Mens Swim Trunks, Two Tone Shark Print Board Shorts with Drawstring Waist for Resort and Summer Coastal Trips"
Listing负责人为空,2081,B0HCBX6B44,KS174-36/37,,,B0HCBQKX2N,,
工具未内置该 ASIN,2082,B0HCBBNYX6,KCC-ZWBD-15MM,凯旋,,B0H1VK6P8V,植物绑带,"plant tie tape roll,0.59 in x 9.84 ft plant securing tape,reusable garden plant ties,adjustable plant stem binding tape,cut‑to‑length vine shaping strap"
工具未内置该 ASIN,2083,B0HCB7VFH2,KCC-ZWBD-10PCS,凯旋,,B0H1VK6P8V,植物绑带,"10 Pack Reusable Plant Ties, Adjustable Plant Securing Straps, Releasable Stem Bundling Ties For Houseplant, Patio And Garden Branch Fixing & Vine Shaping"
工具未内置该 ASIN,2084,B0HCBPBCRP,KCC-CZS-duan,凯旋,,B0GTKNBJ45,软毛刷,"Short Handle Car Detail Brush, Curved Bristle Dust Brush, Standable Hand‑Grip Dust Removal Tool for Vehicle Dashboard, Desktop and Workstation Multi‑Surface Use"
工具未内置该 ASIN,2085,B0HCBDTP8B,KCC-CZS-chang,凯旋,,B0GTKNBJ45,软毛刷,"Car Interior Cleaning Brush, Soft Bristle Detail Brush, Handheld Dust Removal Tool for Vehicle Dashboard, Desktop and Workstation Multi‑Surface Use"
工具未内置该 ASIN,2086,B0HC6NVFWD,SP-boliqi-1,图图,,B0HC6DXMV4,,"Stainless Steel Herb Stripper Tool, 9 Multi-Size Holes Herb Leaf Remover with Protective Cover, Kitchen Gadget for Rosemary, Thyme, Basil"
工具未内置该 ASIN,2087,B0HC6N7M63,SP-faquan-2gf,图图,,B0HC6N7M63,,"2 Pack Satin Scrunchie with Hidden Zipper Pocket, Silky Storage Hair Tie, Solid Color Fabric Hair Scrunchies for Women Hair Accessories"
工具未内置该 ASIN,2088,B0HC6F62SN,SP-matongshuai-2,图图,,B0HC6VNMVC,,"Pumice Stone Toilet Bowl Cleaner with Handle, Heavy Duty Porcelain Cleaning Block for Bathroom, Includes Toilet Deodorizing Tablets"
工具未内置该 ASIN,2089,B0HC6JM9GK,SP-faquan-2zh,图图,,B0HC6JM9GK,,"2 Pack Satin Scrunchie with Hidden Zipper Pocket, Silky Storage Hair Tie, Solid Color Fabric Hair Scrunchies for Women Hair Accessories"
工具未内置该 ASIN,2090,B0HBWYXSRZ,SP-lunzi-4cheng,图图,,B0HBWR76QC,,"8 Pack Luggage Wheel Silicone Protector Covers, Wear Resistant Noise Reduction Suitcase Caster Sleeve, Easy Install Rolling Luggage Wheel Guards"
工具未内置该 ASIN,2091,B0HBWX7SFX,SP-lunzi-1hei,图图,,B0HBWR76QC,,"4 Pack Luggage Wheel Silicone Protector Covers, Wear Resistant Noise Reduction Suitcase Caster Sleeve, Easy Install Rolling Luggage Wheel Guards"
工具未内置该 ASIN,2092,B0HBWL8LC9,SP-guasha-1,图图,,B0HC6QPLGZ,,"Wooden Facial Massage Comb, Multi Function Gua Sha Scraping Tool for Face, Jawline Sculpting Massage Instrument"
工具未内置该 ASIN,2093,B0HBWRK7LH,SP-guaigou-1mao,图图,,B0H1HKKBJB,,"Cute Cat Over Cabinet Door Hook, Punch-Free Metal Hanging Hook, Cartoon Decorative Hook for Kitchen Bathroom Closet"
工具未内置该 ASIN,2094,B0H94FLQ9J,SP-FDB-3,图图,,B0H94NK69W,,"Interlocking Silver Mirror Wind Sequin Wall Panels, DIY Splicable Shiny Decor Tiles for Home Wall, Wedding Photo Backdrop Party Background"
工具未内置该 ASIN,2095,B0HBWPL1GZ,SP-shuqian-ye,图图,,B0H8BS1F8F,,"Vintage Metal Ginkgo Leaf Bookmark with Tassel, Hollow Brass Book Marker, Elegant Page Marker Gift for Book Lovers, Students, Reading Enthusiasts"
工具未内置该 ASIN,2096,B0HBW2CFMM,KCC-XMJ,凯旋,,B0HBW2CFMM,,"Eyebrow Scissors, Brow Trimming Tool with Comb Edge for Face Grooming, Makeup Bag and Travel Cosmetic Use"
Listing负责人为空,2097,B0HBV41GZ2,SP-fenzhiqi3-s,,,B0HCY3HK4F,,"2 Pack Fabric Sleeve Toe Spacers, Reusable Nail Care Tool for Overlapping Toes Foot Grooming, Bonus Adhesive Tape"
Listing负责人为空,2098,B0HBV8SNDR,SP-fenzhiqi3-l,,,B0HCY3HK4F,,"2 Pack Fabric Sleeve Toe Spacers, Reusable Nail Care Tool for Overlapping Toes Foot Grooming, Bonus Adhesive Tape"
Listing负责人为空,2099,B0HBQMTS64,KS100-40/41,,,B0HBQMTS64,,"Water Shoes for Women Men, Aqua Socks, Quick Dry Slip On for Beach Pool Resort Lake Travel Pair, KS100, Adult Travel"
Listing负责人为空,2100,B0HBQHJ1LY,KS100-42/43,,,B0HBQHJ1LY,,"Water Shoes for Women Men, Aqua Socks, Quick Dry Slip On for Beach Pool Resort Lake Travel Pair, KS100, Adult Travel"
Listing负责人为空,2101,B0HBQMTP77,KS110-44/45,,,B0HBQRBG8J,,
Listing负责人为空,2102,B0HBQMPYGL,KS100-44/45,,,B0HBQMPYGL,,"Water Shoes for Women Men, Aqua Socks, Quick Dry Slip On for Beach Pool Resort Lake Travel Pair, KS100, Adult Travel"
Listing负责人为空,2103,B0HBQQVZGJ,KS100-38/39,,,B0HBQQVZGJ,,"Water Shoes for Women Men, Aqua Socks, Quick Dry Slip On for Beach Pool Resort Lake Travel Pair, KS100, Adult Travel"
Listing负责人为空,2104,B0HBQRY2V3,KS100-36/37,,,B0HBQRY2V3,,"Water Shoes for Women Men, Aqua Socks, Quick Dry Slip On for Beach Pool Resort Lake Travel Pair, KS100, Adult Travel"
工具未内置该 ASIN,2105,B0H9RJ22JF,KCC-FPfen-111,凯旋,,B0H9RJ22JF,,"Makeup Sponge, Foundation Blender for Liquid, Cream, Powder And Concealer Application, Single Trial Puff for Travel Vanity"
Listing负责人为空,2106,B0H9B72CJ2,WESDW-EJSNH-GREEN-1,,未分配,B0H9BB8BVQ,,Silicone Earphone Storage Case 9x8x2.5cm Drop-Resistant
Listing负责人为空,2107,B0H99WLQDJ,WESDW-EJSNH-RED-1,,未分配,B0H9BB8BVQ,,Silicone Earphone Storage Case 9x8x2.5cm Drop-Resistant
Listing负责人为空,2108,B0H9BBGBSQ,WESDW-EJSNH-GRAY-1,,未分配,B0H9BB8BVQ,,Silicone Earphone Storage Case 9x8x2.5cm Drop-Resistant
Listing负责人为空,2109,B0H98RXR5K,WESDW-SJXSNQ-WHITE-6,,未分配,B0H98DDBBC,,"Magnetic Cable Organizer, White 6 Pack, Desk Wall Cord Holder Clips for Charging Cables"
Listing负责人为空,2110,B0H98HP2L1,WESDW-SJXSNQ-BLACK-6,,未分配,B0H98DDBBC,,"Magnetic Cable Organizer, Black 6 Pack, Desk Wall Cord Holder Clips for Charging Cables"
Listing负责人为空,2111,B0H98SDFWL,WESDW-SJXSNQ-BLACK-3,,未分配,B0H98DDBBC,,"Magnetic Cable Organizer, Black 3 Pack, Desk Wall Cord Holder Clips for Charging Cables"
Listing负责人为空,2112,B0H98MRSXL,WESDW-SJXSNQ-WHITE-3,,未分配,B0H98DDBBC,,"Magnetic Cable Organizer, White 3 Pack, Desk Wall Cord Holder Clips for Charging Cables"
负责人不一致,2113,B0H6FFS6B2,QC-DB-H-silver1,公司,未分配,B0H2MKR6M2,,"Universal 6 Speed Knurled Aluminum Alloy Gear Shift Knob with 4 Adapters, Racing Shifter Head for Car & Sim Racing"
一致,2114,B0H8SCR8Z6,WESSP-FP-dan02,图图,图图,B0H8SKFKPC,,"2Pcs Black Pink Makeup Puff Kit, Powder Cushion Beauty Sponge & Mini Finger Puffs for All Makeup Steps"
一致,2115,B0H8SBQ1XW,WESSP-FP-dan01,图图,图图,B0H8SKFKPC,,"4 Pack Cosmetic Blending Sponge Set, Soft Face Applicator Sponges for Foundation, Concealer & Powder"
一致,2116,B0H8S7ZM74,WESSP-FP-tao01,图图,图图,B0H8SD7NHR,,"10 Pack Mixed Shape Cosmetic Blending Puffs, Cloud Diamond Square Triangle Face Pads for Powder Touch Up"
一致,2117,B0H8SFCT8W,WESSP-FP-quan01,图图,图图,B0H8SMMD8Z,,"10 Pack Black & Pink Cosmetic Application Puff Set, Multi Shape Face Blending Pads for Daily Makeup Application"
一致,2118,B0H8SHV4KS,WESSP-FP-quan02,图图,图图,B0H8SMMD8Z,,"2Pcs Black Pink Makeup Puff Kit, Powder Cushion Beauty Sponge & Mini Finger Puffs for All Makeup Steps"
一致,2119,B0H8S26BW8,WESSP-FP-dingzhuang02,图图,图图,B0H8S41HKH,,"2Pcs Black Pink Makeup Puff Kit, Powder Cushion Beauty Sponge & Mini Finger Puffs for All Makeup Steps"
一致,2120,B0H8SJZY7T,WESSP-FP-tao02,图图,图图,B0H8SD7NHR,,"2Pcs Black Pink Makeup Puff Kit, Powder Cushion Beauty Sponge & Mini Finger Puffs for All Makeup Steps"
一致,2121,B0H8SFXNND,WESSP-FP-xi01,图图,图图,B0H8S6V5HS,,"6 Pack Triangle Finger Cosmetic Blending Pads, Diamond Shape Finger Puffs for Face Powder Application"
一致,2122,B0H8SFC151,WESSP-FP-xi02,图图,图图,B0H8S6V5HS,,"2Pcs Black Pink Makeup Puff Kit, Powder Cushion Beauty Sponge & Mini Finger Puffs for All Makeup Steps"
一致,2123,B0H8SJBQQK,WESSP-FP-dingzhuang01,图图,图图,B0H8S41HKH,,"10 Pack Cloud Shaped Cosmetic Blending Puffs, Soft Face Pads for Loose & Pressed Powder Daily Touch Up"
一致,2124,B0H8S4VRSD,CA-Pettoy-Feather-Wood,cccady,cccady,B0HBRP6T36,,"Wooden Cat Wobble Toy with Feather Teaser, Self-Righting Tumbler Cat Toy for Indoor Cats, Silent Battery-Free Solo Play"
一致,2125,B0H8PNVG7B,CA-Pettoy-Sisal,cccady,cccady,B0HBRP6T36,猫玩具不倒翁-剑麻款,"Wooden Cat Wobble Toy with Sisal Fabric Body, Self-Righting Tumbler Cat Toy for Indoor Cats, Silent Battery-Free Solo Play"
一致,2126,B0H8MNFHMX,CA-Coffeebrush-Pearwood,cccady,cccady,B0HBRQTWM2,咖啡清洁刷-花梨木,"Coffee Grinder Cleaning Brush with Pearwood Handle, Espresso Machine Brush for Home Kitchen Coffee Bar Accessories, Yellow"
一致,2127,B0H8MCXC8K,CA-Coffeebrush-Blackwood,cccady,cccady,B0HBRQTWM2,咖啡清洁刷-黑檀木,"Coffee Grinder Cleaning Brush with Pearwood Handle, Espresso Machine Brush for Home Kitchen Coffee Bar Accessories, Brown"
一致,2128,B0H8LNWNNN,CA-Washbag-Grey,cccady,cccady,B0HBRHVBTJ,防水洗漱包-灰色-大号,"Waterproof EVA Toiletry Bag Large, Portable Dry Wet Separation Travel Makeup Organizer Pouch for Gym Swimming Beach, Transparent Gray"
一致,2129,B0H8LRCK1M,CA-Washbag-White,cccady,cccady,B0HBRHVBTJ,防水洗漱包-白色-大号,"Waterproof EVA Toiletry Bag Large, Portable Dry Wet Separation Travel Makeup Organizer Pouch for Gym Swimming Beach, Transparent White"
一致,2130,B0H8LK5VHQ,CA-Shakerbottle-Black,cccady,cccady,B0HBRN1NXY,摇摇杯-黑色,"Protein Shaker Bottle 350 ml, Leak Proof Plastic Fitness Mixer Cup for Gym Workout Smoothies and Meal Prep, Black"
一致,2131,B0H8LHQRX5,CA-Shakerbottle-Green,cccady,cccady,B0HBRN1NXY,摇摇杯-绿色,"Protein Shaker Bottle 350 ml, Leak Proof Plastic Fitness Mixer Cup for Gym Workout Smoothies and Meal Prep, Green"
一致,2132,B0H8LQN9TZ,CA-Shakerbottle-Pink,cccady,cccady,B0HBRN1NXY,摇摇杯-粉色,"Protein Shaker Bottle 350 ml, Leak Proof Plastic Fitness Mixer Cup for Gym Workout Smoothies and Meal Prep, Pink"
一致,2133,B0H8KBFYVV,CA-Pet-XQ-Airtag-Pink,cccady,cccady,B0HBRQQNHG,AirTag宠物项圈-红色,"AirTag Pet Collar, Soft PU Leather Adjustable Tracking Dog and Cat Collar with Holder and Metal Buckle, M, Pink, AirTag Not Included"
一致,2134,B0H8K76WLS,CA-Pet-XQ-Airtag-Black,cccady,cccady,B0HBRQQNHG,AirTag宠物项圈-黑色,"AirTag Pet Collar, Soft PU Leather Adjustable Tracking Dog and Cat Collar with Holder and Metal Buckle, M, Black, AirTag Not Included"
一致,2135,B0H8K1DHH8,CA-Pet-XQ-Airtag-Blue,cccady,cccady,B0HBRQQNHG,AirTag宠物项圈-天蓝色,"AirTag Pet Collar, Soft PU Leather Adjustable Tracking Dog and Cat Collar with Holder and Metal Buckle, M, Sky Blue, AirTag Not Included"
一致,2136,B0H8D864GK,CA-Towel-green,cccady,cccady,B0HBRMWZQZ,冷感运动毛巾-绿色,"Cooling Sports Towel, Double-Sided Microfiber Quick Dry Ice Towel for Gym Yoga Running Camping, Green"
一致,2137,B0H8D65QW1,CA-Towel-grey,cccady,cccady,B0HBRMWZQZ,冷感运动毛巾-灰色,"Cooling Sports Towel, Double-Sided Microfiber Quick Dry Ice Towel for Gym Yoga Running Camping, Gray"
一致,2138,B0H8CY3NGM,CA-Towel-pink,cccady,cccady,B0HBRMWZQZ,冷感运动毛巾-粉色,"Cooling Sports Towel, Double-Sided Microfiber Quick Dry Ice Towel for Gym Yoga Running Camping, Pink"
一致,2139,B0H89XDSFK,CA-Petchewtoy-fly,cccady,cccady,B0HDJXF34D,木天蓼猫玩具-蝴蝶,"Natural Jute Silvervine Cat Chew Toy, Butterfly Shape Catnip Interactive Dental Toy for Indoor Cats"
一致,2140,B0H8BBXXBL,CA-Petchewtoy-bird,cccady,cccady,B0H8BBXXBL,木天蓼猫玩具-鹦鹉,"Natural Jute Silvervine Cat Chew Toy, Parrot Shape Interactive Dental Toy for Indoor Cats"
一致,2141,B0H89Q7F2Q,CA-Petchewtoy-mouse,cccady,cccady,B0HDJXF34D,木天蓼猫玩具-老鼠球套装,"Natural Jute Silvervine Cat Chew Toy, Mouse and Ball Interactive Dental Toy for Indoor Cats"
一致,2142,B0H8B1T9QP,CA-Petchewtoy-ball,cccady,cccady,B0HDJXF34D,木天蓼猫玩具-串串球,"Natural Jute Silvervine Cat Chew Toy, String Ball Interactive Dental Toy for Indoor Cats"
一致,2143,B0H889RPFB,CCC-PetXQ-Airlight-WHITE,cccady,cccady,B0HC86HXXR,AirTag硅胶宠物项圈-白色,"AirTag Cat Collar with Silicone Holder, Glow in the Dark Breakaway Pet Collar for Cats and Small Dogs, White, AirTag Not Included"
一致,2144,B0H88KGPMT,CC-PetXQ-Airlight-PINK,cccady,cccady,B0HC86HXXR,AirTag硅胶宠物项圈-粉色,"AirTag Cat Collar with Silicone Holder, Glow in the Dark Breakaway Pet Collar for Cats and Small Dogs, Pink, AirTag Not Included"
一致,2145,B0H87Q3ZTB,WESSP-tiezhi-hk500,图图,图图,B0H87QXL2X,2店标签红空白色,"500 Sheets Blank Write-On Pantry Label Roll, Self Adhesive Blue Border Tags for Jars Canisters Food Containers"
一致,2146,B0H87SNRRG,WESSP-tiezhi-h500,图图,图图,B0H87QXL2X,2店标签红色,"500 Sheets Blank Write-On Pantry Label Roll, Self Adhesive Blue Border Tags for Jars Canisters Food Containers"
一致,2147,B0H87RHXHQ,WESSP-tiezhi-lk500,图图,图图,B0H87QXL2X,2店标签蓝空白色,"500 Sheets Blank Write-On Pantry Label Roll, Self Adhesive Blue Border Tags for Jars Canisters Food Containers"
一致,2148,B0H87R9CGN,WESSP-tiezhi-l500,图图,图图,B0H87QXL2X,2店标签蓝色,"500 Sheets Blank Write-On Pantry Label Roll, Self Adhesive Blue Border Tags for Jars Canisters Food Containers"
一致,2149,B0H86VSQ13,PET-Toy-3MQ-CC,cccady,cccady,B0H86VSQ13,猫玩具大棉签-15cm,"Cat Q-Tip Toy Set, 3 Pack Giant Cotton Swab Cat Toys with Catnip for Indoor Interactive Play and Chewing"
一致,2150,B0H7C53DVB,SP-fanguangwei-6,图图,图图,B0H7C53DVB,,"Triangular Bike Saddle Reflector, High Vis TPU Safety Tag, Tool-Free Hook, Night Riding Accessory for Mountain Road Folding Bikes, 6 Colors"
Listing负责人为空,2151,B0H75FDTFJ,SP-qingwa1-1,,,B0H74ZCLDL,,"Frog Couple Bench Garden Decoration, 2D Retro Acrylic Lawn Ornament, Cute Frog Statue Sign for Courtyard Lawn Patio Outdoor Decor (Green)"
一致,2152,B0H6W7LF4V,KCC-FPFEN-8,凯旋,凯旋,B0H6W6H791,,"Pack Of 8 Square Powder Puffs, Makeup Puff For Loose Powder Cosmetic Foundation And Contouring Work"
一致,2153,B0H6W82VV7,KCC-FPfen-7,凯旋,凯旋,B0H6WHBHXK,,"Set With 3 Square,2 Banded Teardrop And 2 Sloped Teardrop Powder Puffs, Makeup Puff For Loose Powder Cosmetic Foundation Contouring"
一致,2154,B0H6HK5SZ8,KCC-BSHP-1,凯旋,凯旋,B0H6HRB26W,,"Succulent Planter, Retro Van Planter, Decorative Flower Pot for Desk, Shelf, Patio, and Apartment Decor."
一致,2155,B0H5CNVNDK,SP-weishui-fen,图图,图图,B0H5CG224X,宠物喂水粉色,"Portable Dog Water Bottle with Lanyard, Leak-Proof Pet Travel Drinking Cup for Small Dogs Walking Hiking"
一致,2156,B0H5CB39RP,SP-weishui-lan,图图,图图,B0H5CG224X,宠物喂水蓝色,"Portable Dog Water Bottle with Lanyard, Leak-Proof Pet Travel Drinking Cup for Small Dogs Walking Hiking"
负责人不一致,2157,B0H5B69771,WESKCC-SHD1-1,凯旋,cccady,B0H5BLYBBJ,,"Squishy Egg, Stress Relief Squeeze Ball, Transparent Double Yolk Fidget for Office Desk"
Listing负责人为空,2158,B0H4R6CF53,SP-aixin-whlite,,,B0H4R3H2MW,,"Plush Heart-Shaped Cosmetic Bag, Soft Square Makeup Pouch, Creative Quilted Toiletry Organizer for Women"
一致,2159,B0H4QTM77B,SP-shuibei02-hei,图图,图图,B0H4SNVS2K,水杯渐变绿色,"27.05 oz Stainless Steel Tumbler with Handle, Lid & Straw, Double Wall Insulated Travel Cup, Outdoor Reusable Drinking Mug for Cold Hot Drinks"
Listing负责人为空,2160,B0H4H415P6,SKT4-AG-L,,,B0H4KCMXGQ,,"Mens Swim Trunks, Watermelon Print Board Shorts with Drawstring Waist for Resort and Summer Casual Parties"
Listing负责人为空,2161,B0H4H21S5H,SKT4-AU-XL,,,B0H4KCMXGQ,,"Mens Swim Trunks, Pink Flamingo Print Board Shorts with Drawstring Waist for Resort and Summer Casual Parties"
Listing负责人为空,2162,B0H4GYKSP5,SKT2-AQ-XL,,,B0HBVQFW9W,,"Mens Swim Trunks, Flamingo Print Board Shorts with Drawstring Waist for Resort and Summer Coastal Events"
Listing负责人为空,2163,B0H4H8NRVX,SKT3-A6-L,,,B0HBTQQ1V3,,"Mens Swim Trunks, Pineapple Print Board Shorts with Drawstring Waist for Resort and Summer Casual Scenarios"
Listing负责人为空,2164,B0H4H1YHX5,SKT3-AF-L,,,B0H4KJW7Y8,,"Mens Swim Trunks, Block Stripe Board Shorts with Drawstring Waist for Resort and Daily Casual Trips"
Listing负责人为空,2165,B0H4H6G3W9,SKT3-A5-L,,,B0HBTQQ1V3,,"Mens Swim Trunks, Patriotic Flag Print Board Shorts with Drawstring Waist for Holiday and Resort Casual Activities"
Listing负责人为空,2166,B0H4H4S7X2,SKT2-A9-L,,,B0HBVQFW9W,,"Mens Swim Trunks, Pear Print Board Shorts with Drawstring Waist for Resort and Summer Casual Plans"
Listing负责人为空,2167,B0H4H2Y91L,SKT4-AA-XL,,,B0HBVR3V51,,"Mens Swim Trunks, Vertical Stripe Board Shorts with Drawstring Waist for Resort and Daily Leisure Events"
Listing负责人为空,2168,B0H4H2H5D2,SKT2-AR-XL,,,B0H4JXMNSP,,"Mens Swim Trunks, Palm Tree Print Board Shorts with Drawstring Waist for Resort and Summer Casual Getaways"
Listing负责人为空,2169,B0H4H1Q7CP,SKT2-AQ-L,,,B0H4JXMNSP,,"Mens Swim Trunks, Flamingo Print Board Shorts with Drawstring Waist for Resort and Summer Coastal Events"
Listing负责人为空,2170,B0H4H1QDPG,SKT3-PG-XL,,,B0HBTQQ1V3,,"Mens Swim Trunks, Two Tone Shark Print Board Shorts with Drawstring Waist for Resort and Summer Coastal Trips"
Listing负责人为空,2171,B0H4GY6RS2,SKT4-942-XL,,,B0H4KCMXGQ,,"Mens Swim Trunks, Multi Color Pineapple Print Board Shorts with Drawstring Waist for Resort and Summer Casual Outings"
Listing负责人为空,2172,B0H4GSLB4F,SKT3-942-L,,,B0HBTQQ1V3,,"Mens Swim Trunks, Multi Color Pineapple Print Board Shorts with Drawstring Waist for Resort and Summer Casual Outings"
Listing负责人为空,2173,B0H4H2H27X,SKT2-A8-XL,,,B0HBVQFW9W,,"Mens Swim Trunks, Cactus Print Board Shorts with Drawstring Waist for Resort and Summer Casual Events"
Listing负责人为空,2174,B0H4H255C7,SKT2-AE-XL,,,B0H4JXMNSP,,"Mens Swim Trunks, Palm Tree Print Board Shorts with Drawstring Waist for Resort and Summer Casual Getaways"
Listing负责人为空,2175,B0H4GZSHK2,SKT4-AK-XL,,,B0HBVR3V51,,"Mens Swim Trunks, Large Pineapple Print Board Shorts with Drawstring Waist for Resort and Summer Casual Events"
Listing负责人为空,2176,B0H4H2X8Q7,SKT3-A7-XL,,,B0H4KJW7Y8,,"Mens Swim Trunks, Bird Print Board Shorts with Drawstring Waist for Resort and Summer Leisure Occasions"
Listing负责人为空,2177,B0H4H3M3VX,SKT3-A6-XL,,,B0HBTQQ1V3,,"Mens Swim Trunks, Pineapple Print Board Shorts with Drawstring Waist for Resort and Summer Casual Scenarios"
Listing负责人为空,2178,B0H4GWFSK7,SKT4-PG-L,,,B0H4KCMXGQ,,"Mens Swim Trunks, Two Tone Shark Print Board Shorts with Drawstring Waist for Resort and Summer Coastal Trips"
Listing负责人为空,2179,B0H4H8P2GG,SKT2-AM-L,,,B0HBVQFW9W,,"Mens Swim Trunks, Mini Pineapple Print Board Shorts with Drawstring Waist for Resort and Summer Casual Trips"
Listing负责人为空,2180,B0H4H2BFVR,SKT2-A8-L,,,B0HBVQFW9W,,"Mens Swim Trunks, Cactus Print Board Shorts with Drawstring Waist for Resort and Summer Casual Events"
Listing负责人为空,2181,B0H4GYD65W,SKT2-AH-L,,,B0HBVQFW9W,,"Mens Swim Trunks, Pineapple Print Board Shorts with Drawstring Waist for Resort and Summer Casual Occasions"
Listing负责人为空,2182,B0H4GYDNYW,SKT3-AN-L,,,B0HBTQQ1V3,,"Mens Swim Trunks, Triangle Print Board Shorts with Drawstring Waist for Resort and Summer Casual Gatherings"
Listing负责人为空,2183,B0H4H6HSRS,SKT3-AM-XL,,,B0H4KJW7Y8,,"Mens Swim Trunks, Mini Pineapple Print Board Shorts with Drawstring Waist for Resort and Summer Casual Trips"
Listing负责人为空,2184,B0H4H53SHM,SKT3-A8-XL,,,B0HBTQQ1V3,,"Mens Swim Trunks, Cactus Print Board Shorts with Drawstring Waist for Resort and Summer Casual Events"
Listing负责人为空,2185,B0H4GZDFBP,SKT3-AT-L,,,B0H4KJW7Y8,,"Mens Swim Trunks, Shark Print Board Shorts with Drawstring Waist for Resort and Summer Coastal Gatherings"
Listing负责人为空,2186,B0H4H5Y266,SKT3-AN-XL,,,B0HBTQQ1V3,,"Mens Swim Trunks, Triangle Print Board Shorts with Drawstring Waist for Resort and Summer Casual Gatherings"
Listing负责人为空,2187,B0H4GZC193,SKT3-8111-L,,,B0HBTQQ1V3,,"Mens Swim Trunks, Tropical Floral Bird Print Board Shorts with Drawstring Waist for Resort and Summer Casual Events"
Listing负责人为空,2188,B0H4H3Q2SJ,SKT4-AL-XL,,,B0HBVR3V51,,"Mens Swim Trunks, Flamingo Print Board Shorts with Drawstring Waist for Resort and Summer Coastal Parties"
Listing负责人为空,2189,B0H4H1KZ7P,SKT4-AG-XL,,,B0H4KCMXGQ,,"Mens Swim Trunks, Watermelon Print Board Shorts with Drawstring Waist for Resort and Summer Casual Parties"
Listing负责人为空,2190,B0H4H2FVDD,SKT4-941-XL,,,B0HBVR3V51,,"Mens Swim Trunks, Pink Flamingo Print Board Shorts with Drawstring Waist for Resort and Summer Coastal Parties"
Listing负责人为空,2191,B0H4H6MZZC,SKT4-PF-L,,,B0HBVR3V51,,"Mens Swim Trunks, Anchor Print Board Shorts with Drawstring Waist for Resort and Nautical Casual Events"
Listing负责人为空,2192,B0H4GWC6TT,SKT2-8111-XL,,,B0HBVQFW9W,,"Mens Swim Trunks, Tropical Floral Bird Print Board Shorts with Drawstring Waist for Resort and Summer Casual Events"
Listing负责人为空,2193,B0H4GW7WG2,SKT3-PF-XL,,,B0HBTQQ1V3,,"Mens Swim Trunks, Anchor Print Board Shorts with Drawstring Waist for Resort and Nautical Casual Events"
Listing负责人为空,2194,B0H4H1R6YP,SKT3-AQ-L,,,B0HBTQQ1V3,,"Mens Swim Trunks, Flamingo Print Board Shorts with Drawstring Waist for Resort and Summer Coastal Events"
Listing负责人为空,2195,B0H4H3LWZD,SKT3-PF-L,,,B0HBTQQ1V3,,"Mens Swim Trunks, Anchor Print Board Shorts with Drawstring Waist for Resort and Nautical Casual Events"
Listing负责人为空,2196,B0H4GXTPSY,SKT2-AG-L,,,B0HBVQFW9W,,"Mens Swim Trunks, Watermelon Print Board Shorts with Drawstring Waist for Resort and Summer Casual Parties"
Listing负责人为空,2197,B0H4H4LJ4N,SKT3-PG-L,,,B0HBTQQ1V3,,"Mens Swim Trunks, Two Tone Shark Print Board Shorts with Drawstring Waist for Resort and Summer Coastal Trips"
Listing负责人为空,2198,B0H4GTWY78,SKT2-AA-L,,,B0HBVQFW9W,,"Mens Swim Trunks, Vertical Stripe Board Shorts with Drawstring Waist for Resort and Daily Leisure Events"
Listing负责人为空,2199,B0H4H52Z64,SKT4-AM-L,,,B0HBVR3V51,,"Mens Swim Trunks, Mini Pineapple Print Board Shorts with Drawstring Waist for Resort and Summer Casual Trips"
Listing负责人为空,2200,B0H4GYKFNV,SKT4-A4-L,,,B0H4KCMXGQ,,"Mens Swim Trunks, Flamingo Print Board Shorts with Drawstring Waist for Beach and Daily Casual Occasions"
Listing负责人为空,2201,B0H4H6SYH6,SKT4-A4-XL,,,B0HBVR3V51,,"Mens Swim Trunks, Flamingo Print Board Shorts with Drawstring Waist for Beach and Daily Casual Occasions"
Listing负责人为空,2202,B0H4H183FR,SKT2-AA-XL,,,B0H4JXMNSP,,"Mens Swim Trunks, Vertical Stripe Board Shorts with Drawstring Waist for Resort and Daily Leisure Events"
Listing负责人为空,2203,B0H4GXRNLF,SKT3-AG-L,,,B0H4KJW7Y8,,"Mens Swim Trunks, Watermelon Print Board Shorts with Drawstring Waist for Resort and Summer Casual Parties"
Listing负责人为空,2204,B0H4HH7HT8,SKT4-AA-L,,,B0HBVR3V51,,"Mens Swim Trunks, Vertical Stripe Board Shorts with Drawstring Waist for Resort and Daily Leisure Events"
Listing负责人为空,2205,B0H4HCPHMY,SKT2-AL-XL,,,B0HBVQFW9W,,"Mens Swim Trunks, Flamingo Print Board Shorts with Drawstring Waist for Resort and Summer Coastal Parties"
Listing负责人为空,2206,B0H4GR5C8H,SKT3-AJ-XL,,,B0HBTQQ1V3,,"Mens Swim Trunks, School of Fish Print Board Shorts with Drawstring Waist for Resort and Summer Coastal Gatherings"
Listing负责人为空,2207,B0H4H5588S,SKT4-AL-L,,,B0HBVR3V51,,"Mens Swim Trunks, Flamingo Print Board Shorts with Drawstring Waist for Resort and Summer Coastal Parties"
Listing负责人为空,2208,B0H4H3SJ3Q,SKT4-AB-XL,,,B0HBVR3V51,,"Mens Swim Trunks, Steamed Dumpling Print Board Shorts with Drawstring Waist for Resort and Summer Casual Gatherings"
Listing负责人为空,2209,B0H4H6N6JV,SKT2-942-L,,,B0H4JXMNSP,,"Mens Swim Trunks, Multi Color Pineapple Print Board Shorts with Drawstring Waist for Resort and Summer Casual Outings"
Listing负责人为空,2210,B0H4GZJ2NG,SKT2-AU-L,,,B0H4JXMNSP,,"Mens Swim Trunks, Pink Flamingo Print Board Shorts with Drawstring Waist for Resort and Summer Casual Parties"
Listing负责人为空,2211,B0H4GZXHTH,SKT4-A5-L,,,B0H4KCMXGQ,,"Mens Swim Trunks, Patriotic Flag Print Board Shorts with Drawstring Waist for Holiday and Resort Casual Activities"
Listing负责人为空,2212,B0H4H66QJY,SKT4-AF-XL,,,B0HBVR3V51,,"Mens Swim Trunks, Block Stripe Board Shorts with Drawstring Waist for Resort and Daily Casual Trips"
Listing负责人为空,2213,B0H4H3LLJW,SKT3-AE-L,,,B0H4KJW7Y8,,"Mens Swim Trunks, Palm Tree Print Board Shorts with Drawstring Waist for Resort and Summer Casual Getaways"
Listing负责人为空,2214,B0H4H1F5R1,SKT3-A9-L,,,B0HBTQQ1V3,,"Mens Swim Trunks, Pear Print Board Shorts with Drawstring Waist for Resort and Summer Casual Plans"
Listing负责人为空,2215,B0H4GVDFLC,SKT3-AB-XL,,,B0HBTQQ1V3,,"Mens Swim Trunks, Steamed Dumpling Print Board Shorts with Drawstring Waist for Resort and Summer Casual Gatherings"
Listing负责人为空,2216,B0H4H4JS4K,SKT4-AQ-L,,,B0H4KCMXGQ,,"Mens Swim Trunks, Flamingo Print Board Shorts with Drawstring Waist for Resort and Summer Coastal Events"
Listing负责人为空,2217,B0H4H7CN16,SKT4-PG-XL,,,B0H4KCMXGQ,,"Mens Swim Trunks, Two Tone Shark Print Board Shorts with Drawstring Waist for Resort and Summer Coastal Trips"
Listing负责人为空,2218,B0H4GWCYWZ,SKT2-941-L,,,B0H4JXMNSP,,"Mens Swim Trunks, Pink Flamingo Print Board Shorts with Drawstring Waist for Resort and Summer Coastal Parties"
Listing负责人为空,2219,B0H4H1CNRP,SKT2-AH-XL,,,B0HBVQFW9W,,"Mens Swim Trunks, Pineapple Print Board Shorts with Drawstring Waist for Resort and Summer Casual Occasions"
Listing负责人为空,2220,B0H4H8RW5T,SKT3-AB-L,,,B0HBTQQ1V3,,"Mens Swim Trunks, Steamed Dumpling Print Board Shorts with Drawstring Waist for Resort and Summer Casual Gatherings"
Listing负责人为空,2221,B0H4GZDQDS,SKT3-AK-XL,,,B0HBTQQ1V3,,"Mens Swim Trunks, Large Pineapple Print Board Shorts with Drawstring Waist for Resort and Summer Casual Events"
Listing负责人为空,2222,B0H4H1VRKJ,SKT3-AL-XL,,,B0HBTQQ1V3,,"Mens Swim Trunks, Flamingo Print Board Shorts with Drawstring Waist for Resort and Summer Coastal Parties"
Listing负责人为空,2223,B0H4H35FFY,SKT4-AT-XL,,,B0HBVR3V51,,"Mens Swim Trunks, Shark Print Board Shorts with Drawstring Waist for Resort and Summer Coastal Gatherings"
Listing负责人为空,2224,B0H4H789ZV,SKT2-PF-XL,,,B0HBVQFW9W,,"Mens Swim Trunks, Anchor Print Board Shorts with Drawstring Waist for Resort and Nautical Casual Events"
Listing负责人为空,2225,B0H4GZLJ2W,SKT3-8113-XL,,,B0H4KJW7Y8,,"Mens Swim Trunks, Mini Palm Tree Print Board Shorts with Drawstring Waist for Resort and Summer Casual Getaways"
Listing负责人为空,2226,B0H4H65R2R,SKT3-AP-L,,,B0H4KJW7Y8,,"Mens Swim Trunks, Banana Print Board Shorts with Drawstring Waist for Resort and Summer Casual Outings"
Listing负责人为空,2227,B0H4H2BX47,SKT2-A5-XL,,,B0HBVQFW9W,,"Mens Swim Trunks, Patriotic Flag Print Board Shorts with Drawstring Waist for Holiday and Resort Casual Activities"
Listing负责人为空,2228,B0H4HDTSJ9,SKT4-A6-L,,,B0H4KCMXGQ,,"Mens Swim Trunks, Pineapple Print Board Shorts with Drawstring Waist for Resort and Summer Casual Scenarios"
Listing负责人为空,2229,B0H4GXYDQV,SKT4-AP-L,,,B0HBVR3V51,,"Mens Swim Trunks, Banana Print Board Shorts with Drawstring Waist for Resort and Summer Casual Outings"
Listing负责人为空,2230,B0H4H2DX28,SKT2-941-XL,,,B0H4JXMNSP,,"Mens Swim Trunks, Pink Flamingo Print Board Shorts with Drawstring Waist for Resort and Summer Coastal Parties"
Listing负责人为空,2231,B0H4H5B6Q5,SKT2-PF-L,,,B0HBVQFW9W,,"Mens Swim Trunks, Anchor Print Board Shorts with Drawstring Waist for Resort and Nautical Casual Events"
Listing负责人为空,2232,B0H4H1FS2S,SKT4-A8-L,,,B0H4KCMXGQ,,"Mens Swim Trunks, Cactus Print Board Shorts with Drawstring Waist for Resort and Summer Casual Events"
Listing负责人为空,2233,B0H4H5FM5M,SKT2-PG-L,,,B0HBVQFW9W,,"Mens Swim Trunks, Two Tone Shark Print Board Shorts with Drawstring Waist for Resort and Summer Coastal Trips"
Listing负责人为空,2234,B0H4H5B6Q4,SKT2-AK-XL,,,B0HBVQFW9W,,"Mens Swim Trunks, Large Pineapple Print Board Shorts with Drawstring Waist for Resort and Summer Casual Events"
Listing负责人为空,2235,B0H4H94H7Y,SKT2-A7-L,,,B0HBVQFW9W,,"Mens Swim Trunks, Bird Print Board Shorts with Drawstring Waist for Resort and Summer Leisure Occasions"
Listing负责人为空,2236,B0H4H2P3WF,SKT2-A4-XL,,,B0HBVQFW9W,,"Mens Swim Trunks, Flamingo Print Board Shorts with Drawstring Waist for Beach and Daily Casual Occasions"
Listing负责人为空,2237,B0H4H66HNQ,SKT4-A6-XL,,,B0HBVR3V51,,"Mens Swim Trunks, Pineapple Print Board Shorts with Drawstring Waist for Resort and Summer Casual Scenarios"
Listing负责人为空,2238,B0H4H35KZ2,SKT4-AK-L,,,B0HBVR3V51,,"Mens Swim Trunks, Large Pineapple Print Board Shorts with Drawstring Waist for Resort and Summer Casual Events"
Listing负责人为空,2239,B0H4H6CYVH,SKT3-AG-XL,,,B0HBTQQ1V3,,"Mens Swim Trunks, Watermelon Print Board Shorts with Drawstring Waist for Resort and Summer Casual Parties"
Listing负责人为空,2240,B0H4HCGHZ4,SKT3-AR-XL,,,B0HBTQQ1V3,,"Mens Swim Trunks, Palm Tree Print Board Shorts with Drawstring Waist for Resort and Summer Casual Getaways"
Listing负责人为空,2241,B0H4GQH2JQ,SKT4-AF-L,,,B0HBVR3V51,,"Mens Swim Trunks, Block Stripe Board Shorts with Drawstring Waist for Resort and Daily Casual Trips"
Listing负责人为空,2242,B0H4H6H12D,SKT3-AU-L,,,B0HBTQQ1V3,,"Mens Swim Trunks, Pink Flamingo Print Board Shorts with Drawstring Waist for Resort and Summer Casual Parties"
Listing负责人为空,2243,B0H4H4GJJS,SKT2-A9-XL,,,B0HBVQFW9W,,"Mens Swim Trunks, Pear Print Board Shorts with Drawstring Waist for Resort and Summer Casual Plans"
Listing负责人为空,2244,B0H4GXH9P7,SKT2-AT-L,,,B0HBVQFW9W,,"Mens Swim Trunks, Shark Print Board Shorts with Drawstring Waist for Resort and Summer Coastal Gatherings"
Listing负责人为空,2245,B0H4H93CKV,SKT2-AN-L,,,B0HBVQFW9W,,"Mens Swim Trunks, Triangle Print Board Shorts with Drawstring Waist for Resort and Summer Casual Gatherings"
Listing负责人为空,2246,B0H4HCPW3R,SKT3-941-XL,,,B0HBTQQ1V3,,"Mens Swim Trunks, Pink Flamingo Print Board Shorts with Drawstring Waist for Resort and Summer Coastal Parties"
Listing负责人为空,2247,B0H4H6SJMW,SKT3-AJ-L,,,B0HBTQQ1V3,,"Mens Swim Trunks, School of Fish Print Board Shorts with Drawstring Waist for Resort and Summer Coastal Gatherings"
Listing负责人为空,2248,B0H4H7FG26,SKT4-AH-L,,,B0HBVR3V51,,"Mens Swim Trunks, Pineapple Print Board Shorts with Drawstring Waist for Resort and Summer Casual Occasions"
Listing负责人为空,2249,B0H4H5FFB8,SKT2-AR-L,,,B0HBVQFW9W,,"Mens Swim Trunks, Palm Tree Print Board Shorts with Drawstring Waist for Resort and Summer Casual Getaways"
Listing负责人为空,2250,B0H4H5NHN1,SKT3-AQ-XL,,,B0HBTQQ1V3,,"Mens Swim Trunks, Flamingo Print Board Shorts with Drawstring Waist for Resort and Summer Coastal Events"
Listing负责人为空,2251,B0H4H1QB7J,SKT4-AQ-XL,,,B0HBVR3V51,,"Mens Swim Trunks, Flamingo Print Board Shorts with Drawstring Waist for Resort and Summer Coastal Events"
Listing负责人为空,2252,B0H4GWLRD1,SKT3-A9-XL,,,B0H4KJW7Y8,,"Mens Swim Trunks, Pear Print Board Shorts with Drawstring Waist for Resort and Summer Casual Plans"
Listing负责人为空,2253,B0H4H6PHHR,SKT2-AJ-L,,,B0HBVQFW9W,,"Mens Swim Trunks, School of Fish Print Board Shorts with Drawstring Waist for Resort and Summer Coastal Gatherings"
Listing负责人为空,2254,B0H4H6M6T5,SKT2-AK-L,,,B0HBVQFW9W,,"Mens Swim Trunks, Large Pineapple Print Board Shorts with Drawstring Waist for Resort and Summer Casual Events"
Listing负责人为空,2255,B0H4H9VYL2,SKT4-A9-XL,,,B0H4KCMXGQ,,"Mens Swim Trunks, Pear Print Board Shorts with Drawstring Waist for Resort and Summer Casual Plans"
Listing负责人为空,2256,B0H4GY3B2V,SKT4-A7-XL,,,B0HBVR3V51,,"Mens Swim Trunks, Bird Print Board Shorts with Drawstring Waist for Resort and Summer Leisure Occasions"
Listing负责人为空,2257,B0H4H1G535,SKT4-AJ-XL,,,B0HBVR3V51,,"Mens Swim Trunks, School of Fish Print Board Shorts with Drawstring Waist for Resort and Summer Coastal Gatherings"
Listing负责人为空,2258,B0H4H96WSR,SKT2-8113-XL,,,B0HBVQFW9W,,"Mens Swim Trunks, Mini Palm Tree Print Board Shorts with Drawstring Waist for Resort and Summer Casual Getaways"
Listing负责人为空,2259,B0H4GY83PT,SKT2-AL-L,,,B0HBVQFW9W,,"Mens Swim Trunks, Flamingo Print Board Shorts with Drawstring Waist for Resort and Summer Coastal Parties"
Listing负责人为空,2260,B0H4H319N1,SKT4-AB-L,,,B0HBVR3V51,,"Mens Swim Trunks, Steamed Dumpling Print Board Shorts with Drawstring Waist for Resort and Summer Casual Gatherings"
Listing负责人为空,2261,B0H4H1Y4R6,SKT3-AA-L,,,B0HBTQQ1V3,,"Mens Swim Trunks, Vertical Stripe Board Shorts with Drawstring Waist for Resort and Daily Leisure Events"
Listing负责人为空,2262,B0H4GWCPC2,SKT4-AR-L,,,B0H4KCMXGQ,,"Mens Swim Trunks, Palm Tree Print Board Shorts with Drawstring Waist for Resort and Summer Casual Getaways"
Listing负责人为空,2263,B0H4H3WC72,SKT2-A4-L,,,B0HBVQFW9W,,"Mens Swim Trunks, Flamingo Print Board Shorts with Drawstring Waist for Beach and Daily Casual Occasions"
Listing负责人为空,2264,B0H4H9V8L9,SKT4-AP-XL,,,B0HBVR3V51,,"Mens Swim Trunks, Banana Print Board Shorts with Drawstring Waist for Resort and Summer Casual Outings"
Listing负责人为空,2265,B0H4H3TYTW,SKT4-8111-XL,,,B0HBVR3V51,,"Mens Swim Trunks, Tropical Floral Bird Print Board Shorts with Drawstring Waist for Resort and Summer Casual Events"
Listing负责人为空,2266,B0H4H52Z61,SKT4-AE-XL,,,B0HBVR3V51,,"Mens Swim Trunks, Palm Tree Print Board Shorts with Drawstring Waist for Resort and Summer Casual Getaways"
Listing负责人为空,2267,B0H4H6JPPZ,SKT2-AP-XL,,,B0H4JXMNSP,,"Mens Swim Trunks, Banana Print Board Shorts with Drawstring Waist for Resort and Summer Casual Outings"
Listing负责人为空,2268,B0H4H8JYV7,SKT4-A9-L,,,B0H4KCMXGQ,,"Mens Swim Trunks, Pear Print Board Shorts with Drawstring Waist for Resort and Summer Casual Plans"
Listing负责人为空,2269,B0H4H96DW9,SKT3-AE-XL,,,B0HBTQQ1V3,,"Mens Swim Trunks, Palm Tree Print Board Shorts with Drawstring Waist for Resort and Summer Casual Getaways"
Listing负责人为空,2270,B0H4H3KGJM,SKT3-A5-XL,,,B0HBTQQ1V3,,"Mens Swim Trunks, Patriotic Flag Print Board Shorts with Drawstring Waist for Holiday and Resort Casual Activities"
Listing负责人为空,2271,B0H4H1M52C,SKT3-8111-XL,,,B0HBTQQ1V3,,"Mens Swim Trunks, Tropical Floral Bird Print Board Shorts with Drawstring Waist for Resort and Summer Casual Events"
Listing负责人为空,2272,B0H4H688T4,SKT3-8113-L,,,B0HBTQQ1V3,,"Mens Swim Trunks, Mini Palm Tree Print Board Shorts with Drawstring Waist for Resort and Summer Casual Getaways"
Listing负责人为空,2273,B0H4H1J3QV,SKT4-A5-XL,,,B0H4KCMXGQ,,"Mens Swim Trunks, Patriotic Flag Print Board Shorts with Drawstring Waist for Holiday and Resort Casual Activities"
Listing负责人为空,2274,B0H4H3Q92K,SKT4-AT-L,,,B0HBVR3V51,,"Mens Swim Trunks, Shark Print Board Shorts with Drawstring Waist for Resort and Summer Coastal Gatherings"
Listing负责人为空,2275,B0H4H36KFR,SKT4-AH-XL,,,B0HBVR3V51,,"Mens Swim Trunks, Pineapple Print Board Shorts with Drawstring Waist for Resort and Summer Casual Occasions"
Listing负责人为空,2276,B0H4H95TD4,SKT4-PF-XL,,,B0HBVR3V51,,"Mens Swim Trunks, Anchor Print Board Shorts with Drawstring Waist for Resort and Nautical Casual Events"
Listing负责人为空,2277,B0H4GZ8HYV,SKT3-AP-XL,,,B0HBTQQ1V3,,"Mens Swim Trunks, Banana Print Board Shorts with Drawstring Waist for Resort and Summer Casual Outings"
Listing负责人为空,2278,B0H4H2RH2R,SKT4-AJ-L,,,B0H4KCMXGQ,,"Mens Swim Trunks, School of Fish Print Board Shorts with Drawstring Waist for Resort and Summer Coastal Gatherings"
Listing负责人为空,2279,B0H4H93S6M,SKT3-A4-L,,,B0HBTQQ1V3,,"Mens Swim Trunks, Flamingo Print Board Shorts with Drawstring Waist for Beach and Daily Casual Occasions"
Listing负责人为空,2280,B0H4H3KY3C,SKT4-8113-XL,,,B0HBVR3V51,,"Mens Swim Trunks, Mini Palm Tree Print Board Shorts with Drawstring Waist for Resort and Summer Casual Getaways"
Listing负责人为空,2281,B0H4GRY6FH,SKT3-AT-XL,,,B0HBTQQ1V3,,"Mens Swim Trunks, Shark Print Board Shorts with Drawstring Waist for Resort and Summer Coastal Gatherings"
Listing负责人为空,2282,B0H4HCH8NT,SKT2-AF-XL,,,B0H4JXMNSP,,"Mens Swim Trunks, Block Stripe Board Shorts with Drawstring Waist for Resort and Daily Casual Trips"
Listing负责人为空,2283,B0H4HCDRP4,SKT2-AF-L,,,B0HBVQFW9W,,"Mens Swim Trunks, Block Stripe Board Shorts with Drawstring Waist for Resort and Daily Casual Trips"
Listing负责人为空,2284,B0H4H1H7TQ,SKT4-AE-L,,,B0HBVR3V51,,"Mens Swim Trunks, Palm Tree Print Board Shorts with Drawstring Waist for Resort and Summer Casual Getaways"
Listing负责人为空,2285,B0H4H98LLM,SKT2-PG-XL,,,B0H4JXMNSP,,"Mens Swim Trunks, Two Tone Shark Print Board Shorts with Drawstring Waist for Resort and Summer Coastal Trips"
Listing负责人为空,2286,B0H4H41ZG8,SKT2-A7-XL,,,B0HBVQFW9W,,"Mens Swim Trunks, Bird Print Board Shorts with Drawstring Waist for Resort and Summer Leisure Occasions"
Listing负责人为空,2287,B0H4H1P69Y,SKT3-A4-XL,,,B0HBTQQ1V3,,"Mens Swim Trunks, Flamingo Print Board Shorts with Drawstring Waist for Beach and Daily Casual Occasions"
Listing负责人为空,2288,B0H4GTV7CL,SKT4-8111-L,,,B0HBVR3V51,,"Mens Swim Trunks, Tropical Floral Bird Print Board Shorts with Drawstring Waist for Resort and Summer Casual Events"
Listing负责人为空,2289,B0H4GZ8DT3,SKT3-AL-L,,,B0HBTQQ1V3,,"Mens Swim Trunks, Flamingo Print Board Shorts with Drawstring Waist for Resort and Summer Coastal Parties"
Listing负责人为空,2290,B0H4H27GBV,SKT3-A7-L,,,B0H4KJW7Y8,,"Mens Swim Trunks, Bird Print Board Shorts with Drawstring Waist for Resort and Summer Leisure Occasions"
Listing负责人为空,2291,B0H4H1SST9,SKT2-AU-XL,,,B0HBVQFW9W,,"Mens Swim Trunks, Pink Flamingo Print Board Shorts with Drawstring Waist for Resort and Summer Casual Parties"
Listing负责人为空,2292,B0H4H1SX3N,SKT3-942-XL,,,B0H4KJW7Y8,,"Mens Swim Trunks, Multi Color Pineapple Print Board Shorts with Drawstring Waist for Resort and Summer Casual Outings"
Listing负责人为空,2293,B0H4H96WSN,SKT2-AT-XL,,,B0HBVQFW9W,,"Mens Swim Trunks, Shark Print Board Shorts with Drawstring Waist for Resort and Summer Coastal Gatherings"
Listing负责人为空,2294,B0H4GNWGNP,SKT2-AN-XL,,,B0H4JXMNSP,,"Mens Swim Trunks, Triangle Print Board Shorts with Drawstring Waist for Resort and Summer Casual Gatherings"
Listing负责人为空,2295,B0H4H6S135,SKT4-AN-XL,,,B0HBVR3V51,,"Mens Swim Trunks, Triangle Print Board Shorts with Drawstring Waist for Resort and Summer Casual Gatherings"
Listing负责人为空,2296,B0H4H2T3BJ,SKT4-942-L,,,B0HBVR3V51,,"Mens Swim Trunks, Multi Color Pineapple Print Board Shorts with Drawstring Waist for Resort and Summer Casual Outings"
Listing负责人为空,2297,B0H4H6QXND,SKT4-AR-XL,,,B0H4KCMXGQ,,"Mens Swim Trunks, Palm Tree Print Board Shorts with Drawstring Waist for Resort and Summer Casual Getaways"
Listing负责人为空,2298,B0H4GX69LV,SKT3-AR-L,,,B0HBTQQ1V3,,"Mens Swim Trunks, Palm Tree Print Board Shorts with Drawstring Waist for Resort and Summer Casual Getaways"
Listing负责人为空,2299,B0H4GZJ6XG,SKT3-AU-XL,,,B0H4KJW7Y8,,"Mens Swim Trunks, Pink Flamingo Print Board Shorts with Drawstring Waist for Resort and Summer Casual Parties"
Listing负责人为空,2300,B0H4H3MVCB,SKT4-AU-L,,,B0H4KCMXGQ,,"Mens Swim Trunks, Pink Flamingo Print Board Shorts with Drawstring Waist for Resort and Summer Casual Parties"
Listing负责人为空,2301,B0H4H1VGD1,SKT2-A6-L,,,B0H4JXMNSP,,"Mens Swim Trunks, Pineapple Print Board Shorts with Drawstring Waist for Resort and Summer Casual Scenarios"
Listing负责人为空,2302,B0H4H27CVT,SKT4-A8-XL,,,B0H4KCMXGQ,,"Mens Swim Trunks, Cactus Print Board Shorts with Drawstring Waist for Resort and Summer Casual Events"
Listing负责人为空,2303,B0H4H4DB1G,SKT2-AP-L,,,B0H4JXMNSP,,"Mens Swim Trunks, Banana Print Board Shorts with Drawstring Waist for Resort and Summer Casual Outings"
Listing负责人为空,2304,B0H4H1R9S9,SKT3-AH-XL,,,B0HBTQQ1V3,,"Mens Swim Trunks, Pineapple Print Board Shorts with Drawstring Waist for Resort and Summer Casual Occasions"
Listing负责人为空,2305,B0H4H7XC7M,SKT2-A6-XL,,,B0HBVQFW9W,,"Mens Swim Trunks, Pineapple Print Board Shorts with Drawstring Waist for Resort and Summer Casual Scenarios"
Listing负责人为空,2306,B0H4GSNPWH,SKT3-AM-L,,,B0H4KJW7Y8,,"Mens Swim Trunks, Mini Pineapple Print Board Shorts with Drawstring Waist for Resort and Summer Casual Trips"
Listing负责人为空,2307,B0H4H8YDND,SKT3-941-L,,,B0H4KJW7Y8,,"Mens Swim Trunks, Pink Flamingo Print Board Shorts with Drawstring Waist for Resort and Summer Coastal Parties"
Listing负责人为空,2308,B0H4GXWKSS,SKT3-AA-XL,,,B0H4KJW7Y8,,"Mens Swim Trunks, Vertical Stripe Board Shorts with Drawstring Waist for Resort and Daily Leisure Events"
Listing负责人为空,2309,B0H4GWZHHS,SKT2-8111-L,,,B0HBVQFW9W,,"Mens Swim Trunks, Tropical Floral Bird Print Board Shorts with Drawstring Waist for Resort and Summer Casual Events"
Listing负责人为空,2310,B0H4HCFTV2,SKT2-942-XL,,,B0HBVQFW9W,,"Mens Swim Trunks, Multi Color Pineapple Print Board Shorts with Drawstring Waist for Resort and Summer Casual Outings"
Listing负责人为空,2311,B0H4H1HBMJ,SKT2-AG-XL,,,B0HBVQFW9W,,"Mens Swim Trunks, Watermelon Print Board Shorts with Drawstring Waist for Resort and Summer Casual Parties"
Listing负责人为空,2312,B0H4GWG9G6,SKT3-AK-L,,,B0HBTQQ1V3,,"Mens Swim Trunks, Large Pineapple Print Board Shorts with Drawstring Waist for Resort and Summer Casual Events"
Listing负责人为空,2313,B0H4GSWPL1,SKT2-AE-L,,,B0HBVQFW9W,,"Mens Swim Trunks, Palm Tree Print Board Shorts with Drawstring Waist for Resort and Summer Casual Getaways"
Listing负责人为空,2314,B0H4GZM7CS,SKT2-8113-L,,,B0HBVQFW9W,,"Mens Swim Trunks, Mini Palm Tree Print Board Shorts with Drawstring Waist for Resort and Summer Casual Getaways"
Listing负责人为空,2315,B0H4H19M9X,SKT4-AM-XL,,,B0HBVR3V51,,"Mens Swim Trunks, Mini Pineapple Print Board Shorts with Drawstring Waist for Resort and Summer Casual Trips"
Listing负责人为空,2316,B0H4H1DKWS,SKT2-AM-XL,,,B0HBVQFW9W,,"Mens Swim Trunks, Mini Pineapple Print Board Shorts with Drawstring Waist for Resort and Summer Casual Trips"
Listing负责人为空,2317,B0H4GY9PRX,SKT3-AF-XL,,,B0HBTQQ1V3,,"Mens Swim Trunks, Block Stripe Board Shorts with Drawstring Waist for Resort and Daily Casual Trips"
Listing负责人为空,2318,B0H4GYY4K4,SKT3-A8-L,,,B0HBTQQ1V3,,"Mens Swim Trunks, Cactus Print Board Shorts with Drawstring Waist for Resort and Summer Casual Events"
Listing负责人为空,2319,B0H4GXYRGJ,SKT3-AH-L,,,B0H4KJW7Y8,,"Mens Swim Trunks, Pineapple Print Board Shorts with Drawstring Waist for Resort and Summer Casual Occasions"
Listing负责人为空,2320,B0H4H67YG9,SKT4-A7-L,,,B0HBVR3V51,,"Mens Swim Trunks, Bird Print Board Shorts with Drawstring Waist for Resort and Summer Leisure Occasions"
Listing负责人为空,2321,B0H4GSWKR5,SKT2-AB-L,,,B0HBVQFW9W,,"Mens Swim Trunks, Steamed Dumpling Print Board Shorts with Drawstring Waist for Resort and Summer Casual Gatherings"
Listing负责人为空,2322,B0H4GYHPZP,SKT2-AB-XL,,,B0H4JXMNSP,,"Mens Swim Trunks, Steamed Dumpling Print Board Shorts with Drawstring Waist for Resort and Summer Casual Gatherings"
Listing负责人为空,2323,B0H4H58SQD,SKT4-8113-L,,,B0HBVR3V51,,"Mens Swim Trunks, Mini Palm Tree Print Board Shorts with Drawstring Waist for Resort and Summer Casual Getaways"
Listing负责人为空,2324,B0H4H6G3W4,SKT2-AJ-XL,,,B0HBVQFW9W,,"Mens Swim Trunks, School of Fish Print Board Shorts with Drawstring Waist for Resort and Summer Coastal Gatherings"
Listing负责人为空,2325,B0H4H39RTR,SKT2-A5-L,,,B0HBVQFW9W,,"Mens Swim Trunks, Patriotic Flag Print Board Shorts with Drawstring Waist for Holiday and Resort Casual Activities"
Listing负责人为空,2326,B0H4H3VGMZ,SKT4-941-L,,,B0HBVR3V51,,"Mens Swim Trunks, Pink Flamingo Print Board Shorts with Drawstring Waist for Resort and Summer Coastal Parties"
Listing负责人为空,2327,B0H4H6S13B,SKT4-AN-L,,,B0HBVR3V51,,"Mens Swim Trunks, Triangle Print Board Shorts with Drawstring Waist for Resort and Summer Casual Gatherings"
Listing负责人为空,2328,B0H4H6LPSX,SKT1-A4-L,,,B0H4H7CTF3,,"Mens Swim Trunks, Flamingo Print Board Shorts with Drawstring Waist for Beach and Daily Casual Occasions"
Listing负责人为空,2329,B0H4HDRVNN,SKT1-PG-XL,,,B0H4H7CTF3,,"Mens Swim Trunks, Two Tone Shark Print Board Shorts with Drawstring Waist for Resort and Summer Coastal Trips"
Listing负责人为空,2330,B0H4H3VGMH,SKT1-AL-XL,,,B0HBVQFW9L,,"Mens Swim Trunks, Flamingo Print Board Shorts with Drawstring Waist for Resort and Summer Coastal Parties"
Listing负责人为空,2331,B0H4H7LQS4,SKT1-AL-L,,,B0HBVQFW9L,,"Mens Swim Trunks, Flamingo Print Board Shorts with Drawstring Waist for Resort and Summer Coastal Parties"
Listing负责人为空,2332,B0H4H1SZJJ,SKT1-A9-XL,,,B0HBVQFW9L,,"Mens Swim Trunks, Pear Print Board Shorts with Drawstring Waist for Resort and Summer Casual Plans"
Listing负责人为空,2333,B0H4H1M23R,SKT1-A8-L,,,B0HBVQFW9L,,"Mens Swim Trunks, Cactus Print Board Shorts with Drawstring Waist for Resort and Summer Casual Events"
Listing负责人为空,2334,B0H4HKSKFH,SKT1-AJ-XL,,,B0HBVQFW9L,,"Mens Swim Trunks, School of Fish Print Board Shorts with Drawstring Waist for Resort and Summer Coastal Gatherings"
Listing负责人为空,2335,B0H4GY9Z83,SKT1-AR-XL,,,B0HBVQFW9L,,"Mens Swim Trunks, Palm Tree Print Board Shorts with Drawstring Waist for Resort and Summer Casual Getaways"
Listing负责人为空,2336,B0H4GZ6JPQ,SKT1-PF-XL,,,B0HBVQFW9L,,"Mens Swim Trunks, Anchor Print Board Shorts with Drawstring Waist for Resort and Nautical Casual Events"
Listing负责人为空,2337,B0H4H52Z5R,SKT1-A6-L,,,B0HBVQFW9L,,"Mens Swim Trunks, Pineapple Print Board Shorts with Drawstring Waist for Resort and Summer Casual Scenarios"
Listing负责人为空,2338,B0H4GWGQ6Z,SKT1-8113-XL,,,B0HBVQFW9L,,"Mens Swim Trunks, Mini Palm Tree Print Board Shorts with Drawstring Waist for Resort and Summer Casual Getaways"
Listing负责人为空,2339,B0H4H27GBQ,SKT1-PG-L,,,B0HBVQFW9L,,"Mens Swim Trunks, Two Tone Shark Print Board Shorts with Drawstring Waist for Resort and Summer Coastal Trips"
Listing负责人为空,2340,B0H4GYD327,SKT1-A5-L,,,B0HBVQFW9L,,"Mens Swim Trunks, Patriotic Flag Print Board Shorts with Drawstring Waist for Holiday and Resort Casual Activities"
Listing负责人为空,2341,B0H4GXS953,SKT1-AF-L,,,B0HBVQFW9L,,"Mens Swim Trunks, Block Stripe Board Shorts with Drawstring Waist for Resort and Daily Casual Trips"
Listing负责人为空,2342,B0H4H7PYLD,SKT1-942-XL,,,B0HBVQFW9L,,"Mens Swim Trunks, Multi Color Pineapple Print Board Shorts with Drawstring Waist for Resort and Summer Casual Outings"
Listing负责人为空,2343,B0H4GQH2J9,SKT1-AP-XL,,,B0HBVQFW9L,,"Mens Swim Trunks, Banana Print Board Shorts with Drawstring Waist for Resort and Summer Casual Outings"
Listing负责人为空,2344,B0H4H4HQDV,SKT1-A7-L,,,B0HBVQFW9L,,"Mens Swim Trunks, Bird Print Board Shorts with Drawstring Waist for Resort and Summer Leisure Occasions"
Listing负责人为空,2345,B0H4GX7KD8,SKT1-941-XL,,,B0HBVQFW9L,,"Mens Swim Trunks, Pink Flamingo Print Board Shorts with Drawstring Waist for Resort and Summer Coastal Parties"
Listing负责人为空,2346,B0H4GYZT3J,SKT1-8111-XL,,,B0HBVQFW9L,,"Mens Swim Trunks, Tropical Floral Bird Print Board Shorts with Drawstring Waist for Resort and Summer Casual Events"
Listing负责人为空,2347,B0H4H281J5,SKT1-A9-L,,,B0HBVQFW9L,,"Mens Swim Trunks, Pear Print Board Shorts with Drawstring Waist for Resort and Summer Casual Plans"
Listing负责人为空,2348,B0H4H645YT,SKT1-AB-L,,,B0HBVQFW9L,,"Mens Swim Trunks, Steamed Dumpling Print Board Shorts with Drawstring Waist for Resort and Summer Casual Gatherings"
Listing负责人为空,2349,B0H4GVY7SN,SKT1-8113-L,,,B0H4H7CTF3,,"Mens Swim Trunks, Mini Palm Tree Print Board Shorts with Drawstring Waist for Resort and Summer Casual Getaways"
Listing负责人为空,2350,B0H4H4HMDB,SKT1-AT-L,,,B0HBVQFW9L,,"Mens Swim Trunks, Shark Print Board Shorts with Drawstring Waist for Resort and Summer Coastal Gatherings"
Listing负责人为空,2351,B0H4GYCCW4,SKT1-AM-L,,,B0HBVQFW9L,,"Mens Swim Trunks, Mini Pineapple Print Board Shorts with Drawstring Waist for Resort and Summer Casual Trips"
Listing负责人为空,2352,B0H4H35XQ6,SKT1-AE-XL,,,B0HBVQFW9L,,"Mens Swim Trunks, Palm Tree Print Board Shorts with Drawstring Waist for Resort and Summer Casual Getaways"
Listing负责人为空,2353,B0H4GZKF7Y,SKT1-AG-XL,,,B0HBVQFW9L,,"Mens Swim Trunks, Watermelon Print Board Shorts with Drawstring Waist for Resort and Summer Casual Parties"
Listing负责人为空,2354,B0H4GY16LT,SKT1-PF-L,,,B0HBVQFW9L,,"Mens Swim Trunks, Anchor Print Board Shorts with Drawstring Waist for Resort and Nautical Casual Events"
Listing负责人为空,2355,B0H4H8C2CB,SKT1-AE-L,,,B0H4H7CTF3,,"Mens Swim Trunks, Palm Tree Print Board Shorts with Drawstring Waist for Resort and Summer Casual Getaways"
Listing负责人为空,2356,B0H4H1X26W,SKT1-AG-L,,,B0HBVQFW9L,,"Mens Swim Trunks, Watermelon Print Board Shorts with Drawstring Waist for Resort and Summer Casual Parties"
Listing负责人为空,2357,B0H4H6NSNQ,SKT1-941-L,,,B0HBVQFW9L,,"Mens Swim Trunks, Pink Flamingo Print Board Shorts with Drawstring Waist for Resort and Summer Coastal Parties"
Listing负责人为空,2358,B0H4H8RW5M,SKT1-A7-XL,,,B0HBVQFW9L,,"Mens Swim Trunks, Bird Print Board Shorts with Drawstring Waist for Resort and Summer Leisure Occasions"
Listing负责人为空,2359,B0H4GZ8HYH,SKT1-8111-L,,,B0HBVQFW9L,,"Mens Swim Trunks, Tropical Floral Bird Print Board Shorts with Drawstring Waist for Resort and Summer Casual Events"
Listing负责人为空,2360,B0H4HCG8SW,SKT1-AT-XL,,,B0HBVQFW9L,,"Mens Swim Trunks, Shark Print Board Shorts with Drawstring Waist for Resort and Summer Coastal Gatherings"
Listing负责人为空,2361,B0H4GY6RRG,SKT1-AP-L,,,B0HBVQFW9L,,"Mens Swim Trunks, Banana Print Board Shorts with Drawstring Waist for Resort and Summer Casual Outings"
Listing负责人为空,2362,B0H4H1S731,SKT1-A8-XL,,,B0HBVQFW9L,,"Mens Swim Trunks, Cactus Print Board Shorts with Drawstring Waist for Resort and Summer Casual Events"
Listing负责人为空,2363,B0H4H4YQXB,SKT1-AQ-L,,,B0H4H7CTF3,,"Mens Swim Trunks, Flamingo Print Board Shorts with Drawstring Waist for Resort and Summer Coastal Events"
Listing负责人为空,2364,B0H4H3KY2J,SKT1-A6-XL,,,B0H4H7CTF3,,"Mens Swim Trunks, Pineapple Print Board Shorts with Drawstring Waist for Resort and Summer Casual Scenarios"
Listing负责人为空,2365,B0H4H5YCPQ,SKT1-AU-L,,,B0H4H7CTF3,,"Mens Swim Trunks, Pink Flamingo Print Board Shorts with Drawstring Waist for Resort and Summer Casual Parties"
Listing负责人为空,2366,B0H4H5277B,SKT1-942-L,,,B0HBVQFW9L,,"Mens Swim Trunks, Multi Color Pineapple Print Board Shorts with Drawstring Waist for Resort and Summer Casual Outings"
Listing负责人为空,2367,B0H4GYKZGC,SKT1-AR-L,,,B0HBVQFW9L,,"Mens Swim Trunks, Palm Tree Print Board Shorts with Drawstring Waist for Resort and Summer Casual Getaways"
Listing负责人为空,2368,B0H4H3GWW1,SKT1-AF-XL,,,B0HBVQFW9L,,"Mens Swim Trunks, Block Stripe Board Shorts with Drawstring Waist for Resort and Daily Casual Trips"
Listing负责人为空,2369,B0H4GWLCFV,SKT1-AK-XL,,,B0HBVQFW9L,,"Mens Swim Trunks, Large Pineapple Print Board Shorts with Drawstring Waist for Resort and Summer Casual Events"
Listing负责人为空,2370,B0H4H2BB1B,SKT1-AJ-L,,,B0HBVQFW9L,,"Mens Swim Trunks, School of Fish Print Board Shorts with Drawstring Waist for Resort and Summer Coastal Gatherings"
Listing负责人为空,2371,B0H4H645YY,SKT1-AQ-XL,,,B0HBVQFW9L,,"Mens Swim Trunks, Flamingo Print Board Shorts with Drawstring Waist for Resort and Summer Coastal Events"
Listing负责人为空,2372,B0H4GYCWDD,SKT1-AA-XL,,,B0HBVQFW9L,,"Mens Swim Trunks, Vertical Stripe Board Shorts with Drawstring Waist for Resort and Daily Leisure Events"
Listing负责人为空,2373,B0H4H6J17H,SKT1-AB-XL,,,B0HBVQFW9L,,"Mens Swim Trunks, Steamed Dumpling Print Board Shorts with Drawstring Waist for Resort and Summer Casual Gatherings"
Listing负责人为空,2374,B0H4GYGN7C,SKT1-AH-XL,,,B0HBVQFW9L,,"Mens Swim Trunks, Pineapple Print Board Shorts with Drawstring Waist for Resort and Summer Casual Occasions"
Listing负责人为空,2375,B0H4H14YQG,SKT1-AM-XL,,,B0HBVQFW9L,,"Mens Swim Trunks, Mini Pineapple Print Board Shorts with Drawstring Waist for Resort and Summer Casual Trips"
Listing负责人为空,2376,B0H4H3T4K9,SKT1-AK-L,,,B0HBVQFW9L,,"Mens Swim Trunks, Large Pineapple Print Board Shorts with Drawstring Waist for Resort and Summer Casual Events"
Listing负责人为空,2377,B0H4H415NS,SKT1-AU-XL,,,B0HBVQFW9L,,"Mens Swim Trunks, Pink Flamingo Print Board Shorts with Drawstring Waist for Resort and Summer Casual Parties"
Listing负责人为空,2378,B0H4HD7WZY,SKT1-AN-L,,,B0HBVQFW9L,,"Mens Swim Trunks, Triangle Print Board Shorts with Drawstring Waist for Resort and Summer Casual Gatherings"
Listing负责人为空,2379,B0H4GWLRCS,SKT1-AN-XL,,,B0HBVQFW9L,,"Mens Swim Trunks, Triangle Print Board Shorts with Drawstring Waist for Resort and Summer Casual Gatherings"
Listing负责人为空,2380,B0H4H3SJ3B,SKT1-AA-L,,,B0HBVQFW9L,,"Mens Swim Trunks, Vertical Stripe Board Shorts with Drawstring Waist for Resort and Daily Leisure Events"
Listing负责人为空,2381,B0H4H3783J,SKT1-AH-L,,,B0HBVQFW9L,,"Mens Swim Trunks, Pineapple Print Board Shorts with Drawstring Waist for Resort and Summer Casual Occasions"
Listing负责人为空,2382,B0H4H925HN,SKT1-A5-XL,,,B0HBVQFW9L,,"Mens Swim Trunks, Patriotic Flag Print Board Shorts with Drawstring Waist for Holiday and Resort Casual Activities"
Listing负责人为空,2383,B0H4H6GJ9K,SKT1-A4-XL,,,B0HBVQFW9L,,"Mens Swim Trunks, Flamingo Print Board Shorts with Drawstring Waist for Beach and Daily Casual Occasions"
Listing负责人为空,2384,B0H4GNP5FK,WESQS-015-42/43,,,B0H4GS7TKW,,Non Slip Water Shoes Quick Dry Comfort Beach Shoes for Swimming Walking Purple
Listing负责人为空,2385,B0H4GL1YPZ,WESQS-015-44/45,,,B0H4GS7TKW,,Non Slip Water Shoes Quick Dry Comfort Beach Shoes for Swimming Walking Purple
Listing负责人为空,2386,B0H4GQRWRT,WESQS-015-38/39,,,B0H4GS7TKW,,Non Slip Water Shoes Quick Dry Comfort Beach Shoes for Swimming Walking Purple
Listing负责人为空,2387,B0H4GTBDSJ,WESQS-sport-F44/45,,,B0H4J6BHC1,,"Unisex Water Shoes, Quick Dry Non Slip Aqua Socks, Lightweight Breathable Barefoot Shoes for Beach Swim Surf Yoga Outdoor Sports"
Listing负责人为空,2388,B0H4GPKBJS,WESQS-sport-H44/45,,,B0H4J6BHC1,,"Unisex Water Shoes, Quick Dry Non Slip Aqua Socks, Lightweight Breathable Barefoot Shoes for Beach Swim Surf Yoga Outdoor Sports"
Listing负责人为空,2389,B0H4GN6ZVR,WESQS-087-38/39,,,B0H4GS7TKW,,Men Women Water Shoes Breathable Anti-Slip Aqua Socks Quick Dry for Beach Swimming Surfing Yoga
Listing负责人为空,2390,B0H4GMZJR1,WESQS-047-44/45,,,B0H4GS7TKW,,Water Shoes for Women Men Quick Dry Barefoot Beach Swim Pool Walking Shoes
Listing负责人为空,2391,B0H4GHDF3F,WESQS-040-38/39,,,B0H4GS7TKW,,"Rafting Water Shoes Unisex, Non Slip Rubber Sole, Stretch Fit Slip On Aqua Shoes"
Listing负责人为空,2392,B0H4GNYRXG,WESQS-014-38/39,,,B0H4GS7TKW,,"Water Shoes Unisex, Anti Slip Pattern Sole, Thick Insole, for Creek River Beach"
Listing负责人为空,2393,B0H4GQC7TX,WESQS-087-42/43,,,B0H4GS7TKW,,Men Women Water Shoes Breathable Anti-Slip Aqua Socks Quick Dry for Beach Swimming Surfing Yoga
Listing负责人为空,2394,B0H4GTFFB1,WESQS-031-42/43,,,B0H4GS7TKW,,"Slip On Aqua Water Shoes Men Women, Non Slip Sole, Printed Beach Swim Shoes"
Listing负责人为空,2395,B0H4GMY1GQ,WESQS-087-40/41,,,B0H4GS7TKW,,Men Women Water Shoes Breathable Anti-Slip Aqua Socks Quick Dry for Beach Swimming Surfing Yoga
Listing负责人为空,2396,B0H4GNY88F,WESQS-087-36/37,,,B0H4GS7TKW,,Men Women Water Shoes Breathable Anti-Slip Aqua Socks Quick Dry for Beach Swimming Surfing Yoga
Listing负责人为空,2397,B0H4GR43KB,WESQS-074-36/37,,,B0H4GS7TKW,,Quick Dry Water Shoes for Men Women Portable Lightweight Anti-Slip Beach Swim Surf Shoes
Listing负责人为空,2398,B0H4GV6JJD,WESQS-sport-S44/45,,,B0H4J6BHC1,,"Unisex Water Shoes, Quick Dry Non Slip Aqua Socks, Lightweight Breathable Barefoot Shoes for Beach Swim Surf Yoga Outdoor Sports"
Listing负责人为空,2399,B0H4GQWPRS,WESQS-021-36/37,,,B0H4GS7TKW,,"Non Slip Aqua Shoes Unisex, Quick Dry Beach Swim Shoes, Comfort Insole, Packable"
Listing负责人为空,2400,B0H4GS7J98,WESQS-sport-L42/43,,,B0H4J6BHC1,,"Unisex Water Shoes, Quick Dry Non Slip Aqua Socks, Lightweight Breathable Barefoot Shoes for Beach Swim Surf Yoga Outdoor Sports"
Listing负责人为空,2401,B0H4GVQMPV,WESQS-066-44/45,,,B0H4GS7TKW,,Breathable Water Shoes Non Slip Beach Shoes for Women Men Outdoor Sports
Listing负责人为空,2402,B0H4GNWWVP,WESQS-031-44/45,,,B0H4GS7TKW,,"Slip On Aqua Water Shoes Men Women, Non Slip Sole, Printed Beach Swim Shoes"
Listing负责人为空,2403,B0H4GQJJNG,WESQS-sport-Q38/39,,,B0H4J6BHC1,,"Unisex Water Shoes, Quick Dry Non Slip Aqua Socks, Lightweight Breathable Barefoot Shoes for Beach Swim Surf Yoga Outdoor Sports"
Listing负责人为空,2404,B0H4GRSNHY,WESQS-003-38/39,,,B0H4GS7TKW,,"Slip On Swim Shoes Unisex, Non Slip Rubber Sole, Lightweight Quick Dry Aqua Shoes"
Listing负责人为空,2405,B0H4GYC3RP,WESQS-sport-F38/39,,,B0H4J6BHC1,,"Unisex Water Shoes, Quick Dry Non Slip Aqua Socks, Lightweight Breathable Barefoot Shoes for Beach Swim Surf Yoga Outdoor Sports"
Listing负责人为空,2406,B0H4GNCNT9,WESQS-sport-H38/39,,,B0H4J6BHC1,,"Unisex Water Shoes, Quick Dry Non Slip Aqua Socks, Lightweight Breathable Barefoot Shoes for Beach Swim Surf Yoga Outdoor Sports"
Listing负责人为空,2407,B0H4GPJ1VL,WESQS-sport-Q44/45,,,B0H4J6BHC1,,"Unisex Water Shoes, Quick Dry Non Slip Aqua Socks, Lightweight Breathable Barefoot Shoes for Beach Swim Surf Yoga Outdoor Sports"
Listing负责人为空,2408,B0H4GL7H16,WESQS-087-44/45,,,B0H4GS7TKW,,Men Women Water Shoes Breathable Anti-Slip Aqua Socks Quick Dry for Beach Swimming Surfing Yoga
Listing负责人为空,2409,B0H4GZ1Z5J,WESQS-022-38/39,,,B0H4GS7TKW,,"Beach Shoes for Men Women, Non Slip Rubber Sole, Quick Dry Printed Aqua Shoes"
Listing负责人为空,2410,B0H4GKBPRJ,WESQS-sport-Z40/41,,,B0H4J6BHC1,,"Unisex Water Shoes, Quick Dry Non Slip Aqua Socks, Lightweight Breathable Barefoot Shoes for Beach Swim Surf Yoga Outdoor Sports"
Listing负责人为空,2411,B0H4GKGTLJ,WESQS-015-36/37,,,B0H4GS7TKW,,Non Slip Water Shoes Quick Dry Comfort Beach Shoes for Swimming Walking Purple
Listing负责人为空,2412,B0H4GRHBW1,WESQS-074-38/39,,,B0H4GS7TKW,,Quick Dry Water Shoes for Men Women Portable Lightweight Anti-Slip Beach Swim Surf Shoes
Listing负责人为空,2413,B0H4GWWN6G,WESQS-sport-Z38/39,,,B0H4J6BHC1,,"Unisex Water Shoes, Quick Dry Non Slip Aqua Socks, Lightweight Breathable Barefoot Shoes for Beach Swim Surf Yoga Outdoor Sports"
Listing负责人为空,2414,B0H4GP8PZ2,WESQS-004-36/37,,,B0H4GS7TKW,,"Slip On Water Shoes for Men Women, Non Slip Sole, Lightweight Travel Beach Shoes"
Listing负责人为空,2415,B0H4GM6RXC,WESQS-sport-Q40/41,,,B0H4J6BHC1,,"Unisex Water Shoes, Quick Dry Non Slip Aqua Socks, Lightweight Breathable Barefoot Shoes for Beach Swim Surf Yoga Outdoor Sports"
Listing负责人为空,2416,B0H4GSTWFW,WESQS-sport-L38/39,,,B0H4J6BHC1,,"Unisex Water Shoes, Quick Dry Non Slip Aqua Socks, Lightweight Breathable Barefoot Shoes for Beach Swim Surf Yoga Outdoor Sports"
Listing负责人为空,2417,B0H4H2KL22,WESQS-066-38/39,,,B0H4GS7TKW,,Breathable Water Shoes Non Slip Beach Shoes for Women Men Outdoor Sports
Listing负责人为空,2418,B0H4GV6F4W,WESQS-004-38/39,,,B0H4GS7TKW,,"Slip On Water Shoes for Men Women, Non Slip Sole, Lightweight Travel Beach Shoes"
Listing负责人为空,2419,B0H4GV24B9,WESQS-sport-S40/41,,,B0H4J6BHC1,,"Unisex Water Shoes, Quick Dry Non Slip Aqua Socks, Lightweight Breathable Barefoot Shoes for Beach Swim Surf Yoga Outdoor Sports"
Listing负责人为空,2420,B0H4GSHK2H,WESQS-066-42/43,,,B0H4GS7TKW,,Breathable Water Shoes Non Slip Beach Shoes for Women Men Outdoor Sports
Listing负责人为空,2421,B0H4GHLKNH,WESQS-040-40/41,,,B0H4GS7TKW,,"Rafting Water Shoes Unisex, Non Slip Rubber Sole, Stretch Fit Slip On Aqua Shoes"
Listing负责人为空,2422,B0H4GD4RQP,WESQS-016-36/37,,,B0H4GS7TKW,,"Unisex Reef Shoes, Non Slip Rubber Sole, Protective Water Shoes for Beach Ocean"
Listing负责人为空,2423,B0H4GTDB89,WESQS-014-42/43,,,B0H4GS7TKW,,"Water Shoes Unisex, Anti Slip Pattern Sole, Thick Insole, for Creek River Beach"
Listing负责人为空,2424,B0H4GL5T2D,WESQS-014-36/37,,,B0H4GS7TKW,,"Water Shoes Unisex, Anti Slip Pattern Sole, Thick Insole, for Creek River Beach"
Listing负责人为空,2425,B0H4GTV52L,WESQS-066-36/37,,,B0H4GS7TKW,,Breathable Water Shoes Non Slip Beach Shoes for Women Men Outdoor Sports
Listing负责人为空,2426,B0H4GMBTWC,WESQS-016-44/45,,,B0H4GS7TKW,,"Unisex Reef Shoes, Non Slip Rubber Sole, Protective Water Shoes for Beach Ocean"
Listing负责人为空,2427,B0H4GRCZ8V,WESQS-016-38/39,,,B0H4GS7TKW,,"Unisex Reef Shoes, Non Slip Rubber Sole, Protective Water Shoes for Beach Ocean"
Listing负责人为空,2428,B0H4GX31ZZ,WESQS-021-44/45,,,B0H4GS7TKW,,"Non Slip Aqua Shoes Unisex, Quick Dry Beach Swim Shoes, Comfort Insole, Packable"
Listing负责人为空,2429,B0H4GHDJ15,WESQS-021-40/41,,,B0H4GS7TKW,,"Non Slip Aqua Shoes Unisex, Quick Dry Beach Swim Shoes, Comfort Insole, Packable"
Listing负责人为空,2430,B0H4GV3SRQ,WESQS-022-40/41,,,B0H4GS7TKW,,"Beach Shoes for Men Women, Non Slip Rubber Sole, Quick Dry Printed Aqua Shoes"
Listing负责人为空,2431,B0H4GTK9G6,WESQS-004-44/45,,,B0H4GS7TKW,,"Slip On Water Shoes for Men Women, Non Slip Sole, Lightweight Travel Beach Shoes"
Listing负责人为空,2432,B0H4GZ72GT,WESQS-040-42/43,,,B0H4GS7TKW,,"Rafting Water Shoes Unisex, Non Slip Rubber Sole, Stretch Fit Slip On Aqua Shoes"
Listing负责人为空,2433,B0H4GH9WFL,WESQS-003-42/43,,,B0H4GS7TKW,,"Slip On Swim Shoes Unisex, Non Slip Rubber Sole, Lightweight Quick Dry Aqua Shoes"
Listing负责人为空,2434,B0H4GPQ5PR,WESQS-sport-Z36/37,,,B0H4J6BHC1,,"Unisex Water Shoes, Quick Dry Non Slip Aqua Socks, Lightweight Breathable Barefoot Shoes for Beach Swim Surf Yoga Outdoor Sports"
Listing负责人为空,2435,B0H4GHGPX6,WESQS-008-40/41,,,B0H4GS7TKW,,"Surf Water Shoes for Men Women, Anti Slip Rubber Sole, Stretch Upper, Quick Dry"
Listing负责人为空,2436,B0H4GV8VSZ,WESQS-008-44/45,,,B0H4GS7TKW,,"Surf Water Shoes for Men Women, Anti Slip Rubber Sole, Stretch Upper, Quick Dry"
Listing负责人为空,2437,B0H4GRD5G5,WESQS-015-40/41,,,B0H4GS7TKW,,Non Slip Water Shoes Quick Dry Comfort Beach Shoes for Swimming Walking Purple
Listing负责人为空,2438,B0H4GRR62L,WESQS-022-42/43,,,B0H4GS7TKW,,"Beach Shoes for Men Women, Non Slip Rubber Sole, Quick Dry Printed Aqua Shoes"
Listing负责人为空,2439,B0H4GL18HH,WESQS-sport-L36/37,,,B0H4J6BHC1,,"Unisex Water Shoes, Quick Dry Non Slip Aqua Socks, Lightweight Breathable Barefoot Shoes for Beach Swim Surf Yoga Outdoor Sports"
Listing负责人为空,2440,B0H4GPP3PM,WESQS-003-40/41,,,B0H4GS7TKW,,"Slip On Swim Shoes Unisex, Non Slip Rubber Sole, Lightweight Quick Dry Aqua Shoes"
Listing负责人为空,2441,B0H4GNXFVQ,WESQS-047-40/41,,,B0H4GS7TKW,,Water Shoes for Women Men Quick Dry Barefoot Beach Swim Pool Walking Shoes
Listing负责人为空,2442,B0H4GKFBJD,WESQS-004-40/41,,,B0H4GS7TKW,,"Slip On Water Shoes for Men Women, Non Slip Sole, Lightweight Travel Beach Shoes"
Listing负责人为空,2443,B0H4GTNS8V,WESQS-074-44/45,,,B0H4GS7TKW,,Quick Dry Water Shoes for Men Women Portable Lightweight Anti-Slip Beach Swim Surf Shoes
Listing负责人为空,2444,B0H4GPJ5BZ,WESQS-047-36/37,,,B0H4GS7TKW,,Water Shoes for Women Men Quick Dry Barefoot Beach Swim Pool Walking Shoes
Listing负责人为空,2445,B0H4GKM122,WESQS-074-42/43,,,B0H4GS7TKW,,Quick Dry Water Shoes for Men Women Portable Lightweight Anti-Slip Beach Swim Surf Shoes
Listing负责人为空,2446,B0H4GKW6GN,WESQS-029-40/41,,,B0H4GS7TKW,,"Beach Shoes for Men Women, Non Slip Rubber Sole, Quick Dry Printed Aqua Shoes"
Listing负责人为空,2447,B0H4GRWSCK,WESQS-008-38/39,,,B0H4GS7TKW,,"Surf Water Shoes for Men Women, Anti Slip Rubber Sole, Stretch Upper, Quick Dry"
Listing负责人为空,2448,B0H4GKJKN7,WESQS-sport-F42/43,,,B0H4J6BHC1,,"Unisex Water Shoes, Quick Dry Non Slip Aqua Socks, Lightweight Breathable Barefoot Shoes for Beach Swim Surf Yoga Outdoor Sports"
Listing负责人为空,2449,B0H4GFKX1P,WESQS-sport-S36/37,,,B0H4J6BHC1,,"Unisex Water Shoes, Quick Dry Non Slip Aqua Socks, Lightweight Breathable Barefoot Shoes for Beach Swim Surf Yoga Outdoor Sports"
Listing负责人为空,2450,B0H4GWN8KY,WESQS-sport-F40/41,,,B0H4J6BHC1,,"Unisex Water Shoes, Quick Dry Non Slip Aqua Socks, Lightweight Breathable Barefoot Shoes for Beach Swim Surf Yoga Outdoor Sports"
Listing负责人为空,2451,B0H4GL9L5F,WESQS-047-42/43,,,B0H4GS7TKW,,Water Shoes for Women Men Quick Dry Barefoot Beach Swim Pool Walking Shoes
Listing负责人为空,2452,B0H4GL3LYJ,WESQS-sport-S42/43,,,B0H4J6BHC1,,"Unisex Water Shoes, Quick Dry Non Slip Aqua Socks, Lightweight Breathable Barefoot Shoes for Beach Swim Surf Yoga Outdoor Sports"
Listing负责人为空,2453,B0H4GP2686,WESQS-066-40/41,,,B0H4GS7TKW,,Breathable Water Shoes Non Slip Beach Shoes for Women Men Outdoor Sports
Listing负责人为空,2454,B0H4GHQQ59,WESQS-031-38/39,,,B0H4GS7TKW,,"Slip On Aqua Water Shoes Men Women, Non Slip Sole, Printed Beach Swim Shoes"
Listing负责人为空,2455,B0H4GVNRT2,WESQS-074-40/41,,,B0H4GS7TKW,,Quick Dry Water Shoes for Men Women Portable Lightweight Anti-Slip Beach Swim Surf Shoes
Listing负责人为空,2456,B0H4GXLS6Y,WESQS-008-42/43,,,B0H4GS7TKW,,"Surf Water Shoes for Men Women, Anti Slip Rubber Sole, Stretch Upper, Quick Dry"
Listing负责人为空,2457,B0H4GD8PRM,WESQS-003-44/45,,,B0H4GS7TKW,,"Slip On Swim Shoes Unisex, Non Slip Rubber Sole, Lightweight Quick Dry Aqua Shoes"
Listing负责人为空,2458,B0H4GPKXFW,WESQS-003-36/37,,,B0H4GS7TKW,,"Slip On Swim Shoes Unisex, Non Slip Rubber Sole, Lightweight Quick Dry Aqua Shoes"
Listing负责人为空,2459,B0H4GJV1G6,WESQS-sport-Z44/45,,,B0H4J6BHC1,,"Unisex Water Shoes, Quick Dry Non Slip Aqua Socks, Lightweight Breathable Barefoot Shoes for Beach Swim Surf Yoga Outdoor Sports"
Listing负责人为空,2460,B0H4GNYNPJ,WESQS-047-38/39,,,B0H4GS7TKW,,Water Shoes for Women Men Quick Dry Barefoot Beach Swim Pool Walking Shoes
Listing负责人为空,2461,B0H4GNFVKZ,WESQS-sport-H36/37,,,B0H4J6BHC1,,"Unisex Water Shoes, Quick Dry Non Slip Aqua Socks, Lightweight Breathable Barefoot Shoes for Beach Swim Surf Yoga Outdoor Sports"
Listing负责人为空,2462,B0H4GS6142,WESQS-029-38/39,,,B0H4GS7TKW,,"Beach Shoes for Men Women, Non Slip Rubber Sole, Quick Dry Printed Aqua Shoes"
Listing负责人为空,2463,B0H4GTWP1H,WESQS-040-36/37,,,B0H4GS7TKW,,"Rafting Water Shoes Unisex, Non Slip Rubber Sole, Stretch Fit Slip On Aqua Shoes"
Listing负责人为空,2464,B0H4GQWFFZ,WESQS-021-38/39,,,B0H4GS7TKW,,"Non Slip Aqua Shoes Unisex, Quick Dry Beach Swim Shoes, Comfort Insole, Packable"
Listing负责人为空,2465,B0H4GHDX5Q,WESQS-021-42/43,,,B0H4GS7TKW,,"Non Slip Aqua Shoes Unisex, Quick Dry Beach Swim Shoes, Comfort Insole, Packable"
Listing负责人为空,2466,B0H4GNF5ZM,WESQS-sport-Z42/43,,,B0H4J6BHC1,,"Unisex Water Shoes, Quick Dry Non Slip Aqua Socks, Lightweight Breathable Barefoot Shoes for Beach Swim Surf Yoga Outdoor Sports"
Listing负责人为空,2467,B0H4GR142C,WESQS-016-40/41,,,B0H4GS7TKW,,"Unisex Reef Shoes, Non Slip Rubber Sole, Protective Water Shoes for Beach Ocean"
Listing负责人为空,2468,B0H4GNLMYS,WESQS-004-42/43,,,B0H4GS7TKW,,"Slip On Water Shoes for Men Women, Non Slip Sole, Lightweight Travel Beach Shoes"
Listing负责人为空,2469,B0H4GNB8J5,WESQS-022-36/37,,,B0H4GS7TKW,,"Beach Shoes for Men Women, Non Slip Rubber Sole, Quick Dry Printed Aqua Shoes"
Listing负责人为空,2470,B0H4GV6XBT,WESQS-sport-L44/45,,,B0H4J6BHC1,,"Unisex Water Shoes, Quick Dry Non Slip Aqua Socks, Lightweight Breathable Barefoot Shoes for Beach Swim Surf Yoga Outdoor Sports"
Listing负责人为空,2471,B0H4GP2VF6,WESQS-sport-Q36/37,,,B0H4J6BHC1,,"Unisex Water Shoes, Quick Dry Non Slip Aqua Socks, Lightweight Breathable Barefoot Shoes for Beach Swim Surf Yoga Outdoor Sports"
Listing负责人为空,2472,B0H4GLC2XD,WESQS-040-44/45,,,B0H4GS7TKW,,"Rafting Water Shoes Unisex, Non Slip Rubber Sole, Stretch Fit Slip On Aqua Shoes"
Listing负责人为空,2473,B0H4GRFTRV,WESQS-008-36/37,,,B0H4GS7TKW,,"Surf Water Shoes for Men Women, Anti Slip Rubber Sole, Stretch Upper, Quick Dry"
Listing负责人为空,2474,B0H4GQHW6H,WESQS-sport-L40/41,,,B0H4J6BHC1,,"Unisex Water Shoes, Quick Dry Non Slip Aqua Socks, Lightweight Breathable Barefoot Shoes for Beach Swim Surf Yoga Outdoor Sports"
Listing负责人为空,2475,B0H4GKR832,WESQS-029-36/37,,,B0H4GS7TKW,,"Beach Shoes for Men Women, Non Slip Rubber Sole, Quick Dry Printed Aqua Shoes"
Listing负责人为空,2476,B0H4GZ32X6,WESQS-016-42/43,,,B0H4GS7TKW,,"Unisex Reef Shoes, Non Slip Rubber Sole, Protective Water Shoes for Beach Ocean"
Listing负责人为空,2477,B0H4GQKNNW,WESQS-031-40/41,,,B0H4GS7TKW,,"Slip On Aqua Water Shoes Men Women, Non Slip Sole, Printed Beach Swim Shoes"
Listing负责人为空,2478,B0H4GWYDNR,WESQS-sport-S38/39,,,B0H4J6BHC1,,"Unisex Water Shoes, Quick Dry Non Slip Aqua Socks, Lightweight Breathable Barefoot Shoes for Beach Swim Surf Yoga Outdoor Sports"
Listing负责人为空,2479,B0H4GX3211,WESQS-022-44/45,,,B0H4GS7TKW,,"Beach Shoes for Men Women, Non Slip Rubber Sole, Quick Dry Printed Aqua Shoes"
Listing负责人为空,2480,B0H4GJF5BQ,WESQS-sport-H40/41,,,B0H4J6BHC1,,"Unisex Water Shoes, Quick Dry Non Slip Aqua Socks, Lightweight Breathable Barefoot Shoes for Beach Swim Surf Yoga Outdoor Sports"
Listing负责人为空,2481,B0H4GZD878,WESQS-sport-Q42/43,,,B0H4J6BHC1,,"Unisex Water Shoes, Quick Dry Non Slip Aqua Socks, Lightweight Breathable Barefoot Shoes for Beach Swim Surf Yoga Outdoor Sports"
Listing负责人为空,2482,B0H4GKP225,WESQS-029-44/45,,,B0H4GS7TKW,,"Beach Shoes for Men Women, Non Slip Rubber Sole, Quick Dry Printed Aqua Shoes"
Listing负责人为空,2483,B0H4GKQ4BQ,WESQS-sport-F36/37,,,B0H4J6BHC1,,"Unisex Water Shoes, Quick Dry Non Slip Aqua Socks, Lightweight Breathable Barefoot Shoes for Beach Swim Surf Yoga Outdoor Sports"
Listing负责人为空,2484,B0H4GMPWSD,WESQS-029-42/43,,,B0H4GS7TKW,,"Beach Shoes for Men Women, Non Slip Rubber Sole, Quick Dry Printed Aqua Shoes"
Listing负责人为空,2485,B0H4GNLN1G,WESQS-sport-H42/43,,,B0H4J6BHC1,,"Unisex Water Shoes, Quick Dry Non Slip Aqua Socks, Lightweight Breathable Barefoot Shoes for Beach Swim Surf Yoga Outdoor Sports"
Listing负责人为空,2486,B0H4GTS7BT,WESQS-031-36/37,,,B0H4GS7TKW,,"Slip On Aqua Water Shoes Men Women, Non Slip Sole, Printed Beach Swim Shoes"
Listing负责人为空,2487,B0H4GL18GT,WESQS-014-40/41,,,B0H4GS7TKW,,"Water Shoes Unisex, Anti Slip Pattern Sole, Thick Insole, for Creek River Beach"
Listing负责人为空,2488,B0H4GKC3GX,WESQS-014-44/45,,,B0H4GS7TKW,,"Water Shoes Unisex, Anti Slip Pattern Sole, Thick Insole, for Creek River Beach"
一致,2489,B0H4GGQ6TK,WESSP-feizaodie-3,图图,图图,B0H4G7PR6M,肥皂碟,"3 Pack Soap Saver Dish, Waterfall Draining Soap Holder, Bathroom Counter Tray for Shower Sink Use"
一致,2490,B0H2G8F5WG,Gd-Wrap-SN-Blue,cccady,cccady,B0HBCNPJP1,花艺包装纸-蓝铃,"Embossed Stone Flower Wrapping Paper, 5 Sheets Waterproof Bouquet Wrap for Florist Supplies, Decorative Floral Packaging Paper for Wedding, Birthday and DIY, Bluebell"
一致,2491,B0H2FK3923,Pet-WD-Yellow-1,cccady,cccady,B0HBCZN7V3,宠物生日围兜-黄色,"Pet Birthday Bandana Bib for Dogs and Cats, Birthday Party Supplies, Photo Prop Outfit, Yellow"
一致,2492,B0GT4P549G,YJK-2308-CoralPink-L,cccady,cccady,B0HC2NYC9M,,"Women's High Waisted Yoga Pants, Tummy Control Soft Workout Leggings, 4-Way Stretch Non-See-Through Tights - Large"
一致,2493,B0GT4VZCW4,YJK-2308-CoralPink-M,cccady,cccady,B0HC2NYC9M,,"Women's High Waisted Yoga Pants, Tummy Control Soft Workout Leggings, 4-Way Stretch Non-See-Through Tights - Medium"
一致,2494,B0GSJNZ22P,YDBX-ZW01-White-M,cccady,cccady,B0HBL7MTB5,,"Women's Plus Size High Impact Sports Bra with Fixed Pads, Seamless Workout Tank - White - Medium"
一致,2495,B0GSJLD5YY,YDBX-7017-PeachPink-S,cccady,cccady,B0HBLQKXQM,,"Women's Strappy Sports Bra with Removable Pads, Crisscross Back Medium Support Workout Bra - Peach Pink - Small"
一致,2496,B0H2G1TNWP,Gd-Wrap-SN-Woody,cccady,cccady,B0HBCNPJP1,花艺包装纸-木香,"Snow Crinkle Flower Wrapping Paper, 5 Sheets Waterproof Bouquet Wrap for Florist Supplies, Decorative Floral Packaging Paper for Wedding, Birthday and DIY, Woody Beige"
一致,2497,B0H2G8FHSV,Gd-Wrap-SN-Lava-Orange,cccady,cccady,B0HBCNPJP1,花艺包装纸-熔岩,"Snow Crinkle Flower Wrapping Paper, 5 Sheets Waterproof Bouquet Wrap for Florist Supplies, Decorative Floral Packaging Paper for Wedding, Birthday and DIY, Lava"
一致,2498,B0GY4YDL7C,Pet-WD-Green,cccady,cccady,B0HBCZN7V3,宠物生日围兜-绿色,Pet Birthday Bandana Bib Green
一致,2499,B0GY4H1D97,Pet-WD-Pink,cccady,cccady,B0HBCZN7V3,宠物生日围兜-粉色,Pet Birthday Bandana Bib Pink
一致,2500,B0GSJF1FSL,YDBX-7020-Mocha-L,cccady,cccady,B0HBL99NV1,,"Women's Halter Sports Bra, Backless Padded Yoga Workout Crop Top - Mocha - Large"
一致,2501,B0GT59LT17,YJK-522-Beige-XL,cccady,cccady,B0HC2XRWMT,,"High Waisted Yoga Pants, Tummy Control Soft Workout Leggings, 4-Way Stretch Athletic Fitness Tights - Beige - XLarge"
一致,2502,B0GT5F2WYJ,YJK-FJK-Coffee-L,cccady,cccady,B0HC3987P1,,"High Rise Yoga Leggings for Women, Buttery Soft Tummy Control Workout Pants, Squat Proof 4-Way Stretch Tights - Coffee - Large"
一致,2503,B0GT56RB3X,YJK-2308-Red-M,cccady,cccady,B0HC2NYC9M,,"Women's High Waisted Yoga Pants, Tummy Control Soft Workout Leggings, 4-Way Stretch Non-See - Red - Medium"
一致,2504,B0GSJV3YX4,YDBX-7020-RedWine-S,cccady,cccady,B0HBL99NV1,,"Women's Halter Sports Bra, Backless Padded Yoga Workout Crop Top - Red Wine - Small"
一致,2505,B0GSJRQPB3,YDBX-7020-Pistachio-S,cccady,cccady,B0HBL99NV1,,"Women's Halter Sports Bra, Backless Padded Yoga Workout Crop Top - Pistachio Green - Small"
一致,2506,B0GT4ZBXGL,YJK-2308-AppleGreen-S,cccady,cccady,B0HC2NYC9M,,"Women's High Waisted Yoga Pants, Tummy Control Soft Workout Leggings, 4-Way Stretch Non-See - AppleGreen - Small"
一致,2507,B0GY4XKZW8,Pet-WD-Red,cccady,cccady,B0HBCZN7V3,宠物生日围兜-红色,Pet Birthday Bandana Bib Red
一致,2508,B0GT52539D,YJK-FJK-Mocha-L,cccady,cccady,B0HC3987P1,,"High Rise Yoga Leggings for Women, Buttery Soft Tummy Control Workout Pants, Squat Proof 4-Way Stretch Tights - Mocha - Large"
一致,2509,B0GSJZLQ43,YDBX-7020-RedWine-M,cccady,cccady,B0HBL99NV1,,"Women's Halter Sports Bra, Backless Padded Yoga Workout Crop Top - Red Wine - Medium"
一致,2510,B0GT523YHV,YJK-FJK-Mocha-XL,cccady,cccady,B0HC3987P1,,"High Rise Yoga Leggings for Women, Buttery Soft Tummy Control Workout Pants, Squat Proof 4-Way Stretch Tights - Mocha - XLarge"
一致,2511,B0GSJMNNXK,YDBX-7020-Pistachio-L,cccady,cccady,B0HBL99NV1,,"Women's Halter Sports Bra, Backless Padded Yoga Workout Crop Top - Pistachio Green - Large"
一致,2512,B0GSJVQLKZ,YDBX-7020-RedWine-L,cccady,cccady,B0HBL99NV1,,"Women's Halter Sports Bra, Backless Padded Yoga Workout Crop Top - Red Wine - Large"
一致,2513,B0GSJN2NZ3,YDBX-7017-PeachPink-M,cccady,cccady,B0HBLQKXQM,,"Women's Strappy Sports Bra with Removable Pads, Crisscross Back Medium Support Workout Bra - Peach Pink - Medium"
一致,2514,B0H2G28YBD,Gd-Wrap-SN-White,cccady,cccady,B0HBCNPJP1,花艺包装纸-月白,"Snow Crinkle Flower Wrapping Paper, 5 Sheets Waterproof Bouquet Wrap for Florist Supplies, Decorative Floral Packaging Paper for Wedding, Birthday and DIY, Moon White"
一致,2515,B0GY4XNMQ5,Pet-WD-SkyBlue,cccady,cccady,B0HBCZN7V3,宠物生日围兜-天蓝色,Pet Birthday Bandana Bib Sky Blue
一致,2516,B0H2GC9CB3,Gd-Wrap-SN-Pink,cccady,cccady,B0HBCNPJP1,花艺包装纸-花粉,"Snow Crinkle Flower Wrapping Paper, 5 Sheets Waterproof Bouquet Wrap for Florist Supplies, Decorative Floral Packaging Paper for Wedding, Birthday and DIY, Flower Pink"
一致,2517,B0H2FJ7FJQ,Pet-WD-Orange-1,cccady,cccady,B0HBCZN7V3,宠物生日围兜-橙色,"Pet Birthday Bandana Bib for Dogs and Cats, Birthday Party Supplies, Photo Prop Outfit, Orange"
一致,2518,B0GYNBBCJP,U6F19-Black,cccady,cccady,B0HBBN2MF9,六折胶囊伞-黑色,"6-Fold Compact Folding Umbrella, Sun Rain Travel Umbrella with 6-Rib Frame, Small Bag Portable Design, Black"
一致,2519,B0GY4PB5LZ,Pet-WD-Purple,cccady,cccady,B0HBCZN7V3,宠物生日围兜-紫色,Pet Birthday Bandana Bib Purple
一致,2520,B0GT54FVGL,YJK-522-Beige-M,cccady,cccady,B0HC2XRWMT,,"High Waisted Yoga Pants, Tummy Control Soft Workout Leggings, 4-Way Stretch Athletic Fitness Tights - Beige - Medium"
一致,2521,B0GT55WJPX,YJK-FJK-Mocha-M,cccady,cccady,B0HC3987P1,,"High Rise Yoga Leggings for Women, Buttery Soft Tummy Control Workout Pants, Squat Proof 4-Way Stretch Tights - Mocha - Medium"
一致,2522,B0GSJLQGDW,YDBX-7017-TomatoPurple-S,cccady,cccady,B0HBLQKXQM,,"Women's Strappy Sports Bra with Removable Pads, Crisscross Back Medium Support Workout Bra - Tomato Purple - Small"
一致,2523,B0GSJY37PV,YDBX-7017-TomatoPurple-L,cccady,cccady,B0HBLQKXQM,,"Women's Strappy Sports Bra with Removable Pads, Crisscross Back Medium Support Workout Bra - Tomato Purple - Large"
一致,2524,B0GSJWF3QR,YDBX-7017-PeachPink-L,cccady,cccady,B0HBLQKXQM,,"Women's Strappy Sports Bra with Removable Pads, Crisscross Back Medium Support Workout Bra - Peach Pink - Large"
一致,2525,B0H2G3YSRM,Gd-Wrap-SN-Green,cccady,cccady,B0HBCNPJP1,花艺包装纸-琉璃绿,"Embossed Stone Flower Wrapping Paper, 5 Sheets Waterproof Bouquet Wrap for Florist Supplies, Decorative Floral Packaging Paper for Wedding, Birthday and DIY, Glazed Green"
一致,2526,B0GSJT3V72,YDBX-ZW01-Matcha-L,cccady,cccady,B0HBL7MTB5,,"Women's Plus Size High Impact Sports Bra with Fixed Pads, Seamless Workout Tank - Matcha Green - Large"
一致,2527,B0GT4SZ9T5,YJK-2308-CoralPink-S,cccady,cccady,B0HC2NYC9M,,"Women's High Waisted Yoga Pants, Tummy Control Soft Workout Leggings, 4-Way Stretch Non-See-Through Tights - Small"
一致,2528,B0GT5J8QNX,YJK-522-Coffee-M,cccady,cccady,B0HC2XRWMT,,"High Waisted Yoga Pants, Tummy Control Soft Workout Leggings, 4-Way Stretch Athletic Fitness Tights - Coffee - Medium"
一致,2529,B0GSJRLF19,YDBX-ZW01-White-L,cccady,cccady,B0HBL7MTB5,,"Women's Plus Size High Impact Sports Bra with Fixed Pads, Seamless Workout Tank - White - Large"
一致,2530,B0GYNGR4XF,U6F19-Green,cccady,cccady,B0HBBN2MF9,六折胶囊伞-薄荷绿,"6-Fold Compact Folding Umbrella, Sun Rain Travel Umbrella with 6-Rib Frame, Small Bag Portable Design, Green"
一致,2531,B0GYN357S4,U6F19-White,cccady,cccady,B0HBBN2MF9,六折胶囊伞-白色,"6-Fold Compact Folding Umbrella, Sun Rain Travel Umbrella with 6-Rib Frame, Small Bag Portable Design, White"
一致,2532,B0GSJV9D6R,YDBX-ZW01-Matcha-M,cccady,cccady,B0HBL7MTB5,,"Women's Plus Size High Impact Sports Bra with Fixed Pads, Seamless Workout Tank - Matcha Green - Medium"
一致,2533,B0GSJPD8BM,YDBX-7017-ForestGreen-L,cccady,cccady,B0HBLQKXQM,,"Women's Strappy Sports Bra with Removable Pads, Crisscross Back Medium Support Workout Bra - Forest Green - Large"
一致,2534,B0GSJWC46D,YDBX-7020-Pistachio-M,cccady,cccady,B0HBL99NV1,,"Women's Halter Sports Bra, Backless Padded Yoga Workout Crop Top - Pistachio Green - Medium"
一致,2535,B0GSJJB85Q,YDBX-7017-TomatoPurple-M,cccady,cccady,B0HBLQKXQM,,"Women's Strappy Sports Bra with Removable Pads, Crisscross Back Medium Support Workout Bra - Tomato Purple - Medium"
一致,2536,B0GT5F8K51,YJK-FJK-Coffee-XL,cccady,cccady,B0HC3987P1,,"High Rise Yoga Leggings for Women, Buttery Soft Tummy Control Workout Pants, Squat Proof 4-Way Stretch Tights - Coffee - XLarge"
一致,2537,B0GSJRF5V5,YDBX-7020-Mocha-S,cccady,cccady,B0HBL99NV1,,"Women's Halter Sports Bra, Backless Padded Yoga Workout Crop Top - Mocha - Small"
一致,2538,B0GT58J55M,YJK-522-Coffee-XL,cccady,cccady,B0HC2XRWMT,,"High Waisted Yoga Pants, Tummy Control Soft Workout Leggings, 4-Way Stretch Athletic Fitness Tights - Coffee - XLarge"
一致,2539,B0GSJZ362Y,YDBX-ZW01-Matcha-XL,cccady,cccady,B0HBL7MTB5,,"Women's Plus Size High Impact Sports Bra with Fixed Pads, Seamless Workout Tank - Matcha Green - X-Large"
一致,2540,B0GSJQTCJF,YDBX-7020-Mocha-M,cccady,cccady,B0HBL99NV1,,"Women's Halter Sports Bra, Backless Padded Yoga Workout Crop Top - Mocha - Medium"
一致,2541,B0GT52Z7NC,YJK-522-Beige-L,cccady,cccady,B0HC2XRWMT,,"High Waisted Yoga Pants, Tummy Control Soft Workout Leggings, 4-Way Stretch Athletic Fitness Tights - Beige - Large"
一致,2542,B0GT56SR8C,YJK-522-Coffee-L,cccady,cccady,B0HC2XRWMT,,"High Waisted Yoga Pants, Tummy Control Soft Workout Leggings, 4-Way Stretch Athletic Fitness Tights - Coffee - Large"
一致,2543,B0GSJLMRYC,YDBX-7020-White-L,cccady,cccady,B0HBL99NV1,,"Women's Halter Sports Bra, Backless Padded Yoga Workout Crop Top - White - Large"
一致,2544,B0GT5C99NV,YJK-FJK-Coffee-M,cccady,cccady,B0HC3987P1,,"High Rise Yoga Leggings for Women, Buttery Soft Tummy Control Workout Pants, Squat Proof 4-Way Stretch Tights - Coffee - Medium"
一致,2545,B0GT59BZLQ,YJK-2308-AppleGreen-M,cccady,cccady,B0HC2NYC9M,,"Women's High Waisted Yoga Pants, Tummy Control Soft Workout Leggings, 4-Way Stretch Non-See - AppleGreen - Medium"
一致,2546,B0GT5DQC9L,YJK-2308-AppleGreen-L,cccady,cccady,B0HC2NYC9M,,"Women's High Waisted Yoga Pants, Tummy Control Soft Workout Leggings, 4-Way Stretch Non-See - AppleGreen - Large"
一致,2547,B0GT59LT15,YJK-2308-Red-L,cccady,cccady,B0HC2NYC9M,,"Women's High Waisted Yoga Pants, Tummy Control Soft Workout Leggings, 4-Way Stretch Non-See - Red - Large"
一致,2548,B0GSJPB11K,YDBX-ZW01-White-XL,cccady,cccady,B0HBL7MTB5,,"Women's Plus Size High Impact Sports Bra with Fixed Pads, Seamless Workout Tank - White - X-Large"
一致,2549,B0GT5CHQQM,YJK-2308-Red-S,cccady,cccady,B0HC2NYC9M,,"Women's High Waisted Yoga Pants, Tummy Control Soft Workout Leggings, 4-Way Stretch Non-See - Red - Small"
一致,2550,B0GSJM15GB,YDBX-7020-White-S,cccady,cccady,B0HBL99NV1,,"Women's Halter Sports Bra, Backless Padded Yoga Workout Crop Top - White - Small"
一致,2551,B0H3V8VYK3,KCC-MH156-1G,凯旋,凯旋,B0H3V8VYK3,盲盒156,"Mini Squishy Blind Box, Dessert Theme Fidget Figure, Slow Rising Desk Collectible for Workspaces and Shelves"
一致,2552,B0H3VCVR3G,KCC-MH090-1G,凯旋,凯旋,B0H3VCVR3G,盲盒090,"Mini Squishy Blind Box, Bakery Theme Fidget Figure, Slow Rising Desk Collectible for Vanity Trays and Shelves"
一致,2553,B0H3VC8N4Z,KCC-MH165-1G,凯旋,凯旋,B0H3VC8N4Z,盲盒165,"Mini Squishy Blind Box, Orchard Theme Fidget Figure, Slow Rising Desk Collectible for Vanity Trays and Shelves"
一致,2554,B0H3VCCBDJ,KCC-MH164-1G,凯旋,凯旋,B0H3VCCBDJ,盲盒164,"Mini Squishy Blind Box, Garden Theme Fidget Figure, Slow Rising Desk Collectible for Vanity Trays and Shelves"
一致,2555,B0H3VPVTQF,KCC-MH142-1G,凯旋,凯旋,B0H3VPVTQF,盲盒142,"Mini Squishy Blind Box, Slow Rising Fidget Figure, Botanical Surprise Collectible Created for Desks and Display Shelves"
一致,2556,B0H3MVMZL4,SP-niuniule-pink,图图,图图,B0H3MWDZ44,扭扭解压粉色,"1PCS Colorful Sensory Twister, Silicone Stress Relief Gadget, Tactile Tool for Adult Office Relaxation"
一致,2557,B0H2MKJY53,QS-2606-42/43,公司,公司,B0GQBS64JX,,"Water Shoes for Women Men, Quick Dry Swim Footwear for Beach Pool Resort River Cruise Lake Travel Pair, 2606, Adult Travel"
一致,2558,B0H2M93FTT,QS-2606-38/39,公司,公司,B0GQBS64JX,,"Water Shoes for Women Men, Quick Dry Swim Footwear for Beach Pool Resort River Cruise Lake Travel Pair, 2606, Adult Travel"
Listing负责人为空,2559,B0H2MP7TL4,QS-HZ2618,,公司,B0H2MP7TL4,,"Water Shoes for Women Men, Quick Dry Swim Footwear for Beach Pool Resort River Cruise Lake Travel Pair, 2618, Adult Travel"
一致,2560,B0H2MBJZ6V,QS-2606-40/41,公司,公司,B0GQBS64JX,,"Water Shoes for Women Men, Quick Dry Swim Footwear for Beach Pool Resort River Cruise Lake Travel Pair, 2606, Adult Travel"
Listing负责人为空,2561,B0H2MJC9ZP,QS-HZC106,,公司,B0H2MJC9ZP,,"Water Shoes for Women Men, Aqua Socks, Slip On Swim Shoes for Beach Pool Lake Boat Resort Travel Pair, C106, Adult Travel"
Listing负责人为空,2562,B0H2MBRYRM,QS-HZ2514,,公司,B0H2MBRYRM,,"Water Shoes for Women Men, Barefoot Water Footwear for Pool Beach Cruise River Dock Vacation Pair, 2514, Adult Travel"
一致,2563,B0H2MGTDQ4,QS-C107-34/35,公司,公司,B0GQBS64JX,溯溪沙滩鞋,"Water Shoes for Women Men, Aqua Socks, Foldable Water Shoes for Beach Pool River Lake Cruise Trip Pair, C107, Adult Travel"
Listing负责人为空,2564,B0H2MDNXR3,QS-HZ2621,,公司,B0H2MDNXR3,,"Water Shoes for Women Men, Lightweight Swim Shoes for Beach Hotel Pool Lake Marina Resort Travel Pair, 2621, Adult Travel"
Listing负责人为空,2565,B0H2MLGSHL,QS-HZ2617,,公司,B0H2MLGSHL,,"Water Shoes for Women Men, Water Footwear for Beach Pool Spa Hotel River Lake Cruise Travel Pair, 2617, Adult Travel"
Listing负责人为空,2566,B0H2MLWR4F,QS-HZ2622,,公司,B0H2MLWR4F,,"Water Shoes for Women Men, Water Footwear for Beach Pool Spa Hotel River Lake Cruise Travel Pair, 2622, Adult Travel"
Listing负责人为空,2567,B0H2MCVDJJ,QS-HZ2515,,公司,B0H2MCVDJJ,,"Water Shoes for Women Men, Lightweight Swim Shoes for Beach Hotel Pool Lake Marina Resort Travel Pair, 2515, Adult Travel"
Listing负责人为空,2568,B0H2MDG6TR,QS-HZC107,,公司,B0H2MDG6TR,,"Water Shoes for Women Men, Aqua Socks, Foldable Water Shoes for Beach Pool River Lake Cruise Trip Pair, C107, Adult Travel"
一致,2569,B0H2MKFX9F,QS-C103-38/39,公司,公司,B0GQBS64JX,溯溪沙滩鞋,"Water Shoes for Women Men, Barefoot Water Footwear for Pool Beach Cruise River Dock Vacation Pair, C103, Adult Travel"
Listing负责人为空,2570,B0H2MD1JPB,QS-HZ2705,,公司,B0H2MD1JPB,,"Water Shoes for Women Men, Water Footwear for Beach Pool Spa Hotel River Lake Cruise Travel Pair, 2705, Adult Travel"
Listing负责人为空,2571,B0H2MDKRCT,QS-HZ2520,,公司,B0H2MDKRCT,,"Water Shoes for Women Men, Aqua Socks, Foldable Water Shoes for Beach Pool River Lake Cruise Trip Pair, 2520, Adult Travel"
Listing负责人为空,2572,B0H2MGFWV1,QS-HZC112,,公司,B0H2MGFWV1,,"Water Shoes for Women Men, Quick Dry Aqua Socks for Pool Beach Boat Dock Lake Resort Summer Travel, C112, Adult Travel"
一致,2573,B0H2MGRXC8,QS-C107-28/29,公司,公司,B0GQBS64JX,溯溪沙滩鞋,"Water Shoes for Women Men, Aqua Socks, Foldable Water Shoes for Beach Pool River Lake Cruise Trip Pair, C107, Adult Travel"
Listing负责人为空,2574,B0H2MJVYY6,QS-HZC103,,公司,B0H2MJVYY6,,"Water Shoes for Women Men, Barefoot Water Footwear for Pool Beach Cruise River Dock Vacation Pair, C103, Adult Travel"
一致,2575,B0H2MDF84V,QS-C106-36/37,公司,公司,B0GQBS64JX,溯溪沙滩鞋,"Water Shoes for Women Men, Aqua Socks, Slip On Swim Shoes for Beach Pool Lake Boat Resort Travel Pair, C106, Adult Travel"
Listing负责人为空,2576,B0H2MGL5L5,QS-HZ2623,,公司,B0H2MGL5L5,,"Water Shoes for Women Men, Barefoot Water Footwear for Pool Beach Cruise River Dock Vacation Pair, 2623, Adult Travel"
Listing负责人为空,2577,B0H2MG2781,QS-HZ2511,,公司,B0H2MG2781,,"Water Shoes for Women Men, Slip On Pool Shoes for Beach Resort Shower Cruise Dock Travel Footwear, 2511, Adult Travel"
Listing负责人为空,2578,B0H2MM7VPH,QS-HZ2624,,公司,B0H2MM7VPH,,"Water Shoes for Women Men, Slip On Pool Shoes for Beach Resort Shower Cruise Dock Travel Footwear, 2624, Adult Travel"
Listing负责人为空,2579,B0H2MBLGFC,QS-HZC104,,公司,B0H2MBLGFC,,"Water Shoes for Women Men, Slip On Pool Shoes for Beach Resort Shower Cruise Dock Travel Footwear, C104, Adult Travel"
Listing负责人为空,2580,B0H2MG417C,QS-HZ2626,,公司,B0H2MG417C,,"Water Shoes for Women Men, Aqua Socks, Slip On Swim Shoes for Beach Pool Lake Boat Resort Travel Pair, 2626, Adult Travel"
Listing负责人为空,2581,B0H2MK6WJK,QS-HZC115,,公司,B0H2MK6WJK,,"Water Shoes for Women Men, Lightweight Swim Shoes for Beach Hotel Pool Lake Marina Resort Travel Pair, C115, Adult Travel"
一致,2582,B0H2MB435X,QS-C107-32/33,公司,公司,B0GQBS64JX,溯溪沙滩鞋,"Water Shoes for Women Men, Aqua Socks, Foldable Water Shoes for Beach Pool River Lake Cruise Trip Pair, C107, Adult Travel"
Listing负责人为空,2583,B0H2M8PXRD,QS-HZC114,,公司,B0H2M8PXRD,,"Water Shoes for Women Men, Barefoot Water Footwear for Pool Beach Cruise River Dock Vacation Pair, C114, Adult Travel"
一致,2584,B0H2ML1K4G,QS-C101-42/43,公司,公司,B0GQBS64JX,溯溪沙滩鞋,"Water Shoes for Women Men, Aqua Socks, Slip On Swim Shoes for Beach Pool Lake Boat Resort Travel Pair, C101, Adult Travel"
Listing负责人为空,2585,B0H2M5NVM9,QS-HZC119,,公司,B0H2M5NVM9,,"Water Shoes for Women Men, Lightweight Swim Shoes for Beach Hotel Pool Lake Marina Resort Travel Pair, C119, Adult Travel"
Listing负责人为空,2586,B0H2MGJPH3,QS-HZ2706,,公司,B0H2MGJPH3,,"Water Shoes for Women Men, Quick Dry Swim Footwear for Beach Pool Resort River Cruise Lake Travel Pair, 2706, Adult Travel"
Listing负责人为空,2587,B0H2MKQTGD,QS-HZ2628,,公司,B0H2MKQTGD,,"Water Shoes for Women Men, Quick Dry Swim Footwear for Beach Pool Resort River Cruise Lake Travel Pair, 2628, Adult Travel"
Listing负责人为空,2588,B0H2MT7TLV,QS-HZC117,,公司,B0H2MT7TLV,,"Water Shoes for Women Men, Quick Dry Swim Footwear for Beach Pool Resort River Cruise Lake Travel Pair, C117, Adult Travel"
Listing负责人为空,2589,B0H2MJ6F72,QS-HZ2610,,公司,B0H2MJ6F72,,"Water Shoes for Women Men, Lightweight Swim Shoes for Beach Hotel Pool Lake Marina Resort Travel Pair, 2610, Adult Travel"
Listing负责人为空,2590,B0H2MPXMXR,QS-HZ2620,,公司,B0H2MPXMXR,,"Water Shoes for Women Men, Aqua Socks, Foldable Water Shoes for Beach Pool River Lake Cruise Trip Pair, 2620, Adult Travel"
Listing负责人为空,2591,B0H2MQVN5R,QS-HZ2529,,公司,B0H2MQVN5R,,"Water Shoes for Women Men, Aqua Socks, Foldable Water Shoes for Beach Pool River Lake Cruise Trip Pair, 2529, Adult Travel"
一致,2592,B0H2MHYC54,QS-C112-42/43,公司,公司,B0GQBS64JX,溯溪沙滩鞋,"Water Shoes for Women Men, Quick Dry Aqua Socks for Pool Beach Boat Dock Lake Resort Summer Travel, C112, Adult Travel"
一致,2593,B0H2MT377B,QS-C107-26/27,公司,公司,B0GQBS64JX,溯溪沙滩鞋,"Water Shoes for Women Men, Aqua Socks, Foldable Water Shoes for Beach Pool River Lake Cruise Trip Pair, C107, Adult Travel"
一致,2594,B0H2MDCXKF,QS-2628-36/37,公司,公司,B0GQBS64JX,溯溪沙滩鞋,"Water Shoes for Women Men, Quick Dry Swim Footwear for Beach Pool Resort River Cruise Lake Travel Pair, 2628, Adult Travel"
一致,2595,B0H2MCHRBC,QS-2620-36/37,公司,公司,B0GQBS64JX,溯溪沙滩鞋,"Water Shoes for Women Men, Aqua Socks, Foldable Water Shoes for Beach Pool River Lake Cruise Trip Pair, 2620, Adult Travel"
Listing负责人为空,2596,B0H2MPVM5K,QS-HZ2532,,公司,B0H2MPVM5K,,"Water Shoes for Women Men, Slip On Pool Shoes for Beach Resort Shower Cruise Dock Travel Footwear, 2532, Adult Travel"
Listing负责人为空,2597,B0H2MC7ZZB,QS-HZ2606,,公司,B0H2MC7ZZB,,"Water Shoes for Women Men, Quick Dry Swim Footwear for Beach Pool Resort River Cruise Lake Travel Pair, 2606, Adult Travel"
Listing负责人为空,2598,B0H2MPBWHP,QS-HZ2612,,公司,B0H2MPBWHP,,"Water Shoes for Women Men, Quick Dry Aqua Socks for Pool Beach Boat Dock Lake Resort Summer Travel, 2612, Adult Travel"
Listing负责人为空,2599,B0H2MK58P1,QS-HZ2625,,公司,B0H2MK58P1,,"Water Shoes for Women Men, Quick Dry Aqua Socks for Pool Beach Boat Dock Lake Resort Summer Travel, 2625, Adult Travel"
Listing负责人为空,2600,B0H2MPC7RH,QS-HZ2561,,公司,B0H2MPC7RH,,"Water Shoes for Women Men, Aqua Socks, Slip On Swim Shoes for Beach Pool Lake Boat Resort Travel Pair, 2561, Adult Travel"
Listing负责人为空,2601,B0H2MHVYGX,QS-HZC101,,公司,B0H2MHVYGX,,"Water Shoes for Women Men, Aqua Socks, Slip On Swim Shoes for Beach Pool Lake Boat Resort Travel Pair, C101, Adult Travel"
Listing负责人为空,2602,B0H2MM61MC,QS-HZ2629,,公司,B0H2MM61MC,,"Water Shoes for Women Men, Aqua Socks, Slip On Swim Shoes for Beach Pool Lake Boat Resort Travel Pair, 2629, Adult Travel"
Listing负责人为空,2603,B0H2MDB683,QS-HZ2609,,公司,B0H2MDB683,,"Water Shoes for Women Men, Barefoot Water Footwear for Pool Beach Cruise River Dock Vacation Pair, 2609, Adult Travel"
Listing负责人为空,2604,B0H2MLT2ZB,QS-HZC118,,公司,B0H2MLT2ZB,,"Water Shoes for Women Men, Water Footwear for Beach Pool Spa Hotel River Lake Cruise Travel Pair, C118, Adult Travel"
Listing负责人为空,2605,B0H2MFZJH1,QS-HZ2552,,公司,B0H2MFZJH1,,"Water Shoes for Women Men, Quick Dry Aqua Socks for Pool Beach Boat Dock Lake Resort Summer Travel, 2552, Adult Travel"
一致,2606,B0H2MJQYM5,QS-2606-36/37,公司,公司,B0GQBS64JX,,"Water Shoes for Women Men, Quick Dry Swim Footwear for Beach Pool Resort River Cruise Lake Travel Pair, 2606, Adult Travel"
负责人不一致,2607,B0H2MFFPB1,QC-DB-H-rainbow,公司,未分配,B0H2MKR6M2,,"Universal 6 Speed Knurled Aluminum Alloy Gear Shift Knob with 4 Adapters, Racing Shifter Head for Car & Sim Racing"
一致,2608,B0H27RWJ6F,KCC-YJKZ-3,凯旋,凯旋,B0H27QGXS1,衣角扣子,"3 Pack Metal Scarf Rings, Round T-Shirt Tie Buckles for Shawl Blouse Clothing Accessories"
一致,2609,B0H262SBM3,QS-5051-D18-26/27,公司,公司,B0GYWSYXZ5,新款大童溯溪鞋,"Big Kids Aqua Socks, Cute Bear & Cloud Print Quick Dry Water Shoes for Big Kids Beach Swim"
一致,2610,B0H25TSPR7,QS-5051-D18-30/31,公司,公司,B0GYWSYXZ5,新款大童溯溪鞋,"Big Kids Aqua Socks, Cute Bear & Cloud Print Quick Dry Water Shoes for Big Kids Beach Swim"
一致,2611,B0H262GSNC,QS-5051-D18-34/35,公司,公司,B0GYWSYXZ5,新款大童溯溪鞋,"Big Kids Aqua Socks, Cute Bear & Cloud Print Quick Dry Water Shoes for Big Kids Beach Swim"
一致,2612,B0H25Y357W,QS-5051-D18-28/29,公司,公司,B0GYWSYXZ5,新款大童溯溪鞋,"Big Kids Aqua Socks, Cute Bear & Cloud Print Quick Dry Water Shoes for Big Kids Beach Swim"
一致,2613,B0H263TPH5,QS-5051-D18-32/33,公司,公司,B0GYWSYXZ5,新款大童溯溪鞋,"Big Kids Aqua Socks, Cute Bear & Cloud Print Quick Dry Water Shoes for Big Kids Beach Swim"
一致,2614,B0H23X3FN9,QS-152-42/43,公司,公司,B0H23S5RZH,溯溪沙滩鞋,"Pool Shoes for Women Men, Aqua Socks, Quick Dry Water Footwear, Hotel Shower Beach Resort Cruise Pair"
一致,2615,B0H23WSXBN,QS-152-36/37,公司,公司,B0H23S5RZH,溯溪沙滩鞋,"Pool Shoes for Women Men, Aqua Socks, Quick Dry Water Footwear, Hotel Shower Beach Resort Cruise Pair"
Listing负责人为空,2616,B0H23KX96L,QS-153,,公司,B0H23KX96L,,"Lake Shoes for Women Men, Aqua Socks, Slip On Swim Footwear, Boat Ramp River Cabin Beach Travel Pair"
Listing负责人为空,2617,B0H23VJJBT,QS-151,,公司,B0H23VJJBT,,"Beach Shoes for Women Men, Aqua Socks, Lightweight Water Footwear, River Dock Fishing Lake Travel Pair"
一致,2618,B0H24289G7,QS-156-36/37,公司,公司,B0H23LGQZ8,,"River Shoes for Women Men, Aqua Socks, Barefoot Water Footwear, Kayaking Beach Dock Travel Pair"
Listing负责人为空,2619,B0H23VQC13,QS-150,,公司,B0H23VQC13,,"Swim Shoes for Women Men, Water Shoes, Aqua Socks, Foldable Beach Pool Water Park Cruise Vacation Footwear"
一致,2620,B0H241D83M,QS-155-42/43,公司,公司,B0H2426YJQ,溯溪沙滩鞋,"Surf Shoes for Women Men, Aqua Socks, Lightweight Swim Footwear, Beach Pool Resort Lake Travel Pair"
一致,2621,B0H23MM8YJ,QS-152-40/41,公司,公司,B0H23S5RZH,溯溪沙滩鞋,"Pool Shoes for Women Men, Aqua Socks, Quick Dry Water Footwear, Hotel Shower Beach Resort Cruise Pair"
一致,2622,B0H23XXV2D,QS-155-36/37,公司,公司,B0H2426YJQ,溯溪沙滩鞋,"Surf Shoes for Women Men, Aqua Socks, Lightweight Swim Footwear, Beach Pool Resort Lake Travel Pair"
一致,2623,B0H23Y2F43,QS-152-38/39,公司,公司,B0H23S5RZH,溯溪沙滩鞋,"Pool Shoes for Women Men, Aqua Socks, Quick Dry Water Footwear, Hotel Shower Beach Resort Cruise Pair"
一致,2624,B0H23VPTWS,QS-155-38/39,公司,公司,B0H2426YJQ,溯溪沙滩鞋,"Surf Shoes for Women Men, Aqua Socks, Lightweight Swim Footwear, Beach Pool Resort Lake Travel Pair"
一致,2625,B0H23VPG25,QS-152-44/45,公司,公司,B0H23S5RZH,溯溪沙滩鞋,"Pool Shoes for Women Men, Aqua Socks, Quick Dry Water Footwear, Hotel Shower Beach Resort Cruise Pair"
一致,2626,B0H23VN8CJ,QS-155-40/41,公司,公司,B0H2426YJQ,溯溪沙滩鞋,"Surf Shoes for Women Men, Aqua Socks, Lightweight Swim Footwear, Beach Pool Resort Lake Travel Pair"
一致,2627,B0H23RQNNB,QS-156-44/45,公司,公司,B0H23LGQZ8,,"River Shoes for Women Men, Aqua Socks, Barefoot Water Footwear, Kayaking Beach Dock Travel Pair"
一致,2628,B0H23ZYYTK,QS-156-42/43,公司,公司,B0H23LGQZ8,,"River Shoes for Women Men, Aqua Socks, Barefoot Water Footwear, Kayaking Beach Dock Travel Pair"
一致,2629,B0H23JZLLX,QS-156-40/41,公司,公司,B0H23LGQZ8,,"River Shoes for Women Men, Aqua Socks, Barefoot Water Footwear, Kayaking Beach Dock Travel Pair"
一致,2630,B0H23VGZZR,QS-155-44/45,公司,公司,B0H2426YJQ,溯溪沙滩鞋,"Surf Shoes for Women Men, Aqua Socks, Lightweight Swim Footwear, Beach Pool Resort Lake Travel Pair"
一致,2631,B0H23XLPPB,QS-156-38/39,公司,公司,B0H23LGQZ8,,"River Shoes for Women Men, Aqua Socks, Barefoot Water Footwear, Kayaking Beach Dock Travel Pair"
一致,2632,B0H1S2SW62,QS-106-44/45,公司,公司,B0H1RXP6SW,溯溪沙滩鞋,"Water Shoes for Women Men, Aqua Socks, Quick Dry Swim Shoes, Slip On Beach Pool River Lake Cruise Travel Footwear"
一致,2633,B0H1RZL9RX,QS-106-38/39,公司,公司,B0H1RXP6SW,溯溪沙滩鞋,"Water Shoes for Women Men, Aqua Socks, Quick Dry Swim Shoes, Slip On Beach Pool River Lake Cruise Travel Footwear"
一致,2634,B0H1S63B4J,QS-106-36/37,公司,公司,B0H1RXP6SW,溯溪沙滩鞋,"Water Shoes for Women Men, Aqua Socks, Quick Dry Swim Shoes, Slip On Beach Pool River Lake Cruise Travel Footwear"
Listing负责人为空,2635,B0GS4RDLJJ,QS-112,,公司,B0GS4RDLJJ,,"Aqua Socks for Women Men, Water Shoes, Barefoot Swim Footwear, Resort Pool Lake Yoga Beach Travel Pair"
Listing负责人为空,2636,B0GS4FS63Y,QS-111,,公司,B0GS4FS63Y,,"Aqua Socks for Women Men, Water Shoes, Quick Dry Swim Footwear, Beach Pool River Lake Cruise Summer Travel Pair"
Listing负责人为空,2637,B0H1S8VD1J,QS-134,,公司,B0H1S8VD1J,,"Lake Shoes for Women Men, Aqua Socks, Water Footwear, Quick Dry Beach Pool Cruise Summer Vacation Travel Pair"
Listing负责人为空,2638,B0H1S3PSQ3,QS-125,,公司,B0H1S3PSQ3,,"Beach Shoes for Women Men, Aqua Socks, Barefoot Water Footwear, Lake River Beach House Summer Travel Pair"
Listing负责人为空,2639,B0H1RTH2KG,QS-137,,公司,B0H1RTH2KG,,"Surf Shoes for Women Men, Aqua Socks, Swim Footwear, Lightweight Lake River Beach Resort Summer Travel Pair"
Listing负责人为空,2640,B0H1RY9T8J,QS-132,,公司,B0H1RY9T8J,,"River Shoes for Women Men, Aqua Socks, Water Footwear, Quick Dry Beach Pool Lake Weekend Travel Trip Pair"
Listing负责人为空,2641,B0H1RQ5NLJ,QS-139,,公司,B0H1RQ5NLJ,,"Barefoot Water Socks for Women Men, Aqua Shoes, Pool Footwear, River Lake Beach Resort Summer Travel Pair"
Listing负责人为空,2642,B0H1RWFCVR,QS-123,,公司,B0H1RWFCVR,,"Beach Shoes for Women Men, Aqua Socks, Water Shoes, Quick Dry Pool River Lake Cruise Resort Travel Pair"
Listing负责人为空,2643,B0H1RWSYQ8,QS-122,,公司,B0H1RWSYQ8,,"Swim Shoes for Women Men, Water Shoes, Aqua Socks, Slip On Boat Lake Camping Shower Beach Travel Footwear Pair"
Listing负责人为空,2644,B0H1S51N4Q,QS-118,,公司,B0H1S51N4Q,,"Swim Shoes for Women Men, Water Shoes, Aqua Socks, Quick Dry Beach Pool River Lake Cruise Travel Footwear"
Listing负责人为空,2645,B0H1S8K83L,QS-124,,公司,B0H1S8K83L,,"Beach Shoes for Women Men, Aqua Socks, Swim Footwear, Lightweight Cruise Pool Resort Vacation Travel Pair"
Listing负责人为空,2646,B0H1S8CNQV,QS-126,,公司,B0H1S8CNQV,,"Beach Shoes for Women Men, Aqua Socks, Quick Dry Water Footwear, Pool Resort Cruise Beach Hotel Travel Pair"
Listing负责人为空,2647,B0H1S938C7,QS-119,,公司,B0H1S938C7,,"Swim Shoes for Women Men, Water Shoes, Aqua Socks, Barefoot Lake Cruise Resort Pool Vacation Footwear"
Listing负责人为空,2648,B0H1S5N75D,QS-135,,公司,B0H1S5N75D,,"Lake Shoes for Women Men, Aqua Socks, Swim Footwear, Slip On River Dock Boat Ramp Travel Vacation Pair"
Listing负责人为空,2649,B0H1RYYG1V,QS-138,,公司,B0H1RYYG1V,,"Barefoot Water Socks for Women Men, Aqua Shoes, Swim Footwear, Beach Pool Resort Cruise Summer Travel Pair"
Listing负责人为空,2650,B0H1S28G3Z,QS-131,,公司,B0H1S28G3Z,,"Pool Shoes for Women Men, Aqua Socks, Barefoot Water Footwear, Yoga Beach Resort Spa Pool Vacation Pair"
Listing负责人为空,2651,B0H1RSFVTX,QS-114,,公司,B0H1RSFVTX,,"Aqua Socks for Women Men, Water Shoes, Foldable Swim Footwear, River Lake Dock Boat Beach Travel Pair"
Listing负责人为空,2652,B0H1S3MM3D,QS-128,,公司,B0H1S3MM3D,,"Pool Shoes for Women Men, Aqua Socks, Swim Footwear, Quick Dry Beach Lake Resort Cruise Summer Travel Pair"
Listing负责人为空,2653,B0H1RYQ4NR,QS-136,,公司,B0H1RYQ4NR,,"Surf Shoes for Women Men, Aqua Socks, Water Footwear, Quick Dry Beach Pool Resort Summer Vacation Travel Pair"
Listing负责人为空,2654,B0H1RV72Z9,QS-133,,公司,B0H1RV72Z9,,"River Shoes for Women Men, Aqua Socks, Swim Footwear, Lightweight Kayaking Dock Beach Summer Travel Pair"
Listing负责人为空,2655,B0H1RRCCWR,QS-127,,公司,B0H1RRCCWR,,"Beach Shoes for Women Men, Aqua Socks, Lightweight Water Footwear, River Dock Fishing Summer Travel Pair"
Listing负责人为空,2656,B0H1S2F7BK,QS-129,,公司,B0H1S2F7BK,,"Pool Shoes for Women Men, Aqua Socks, Water Footwear, Slip On River Cruise Resort Beach Summer Travel Pair"
Listing负责人为空,2657,B0H1S45NQC,QS-121,,公司,B0H1S45NQC,,"Swim Shoes for Women Men, Water Shoes, Aqua Socks, Foldable Pool Water Park Beach Resort Travel Pair"
Listing负责人为空,2658,B0H1RFDSKL,QS-109,,公司,B0H1RFDSKL,,"Water Shoes for Women Men, Aqua Socks, Quick Dry Swim Shoes, Lake River Dock Beach Camping Shower Footwear"
一致,2659,B0H1QSNRLW,SP-qiesi-1,图图,图图,B0H2H5W3K2,,"Silicone Garlic Peeler Roller, Easy Peel Garlic Skin Remover, Reusable Non-Stick Garlic Peeling Tool for Kitchen"
一致,2660,B0H1D7B7RY,QS-079-44/45,公司,公司,B0GQBP3SH9,,Slip On Beach Shoes Quick Dry Water Shoes for Travel Vacation Outdoor
Listing负责人为空,2661,B0GQBS5TQ3,QS-092,,公司,B0GQBS5TQ3,,All Terrain Water Shoes Lightweight Quick Dry Beach Swim Shoes
Listing负责人为空,2662,B0GQBYS57V,QS-010,,公司,B0GQBYS57V,,"Diving Water Shoes for Men Women, Non Skid Rubber Sole, Quick Dry Swim Shoes"
Listing负责人为空,2663,B0GQBV1H8M,QS-020,,公司,B0GQBV1H8M,,Foldable Beach Shoes Lightweight Water Shoes for Travel Outdoor Sports
一致,2664,B0GQBV6R4B,QS-062,公司,公司,B0GQBV6R4B,,"Non Slip Aqua Shoes Men Women, Rubber Sole, Quick Dry Slip On for Swimming"
Listing负责人为空,2665,B0GQBK3LKY,QS-061,,公司,B0GQBK3LKY,,"Ocean Swim Water Shoes Unisex, Anti Slip Rubber Sole, Stretch Fit Beach Shoes"
一致,2666,B0GQC6FJQG,QS-058,公司,公司,B0GQC6FJQG,,"Water Shoes Men Women, Non Slip Sole, Cushion Insole, for Beach Snorkeling"
一致,2667,B0GQC398DS,QS-001,公司,公司,B0GQC398DS,,Water Shoes for Women Men Quick Dry Barefoot Beach Swim Pool Walking Shoes
Listing负责人为空,2668,B0GQC4C415,QS-079,,公司,B0GQC4C415,,Slip On Beach Shoes Quick Dry Water Shoes for Travel Vacation Outdoor
一致,2669,B0GQBJZP6W,QS-031,公司,公司,B0GQBJZP6W,,Soft Water Shoes Lightweight Quick Dry Shoes for Beach Surfing Yoga
Listing负责人为空,2670,B0GQC6NDGW,QS-055,,公司,B0GQC6NDGW,,"Creek Trekking Water Shoes for Men Women, Anti Slip Sole, Durable Outsole"
一致,2671,B0GQBV54GW,QS-068,公司,公司,B0GQBV54GW,,Summer Beach Shoes Lightweight Water Shoes for Women Men Daily Sports
Listing负责人为空,2672,B0GQBT7L6Z,QS-048,,公司,B0GQBT7L6Z,,"Diving Swim Water Shoes for Men Women, Non Skid Sole, Stretch Fit Slip On"
一致,2673,B0H1DDF3FR,QS-057-44/45,公司,公司,B0GQBP3SH9,,Portable Beach Shoes Foldable Design Water Shoes for Outdoor Activities
Listing负责人为空,2674,B0GQBVRN6P,QS-056,,公司,B0GQBVRN6P,,"Pool Beach Water Shoes Unisex, Non Slip Rubber Sole, Printed Quick Dry Shoes"
Listing负责人为空,2675,B0GQC4CFDT,QS-063,,公司,B0GQC4CFDT,,"Diving Beach Water Shoes Men Women, Non Slip Rubber Sole, Quick Dry Swim Shoes"
一致,2676,B0GQC2WHR8,QS-097,公司,公司,B0GQC2WHR8,,Flexible Water Shoes Barefoot Slippers for Beach Pool Surfing Sports
一致,2677,B0GQBVWQYW,QS-074,公司,公司,B0GQBVWQYW,,"Diving Beach Water Shoes Men Women, Non Slip Rubber Sole, Quick Dry Swim Shoes"
一致,2678,B0GQC3J9ZT,QS-046,公司,公司,B0GQC3J9ZT,,"Beach Water Shoes Unisex, Anti Slip Pattern Sole, Quick Dry Swim Shoes for Ocean"
Listing负责人为空,2679,B0GQC1FF7J,QS-036,,公司,B0GQC1FF7J,,Summer Water Shoes for Women Men Comfort Quick Dry Beach Walking Shoes
Listing负责人为空,2680,B0GQC6JQJH,QS-070,,公司,B0GQC6JQJH,,"Packable Beach Water Shoes for Men Women, Non Slip Sole, Travel Swim Shoes"
Listing负责人为空,2681,B0GQBVRN77,QS-100,,公司,B0GQBVRN77,,"Beach Water Shoes Unisex, Anti Slip Pattern Sole, Quick Dry Swim Shoes for Ocean"
Listing负责人为空,2682,B0GQC5XQJ9,QS-081,,公司,B0GQC5XQJ9,,"Water Shoes Unisex, Anti Slip Sole, Printed Design, for Beach Swimming Rafting"
一致,2683,B0H1CZBLFG,QS-056-44/45,公司,公司,B0GQBP3SH9,,"Pool Beach Water Shoes Unisex, Non Slip Rubber Sole, Printed Quick Dry Shoes"
Listing负责人为空,2684,B0GQC47WR7,QS-091,,公司,B0GQC47WR7,,"Pool Beach Aqua Shoes Men Women, Non Skid Rubber Sole, Lightweight Quick Dry"
一致,2685,B0GQBX1JV1,QS-042,公司,公司,B0GQBX1JV1,,"Unisex Swim Shoes, Non Skid Rubber Sole, Packable Quick Dry Beach Shoes"
Listing负责人为空,2686,B0GQBZXFT3,QS-059,,公司,B0GQBZXFT3,,"Water Shoes Men Women, Non Slip Sole, Cushion Insole, for Beach Snorkeling"
一致,2687,B0GQBWRZJZ,QS-047,公司,公司,B0GQBWRZJZ,,"Printed Beach Water Shoes Unisex, Non Slip Rubber Sole, Lightweight Swim Shoes"
Listing负责人为空,2688,B0GQBY6JH7,QS-034,,公司,B0GQBY6JH7,,"Swim Water Shoes for Men Women, Non Slip Sole, Comfortable Fit, for Beach Pool"
一致,2689,B0GQC5GMRB,QS-040,公司,公司,B0GQC5GMRB,,"Lightweight Beach Water Shoes for Men Women, Anti Slip Sole, Quick Dry Swim"
Listing负责人为空,2690,B0GQBKLQGH,QS-078,,公司,B0GQBKLQGH,,"Unisex Aqua Shoes, Non Skid Rubber Sole, Stretch Fit, for Ocean Reef Walk"
Listing负责人为空,2691,B0GQBYRX3L,QS-069,,公司,B0GQBYRX3L,,"Ocean Swim Water Shoes Unisex, Anti Slip Rubber Sole, Stretch Fit Beach Shoes"
Listing负责人为空,2692,B0GQBVQK5K,QS-037,,公司,B0GQBVQK5K,,"Unisex Water Shoes, Quick Dry Beach Shoes, Anti Skid Rubber Sole, for Travel"
一致,2693,B0GQBWWBVS,QS-090,公司,公司,B0GQBWWBVS,,"Beach Water Shoes Unisex, Anti Slip Pattern Sole, Quick Dry Swim Shoes for Ocean"
Listing负责人为空,2694,B0GQGYF5F3,QS-064,,公司,B0GQGYF5F3,,Flexible Water Shoes Slip On Breathable Beach Shoes for Pool Surfing
Listing负责人为空,2695,B0GQC57SNQ,QS-043,,公司,B0GQC57SNQ,,"River Shoes Unisex, Non Slip Sole, Quick Dry Water Shoes for Creek Trekking"
Listing负责人为空,2696,B0GQBH6STQ,QS-006,,公司,B0GQBH6STQ,,"Pool Water Shoes for Men Women, Anti Skid Sole, Quick Dry, Lightweight Swim Shoes"
Listing负责人为空,2697,B0GQBPCFYH,QS-057,,公司,B0GQBPCFYH,,Portable Beach Shoes Foldable Design Water Shoes for Outdoor Activities
Listing负责人为空,2698,B0GQBLLLJD,QS-072,,公司,B0GQBLLLJD,,"Water Shoes for Men Women, Anti Skid Rubber Sole, Slip On, for Rafting Kayak"
一致,2699,B0GQC221DV,QS-005,公司,公司,B0GQC221DV,,"Unisex Swim Shoes, Rubber Outsole Anti Slip, Soft Stretch Upper, for Beach Snorkel"
一致,2700,B0GQBTRBMV,QS-045,公司,公司,B0GQBTRBMV,,"Water Shoes Unisex, Anti Skid Sole, Thick Cushion Insole, for Kayak Rafting"
一致,2701,B0GQBQ5T4X,QS-089,公司,公司,B0GQBQ5T4X,,Comfort Foldable Beach Shoes Non Slip Water Shoes for Women Men
Listing负责人为空,2702,B0GQC2ZWCD,QS-011,,公司,B0GQC2ZWCD,,"Water Shoes for Men Women, Durable Rubber Outsole, Soft Stretch Upper, for Pool"
Listing负责人为空,2703,B0GQC78R77,QS-049,,公司,B0GQC78R77,,"Diving Swim Water Shoes for Men Women, Non Skid Sole, Stretch Fit Slip On"
一致,2704,B0GQBSTMDN,QS-093,公司,公司,B0GQBSTMDN,,"Diving Snorkel Shoes Men Women, Non Slip Rubber Sole, Quick Dry Water Shoes"
一致,2705,B0H1D7FC7H,QS-070-44/45,公司,公司,B0GQBP3SH9,,"Packable Beach Water Shoes for Men Women, Non Slip Sole, Travel Swim Shoes"
一致,2706,B0GQBSS5XW,QS-014,公司,公司,B0GQBSS5XW,,"Pool Water Shoes for Men Women, Anti Skid Sole, Quick Dry, Lightweight Swim Shoes"
一致,2707,B0GQBWT7X7,QS-033,公司,公司,B0GQBWT7X7,,"Water Shoes Unisex, Anti Skid Pattern Sole, Soft Stretch Upper, for Wet Rocks"
一致,2708,B0H14WYGTH,QS-069-36/37,公司,公司,B0GQBP3SH9,,"Ocean Swim Water Shoes Unisex, Anti Slip Rubber Sole, Stretch Fit Beach Shoes"
一致,2709,B0H14ZZTKQ,QS-024-36/37,公司,公司,B0GQBS64JX,,"Beach Shoes for Men Women, Non Slip Rubber Sole, Quick Dry Printed Aqua Shoes"
一致,2710,B0H152PSTD,QS-049-36/37,公司,公司,B0GQBS64JX,,"Diving Swim Water Shoes for Men Women, Non Skid Sole, Stretch Fit Slip On"
一致,2711,B0GZVW59DY,QS-513-A73-1-26/27,公司,公司,B0GYWSYXZ5,新款大童溯溪鞋,"Big Kids Aqua Socks, Red Flower Print Non Slip Water Shoes for Big Kids Beach Swim Pool"
一致,2712,B0GZVPLXZ5,QS-513-A73-1-28/29,公司,公司,B0GYWSYXZ5,新款大童溯溪鞋,"Big Kids Aqua Socks, Red Flower Print Non Slip Water Shoes for Big Kids Beach Swim Pool"
一致,2713,B0GZV4KW2X,KCC-KPQ-3GE,凯旋,凯旋,B0GZVHY5R1,开瓶器,"3 Pack Multi Function Bottle Opener Set, Portable Beer And Can Opener For Household Party And Outdoor Use"
一致,2714,B0GZV9MPY8,SP-zhengjia-2,图图,图图,B0GZV4PNTZ,蒸架,"Stainless Steel Steamer Rack, Multifunction Pot Insert Trivet for Vegetables, Dumplings, Eggs, Fish, Woks, Pans"
一致,2715,B0GZP98QX3,QS-521-D18-26-27,公司,公司,B0GYX16S5J,,"Kids Water Shoes, Cute Tractor Print Quick-Dry Aqua Socks for Toddler Boys Girls, Non-Slip Swim Shoes for Beach, Pool, Water Park, River Trekking, and Indoor Activities"
一致,2716,B0GZP49CJ3,QS-521-D18-28-29,公司,公司,B0GYX16S5J,,"Kids Water Shoes, Cute Tractor Print Quick-Dry Aqua Socks for Toddler Boys Girls, Non-Slip Swim Shoes for Beach, Pool, Water Park, River Trekking, and Indoor Activities"
一致,2717,B0GZP4MM83,QS-302-38/39,公司,公司,B0GZP4MM83,,"Unisex Aqua Shoes, Non Skid Rubber Sole, Stretch Fit, for Ocean Reef Walk"
一致,2718,B0GZP4ZT52,QS-303-40/41,公司,公司,B0GZP4ZT52,,"Unisex Printed Water Shoes, Anti Skid Rubber Sole, Lightweight Slip On Beach Shoes"
一致,2719,B0GZP8HTJV,QS-305-42/43,公司,公司,B0GZP8HTJV,,"Beach Water Shoes Unisex, Anti Slip Pattern Sole, Quick Dry Swim Shoes for Ocean"
一致,2720,B0GZP1GVMM,QS-302-44/45,公司,公司,B0GZP1GVMM,,"Unisex Aqua Shoes, Non Skid Rubber Sole, Stretch Fit, for Ocean Reef Walk"
一致,2721,B0GZP4VVX6,QS-303-42/43,公司,公司,B0GZP4VVX6,,"Unisex Printed Water Shoes, Anti Skid Rubber Sole, Lightweight Slip On Beach Shoes"
一致,2722,B0GZP4LVW3,QS-302-42/43,公司,公司,B0GZP4LVW3,,"Unisex Aqua Shoes, Non Skid Rubber Sole, Stretch Fit, for Ocean Reef Walk"
一致,2723,B0GZNZSYJX,QS-304-44/45,公司,公司,B0GZNZSYJX,,"Beach Water Shoes Unisex, Anti Slip Pattern Sole, Quick Dry Swim Shoes for Ocean"
一致,2724,B0GZP739SP,QS-304-40/41,公司,公司,B0GZP739SP,,"Beach Water Shoes Unisex, Anti Slip Pattern Sole, Quick Dry Swim Shoes for Ocean"
一致,2725,B0GZP7HXHT,QS-303-38/39,公司,公司,B0GZP7HXHT,,"Unisex Printed Water Shoes, Anti Skid Rubber Sole, Lightweight Slip On Beach Shoes"
一致,2726,B0GZP2YBKQ,QS-305-44/45,公司,公司,B0GZP2YBKQ,,"Beach Water Shoes Unisex, Anti Slip Pattern Sole, Quick Dry Swim Shoes for Ocean"
一致,2727,B0GZPTK3MD,QS-304-36/37,公司,公司,B0GZPTK3MD,,"Beach Water Shoes Unisex, Anti Slip Pattern Sole, Quick Dry Swim Shoes for Ocean"
一致,2728,B0GZP2WNDF,QS-302-40/41,公司,公司,B0GZP2WNDF,,"Unisex Aqua Shoes, Non Skid Rubber Sole, Stretch Fit, for Ocean Reef Walk"
一致,2729,B0GZP6HJR3,QS-305-36/37,公司,公司,B0GZP6HJR3,,"Beach Water Shoes Unisex, Anti Slip Pattern Sole, Quick Dry Swim Shoes for Ocean"
一致,2730,B0GZP94KG5,QS-303-36/37,公司,公司,B0GZP94KG5,,"Unisex Printed Water Shoes, Anti Skid Rubber Sole, Lightweight Slip On Beach Shoes"
一致,2731,B0GZPSB3V9,QS-304-42/43,公司,公司,B0GZPSB3V9,,"Beach Water Shoes Unisex, Anti Slip Pattern Sole, Quick Dry Swim Shoes for Ocean"
一致,2732,B0GZPW9ZLH,QS-305-40/41,公司,公司,B0GZPW9ZLH,,"Beach Water Shoes Unisex, Anti Slip Pattern Sole, Quick Dry Swim Shoes for Ocean"
一致,2733,B0GZP1SYJ4,QS-303-44/45,公司,公司,B0GZP1SYJ4,,"Unisex Printed Water Shoes, Anti Skid Rubber Sole, Lightweight Slip On Beach Shoes"
一致,2734,B0GZP7MHF9,QS-301-42/43,公司,公司,B0GZP7MHF9,,"Diving Beach Water Shoes Men Women, Non Slip Rubber Sole, Quick Dry Swim Shoes Multicolor"
一致,2735,B0GZPLZV8R,QS-302-36/37,公司,公司,B0GZPLZV8R,,"Unisex Aqua Shoes, Non Skid Rubber Sole, Stretch Fit, for Ocean Reef Walk"
一致,2736,B0GZQ1FP84,QS-305-38/39,公司,公司,B0GZQ1FP84,,"Beach Water Shoes Unisex, Anti Slip Pattern Sole, Quick Dry Swim Shoes for Ocean"
一致,2737,B0GZP4FVXV,QS-304-38/39,公司,公司,B0GZP4FVXV,,"Beach Water Shoes Unisex, Anti Slip Pattern Sole, Quick Dry Swim Shoes for Ocean"
一致,2738,B0GZNZ8CZP,QS-517-D4-26-27,公司,公司,B0H28LQSQP,,"Kids Water Shoes, Cute Crocodile Print Quick-Dry Aqua Socks for Toddler Boys Girls, Non-Slip Swim Shoes for Beach, Pool, Water Park, River Trekking, and Indoor Activities"
一致,2739,B0GZNZNYGG,QS-519-D15-26-27,公司,公司,B0GYWVLH8M,,"Kids Water Shoes, Cute Space & Rocket Print Quick-Dry Aqua Socks for Toddler Boys Girls, Non-Slip Swim Shoes for Beach, Pool, Water Park, River Trekking, and Indoor Activities"
一致,2740,B0GZP2MVNZ,QS-515-D2-28-29,公司,公司,B0GYWSYXZ5,,"Kids Water Shoes, Cute Dachshund Print Quick-Dry Aqua Socks for Toddler Boys Girls, Non-Slip Swim Shoes for Beach, Pool, Water Park, River Trekking, and Indoor Activities"
一致,2741,B0GZNXBT1C,QS-525-B20-26-27,公司,公司,B0GYX16S5J,,"Kids Water Shoes, Cute Sailboat Print Quick-Dry Aqua Socks for Toddler Boys Girls, Non-Slip Swim Shoes for Beach, Pool, Water Park, River Trekking, and Indoor Activities"
一致,2742,B0GZNZKXCZ,QS-073-36/37,公司,公司,B0GZNZKXCZ,,Summer Beach Shoes Lightweight Water Shoes for Women Men Daily Sports
一致,2743,B0GZP1ZQZZ,QS-019-36/37,公司,公司,B0GQBYRX2R,,Lightweight Foldable Water Shoes Comfort Beach Shoes for Pool Travel Multicolor
一致,2744,B0GZNYCJ66,QS-519-D15-28-29,公司,公司,B0GYX16S5J,,"Kids Water Shoes, Cute Space & Rocket Print Quick-Dry Aqua Socks for Toddler Boys Girls, Non-Slip Swim Shoes for Beach, Pool, Water Park, River Trekking, and Indoor Activities"
一致,2745,B0GZNTXDZP,QS-517-D4-28-29,公司,公司,B0H28LQSQP,,"Kids Water Shoes, Cute Crocodile Print Quick-Dry Aqua Socks for Toddler Boys Girls, Non-Slip Swim Shoes for Beach, Pool, Water Park, River Trekking, and Indoor Activities"
一致,2746,B0GZP9J958,QS-520-D16-26-27,公司,公司,B0GYX16S5J,,"Kids Water Shoes, Cute Beluga Whale Print Quick-Dry Aqua Socks for Toddler Boys Girls, Non-Slip Swim Shoes for Beach, Pool, Water Park, River Trekking, and Indoor Activities"
一致,2747,B0GZPJBW7C,QS-520-D16-28-29,公司,公司,B0GYX16S5J,,"Kids Water Shoes, Cute Beluga Whale Print Quick-Dry Aqua Socks for Toddler Boys Girls, Non-Slip Swim Shoes for Beach, Pool, Water Park, River Trekking, and Indoor Activities"
一致,2748,B0GZP2QRHV,QS-525-B20-28-29,公司,公司,B0GYX16S5J,,"Kids Water Shoes, Cute Sailboat Print Quick-Dry Aqua Socks for Toddler Boys Girls, Non-Slip Swim Shoes for Beach, Pool, Water Park, River Trekking, and Indoor Activities"
一致,2749,B0GZNYLMQJ,QS-100-36/37,公司,公司,B0GQBP3SH9,,"Beach Water Shoes Unisex, Anti Slip Pattern Sole, Quick Dry Swim Shoes for Ocean"
一致,2750,B0GZP4CRTM,QS-048-36/37,公司,公司,B0GQBS64JX,,"Diving Swim Water Shoes for Men Women, Non Skid Sole, Stretch Fit Slip On"
一致,2751,B0GZP36XSB,QS-523-B44-28-29,公司,公司,B0GYX16S5J,,"Kids Water Shoes, Cute Penguin Print Quick-Dry Aqua Socks for Toddler Boys Girls, Non-Slip Swim Shoes for Beach, Pool, Water Park, River Trekking, and Indoor Activities"
一致,2752,B0GZNZMB8B,QS-051-36/37,公司,公司,B0GQBZY2T5,,"Beach Aqua Shoes Unisex, Non Slip Rubber Sole, Comfortable Insole, for Ocean"
一致,2753,B0GZNXC1FB,QS-078-36/37,公司,公司,B0GQBP3SH9,,"Unisex Aqua Shoes, Non Skid Rubber Sole, Stretch Fit, for Ocean Reef Walk"
一致,2754,B0GZNZVVZB,QS-011-36/37,公司,公司,B0GQBS64JX,,"Water Shoes for Men Women, Durable Rubber Outsole, Soft Stretch Upper, for Pool"
一致,2755,B0GZP8HRWT,QS-515-D2-26-27,公司,公司,B0GYWSYXZ5,,"Kids Water Shoes, Cute Dachshund Print Quick-Dry Aqua Socks for Toddler Boys Girls, Non-Slip Swim Shoes for Beach, Pool, Water Park, River Trekking, and Indoor Activities"
一致,2756,B0GZNYK8YY,QS-518-D7-26-27,公司,公司,B0GYX16S5J,,"Kids Water Shoes, Cute Dinosaur Print Quick-Dry Aqua Socks for Toddler Boys Girls, Non-Slip Swim Shoes for Beach, Pool, Water Park, River Trekking, and Indoor Activities"
一致,2757,B0GZP5ZM6V,QS-518-D7-28-29,公司,公司,B0GYX16S5J,,"Kids Water Shoes, Cute Dinosaur Print Quick-Dry Aqua Socks for Toddler Boys Girls, Non-Slip Swim Shoes for Beach, Pool, Water Park, River Trekking, and Indoor Activities"
一致,2758,B0GZP7BMBN,QS-063-36/37,公司,公司,B0GQBP3SH9,,"Diving Beach Water Shoes Men Women, Non Slip Rubber Sole, Quick Dry Swim Shoes"
一致,2759,B0GZNTB7ZD,QS-059-36/37,公司,公司,B0GQBP3SH9,,"Water Shoes Men Women, Non Slip Sole, Cushion Insole, for Beach Snorkeling"
工具未内置该 ASIN,2760,B0GZNTMFJR,QS-516-D3-28-29,公司,,B0GYX16S5J,,"Kids Water Shoes, Cute Octopus Print Quick-Dry Aqua Socks for Toddler Boys Girls, Non-Slip Swim Shoes for Beach, Pool, Water Park, River Trekking, and Indoor Activities"
工具未内置该 ASIN,2761,B0GZP2LFS5,QS-516-D3-26-27,公司,,B0GYX16S5J,,"Kids Water Shoes, Cute Octopus Print Quick-Dry Aqua Socks for Toddler Boys Girls, Non-Slip Swim Shoes for Beach, Pool, Water Park, River Trekking, and Indoor Activities"
一致,2762,B0GZNZDZ2N,QS-522-B43-26-27,公司,公司,B0GYX16S5J,,"Kids Water Shoes, Colorful Dinosaur & Rainbow Print Quick-Dry Aqua Socks for Toddler Boys Girls, Non-Slip Swim Shoes for Beach, Pool, Water Park, River Trekking, and Indoor Activities"
一致,2763,B0GZP4G8W6,QS-073-44/45,公司,公司,B0GQBS64JX,,Summer Beach Shoes Lightweight Water Shoes for Women Men Daily Sports
一致,2764,B0GZP2HNM6,QS-523-B44-26-27,公司,公司,B0GYX16S5J,,"Kids Water Shoes, Cute Penguin Print Quick-Dry Aqua Socks for Toddler Boys Girls, Non-Slip Swim Shoes for Beach, Pool, Water Park, River Trekking, and Indoor Activities"
一致,2765,B0GZP5YJ5V,QS-046-36/37,公司,公司,B0GQBS64JX,,"Beach Water Shoes Unisex, Anti Slip Pattern Sole, Quick Dry Swim Shoes for Ocean"
一致,2766,B0GZP1YT17,QS-522-B43-28-29,公司,公司,B0GYX16S5J,,"Kids Water Shoes, Colorful Dinosaur & Rainbow Print Quick-Dry Aqua Socks for Toddler Boys Girls, Non-Slip Swim Shoes for Beach, Pool, Water Park, River Trekking, and Indoor Activities"
一致,2767,B0GZNYY5TV,QS-006-37/38,公司,公司,B0GQBS64JX,,"Pool Water Shoes for Men Women, Anti Skid Sole, Quick Dry, Lightweight Swim Shoes"
一致,2768,B0GZNT8DPK,QS-504-D13-28/29,公司,公司,B0GYWSYXZ5,新款大童溯溪鞋,"Big Kids Water Shoes, Beach Chair Print Non Slip Aqua Socks for Big Kids Swim Pool Quick Dry"
一致,2769,B0GZNW75GK,QS-504-D13-26/27,公司,公司,B0GYWSYXZ5,新款大童溯溪鞋,"Big Kids Water Shoes, Beach Chair Print Non Slip Aqua Socks for Big Kids Swim Pool Quick Dry"
一致,2770,B0GZNSTDMX,QS-505-D18-26/27,公司,公司,B0GYWTF5KR,,"Big Kids Aqua Socks, Cute Bear & Cloud Print Quick Dry Water Shoes for Big Kids Beach Swim"
一致,2771,B0GZNL5SR3,QS-502-D11-26/27,公司,公司,B0GYWSYXZ5,新款大童溯溪鞋,"Big Kids Aqua Socks, Palm Tree & Sun Print Non Slip Water Shoes for Big Kids Beach Swim Quick Dry"
一致,2772,B0GZNTQ6B9,QS-512-A71-26/27,公司,公司,B0GYX16S5J,新款大童溯溪鞋,"Big Kids Aqua Socks, Red Flower Print Non Slip Water Shoes for Big Kids Beach Swim Pool"
一致,2773,B0GZNL3X4R,QS-509-A51-28/29,公司,公司,B0GYWSYXZ5,新款大童溯溪鞋,"Big Kids Water Shoes, Shark Print Quick Dry Aqua Socks for Big Kids Beach Swim Pool Slip On"
一致,2774,B0GZNX36VP,QS-514-A73-2-26/27,公司,公司,B0GYWSYXZ5,新款大童溯溪鞋,"Big Kids Aqua Socks, Pink Wave Print Non Slip Water Shoes for Big Kids Beach Swim Pool"
一致,2775,B0GZNSTT7X,QS-501-D10-26/27,公司,公司,B0GYWSYXZ5,新款大童溯溪鞋,"Big Kids Water Shoes, Polar Bear Print Quick Dry Aqua Socks for Big Kids Beach Swim Pool Slip On"
一致,2776,B0GZNPBNPY,QS-500-D8-26/27,公司,公司,B0GYWSYXZ5,新款大童溯溪鞋,"Big Kids Water Shoes, Cute Donut Print Aqua Socks for Big Kids Beach Swimming Pool Quick Dry Non Slip"
一致,2777,B0GZNYZXNR,QS-500-D8-28/29,公司,公司,B0GYWSYXZ5,新款大童溯溪鞋,"Big Kids Water Shoes, Cute Donut Print Aqua Socks for Big Kids Beach Swimming Pool Quick Dry Non Slip"
一致,2778,B0GZNQH8LW,QS-510-A52-28/29,公司,公司,B0GYWSYXZ5,新款大童溯溪鞋,"Big Kids Aqua Socks, Pink Shark Print Non Slip Water Shoes for Big Kids Beach Swim Quick Dry"
一致,2779,B0GZNWLQQY,QS-508-D23-28/29,公司,公司,B0GYWSYXZ5,新款大童溯溪鞋,"Big Kids Water Shoes, Blue Striped Print Non Slip Aqua Socks for Big Kids Swim Pool Beach"
一致,2780,B0GZNW49WB,QS-501-D10-28/29,公司,公司,B0GYWSYXZ5,新款大童溯溪鞋,"Big Kids Water Shoes, Polar Bear Print Quick Dry Aqua Socks for Big Kids Beach Swim Pool Slip On"
一致,2781,B0GZNW64CC,QS-503-D12-28/29,公司,公司,B0GYWSYXZ5,新款大童溯溪鞋,"Big Kids Water Shoes, Mermaid & Castle Print Quick Dry Aqua Socks for Big Kids Beach Swim Pool"
一致,2782,B0GZNX83TN,QS-507-D20-28/29,公司,公司,B0GYWSYXZ5,新款大童溯溪鞋,"Big Kids Aqua Socks, Seahorse & Fish Print Quick Dry Water Shoes for Big Kids Beach Swim"
一致,2783,B0GZNWCC1L,QS-503-D12-26/27,公司,公司,B0GYWSYXZ5,新款大童溯溪鞋,"Big Kids Water Shoes, Mermaid & Castle Print Quick Dry Aqua Socks for Big Kids Beach Swim Pool"
一致,2784,B0GZNQYNXZ,QS-511-A70-26/27,公司,公司,B0GYWSYXZ5,新款大童溯溪鞋,"Big Kids Water Shoes, Blue Wave Print Quick Dry Aqua Socks for Big Kids Beach Swim Pool"
一致,2785,B0GZNQ8DM4,QS-510-A52-26/27,公司,公司,B0GYWSYXZ5,新款大童溯溪鞋,"Big Kids Aqua Socks, Pink Shark Print Non Slip Water Shoes for Big Kids Beach Swim Quick Dry"
一致,2786,B0GZP26WP8,QS-514-A73-2-28/29,公司,公司,B0GYWSYXZ5,新款大童溯溪鞋,"Big Kids Aqua Socks, Pink Wave Print Non Slip Water Shoes for Big Kids Beach Swim Pool"
一致,2787,B0GZNZ64DR,QS-508-D23-26/27,公司,公司,B0GYWSYXZ5,新款大童溯溪鞋,"Big Kids Water Shoes, Blue Striped Print Non Slip Aqua Socks for Big Kids Swim Pool Beach"
一致,2788,B0GZNV2YV9,QS-509-A51-26/27,公司,公司,B0GYWSYXZ5,新款大童溯溪鞋,"Big Kids Water Shoes, Shark Print Quick Dry Aqua Socks for Big Kids Beach Swim Pool Slip On"
一致,2789,B0GZNWBHP5,QS-511-A70-28/29,公司,公司,B0GYWSYXZ5,新款大童溯溪鞋,"Big Kids Water Shoes, Blue Wave Print Quick Dry Aqua Socks for Big Kids Beach Swim Pool"
一致,2790,B0GZNVSY3M,QS-505-D18-28/29,公司,公司,B0GYWTF5KR,,"Big Kids Aqua Socks, Cute Bear & Cloud Print Quick Dry Water Shoes for Big Kids Beach Swim"
一致,2791,B0GZNX763Q,QS-507-D20-26/27,公司,公司,B0GYWSYXZ5,新款大童溯溪鞋,"Big Kids Aqua Socks, Seahorse & Fish Print Quick Dry Water Shoes for Big Kids Beach Swim"
一致,2792,B0GZN2N35K,QS-509-A51-34/35,公司,公司,B0GYWSYXZ5,新款大童溯溪鞋,"Big Kids Water Shoes, Shark Print Quick Dry Aqua Socks for Big Kids Beach Swim Pool Slip On"
一致,2793,B0GZMSHNGC,QS-512-A71-34/35,公司,公司,B0GYX16S5J,新款大童溯溪鞋,"Big Kids Aqua Socks, Red Flower Print Non Slip Water Shoes for Big Kids Beach Swim Pool"
一致,2794,B0GZN3CM1X,QS-503-D12-34/35,公司,公司,B0GYWSYXZ5,新款大童溯溪鞋,"Big Kids Water Shoes, Mermaid & Castle Print Quick Dry Aqua Socks for Big Kids Beach Swim Pool"
一致,2795,B0GZMWG21D,QS-513-A73-1-34/35,公司,公司,B0GYWSYXZ5,新款大童溯溪鞋,"Big Kids Water Shoes, Light Blue Wave Print Quick Dry Aqua Socks for Big Kids Beach Swim"
一致,2796,B0GZMK7NRR,QS-511-A70-34/35,公司,公司,B0GYWSYXZ5,新款大童溯溪鞋,"Big Kids Water Shoes, Blue Wave Print Quick Dry Aqua Socks for Big Kids Beach Swim Pool"
一致,2797,B0GZN2N35V,QS-514-A73-2-34/35,公司,公司,B0GYWSYXZ5,新款大童溯溪鞋,"Big Kids Aqua Socks, Pink Wave Print Non Slip Water Shoes for Big Kids Beach Swim Pool"
一致,2798,B0GZMVWW4Q,QS-508-D23-34/35,公司,公司,B0GYWSYXZ5,新款大童溯溪鞋,"Big Kids Water Shoes, Blue Striped Print Non Slip Aqua Socks for Big Kids Swim Pool Beach"
一致,2799,B0GZMXBQF7,QS-500-D8-34/35,公司,公司,B0GYWSYXZ5,新款大童溯溪鞋,"Big Kids Water Shoes, Cute Donut Print Aqua Socks for Big Kids Beach Swimming Pool Quick Dry Non Slip"
一致,2800,B0GZMWN9SP,QS-501-D10-34/35,公司,公司,B0GYWSYXZ5,新款大童溯溪鞋,"Big Kids Water Shoes, Polar Bear Print Quick Dry Aqua Socks for Big Kids Beach Swim Pool Slip On"
一致,2801,B0GZMZXX3X,QS-510-A52-34/35,公司,公司,B0GYWSYXZ5,新款大童溯溪鞋,"Big Kids Aqua Socks, Pink Shark Print Non Slip Water Shoes for Big Kids Beach Swim Quick Dry"
一致,2802,B0GZMQLKV5,QS-505-D18-34/35,公司,公司,B0GYWTF5KR,,"Big Kids Aqua Socks, Cute Bear & Cloud Print Quick Dry Water Shoes for Big Kids Beach Swim"
一致,2803,B0GZN5457J,QS-504-D13-34/35,公司,公司,B0GYWSYXZ5,新款大童溯溪鞋,"Big Kids Water Shoes, Beach Chair Print Non Slip Aqua Socks for Big Kids Swim Pool Quick Dry"
一致,2804,B0GZMZS24N,QS-507-D20-34/35,公司,公司,B0GYWSYXZ5,新款大童溯溪鞋,"Big Kids Aqua Socks, Seahorse & Fish Print Quick Dry Water Shoes for Big Kids Beach Swim"
Listing负责人为空,2805,B0H1RQYJ6K,QS-115,,公司,B0H1RQYJ6K,,"Aqua Socks for Women Men, Water Shoes, Slip On Swim Footwear, Resort Pool Beach Water Park Cruise Summer Pair"
一致,2806,B0GZ274TX7,ZD003-Red-10/11,公司,公司,B0GL9J1BLX,,"Foldable EVA Flip Flops for Women Men, Wide Strap Non-Slip Travel Sandals, Lightweight Quick-Drying Beach Slippers for Vacation, Pool & Shower"
一致,2807,B0GZ1GGMMH,ZD003-Red-9/10,公司,公司,B0GL9J1BLX,,"Foldable EVA Flip Flops for Women Men, Wide Strap Non-Slip Travel Sandals, Lightweight Quick-Drying Beach Slippers for Vacation, Pool & Shower"
一致,2808,B0GYY98FT5,QS-525-B20-34-35,公司,公司,B0GYX16S5J,潜水溯溪鞋,"Kids Water Shoes, Cute Sailboat Print Quick-Dry Aqua Socks for Toddler Boys Girls, Non-Slip Swim Shoes for Beach, Pool, Water Park, River Trekking, and Indoor Activities"
一致,2809,B0GYXXL33F,QS-520-D16-34-35,公司,公司,B0GYX16S5J,潜水溯溪鞋,"Kids Water Shoes, Cute Beluga Whale Print Quick-Dry Aqua Socks for Toddler Boys Girls, Non-Slip Swim Shoes for Beach, Pool, Water Park, River Trekking, and Indoor Activities"
一致,2810,B0GYZ2DDM9,QS-522-B43-34-35,公司,公司,B0GYX16S5J,潜水溯溪鞋,"Kids Water Shoes, Colorful Dinosaur & Rainbow Print Quick-Dry Aqua Socks for Toddler Boys Girls, Non-Slip Swim Shoes for Beach, Pool, Water Park, River Trekking, and Indoor Activities"
一致,2811,B0GYZC6BBG,QS-517-D4-34-35,公司,公司,B0H28LQSQP,潜水溯溪鞋,"Kids Water Shoes, Cute Crocodile Print Quick-Dry Aqua Socks for Toddler Boys Girls, Non-Slip Swim Shoes for Beach, Pool, Water Park, River Trekking, and Indoor Activities"
一致,2812,B0GYZ1SQGM,QS-519-D15-34-35,公司,公司,B0GYX16S5J,潜水溯溪鞋,"Kids Water Shoes, Cute Space & Rocket Print Quick-Dry Aqua Socks for Toddler Boys Girls, Non-Slip Swim Shoes for Beach, Pool, Water Park, River Trekking, and Indoor Activities"
一致,2813,B0GYYLYK1D,QS-515-D2-34-35,公司,公司,B0GYWSYXZ5,潜水溯溪鞋,"Kids Water Shoes, Cute Dachshund Print Quick-Dry Aqua Socks for Toddler Boys Girls, Non-Slip Swim Shoes for Beach, Pool, Water Park, River Trekking, and Indoor Activities"
工具未内置该 ASIN,2814,B0GYY98FSZ,QS-516-D3-34-35,公司,,B0GYX16S5J,潜水溯溪鞋,"Kids Water Shoes, Cute Octopus Print Quick-Dry Aqua Socks for Toddler Boys Girls, Non-Slip Swim Shoes for Beach, Pool, Water Park, River Trekking, and Indoor Activities"
一致,2815,B0GYZHHWW4,QS-518-D7-34-35,公司,公司,B0GYX16S5J,潜水溯溪鞋,"Kids Water Shoes, Cute Dinosaur Print Quick-Dry Aqua Socks for Toddler Boys Girls, Non-Slip Swim Shoes for Beach, Pool, Water Park, River Trekking, and Indoor Activities"
一致,2816,B0GYXQN3J3,QS-523-B44-34-35,公司,公司,B0GYX16S5J,潜水溯溪鞋,"Kids Water Shoes, Cute Penguin Print Quick-Dry Aqua Socks for Toddler Boys Girls, Non-Slip Swim Shoes for Beach, Pool, Water Park, River Trekking, and Indoor Activities"
一致,2817,B0GYYRM4R1,QS-521-D18-34-35,公司,公司,B0GYX16S5J,潜水溯溪鞋,"Kids Water Shoes, Cute Tractor Print Quick-Dry Aqua Socks for Toddler Boys Girls, Non-Slip Swim Shoes for Beach, Pool, Water Park, River Trekking, and Indoor Activities"
一致,2818,B0GYX331MV,QS-525-B20-32-33,公司,公司,B0GYX16S5J,潜水溯溪鞋,"Kids Water Shoes, Cute Sailboat Print Quick-Dry Aqua Socks for Toddler Boys Girls, Non-Slip Swim Shoes for Beach, Pool, Water Park, River Trekking, and Indoor Activities"
一致,2819,B0GYY8FW8Y,QS-523-B44-30-31,公司,公司,B0GYX16S5J,潜水溯溪鞋,"Kids Water Shoes, Cute Penguin Print Quick-Dry Aqua Socks for Toddler Boys Girls, Non-Slip Swim Shoes for Beach, Pool, Water Park, River Trekking, and Indoor Activities"
一致,2820,B0GYY8ZJ95,QS-525-B20-30-31,公司,公司,B0GYX16S5J,潜水溯溪鞋,"Kids Water Shoes, Cute Sailboat Print Quick-Dry Aqua Socks for Toddler Boys Girls, Non-Slip Swim Shoes for Beach, Pool, Water Park, River Trekking, and Indoor Activities"
一致,2821,B0GYX67LCZ,QS-521-D18-30-31,公司,公司,B0GYX16S5J,潜水溯溪鞋,"Kids Water Shoes, Cute Tractor Print Quick-Dry Aqua Socks for Toddler Boys Girls, Non-Slip Swim Shoes for Beach, Pool, Water Park, River Trekking, and Indoor Activities"
一致,2822,B0GYY8ZJ9D,QS-522-B43-30-31,公司,公司,B0GYX16S5J,潜水溯溪鞋,"Kids Water Shoes, Colorful Dinosaur & Rainbow Print Quick-Dry Aqua Socks for Toddler Boys Girls, Non-Slip Swim Shoes for Beach, Pool, Water Park, River Trekking, and Indoor Activities"
工具未内置该 ASIN,2823,B0GYX7ZTS9,QS-516-D3-30-31,公司,,B0GYX16S5J,潜水溯溪鞋,"Kids Water Shoes, Cute Octopus Print Quick-Dry Aqua Socks for Toddler Boys Girls, Non-Slip Swim Shoes for Beach, Pool, Water Park, River Trekking, and Indoor Activities"
一致,2824,B0GYX59QHZ,QS-520-D16-32-33,公司,公司,B0GYX16S5J,潜水溯溪鞋,"Kids Water Shoes, Cute Beluga Whale Print Quick-Dry Aqua Socks for Toddler Boys Girls, Non-Slip Swim Shoes for Beach, Pool, Water Park, River Trekking, and Indoor Activities"
一致,2825,B0GYX18LNS,QS-515-D2-32-33,公司,公司,B0GYWSYXZ5,潜水溯溪鞋,"Kids Water Shoes, Cute Dachshund Print Quick-Dry Aqua Socks for Toddler Boys Girls, Non-Slip Swim Shoes for Beach, Pool, Water Park, River Trekking, and Indoor Activities"
一致,2826,B0GYX7W3ZC,QS-519-D15-30-31,公司,公司,B0GYX16S5J,潜水溯溪鞋,"Kids Water Shoes, Cute Space & Rocket Print Quick-Dry Aqua Socks for Toddler Boys Girls, Non-Slip Swim Shoes for Beach, Pool, Water Park, River Trekking, and Indoor Activities"
一致,2827,B0GYYRQDGH,QS-520-D16-30-31,公司,公司,B0GYX16S5J,潜水溯溪鞋,"Kids Water Shoes, Cute Beluga Whale Print Quick-Dry Aqua Socks for Toddler Boys Girls, Non-Slip Swim Shoes for Beach, Pool, Water Park, River Trekking, and Indoor Activities"
一致,2828,B0GYWZPWS3,QS-518-D7-30-31,公司,公司,B0GYX16S5J,潜水溯溪鞋,"Kids Water Shoes, Cute Dinosaur Print Quick-Dry Aqua Socks for Toddler Boys Girls, Non-Slip Swim Shoes for Beach, Pool, Water Park, River Trekking, and Indoor Activities"
一致,2829,B0GYX7SGMC,QS-517-D4-30-31,公司,公司,B0H28LQSQP,潜水溯溪鞋,"Kids Water Shoes, Cute Crocodile Print Quick-Dry Aqua Socks for Toddler Boys Girls, Non-Slip Swim Shoes for Beach, Pool, Water Park, River Trekking, and Indoor Activities"
一致,2830,B0GYWSBKT1,QS-518-D7-32-33,公司,公司,B0GYX16S5J,潜水溯溪鞋,"Kids Water Shoes, Cute Dinosaur Print Quick-Dry Aqua Socks for Toddler Boys Girls, Non-Slip Swim Shoes for Beach, Pool, Water Park, River Trekking, and Indoor Activities"
一致,2831,B0GYWZVZM7,QS-507-D20-30/31,公司,公司,B0GYWSYXZ5,新款大童溯溪鞋,"Big Kids Aqua Socks, Seahorse & Fish Print Quick Dry Water Shoes for Big Kids Beach Swim"
一致,2832,B0GYX37L5M,QS-521-D18-32-33,公司,公司,B0GYX16S5J,潜水溯溪鞋,"Kids Water Shoes, Cute Tractor Print Quick-Dry Aqua Socks for Toddler Boys Girls, Non-Slip Swim Shoes for Beach, Pool, Water Park, River Trekking, and Indoor Activities"
一致,2833,B0GYXC45TY,QS-517-D4-32-33,公司,公司,B0H28LQSQP,潜水溯溪鞋,"Kids Water Shoes, Cute Crocodile Print Quick-Dry Aqua Socks for Toddler Boys Girls, Non-Slip Swim Shoes for Beach, Pool, Water Park, River Trekking, and Indoor Activities"
工具未内置该 ASIN,2834,B0GYWS5PPT,QS-516-D3-32-33,公司,,B0GYX16S5J,潜水溯溪鞋,"Kids Water Shoes, Cute Octopus Print Quick-Dry Aqua Socks for Toddler Boys Girls, Non-Slip Swim Shoes for Beach, Pool, Water Park, River Trekking, and Indoor Activities"
一致,2835,B0GYX82K1W,QS-519-D15-32-33,公司,公司,B0GYX16S5J,潜水溯溪鞋,"Kids Water Shoes, Cute Space & Rocket Print Quick-Dry Aqua Socks for Toddler Boys Girls, Non-Slip Swim Shoes for Beach, Pool, Water Park, River Trekking, and Indoor Activities"
一致,2836,B0GYX89MPB,QS-515-D2-30-31,公司,公司,B0GYWSYXZ5,潜水溯溪鞋,"Kids Water Shoes, Cute Dachshund Print Quick-Dry Aqua Socks for Toddler Boys Girls, Non-Slip Swim Shoes for Beach, Pool, Water Park, River Trekking, and Indoor Activities"
一致,2837,B0GYY8CG3N,QS-522-B43-32-33,公司,公司,B0GYX16S5J,潜水溯溪鞋,"Kids Water Shoes, Colorful Dinosaur & Rainbow Print Quick-Dry Aqua Socks for Toddler Boys Girls, Non-Slip Swim Shoes for Beach, Pool, Water Park, River Trekking, and Indoor Activities"
一致,2838,B0GYX2PWVD,QS-523-B44-32-33,公司,公司,B0GYX16S5J,潜水溯溪鞋,"Kids Water Shoes, Cute Penguin Print Quick-Dry Aqua Socks for Toddler Boys Girls, Non-Slip Swim Shoes for Beach, Pool, Water Park, River Trekking, and Indoor Activities"
一致,2839,B0GYYJZWGT,QS-504-D13-30/31,公司,公司,B0GYWSYXZ5,新款大童溯溪鞋,"Big Kids Water Shoes, Beach Chair Print Non Slip Aqua Socks for Big Kids Swim Pool Quick Dry"
一致,2840,B0GYX15KGF,QS-504-D13-32/33,公司,公司,B0GYWSYXZ5,新款大童溯溪鞋,"Big Kids Water Shoes, Beach Chair Print Non Slip Aqua Socks for Big Kids Swim Pool Quick Dry"
一致,2841,B0GYX3PLX7,QS-510-A52-32/33,公司,公司,B0GYWSYXZ5,新款大童溯溪鞋,"Big Kids Aqua Socks, Pink Shark Print Non Slip Water Shoes for Big Kids Beach Swim Quick Dry"
一致,2842,B0GYWXYK4D,QS-502-D11-30/31,公司,公司,B0GYWSYXZ5,新款大童溯溪鞋,"Big Kids Aqua Socks, Palm Tree & Sun Print Non Slip Water Shoes for Big Kids Beach Swim Quick Dry"
一致,2843,B0GYWL4S4D,QS-513-A73-1-30/31,公司,公司,B0GYWSYXZ5,新款大童溯溪鞋,"Big Kids Water Shoes, Light Blue Wave Print Quick Dry Aqua Socks for Big Kids Beach Swim"
一致,2844,B0GYX5NN9Z,QS-508-D23-32/33,公司,公司,B0GYWSYXZ5,新款大童溯溪鞋,"Big Kids Water Shoes, Blue Striped Print Non Slip Aqua Socks for Big Kids Swim Pool Beach"
一致,2845,B0GYWMV4KK,QS-508-D23-30/31,公司,公司,B0GYWSYXZ5,新款大童溯溪鞋,"Big Kids Water Shoes, Blue Striped Print Non Slip Aqua Socks for Big Kids Swim Pool Beach"
一致,2846,B0GYWP4XPL,QS-513-A73-1-32/33,公司,公司,B0GYWSYXZ5,新款大童溯溪鞋,"Big Kids Water Shoes, Light Blue Wave Print Quick Dry Aqua Socks for Big Kids Beach Swim"
一致,2847,B0GYX119M5,QS-509-A51-30/31,公司,公司,B0GYWSYXZ5,新款大童溯溪鞋,"Big Kids Water Shoes, Shark Print Quick Dry Aqua Socks for Big Kids Beach Swim Pool Slip On"
一致,2848,B0GYWTX8P4,QS-509-A51-32/33,公司,公司,B0GYWSYXZ5,新款大童溯溪鞋,"Big Kids Water Shoes, Shark Print Quick Dry Aqua Socks for Big Kids Beach Swim Pool Slip On"
一致,2849,B0GYWZXN4S,QS-512-A71-30/31,公司,公司,B0GYX16S5J,新款大童溯溪鞋,"Big Kids Aqua Socks, Red Flower Print Non Slip Water Shoes for Big Kids Beach Swim Pool"
一致,2850,B0GYX1P7VW,QS-505-D18-30/31,公司,公司,B0GYWTF5KR,,"Big Kids Aqua Socks, Cute Bear & Cloud Print Quick Dry Water Shoes for Big Kids Beach Swim"
一致,2851,B0GYX33BY6,QS-505-D18-32/33,公司,公司,B0GYWTF5KR,,"Big Kids Aqua Socks, Cute Bear & Cloud Print Quick Dry Water Shoes for Big Kids Beach Swim"
一致,2852,B0GYX1LV4M,QS-511-A70-32/33,公司,公司,B0GYWSYXZ5,新款大童溯溪鞋,"Big Kids Water Shoes, Blue Wave Print Quick Dry Aqua Socks for Big Kids Beach Swim Pool"
一致,2853,B0GYX34RVF,QS-514-A73-2-30/31,公司,公司,B0GYWSYXZ5,新款大童溯溪鞋,"Big Kids Aqua Socks, Pink Wave Print Non Slip Water Shoes for Big Kids Beach Swim Pool"
一致,2854,B0GYWMZXLQ,QS-511-A70-30/31,公司,公司,B0GYWSYXZ5,新款大童溯溪鞋,"Big Kids Water Shoes, Blue Wave Print Quick Dry Aqua Socks for Big Kids Beach Swim Pool"
一致,2855,B0GYX38P16,QS-514-A73-2-32/33,公司,公司,B0GYWSYXZ5,新款大童溯溪鞋,"Big Kids Aqua Socks, Pink Wave Print Non Slip Water Shoes for Big Kids Beach Swim Pool"
一致,2856,B0GYWZSMLF,QS-507-D20-32/33,公司,公司,B0GYWSYXZ5,新款大童溯溪鞋,"Big Kids Aqua Socks, Seahorse & Fish Print Quick Dry Water Shoes for Big Kids Beach Swim"
一致,2857,B0GYX116H8,QS-500-D8-32/33,公司,公司,B0GYWSYXZ5,新款大童溯溪鞋,"Big Kids Water Shoes, Cute Donut Print Aqua Socks for Big Kids Beach Swimming Pool Quick Dry Non Slip"
一致,2858,B0GYWTCBF9,QS-501-D10-32/33,公司,公司,B0GYWSYXZ5,新款大童溯溪鞋,"Big Kids Water Shoes, Polar Bear Print Quick Dry Aqua Socks for Big Kids Beach Swim Pool Slip On"
一致,2859,B0GYWQ9XQM,QS-500-D8-30/31,公司,公司,B0GYWSYXZ5,新款大童溯溪鞋,"Big Kids Water Shoes, Cute Donut Print Aqua Socks for Big Kids Beach Swimming Pool Quick Dry Non Slip"
一致,2860,B0GYX11Q5H,QS-510-A52-30/31,公司,公司,B0GYWSYXZ5,新款大童溯溪鞋,"Big Kids Aqua Socks, Pink Shark Print Non Slip Water Shoes for Big Kids Beach Swim Quick Dry"
一致,2861,B0GYX5K1XG,QS-503-D12-30/31,公司,公司,B0GYWSYXZ5,新款大童溯溪鞋,"Big Kids Water Shoes, Mermaid & Castle Print Quick Dry Aqua Socks for Big Kids Beach Swim Pool"
一致,2862,B0GYQKLH3V,KCC-fangqiegeshoutao-S,凯旋,凯旋,B0GYQKLH3V,防切割手套,"HPPE Nitrile Sandy Finish Cut Resistant Gloves, EN 388 Level 5 Protection, Safety Work Gloves for Kitchen, Gardening, Construction, Men & Women"
一致,2863,B0GXYT47SB,KCC-FHT-16,凯旋,凯旋,B0GXYTYYYQ,防滑贴,"80Mm Non Slip Rug Corner Grippers, Invisible Anti Curl Carpet Stickers for Home Floor Mat and Area Rug Fixing Accessories"
一致,2864,B0GXXRP1DF,SP-fengpu02-01,图图,图图,B0GXXTDWPY,,"4Pcs Multi-Color & Multi-Shape Makeup Puff Set, Soft Velour Powder Puffs for Foundation, Loose Powder, Concealer & Face Detail Makeup"
一致,2865,B0GXXT7DBZ,KCC-HDJ-0608Y,凯旋,凯旋,B0GXXJC8XT,蝴蝶结,"Metallic Alloy Ponytail Holders, Minimalist Bow And Geometric Hair Scrunchies As Stylish Daily Wear Accessories For Women Hairstyle Matching"
一致,2866,B0GXVL887H,KCC-YZQXNLJ-1,凯旋,凯旋,B0GXVL887H,9PCS英制球形内六角扳手中长,"9-Piece SAE Extra Long Ball End Hex Key Set, Inch Allen Wrench Set with Green Holder, 6150 CR-V Steel L-Shaped Hex Keys for Bike, Motorcycle, Furniture and Equipment Repair"
一致,2867,B0GXHMDPRK,QS-064-36/37,公司,公司,B0GQBP3SH9,溯溪沙滩鞋,Flexible Water Shoes Slip On Breathable Beach Shoes for Pool Surfing
一致,2868,B0GXHK2ZNS,QS-055-36/37,公司,公司,B0GQBP3SH9,溯溪沙滩鞋,"Creek Trekking Water Shoes for Men Women, Anti Slip Sole, Durable Outsole"
一致,2869,B0GXHLNTMJ,QS-076-36/37,公司,公司,B0GQBP3SH9,溯溪沙滩鞋,"Unisex Swim Water Shoes, Non Skid Sole, Soft Stretch Upper, for Beach Pool"
一致,2870,B0GXD8ZXJQ,SP-NZ-J01,图图,图图,B0GXD26CK5,镊子,"Anti-Static Tweezers, 4 Styles: Straight, Curved, Round & Fine Point, Precision Stainless Steel for Electronics & Crafts"
负责人不一致,2871,B0GXB3K6XF,KCC-LSP-23PCS,凯旋,图图,B0GXB34H7B,23PCS电讯维修批组套,"23-Piece Precision Screwdriver Set with Flexible Shaft, Multi-Bit Electronics Repair Tool Kit with Green Storage Case for Phone, Laptop, Appliance and Home DIY"
一致,2872,B0GX9ZBHLW,SP-LSD-22,图图,图图,B0GX9TP689,螺丝刀套组,"22-in-1 Precision Screwdriver Set, Mini Multi-Bit Repair Tool Kit with Green Storage Case for Phone, Laptop, Watch, Glasses, Camera and DIY Electronics"
一致,2873,B0GXB8V5BG,KCC-CCXCQ-LV,凯旋,凯旋,B0GXB5PVCM,充磁消磁器,"Screwdriver Magnetizer and Demagnetizer Tool for Tips and Bits, Portable Hand Tool Accessory for Small Screws, Home Repair, Garage, Tool Box and DIY Projects"
一致,2874,B0GX6727PY,KCC-NK1-L,凯旋,凯旋,B0GX5YLD4W,男士内裤,"4 Pack Men's Underwear, Soft Breathable Boxer Briefs, Stretch Comfortable Moisture Wicking Underwear for Men Daily Wear Multicolor"
一致,2875,B0GX6FGCG5,KCC-NK1-S,凯旋,凯旋,B0GX5YLD4W,男士内裤,"4 Pack Men's Underwear, Soft Breathable Boxer Briefs, Stretch Comfortable Moisture Wicking Underwear for Men Daily Wear Multicolor"
一致,2876,B0GX4W15V8,KCC-YSL-HEI,凯旋,凯旋,B0GX4W15V8,钥匙链,"Leather Keychain, Woven Key Ring Holder for Car Keys, Bag Charm, Daily Use, Gift for Women, Men, Family, Friends"
一致,2877,B0GX5CR5YY,KCC-YSL-FEN,凯旋,凯旋,B0GX5CR5YY,钥匙链,"Leather Keychain, Woven Key Ring Holder for Car Keys, Bag Charm, Daily Use, Gift for Women, Men, Family, Friends"
一致,2878,B0GX4M9P38,KCC-YSL-LAN,凯旋,凯旋,B0GX4M9P38,钥匙链,"Leather Keychain, Woven Key Ring Holder for Car Keys, Bag Charm, Daily Use, Gift for Women, Men, Family, Friends"
一致,2879,B0GX3VSHC1,KCC-YSL-HONG,凯旋,凯旋,B0GX3VSHC1,钥匙链,"Leather Keychain, Woven Key Ring Holder for Car Keys, Bag Charm, Daily Use, Gift for Women, Men, Family, Friends"
一致,2880,B0GX4QQV9P,KCC-YSL-CHENG,凯旋,凯旋,B0GX4QQV9P,钥匙链,"Leather Keychain, Woven Key Ring Holder for Car Keys, Bag Charm, Daily Use, Gift for Women, Men, Family, Friends"
一致,2881,B0GX51YZH8,KCC-YSL-BAI,凯旋,凯旋,B0GX51YZH8,钥匙链,"Leather Keychain, Woven Key Ring Holder for Car Keys, Bag Charm, Daily Use, Gift for Women, Men, Family, Friends"
一致,2882,B0GX4M6S5V,KCC-YSL-LV,凯旋,凯旋,B0GX4M6S5V,钥匙链,"Leather Keychain, Woven Key Ring Holder for Car Keys, Bag Charm, Daily Use, Gift for Women, Men, Family, Friends"
一致,2883,B0GX1GL76Y,QS-0871-40/41,公司,公司,B0GVYWN441,溯溪沙滩鞋,"Surf Shoes for Women Men, Aqua Socks, Quick Dry Water Footwear, Beach Rental Pool Resort Summer Pair"
一致,2884,B0GX1GD7ZV,QS-0661-36/37,公司,公司,B0GVYWN441,溯溪沙滩鞋,"Water Shoes for Women Men, Aqua Socks, Quick Dry Swim Shoes, Beach Pool Cruise River Resort Travel Pair"
一致,2885,B0GX1G5PLY,QS-0531-38/39,公司,公司,B0GVYWN441,溯溪沙滩鞋,"River Shoes for Women Men, Aqua Socks, Barefoot Swim Footwear, Kayaking Beach Dock Summer Travel Pair"
一致,2886,B0GX1CN4WB,QS-0871-44/45,公司,公司,B0GVYWN441,溯溪沙滩鞋,"Surf Shoes for Women Men, Aqua Socks, Quick Dry Water Footwear, Beach Rental Pool Resort Summer Pair"
一致,2887,B0GX19PYDP,QS-0661-38/39,公司,公司,B0GVYWN441,溯溪沙滩鞋,"Water Shoes for Women Men, Aqua Socks, Quick Dry Swim Shoes, Beach Pool Cruise River Resort Travel Pair"
一致,2888,B0GX14BVM6,QS-0661-42/43,公司,公司,B0GVYWN441,溯溪沙滩鞋,"Water Shoes for Women Men, Aqua Socks, Quick Dry Swim Shoes, Beach Pool Cruise River Resort Travel Pair"
一致,2889,B0GX1BK685,QS-0221-36/37,公司,公司,B0GVYWN441,溯溪沙滩鞋,"Beach Shoes for Women Men, Aqua Socks, Lightweight Water Footwear, Boardwalk Pool Resort Travel Pair"
一致,2890,B0GX1796GX,QS-0871-38/39,公司,公司,B0GVYWN441,溯溪沙滩鞋,"Surf Shoes for Women Men, Aqua Socks, Quick Dry Water Footwear, Beach Rental Pool Resort Summer Pair"
一致,2891,B0GX15DCHB,QS-0531-44/45,公司,公司,B0GVYWN441,溯溪沙滩鞋,"River Shoes for Women Men, Aqua Socks, Barefoot Swim Footwear, Kayaking Beach Dock Summer Travel Pair"
一致,2892,B0GX1DJJ7S,QS-0661-44/45,公司,公司,B0GVYWN441,溯溪沙滩鞋,"Water Shoes for Women Men, Aqua Socks, Quick Dry Swim Shoes, Beach Pool Cruise River Resort Travel Pair"
一致,2893,B0GX18X1JZ,QS-0661-40/41,公司,公司,B0GVYWN441,溯溪沙滩鞋,"Water Shoes for Women Men, Aqua Socks, Quick Dry Swim Shoes, Beach Pool Cruise River Resort Travel Pair"
一致,2894,B0GX1DWSJL,QS-0531-40/41,公司,公司,B0GVYWN441,溯溪沙滩鞋,"River Shoes for Women Men, Aqua Socks, Barefoot Swim Footwear, Kayaking Beach Dock Summer Travel Pair"
一致,2895,B0GWQWHZ21,KCC-SJFSD-B,凯旋,凯旋,B0GWM2SPW4,手机防水袋,"Waterproof Phone Pouch, Underwater Cellphone Case with Sensitive Touch Screen, 360 Clear View, Floating Dry Bag for Beach Swimming Boating, Universal for iPhone Samsung Huawei"
一致,2896,B0GWQN7PV7,KCC-SJFSD-W,凯旋,凯旋,B0GWM2SPW4,手机防水袋,"Waterproof Phone Pouch, Underwater Cellphone Case with Sensitive Touch Screen, 360 Clear View, Floating Dry Bag for Beach Swimming Boating, Universal for iPhone Samsung Huawei"
一致,2897,B0GWP6YKNN,SP-WZ-duan01,图图,图图,B0GWM86831,袜子,"Unisex Cotton Ankle Socks 5 Pairs, Breathable Low Cut Short Socks, Soft Comfortable Casual Socks"
一致,2898,B0GWMN7K3V,KCC-XGBH-B,凯旋,凯旋,B0GWM7ZB5D,膝盖保护,"Reflective Armband, Adjustable Running Wristband for Night Walks, Jogging, Cycling, Hiking, Safety Gear for Men Women"
一致,2899,B0GWM7VH5T,KCC-FSB-W,凯旋,凯旋,B0GWM8WZXQ,防水包,"Waterproof Dry Bag with Zipper, Water Resistant Pouch for Beach Swimming Kayaking Boating Fishing, Keep Phone Valuables Dry"
一致,2900,B0GWM8M7KM,KCC-FSB-B,凯旋,凯旋,B0GWM8WZXQ,防水包,"Waterproof Dry Bag with Zipper, Water Resistant Pouch for Beach Swimming Kayaking Boating Fishing, Keep Phone Valuables Dry"
一致,2901,B0GWM697J9,KCC-CZMJJ-O,凯旋,凯旋,B0GWM54PYC,车载墨镜夹,"Leather Car Sunglasses Holder, Universal Auto Sun Visor Eyeglass Clip, One-Hand Operation Glasses Hanger for Vehicle Interior"
一致,2902,B0GWM28RF7,SP-CD03-HUI,图图,图图,B0GWLQRNQC,餐垫,"Rectangle Desk Mat, Minimalist Extended Mouse Pad, Non-Slip Waterproof Desk Pad for Home Office Gaming Workspace"
一致,2903,B0GWLTKBX3,SP-CD02-PINK11,图图,图图,B0GWM2137D,餐垫,"Drink Coasters Set of 4, Absorbent Cotton Woven Coasters, Minimalist 4-Color Cup Mats for Living Room & Fall Home Decor, 4.33 Inch"
一致,2904,B0GWLZ6PL4,SP-CD03-JING,图图,图图,B0GWLQRNQC,餐垫,"Rectangle Desk Mat, Minimalist Extended Mouse Pad, Non-Slip Waterproof Desk Pad for Home Office Gaming Workspace"
一致,2905,B0GWM3D9M3,SP-CD02-WHITE11,图图,图图,B0GWM2137D,餐垫,"Drink Coasters Set of 4, Absorbent Cotton Woven Coasters, Minimalist 4-Color Cup Mats for Living Room & Fall Home Decor, 4.33 Inch"
一致,2906,B0GWM4HLLN,SP-CD03-ZONG,图图,图图,B0GWLQRNQC,餐垫,"Rectangle Desk Mat, Minimalist Extended Mouse Pad, Non-Slip Waterproof Desk Pad for Home Office Gaming Workspace"
一致,2907,B0GWLY3851,SP-CD03-KA,图图,图图,B0GWLQRNQC,餐垫,"Rectangle Desk Mat, Minimalist Extended Mouse Pad, Non-Slip Waterproof Desk Pad for Home Office Gaming Workspace"
一致,2908,B0GWLY7VQ5,SP-CD01-pink18,图图,图图,B0GWLVSBH1,餐垫,"Placemats Set of 4, Minimalist Woven Washable Table Mats, Heat Resistant Non-Slip for Dining Table, 7.09 Inch"
一致,2909,B0GWLTPGZW,SP-CD01-white18,图图,图图,B0GWLVSBH1,餐垫,"Placemats Set of 4, Minimalist Woven Washable Table Mats, Heat Resistant Non-Slip for Dining Table, 7.09 Inch"
一致,2910,B0GWHX8BVZ,QS-0041-44/45,公司,公司,B0GVYWN441,溯溪沙滩鞋,"Pool Shoes for Women Men, Aqua Socks, Swim Footwear, Water Park Beach Hotel Summer Resort Vacation Pair"
一致,2911,B0GWHPB99L,QS-0041-40/41,公司,公司,B0GVYWN441,溯溪沙滩鞋,"Pool Shoes for Women Men, Aqua Socks, Swim Footwear, Water Park Beach Hotel Summer Resort Vacation Pair"
一致,2912,B0GWHRXCPW,QS-0351-36/37,公司,公司,B0GVYWN441,溯溪沙滩鞋,"Aqua Socks for Women Men, Water Shoes, Slip On Pool Footwear, Spa Hotel Shower Beach Travel Pair"
一致,2913,B0GWHXBXZZ,QS-0351-44/45,公司,公司,B0GVYWN441,溯溪沙滩鞋,"Aqua Socks for Women Men, Water Shoes, Slip On Pool Footwear, Spa Hotel Shower Beach Travel Pair"
一致,2914,B0GWHLZGWH,QS-0601-36/37,公司,公司,B0GVYWN441,溯溪沙滩鞋,"Beach Pool Shoes for Women Men, Aqua Socks, Quick Dry Swim Footwear, Resort Hotel Summer Travel Pair"
一致,2915,B0GWJ15XLP,QS-0911-36/37,公司,公司,B0GVYWN441,溯溪沙滩鞋,"Water Socks for Women Men, Aqua Shoes, Lightweight Pool Shoes, Beach Cruise Resort Summer Travel Pair"
一致,2916,B0GWHW99FZ,QS-0161-36/37,公司,公司,B0GVYWN441,溯溪沙滩鞋,"Barefoot Water Shoes, Quick-Dry Aqua Socks for Diving, Snorkeling, Surfing, Hiking, Beach, Non-Slip Breathable Footwear for Men Women"
一致,2917,B0GWJ3XTHY,QS-0351-42/43,公司,公司,B0GVYWN441,溯溪沙滩鞋,"Aqua Socks for Women Men, Water Shoes, Slip On Pool Footwear, Spa Hotel Shower Beach Travel Pair"
一致,2918,B0GWJ28WJL,QS-0351-40/41,公司,公司,B0GVYWN441,溯溪沙滩鞋,"Aqua Socks for Women Men, Water Shoes, Slip On Pool Footwear, Spa Hotel Shower Beach Travel Pair"
一致,2919,B0GWJ19DJN,QS-0161-44/45,公司,公司,B0GVYWN441,溯溪沙滩鞋,"Barefoot Water Shoes, Quick-Dry Aqua Socks for Diving, Snorkeling, Surfing, Hiking, Beach, Non-Slip Breathable Footwear for Men Women"
一致,2920,B0GWHSVGLH,QS-0351-38/39,公司,公司,B0GVYWN441,溯溪沙滩鞋,"Aqua Socks for Women Men, Water Shoes, Slip On Pool Footwear, Spa Hotel Shower Beach Travel Pair"
一致,2921,B0GWJ1GR51,QS-0041-36/37,公司,公司,B0GVYWN441,溯溪沙滩鞋,"Pool Shoes for Women Men, Aqua Socks, Swim Footwear, Water Park Beach Hotel Summer Resort Vacation Pair"
一致,2922,B0GWHM2CXZ,QS-0341-36/37,公司,公司,B0GVYWN441,溯溪沙滩鞋,"Aqua Socks for Women Men, Water Footwear, Slip On Beach Shoes, Pool River Lake Summer Resort Travel Pair"
一致,2923,B0GWHR3KQR,QS-0911-44/45,公司,公司,B0GVYWN441,溯溪沙滩鞋,"Water Socks for Women Men, Aqua Shoes, Lightweight Pool Shoes, Beach Cruise Resort Summer Travel Pair"
一致,2924,B0GWHLD1S4,QS-0381-44/45,公司,公司,B0GVYWN441,溯溪沙滩鞋,"Swim Footwear for Women Men, Aqua Socks, Barefoot Water Shoes, Beach Yoga Pool Resort Summer Travel Pair"
一致,2925,B0GWHR2T4L,QS-0341-44/45,公司,公司,B0GVYWN441,溯溪沙滩鞋,"Aqua Socks for Women Men, Water Footwear, Slip On Beach Shoes, Pool River Lake Summer Resort Travel Pair"
一致,2926,B0GWH7W4NJ,SP-MZ-liang,图图,图图,B0GWGV8Y1B,面罩,"3 Pack Windproof Face Covering, Thermal Neck Gaiter Warm Winter Mask for Cycling Skiing Hiking Outdoor Sports"
一致,2927,B0GWGVQ9G5,SP-MZ-qian,图图,图图,B0GWGV8Y1B,面罩,"3 Pack Windproof Face Covering, Thermal Neck Gaiter Warm Winter Mask for Cycling Skiing Hiking Outdoor Sports"
一致,2928,B0GWH7HXN3,SP-MZmi-lu,图图,图图,B0GWGXYHXP,面罩,"3 Pack Camouflage Windproof Face Covering, Thermal Neck Gaiter Winter Warm Mask for Hunting Skiing Cycling"
一致,2929,B0GWGYCMQQ,SP-MZ-an,图图,图图,B0GWGV8Y1B,面罩,"3 Pack Windproof Face Covering, Thermal Neck Gaiter Warm Winter Mask for Cycling Skiing Hiking Outdoor Sports"
一致,2930,B0GVYXVF6Q,QS-0291-42/43,公司,公司,B0GVYWN441,溯溪沙滩鞋,"Barefoot Water Socks for Women Men, Aqua Shoes, Cruise Pool Beach Resort Summer Travel Footwear Pair"
一致,2931,B0GVZ5W3RR,QS-0671-42/43,公司,公司,B0GVYWN441,溯溪沙滩鞋,"Swim Shoes for Women Men, Water Shoes, Aqua Socks, Foldable Lake Dock Boat Beach Summer Vacation Pair"
一致,2932,B0GVYXDF6L,QS-0161-42/43,公司,公司,B0GVYWN441,溯溪沙滩鞋,"Barefoot Water Shoes, Quick-Dry Aqua Socks for Diving, Snorkeling, Surfing, Hiking, Beach, Non-Slip Breathable Footwear for Men Women"
一致,2933,B0GVZ1LVM7,QS-0341-40/41,公司,公司,B0GVYWN441,溯溪沙滩鞋,"Aqua Socks for Women Men, Water Footwear, Slip On Beach Shoes, Pool River Lake Summer Resort Travel Pair"
一致,2934,B0GVYRB6Q8,QS-0161-40/41,公司,公司,B0GVYWN441,溯溪沙滩鞋,"Barefoot Water Shoes, Quick-Dry Aqua Socks for Diving, Snorkeling, Surfing, Hiking, Beach, Non-Slip Breathable Footwear for Men Women"
一致,2935,B0GVYTHTKR,QS-0341-42/43,公司,公司,B0GVYWN441,溯溪沙滩鞋,"Aqua Socks for Women Men, Water Footwear, Slip On Beach Shoes, Pool River Lake Summer Resort Travel Pair"
一致,2936,B0GVYXN2BN,QS-0841-42/43,公司,公司,B0GVYWN441,溯溪沙滩鞋,"Barefoot Swim Shoes for Women Men, Aqua Socks, Beach Water Shoes, Pool Boat Lake Summer Vacation Pair"
一致,2937,B0GVZ5Q959,QS-0601-42/43,公司,公司,B0GVYWN441,溯溪沙滩鞋,"Beach Pool Shoes for Women Men, Aqua Socks, Quick Dry Swim Footwear, Resort Hotel Summer Travel Pair"
一致,2938,B0GVZ5Q95T,QS-0381-42/43,公司,公司,B0GVYWN441,溯溪沙滩鞋,"Swim Footwear for Women Men, Aqua Socks, Barefoot Water Shoes, Beach Yoga Pool Resort Summer Travel Pair"
一致,2939,B0GVYVSG8V,QS-0911-38/39,公司,公司,B0GVYWN441,溯溪沙滩鞋,"Water Socks for Women Men, Aqua Shoes, Lightweight Pool Shoes, Beach Cruise Resort Summer Travel Pair"
一致,2940,B0GVYMFHZW,QS-0341-38/39,公司,公司,B0GVYWN441,溯溪沙滩鞋,"Aqua Socks for Women Men, Water Footwear, Slip On Beach Shoes, Pool River Lake Summer Resort Travel Pair"
一致,2941,B0GVS8ZGPJ,KCC-LYB-C,凯旋,凯旋,B0GVSCLYJ2,便携式手提包,"Outdoor Camping Multi-Function Portable Carry Bag, Waterproof Foldable Storage Bag for Camping Gear Picnic Hiking Travel"
一致,2942,B0GVRBM2XF,KCC-SGBX-M,凯旋,凯旋,B0GVRBM2XF,速干背心,"Men's Quick Dry Tank Top, Sleeveless Athletic Workout Shirt, Lightweight Breathable Muscle Tank for Running Gym Fitness Training Black"
一致,2943,B0GVRPF1BL,KCC-SGBX-S,凯旋,凯旋,B0GVRPF1BL,速干背心,"Men's Quick Dry Tank Top, Sleeveless Athletic Workout Shirt, Lightweight Breathable Muscle Tank for Running Gym Fitness Training Black"
一致,2944,B0GVQWFBQ3,KCC-QXDK-L,凯旋,凯旋,B0GVQWFBQ3,骑行短裤,"5 Pack Men's Cycling Shorts, Quick Dry Breathable Athletic Shorts, Lightweight High Stretch Sports Shorts for Running Cycling Workout Multicolor"
一致,2945,B0GVQHT8WS,KCC-QXDK-M,凯旋,凯旋,B0GVQHT8WS,骑行短裤,"5 Pack Men's Cycling Shorts, Quick Dry Breathable Athletic Shorts, Lightweight High Stretch Sports Shorts for Running Cycling Workout Multicolor"
一致,2946,B0GVQLDCJK,SP-yaodai-jiao,图图,图图,B0GVNTZ9V6,腰带,"Elastic Wide Waist Belt for Women, Fashion Versatile Cinch Belt, Retro Decorative Waistband for Dresses Jeans"
一致,2947,B0GVNNLZKB,SP-yaodai-hei,图图,图图,B0GVNTZ9V6,腰带,"Elastic Wide Waist Belt for Women, Fashion Versatile Cinch Belt, Retro Decorative Waistband for Dresses Jeans"
一致,2948,B0GVNMFKYK,SP-yaodai-tou,图图,图图,B0GVNTZ9V6,,"Elastic Wide Waist Belt for Women, Fashion Versatile Cinch Belt, Retro Decorative Waistband for Dresses Jeans"
一致,2949,B0GVJPSDPN,SP-BINGXIU-feng01,图图,图图,B0GVN3TTBB,冰袖,"UV Sun Protection Arm Sleeves for Men Women, Cooling Ice Silk Arm Covers, Breathable Moisture Wicking Sports Sleeves."
一致,2950,B0GVJMW61F,SP-BINGXIU-lan01,图图,图图,B0GVN3TTBB,冰袖,"Gradient Color Ice Silk UV Protection Arm Sleeves, 2 Pairs Cooling Sun Protection Arm Covers for Men Women Outdoor Sports"
一致,2951,B0GVJR87CR,SP-jiaoshui-zhoa,图图,图图,B0GVJPJJ7Y,假睫毛,"False Lower Eyelashes Natural Look Variety Styles, Soft Lightweight Fake Bottom Lashes for Daily & Makeup"
一致,2952,B0GVK48L58,SP-jiaoshui-tai,图图,图图,B0GVJPJJ7Y,假睫毛,"False Lower Eyelashes Natural Look Variety Styles, Soft Lightweight Fake Bottom Lashes for Daily & Makeup"
一致,2953,B0GVJSR613,SP-jiaoshui-zhong,图图,图图,B0GVJPJJ7Y,假睫毛,"False Lower Eyelashes Natural Look Variety Styles, Soft Lightweight Fake Bottom Lashes for Daily & Makeup"
一致,2954,B0GVJSQSMQ,SP-jiaoshui-bei,图图,图图,B0GVJPJJ7Y,假睫毛,"False Lower Eyelashes Natural Look Variety Styles, Soft Lightweight Fake Bottom Lashes for Daily & Makeup"
一致,2955,B0GVJVCZV7,SP-mianjiao-you,图图,图图,B0GVJZ98H4,免胶假睫毛,"Adhesive-Free Lower Eyelashes, Natural Look Fake Bottom Lashes, Reusable Multiple Styles Soft Under Lashes for Daily Makeup"
一致,2956,B0GVJW8PZ2,SP-jiaoshui-mao,图图,图图,B0GVJPJJ7Y,假睫毛,"False Lower Eyelashes Natural Look Variety Styles, Soft Lightweight Fake Bottom Lashes for Daily & Makeup"
一致,2957,B0GQC21D3X,QS-050,公司,公司,B0GQC21D3X,,"Beach Aqua Shoes Unisex, Non Slip Rubber Sole, Comfortable Insole, for Ocean"
一致,2958,B0GV2BWRSV,SP-underwear-dingzi-M,图图,图图,B0GWHTLCSJ,内裤-丁字,Sexy Lace Low Waist Panties for Women 4 Pack Ultra Soft Breathable Comfort Ladies Lingerie Briefs Multicolor
一致,2959,B0GV2MGVNH,SP-underwear-hudie-M,图图,图图,B0GWHVSPL1,内裤-蝴蝶,"Women's 3 Pack Sexy Low Rise Lace Panties, Soft Breathable Comfort Ladies Briefs for Daily Wear Multicolor"
一致,2960,B0GV262S7G,SP-underwear-mian-M,图图,图图,B0GWHXBBZ3,内裤-棉,"Women's 5 Pack Solid Color Cotton Boxer Briefs, Soft Comfortable Breathable Underwear, Multicolor Assorted Pack"
一致,2961,B0GV2PSZQQ,SP-underwear-dingzi-S,图图,图图,B0GWHTLCSJ,内裤-丁字,Sexy Lace Low Waist Panties for Women 4 Pack Ultra Soft Breathable Comfort Ladies Lingerie Briefs Multicolor
一致,2962,B0GV2MRKXY,SP-underwear-hudie-S,图图,图图,B0GWHVSPL1,内裤-蝴蝶,"Women's 3 Pack Sexy Low Rise Lace Panties, Soft Breathable Comfort Ladies Briefs for Daily Wear Multicolor"
一致,2963,B0GV28GL4D,SP-underwear-sancan-L,图图,图图,B0GWHY8GZ7,内裤-冰丝,"3 Pack Women's Ice Silk Breathable Underwear, Lightweight Cooling Hip Enhancing Panties for Summer, Assorted Colors"
一致,2964,B0GV281YBX,SP-underwear-yujia-XL,图图,图图,B0GWHYTZKS,内裤-瑜伽,"8 Pack Women’s Seamless Thong Panties, Invisible Yoga Underwear Ultra Soft Comfortable Sexy Lace Briefs Multicolor"
一致,2965,B0GTZCB863,KCC-duanwa-5se,凯旋,凯旋,B0GVYDZ1FQ,短袜,"5 Pairs Men's Summer Thin Socks, Mesh Breathable Heel Tab Socks, Cake Block Non-Slip Moisture Wicking Low Cut Ankle Socks"
Listing负责人为空,2966,B0GTPD9P52,D324-B15-L107,,,B0GTPD9P52,,Denim Look Bikini Set Casual Style Two Piece Swimsuit Daily Bathing Suit
Listing负责人为空,2967,B0GTNVXRHC,D324-B15-L059,,,B0GTNVXRHC,,Slimming One Piece Swimsuit Body Shaping Bathing Suit Tummy Control Swimwear
Listing负责人为空,2968,B0GTPJNZ55,D324-B15-L098,,,B0GTPJNZ55,,Ruffled Bikini Top with High Waisted Bottom Two Piece Swimsuit Sweet Bathing Suit
Listing负责人为空,2969,B0GTNQ4WN2,D324-B15-L104,,,B0GTNQ4WN2,,Women's UV Protection Swimsuit One Piece Rash Guard Bathing Suit Outdoor Swimwear
Listing负责人为空,2970,B0GTNLF1FV,D324-B15-L113,,,B0GTNLF1FV,,Low Rise Bikini Set Minimalist Top Two Piece Swimsuit Sexy Bathing Suit
Listing负责人为空,2971,B0GTNT61S2,D324-B15-L035,,,B0GTNT61S2,,Wrap Front One Piece Swimsuit Tummy Control Back Tie Bathing Suit for Women
Listing负责人为空,2972,B0GTNVDY9M,D324-B15-L109,,,B0GTNVDY9M,,Adjustable Strap One Piece Swimsuit Custom Fit Comfort Bathing Suit Swimwear
Listing负责人为空,2973,B0GTP11BR2,D324-B15-L080,,,B0GTP11BR2,,Tummy Control One Piece Swimsuit Full Coverage Back Modest Bathing Suit Swimwear
Listing负责人为空,2974,B0GTP1TK18,D324-B15-L038,,,B0GTP1TK18,,Striped Bikini Set High Waisted Two Piece Swimsuit Retro Vintage Bathing Suit
Listing负责人为空,2975,B0GTNG12DK,D324-B15-L047,,,B0GTNG12DK,,Women's Athletic One Piece Swimsuit Racerback Training Bathing Suit Sport Swimwear
Listing负责人为空,2976,B0GTP1SLQD,D324-B15-L031,,,B0GTP1SLQD,,Floral Print Bikini Set High Cut Two Piece Swimsuit Cheeky Bottom Bathing Suit
Listing负责人为空,2977,B0GTP1SLQR,D324-B15-L116,,,B0GTP1SLQR,,Women's Beach Cover Up Swimsuit One Piece with Dress Overlay Bathing Suit
Listing负责人为空,2978,B0GTNWPK5N,D324-B15-L119,,,B0GTNWPK5N,,Women's Performance Swimsuit One Piece Competition Training Bathing Suit Swimwear
Listing负责人为空,2979,B0GTNVVZCD,D324-B15-L112,,,B0GTNVVZCD,,Balloon Sleeve One Piece Swimsuit Puff Sleeve Design Cute Bathing Suit Swimwear
Listing负责人为空,2980,B0GTP6NHBG,D324-B15-L102,,,B0GTP6NHBG,,Slim Fit One Piece Swimsuit Bodycon Design Tummy Control Bathing Suit Swimwear
Listing负责人为空,2981,B0GTNS49LJ,D324-B15-L077,,,B0GTNS49LJ,,Neon Color One Piece Swimsuit Bright Tone Slim Fit Bathing Suit Party Swimwear
Listing负责人为空,2982,B0GTP2X9HC,D324-B15-L063,,,B0GTP2X9HC,,High Waisted Bikini Set Ruffled Top Two Piece Swimsuit Vintage Bathing Suit
Listing负责人为空,2983,B0GTP96H7Y,D324-B15-L099,,,B0GTP96H7Y,,Cold Shoulder One Piece Swimsuit Cutout Shoulder Modest Bathing Suit Swimwear
Listing负责人为空,2984,B0GTP8TYKW,D324-B15-L094,,,B0GTP8TYKW,,Halter One Piece Swimsuit Tie Back Neck Sexy Slimming Bathing Suit Swimwear
Listing负责人为空,2985,B0GTP8F8T1,D324-B15-L030,,,B0GTP8F8T1,,Cutout One Piece Swimsuit Backless Monokini Sexy Swimwear for Summer Beach
Listing负责人为空,2986,B0GTNPPV85,D324-B15-L048,,,B0GTNPPV85,,Off Shoulder One Piece Swimsuit Ruffled Sleeve Modest Bathing Suit Swimwear
Listing负责人为空,2987,B0GTP6YZXT,D324-B15-L029,,,B0GTP6YZXT,,Ruffled One Piece Bathing Suit Modest Swimwear Tummy Control Slimming Fit
Listing负责人为空,2988,B0GTNPX58D,D324-B15-L043,,,B0GTNPX58D,,Deep V Neck One Piece Swimsuit Backless Monokini Sexy Slimming Bathing Suit
Listing负责人为空,2989,B0GTP1PD4S,D324-B15-L074,,,B0GTP1PD4S,,Women's Quick Dry Swimsuit One Piece Lightweight Bathing Suit Travel Swimwear
Listing负责人为空,2990,B0GTNYWVNX,D324-B15-L091,,,B0GTNYWVNX,,Full Coverage One Piece Swimsuit Modest Design Tummy Control Bathing Suit Swimwear
Listing负责人为空,2991,B0GTNRP723,D324-B15-L061,,,B0GTNRP723,,Women's Short Sleeve One Piece Swimsuit Rash Guard Bathing Suit UV Protection Swimwear
Listing负责人为空,2992,B0GTNL2P1M,D324-B15-L056,,,B0GTNL2P1M,,Women's Modest One Piece Swimsuit Long Torso Bathing Suit Full Coverage Swimwear
Listing负责人为空,2993,B0GTNSHKBN,D324-B15-L065,,,B0GTNSHKBN,,Butterfly Print Bikini Set High Cut Two Piece Swimsuit Lovely Bathing Suit
Listing负责人为空,2994,B0GTP8KYBF,D324-B15-L082,,,B0GTP8KYBF,,Women's Teen Girls Swimsuit One Piece Cute Design Junior Size Bathing Suit
Listing负责人为空,2995,B0GTP6NDW6,D324-B15-L078,,,B0GTP6NDW6,,Women's Scoop Neck One Piece Swimsuit Classic Design Comfort Bathing Suit Swimwear
Listing负责人为空,2996,B0GTNVKX26,D324-B15-L027,,,B0GTNVKX26,,Women's One Piece Swimsuit Tummy Control Bathing Suit V Neck Ruched Swimwear
Listing负责人为空,2997,B0GTNRX4YK,D324-B15-L045,,,B0GTNRX4YK,,Ruched One Piece Swimsuit Tummy Control Slim Fit Bathing Suit Women Swimwear
Listing负责人为空,2998,B0GTPGRY32,D324-B15-L044,,,B0GTPGRY32,,High Cut Bikini Set Low Rise Top Two Piece Swimsuit Trendy Bathing Suit
Listing负责人为空,2999,B0GTP1GQYF,D324-B15-L095,,,B0GTP1GQYF,,High Cut One Piece Swimsuit Leg Opening Design Sexy Monokini Bathing Suit
Listing负责人为空,3000,B0GTP6FV43,D324-B15-L073,,,B0GTP6FV43,,Ruffled Shoulder One Piece Swimsuit Cute Design Modest Bathing Suit Swimwear
Listing负责人为空,3001,B0GTNY6WJ1,D324-B15-L058,,,B0GTNY6WJ1,,Ruffled Hem Bikini Set High Waisted Bottom Cute Two Piece Swimsuit Bathing Suit
Listing负责人为空,3002,B0GTP6NDW5,D324-B15-L068,,,B0GTP6NDW5,,Low Back One Piece Swimsuit Deep Back Cut Sexy Bathing Suit Summer Swimwear
Listing负责人为空,3003,B0GTNK7JQR,D324-B15-L117,,,B0GTNK7JQR,,Wide Strap One Piece Swimsuit Shoulder Support Comfort Bathing Suit Swimwear
Listing负责人为空,3004,B0GTNK1J87,D324-B15-L101,,,B0GTNK1J87,,Tribal Print Bikini Set Ethnic Pattern Two Piece Swimsuit Boho Bathing Suit
Listing负责人为空,3005,B0GTNQSCBQ,D324-B15-L110,,,B0GTNQSCBQ,,Abstract Print Bikini Set Modern Art Pattern Two Piece Swimsuit Bathing Suit
Listing负责人为空,3006,B0GTNN3G17,D324-B15-L042,,,B0GTNN3G17,,Boho Floral Tankini Set Two Piece Swimwear Modest Bathing Suit for Women
Listing负责人为空,3007,B0GTNRMKWL,D324-B15-L103,,,B0GTNRMKWL,,Pastel Color Bikini Set Soft Tone Two Piece Swimsuit Kawaii Bathing Suit
Listing负责人为空,3008,B0GTP3Y8WC,D324-B15-L086,,,B0GTP3Y8WC,,Women's Long Torso One Piece Swimsuit Tall Fit Bathing Suit Tummy Control Swimwear
Listing负责人为空,3009,B0GTPK7VX9,D324-B15-L066,,,B0GTPK7VX9,,Women's Plus Size Bikini Set High Waisted Two Piece Swimsuit Full Figure Bathing Suit
Listing负责人为空,3010,B0GTP6MMN3,D324-B15-L039,,,B0GTP6MMN3,,Women's Plus Size Swimsuit One Piece Tummy Control Bathing Suit Full Figure Swimwear
Listing负责人为空,3011,B0GTNRWLLM,D324-B15-L090,,,B0GTNRWLLM,,Camouflage Print Bikini Set Tactical Style Two Piece Swimsuit Sport Bathing Suit
Listing负责人为空,3012,B0GTP3SP4L,D324-B15-L100,,,B0GTP3SP4L,,Women's Lightly Padded Swimsuit One Piece Soft Cup Comfort Bathing Suit Swimwear
Listing负责人为空,3013,B0GTPDBF8S,D324-B15-L060,,,B0GTPDBF8S,,Animal Print Bikini Set Leopard Pattern Two Piece Swimsuit Trendy Bathing Suit
Listing负责人为空,3014,B0GTP1WCSH,D324-B15-L088,,,B0GTP1WCSH,,Ruffled One Shoulder Swimsuit Asymmetrical Design Modest Bathing Suit Swimwear
Listing负责人为空,3015,B0GTNZ1F4F,D324-B15-L062,,,B0GTNZ1F4F,,Asymmetrical One Piece Swimsuit One Shoulder Design Sexy Monokini Bathing Suit
Listing负责人为空,3016,B0GTNPWY2S,D324-B15-L067,,,B0GTNPWY2S,,Criss Cross Front One Piece Swimsuit Tummy Control Slimming Bathing Suit Swimwear
Listing负责人为空,3017,B0GTNXRNB9,D324-B15-L115,,,B0GTNXRNB9,,Cherry Print Bikini Set Fruit Pattern Two Piece Swimsuit Lovely Bathing Suit
Listing负责人为空,3018,B0GTPCP2XZ,D324-B15-L111,,,B0GTPCP2XZ,,Women's Plus Size Tankini Set Two Piece Modest Swimwear Full Figure Bathing Suit
Listing负责人为空,3019,B0GTNW5ZCC,D324-B15-L071,,,B0GTNW5ZCC,,Satin Finish One Piece Swimsuit Luxury Style Slim Fit Bathing Suit Swimwear
Listing负责人为空,3020,B0GTNPSVKN,D324-B15-L118,,,B0GTNPSVKN,,Geometric Print Bikini Set Modern Pattern Two Piece Swimsuit Stylish Bathing Suit
Listing负责人为空,3021,B0GTNRTFG2,D324-B15-L083,,,B0GTNRTFG2,,Keyhole Cutout One Piece Swimsuit Front Detail Sexy Slimming Bathing Suit Swimwear
Listing负责人为空,3022,B0GTNVQW2Z,D324-B15-L120,,,B0GTNVQW2Z,,Women's String Triangle Bikini Top Sexy Self Tie Back Bathing Suit Swim Top
Listing负责人为空,3023,B0GTPCP2XX,D324-B15-L096,,,B0GTPCP2XX,,Watercolor Print Bikini Set Artistic Pattern Two Piece Swimsuit Cute Bathing Suit
Listing负责人为空,3024,B0GTNTG8HH,D324-B15-L085,,,B0GTNTG8HH,,Palm Leaf Print One Piece Swimsuit Beach Tropical Style Bathing Suit Swimwear
Listing负责人为空,3025,B0GTP9NJFR,D324-B15-L072,,,B0GTP9NJFR,,Triangle Bikini Set Top with Tie Side Bottom Two Piece Swimsuit Minimalist Bathing Suit
Listing负责人为空,3026,B0GTPBSVLP,D324-B15-L032,,,B0GTPBSVLP,,Ribbed Knit Bikini Set Square Neck Two Piece Swimsuit Trendy Bathing Suit
Listing负责人为空,3027,B0GTNXKSNL,D324-B15-L106,,,B0GTNXKSNL,,Plunge Neck One Piece Swimsuit Deep V Front Sexy Monokini Bathing Suit Swimwear
Listing负责人为空,3028,B0GTP8HBPB,D324-B15-L089,,,B0GTP8HBPB,,Women's Push Up One Piece Swimsuit Enhancer Bra Sexy Slimming Bathing Suit
Listing负责人为空,3029,B0GTNTHXCS,D324-B15-L079,,,B0GTNTHXCS,,Crochet Detail Bikini Set Boho Style Two Piece Swimsuit Handmade Bathing Suit
Listing负责人为空,3030,B0GTNVFL5R,D324-B15-L084,,,B0GTNVFL5R,,High Waisted Bikini Set Wide Band Top Two Piece Swimsuit Supportive Bathing Suit
Listing负责人为空,3031,B0GTP1YVJV,D324-B15-L037,,,B0GTP1YVJV,,Lace Up Back One Piece Swimsuit Cutout Monokini Slimming Swimwear Bathing Suit
Listing负责人为空,3032,B0GTP21NTG,D324-B15-L105,,,B0GTP21NTG,,Bow Detail Bikini Set Cute Design High Waisted Two Piece Swimsuit Bathing Suit
Listing负责人为空,3033,B0GTP14GYN,D324-B15-L049,,,B0GTP14GYN,,Bralette Bikini Set Wireless Top High Waisted Bottom Two Piece Swimsuit
Listing负责人为空,3034,B0GTNZ253C,D324-B15-L075,,,B0GTNZ253C,,Floral Lace Bikini Set Romantic Style Two Piece Swimsuit Elegant Bathing Suit
Listing负责人为空,3035,B0GTP3S51H,D324-B15-L069,,,B0GTP3S51H,,Polka Dot Bikini Set Retro Style High Waisted Two Piece Swimsuit Bathing Suit
Listing负责人为空,3036,B0GTNRYSGG,D324-B15-L081,,,B0GTNRYSGG,,Ombre Color Bikini Set Gradient Tone Two Piece Swimsuit Fashion Bathing Suit
Listing负责人为空,3037,B0GTPJQKX4,D324-B15-L070,,,B0GTPJQKX4,,Women's Casual Tankini Set Loose Top with Brief Modest Swimwear Bathing Suit
Listing负责人为空,3038,B0GTP7CL3C,D324-B15-L050,,,B0GTP7CL3C,,Mesh Panel One Piece Swimsuit Sheer Detail Sexy Monokini Bathing Suit Swimwear
Listing负责人为空,3039,B0GTP1LB6X,D324-B15-L092,,,B0GTP1LB6X,,Metallic Color Bikini Set Shiny Fabric Two Piece Swimsuit Party Bathing Suit
Listing负责人为空,3040,B0GTNVGJWN,D324-B15-L052,,,B0GTNVGJWN,,Women's Maternity Swimsuit One Piece Pregnancy Bathing Suit Comfort Swimwear
Listing负责人为空,3041,B0GTNTM9G2,D324-B15-L028,,,B0GTNTM9G2,,High Waisted Bikini Set Two Piece Push Up Swimsuit for Women Beach Vacation
Listing负责人为空,3042,B0GTPK75Y9,D324-B15-L057,,,B0GTPK75Y9,,Underwire Bikini Set Push Up Support Two Piece Swimsuit Sexy Bathing Suit
Listing负责人为空,3043,B0GTP6Y5SR,D324-B15-L087,,,B0GTP6Y5SR,,Seamless Bikini Set Smooth Fabric Two Piece Swimsuit Comfort Bathing Suit
Listing负责人为空,3044,B0GTP6Z3P8,D324-B15-L053,,,B0GTP6Z3P8,,Cross Back One Piece Swimsuit Padded Push Up Slimming Bathing Suit Swimwear
Listing负责人为空,3045,B0GTNTLL7L,D324-B15-L076,,,B0GTNTLL7L,,High Waisted Bikini Set Tummy Control Panel Two Piece Swimsuit Bathing Suit
Listing负责人为空,3046,B0GTP3TG6Z,D324-B15-L033,,,B0GTP3TG6Z,,Women's Tankini Set Top with Shorts Modest Swimwear Tummy Control Bathing Suit
Listing负责人为空,3047,B0GTP8KYBH,D324-B15-L108,,,B0GTP8KYBH,,Women's Modest Tankini Set High Neck Top with Skirt Bottom Swimwear Bathing Suit
Listing负责人为空,3048,B0GTNZS6RK,D324-B15-L054,,,B0GTNZS6RK,,High Waisted Bikini Set Tummy Control Top Two Piece Swimsuit Bathing Suit
Listing负责人为空,3049,B0GTP46T75,D324-B15-L093,,,B0GTP46T75,,Women's Loose Fit Tankini Set Flowy Top with Shorts Modest Swimwear Bathing Suit
Listing负责人为空,3050,B0GTPDCV54,D324-B15-L036,,,B0GTPDCV54,,High Waisted Bikini Set Tie Side Bottom Two Piece Swimsuit Sexy Bathing Suit
Listing负责人为空,3051,B0GTP8J2C4,D324-B15-L034,,,B0GTP8J2C4,,V Neck One Piece Swimsuit Push Up Padded Bra Slimming Bathing Suit Swimwear
Listing负责人为空,3052,B0GTP8V55N,D324-B15-L097,,,B0GTP8V55N,,Women's Compression Swimsuit One Piece Body Shaping Bathing Suit Fitness Swimwear
Listing负责人为空,3053,B0GTPH3DH5,D324-B15-L046,,,B0GTPH3DH5,,Square Neck Bikini Set Ribbed Fabric Two Piece Swimsuit Fashion Bathing Suit
Listing负责人为空,3054,B0GTNSPGCN,D324-B15-L055,,,B0GTNSPGCN,,Leaf Print One Piece Swimsuit Tropical Pattern Slim Fit Bathing Suit Swimwear
Listing负责人为空,3055,B0GTNQQLT4,D324-B15-L114,,,B0GTNQQLT4,,Stretchy Fabric One Piece Swimsuit Flexible Fit Comfort Bathing Suit Swimwear
Listing负责人为空,3056,B0GTNM3T33,D324-B15-L041,,,B0GTNM3T33,,Solid Color One Piece Swimsuit Basic Slim Fit Bathing Suit Casual Swimwear
Listing负责人为空,3057,B0GTP3ZC26,D324-B15-L064,,,B0GTP3ZC26,,Padded One Piece Swimsuit Wireless Bra Comfort Bathing Suit Daily Swimwear
Listing负责人为空,3058,B0GTNS4R3H,D324-B15-L040,,,B0GTNS4R3H,,Halter Neck Bikini Set Push Up Top Two Piece Swimsuit Cheeky Bathing Suit
Listing负责人为空,3059,B0GTNYXNVS,D324-B15-L051,,,B0GTNYXNVS,,Tie Dye Bikini Set High Waisted Two Piece Swimsuit Cute Bathing Suit for Teens
一致,3060,B0GTBPWFZR,YQ-YUNYU-2026317-GUOLVQI-6,公司,公司,B0GT1K8L8Q,过滤器,"2 Pack Drain Hair Catcher-Sink Strainer, Shower Drain Cover, Drains Filter Cover for Kitchen Sink Bathroom Shower(Pink)"
一致,3061,B0GSZBNW4X,KC-S5-01,图图,图图,B0GSZGFGNX,,Classic Aviator Sunglasses Polarized UV Protection Metal Frame Driving Sun Glasses
一致,3062,B0GSYNPDHP,KC-C1-02,图图,图图,B0GT8VPZSC,罩衫,Women Bright Color Beach Sarong Wrap Skirt Sheer Bathing Suit Cover Ups for Bikini Swimsuit Swimwear
一致,3063,B0GSYQKC48,KC-C3-01,图图,图图,B0GT96DZJ7,罩衫,Women Fashion Colorful Beach Sarong Sheer Wrap Skirt Bathing Suit Cover Ups for Bikini
一致,3064,B0GSYGK19M,KC-C2-01,图图,图图,B0GT8VDZJY,罩衫,Women Colorful Beach Sarong Sheer Wrap Skirt Bikini Swimsuit Cover Ups for Swimwear
负责人不一致,3065,B0GS89ZDRB,KC-20,图图,未分配,B0GS89ZDRB,,Beaded Digital Camera Keychain - Cute Wrist Strap Key Chain for Phone Bag Wallet Charm
负责人不一致,3066,B0GS8H528L,KC-13,图图,未分配,B0GS8H528L,,"Lovely Dopamine Color Block Beaded Phone Charm, Handmade Phone Strap for Girls"
负责人不一致,3067,B0GS8FNNPV,KC-19,图图,未分配,B0GS8FNNPV,,Beaded Keychain Wrist Strap - Cute Camera Phone Charm Key Chain for Bag Wallet Accessories
负责人不一致,3068,B0GS8BSV8N,KC-09,图图,未分配,B0GS8BSV8N,,Beaded Keyring Wrist Strap - Cute Key Chain for Camera Phone Bag Wallet Charm
负责人不一致,3069,B0GS8LV62P,KC-04,图图,未分配,B0GS8LV62P,,Anti-Lost Key Chain Keyring - Durable Keychain for Car Home Keys with Quick Clip
负责人不一致,3070,B0GS977XDT,KC-18,图图,未分配,B0GS977XDT,,Fashion Keychains for Women Men - Trendy Key Chain with Key Ring Daily Accessory
负责人不一致,3071,B0GS8H61LY,KC-03,图图,未分配,B0GS8H61LY,,Tactical Key Chain for Men - Heavy Duty Keyring Keychains for Outdoor Work
负责人不一致,3072,B0GS8R22B2,KC-17,图图,未分配,B0GS8R22B2,,Cute Keychain for Women - Stylish Key Chain with Charm for Purse Bag Accessories
负责人不一致,3073,B0GS8V6Q47,KC-23,图图,未分配,B0GS8V6Q47,,"Cute Bow & Pearl Beaded Keychain, Minimalist Dainty Key Chain for Women Girls Daily Use"
负责人不一致,3074,B0GS8L55J6,KC-08,图图,未分配,B0GS8L55J6,,Portable Beaded Key Chain - Cute Bracelet Lanyard for Camera Phone Keyring Wallet
负责人不一致,3075,B0GS8H6C5T,KC-26,图图,未分配,B0GS8H6C5T,,"Kawaii Dopamine Beaded Phone Lanyard, Colorful Cute Phone Charm for Phone Case"
负责人不一致,3076,B0GS8XLFP4,KC-10,图图,未分配,B0GS8XLFP4,,Cute Keychain for Women - Beaded Key Chain Wrist Strap for Bag Phone
负责人不一致,3077,B0GS8GRGDQ,KC-06,图图,未分配,B0GS8GRGDQ,,Colorful Beaded Key Chain - Cute Bracelet Wrist Strap for Camera Phone Keyring Accessory
负责人不一致,3078,B0GS8M2RT3,KC-25,图图,未分配,B0GS8M2RT3,,Beaded Keyring Wrist Strap - Cute Key Chain for Camera Phone Bag Wallet Charm
负责人不一致,3079,B0GS91FBBX,KC-16,图图,未分配,B0GS91FBBX,,Multi-Purpose Key Chains - Heavy Duty Keyring for Car Home Office Keys Accessories
负责人不一致,3080,B0GS84GZ91,KC-02,图图,未分配,B0GS84GZ91,,Classic Key Chain Keyring Set - Stainless Steel Keychains for Daily Use & Gift
负责人不一致,3081,B0GS8XDQG4,KC-24,图图,未分配,B0GS8XDQG4,,"Cute Bow & Pearl Beaded Keychain, Minimalist Dainty Key Chain for Women Girls Daily Use"
负责人不一致,3082,B0GS8S5Z6Y,KC-27,图图,未分配,B0GS8S5Z6Y,,"Lovely Dopamine Color Block Beaded Phone Charm, Handmade Phone Strap for Girls"
负责人不一致,3083,B0GS8XRC56,KC-07,图图,未分配,B0GS8XRC56,,Handmade Beaded Key Chain - Cute Charm Wrist Strap for Camera Phone Keyring Bag
负责人不一致,3084,B0GS8543YS,KC-22,图图,未分配,B0GS8543YS,,Camera & Phone Beaded Keychain - Cute Wrist Strap Key Chain for Bag Wallet Accessory
一致,3085,B0GS8B9K84,KC-08-01,图图,图图,B0GS8KFR4R,手机链,"Beaded Cell Phone Strap for Women, Stylish Bead Wrist Lanyard, Decorative Phone Accessory"
一致,3086,B0GS18GLZQ,QS-106-42/43,公司,公司,B0H1RXP6SW,溯溪沙滩鞋,"Water Shoes for Women Men, Aqua Socks, Quick Dry Swim Shoes, Slip On Beach Pool River Lake Cruise Travel Footwear"
一致,3087,B0GS1FQT44,QS-106-40/41,公司,公司,B0H1RXP6SW,溯溪沙滩鞋,"Water Shoes for Women Men, Aqua Socks, Quick Dry Swim Shoes, Slip On Beach Pool River Lake Cruise Travel Footwear"
Listing负责人为空,3088,B0H1RVDFR7,QS-102,,公司,B0H1RVDFR7,,"Water Shoes for Women Men, Aqua Socks, Quick Dry Swim Shoes, Slip On Beach Pool River Lake Cruise Travel Footwear"
一致,3089,B0GQBT4JVT,QS-080-42/43,公司,公司,B0GVY5Q68N,溯溪沙滩鞋,"Travel Water Shoes Unisex, Non Slip Rubber Sole, Packable Quick Dry Beach Shoes Multicolor"
一致,3090,B0GQC4D973,QS-054-40/41,公司,公司,B0GVY1CXFQ,溯溪沙滩鞋,Soft Comfort Water Shoes Lightweight Quick Dry Beach Swim Shoes Multicolor
一致,3091,B0GQBK3LKN,QS-041-42/43,公司,公司,B0GQBYQ5DK,溯溪沙滩鞋,Outdoor Water Shoes Quick Dry Non Slip Beach Shoes for Swimming Hiking Multicolor
一致,3092,B0GQBTJWWY,QS-026-42/43,公司,公司,B0GVY1KRKW,溯溪沙滩鞋,"Beach Swim Shoes for Men Women, Anti Skid Rubber Sole, Slip On Water Shoes Multicolor"
一致,3093,B0GQBWXFT2,QS-080-40/41,公司,公司,B0GVY5Q68N,溯溪沙滩鞋,"Travel Water Shoes Unisex, Non Slip Rubber Sole, Packable Quick Dry Beach Shoes Multicolor"
一致,3094,B0GQBNFNDT,QS-041-40/41,公司,公司,B0GQBYQ5DK,溯溪沙滩鞋,Outdoor Water Shoes Quick Dry Non Slip Beach Shoes for Swimming Hiking Multicolor
一致,3095,B0GQBW1S6N,QS-054-42/43,公司,公司,B0GVY1CXFQ,溯溪沙滩鞋,Soft Comfort Water Shoes Lightweight Quick Dry Beach Swim Shoes Multicolor
一致,3096,B0GQBJ1DD7,QS-026-40/41,公司,公司,B0GVY1KRKW,溯溪沙滩鞋,"Beach Swim Shoes for Men Women, Anti Skid Rubber Sole, Slip On Water Shoes Multicolor"
一致,3097,B0GQBQ2LLQ,QS-027-40/41,公司,公司,B0GVYBGSYP,溯溪沙滩鞋,Slip On Water Shoes Foldable Portable Beach Shoes for Vacation Sports Multicolor
一致,3098,B0GQC3B4SN,QS-023-40/41,公司,公司,B0GQBNHWM7,溯溪沙滩鞋,"Printed Water Shoes Unisex, Non Skid Sole, Lightweight Quick Dry Shoes for Beach Multicolor"
一致,3099,B0GQC56DW3,QS-030-40/41,公司,公司,B0GQC56DW3,溯溪沙滩鞋,"Packable Water Shoes for Men Women, Anti Slip Sole, Quick Dry Beach Pool Shoes Multicolor"
一致,3100,B0GQBYST5G,QS-030-42/43,公司,公司,B0GQBYST5G,溯溪沙滩鞋,"Packable Water Shoes for Men Women, Anti Slip Sole, Quick Dry Beach Pool Shoes Multicolor"
一致,3101,B0GQC67PC8,QS-086-40/41,公司,公司,B0GQBY2NWK,溯溪沙滩鞋,"Surf Swim Water Shoes Unisex, Anti Slip Sole, Soft Upper, for Beach Pool Multicolor"
一致,3102,B0GQBKZW8W,QS-023-42/43,公司,公司,B0GQBNHWM7,溯溪沙滩鞋,"Printed Water Shoes Unisex, Non Skid Sole, Lightweight Quick Dry Shoes for Beach Multicolor"
一致,3103,B0GQBKLQFN,QS-018-40/41,公司,公司,B0GQC21NQG,溯溪沙滩鞋,"Slip On Beach Water Shoes for Men Women, Non Skid Sole, Comfortable Cushion Insole Multicolor"
一致,3104,B0GQBR7JC4,QS-070-42/43,公司,公司,B0GQBP3SH9,溯溪沙滩鞋,"Packable Beach Water Shoes for Men Women, Non Slip Sole, Travel Swim Shoes"
一致,3105,B0GQBKLQH8,QS-017-40/41,公司,公司,B0GQBWXNM4,溯溪沙滩鞋,"Lightweight Aqua Water Shoes Unisex, Non Slip Sole, Packable for Beach Travel"
一致,3106,B0GQBPVXCL,QS-065-40/41,公司,公司,B0GQBYSZDQ,溯溪沙滩鞋,"Beach Water Shoes Men Women, Anti Skid Sole, Quick Dry, for Snorkeling Reef Multicolor"
一致,3107,B0GQC91BXF,QS-052-42/43,公司,公司,B0GQBV6DXH,溯溪沙滩鞋,"Unisex Water Shoes, Anti Slip Rubber Sole, Lightweight Packable, for Swimming Multicolor"
一致,3108,B0GQBN9FRV,QS-052-40/41,公司,公司,B0GQBV6DXH,溯溪沙滩鞋,"Unisex Water Shoes, Anti Slip Rubber Sole, Lightweight Packable, for Swimming Multicolor"
一致,3109,B0GQBJWLHW,QS-007-40/41,公司,公司,B0GQBZXYPW,溯溪沙滩鞋,"Aqua Shoes Unisex, Quick Dry Beach Shoes, Anti Skid Rubber Sole, for Kayaking"
一致,3110,B0GQC8QZ11,QS-007-42/43,公司,公司,B0GQBZXYPW,溯溪沙滩鞋,"Aqua Shoes Unisex, Quick Dry Beach Shoes, Anti Skid Rubber Sole, for Kayaking"
一致,3111,B0GQBYHG4P,QS-027-42/43,公司,公司,B0GVYBGSYP,溯溪沙滩鞋,Slip On Water Shoes Foldable Portable Beach Shoes for Vacation Sports Multicolor
一致,3112,B0GQC19C18,QS-086-42/43,公司,公司,B0GQBY2NWK,溯溪沙滩鞋,"Surf Swim Water Shoes Unisex, Anti Slip Sole, Soft Upper, for Beach Pool Multicolor"
一致,3113,B0GQC7FNZ8,QS-018-42/43,公司,公司,B0GQC21NQG,溯溪沙滩鞋,"Slip On Beach Water Shoes for Men Women, Non Skid Sole, Comfortable Cushion Insole Multicolor"
一致,3114,B0GQBKN7V2,QS-017-42/43,公司,公司,B0GQBWXNM4,溯溪沙滩鞋,"Lightweight Aqua Water Shoes Unisex, Non Slip Sole, Packable for Beach Travel"
Listing负责人为空,3115,B0GK9H9CXH,SLP-1-B6,,未分配,B0GK99QMF7,,Women's Lightweight EVA Slide Sandals | Cute Bowknot Design | Non-Slip Quick Drying Shower Slippers | Portable Travel Slides for Indoor Outdoor Use
Listing负责人为空,3116,B0GK9NNJG9,SLP-1-B7,,未分配,B0GK99QMF7,,Women's Lightweight EVA Slide Sandals | Cute Bowknot Design | Non-Slip Quick Drying Shower Slippers | Portable Travel Slides for Indoor Outdoor Use
Listing负责人为空,3117,B0GK9N7WXT,SLP-1-P7,,未分配,B0GK99QMF7,,Women's Lightweight EVA Slide Sandals | Cute Bowknot Design | Non-Slip Quick Drying Shower Slippers | Portable Travel Slides for Indoor Outdoor Use
Listing负责人为空,3118,B0GK9TPYNV,SLP-1-P6,,未分配,B0GK99QMF7,,Women's Lightweight EVA Slide Sandals | Cute Bowknot Design | Non-Slip Quick Drying Shower Slippers | Portable Travel Slides for Indoor Outdoor Use
Listing负责人为空,3119,B0GK6LHM5C,YUN-A114-3,,未分配,B0GK6H1K3Q,,Non Slip Shower Slides for Elderly Safety Bathroom Sandals with Grip Sole Water Friendly
Listing负责人为空,3120,B0GK7BGPCB,YUN-A141-2,,未分配,B0GK6KN1L8,,Linen House Slippers for Women Breathable Open Toe Sweat Wicking Indoor Sandals
Listing负责人为空,3121,B0GK69BKBV,YUN-A141-3,,未分配,B0GK6KN1L8,,Linen House Slippers for Women Breathable Open Toe Sweat Wicking Indoor Sandals
Listing负责人为空,3122,B0GJKCJ75N,YU-Y104-2,,未分配,B0GJJ46HYM,,Casual Summer Flip Flops for Indoor & Outdoor Use
Listing负责人为空,3123,B0GK6NHPNV,YUN-A120-1,,未分配,B0GK5VXBLY,,Durable Rubber Shower Flip Flops Hygienic Gym Sandals with Traction Sole
Listing负责人为空,3124,B0GK6M2NPY,YUN-A145-3,,未分配,B0GK5R6R62,,Men's Injection Molded Slides One Piece Durable Construction Garden Clogs
Listing负责人为空,3125,B0GK751VHB,YUN-A146-3,,未分配,B0GK6DZN59,,Kid's Lightweight Pool Slides Non Slip Elastic Strap Summer Sandals for Boys Girls
Listing负责人为空,3126,B0GK6GRG76,YUN-A150-2,,未分配,B0GK6M532T,,Platform Cloud Slides Thick Sole Height Increasing Soft EVA Sandals for Streetwear
Listing负责人为空,3127,B0GK5X9VTN,YUN-A148-2,,未分配,B0GK6WNLF7,,Vegan Leather Slide Sandals for Women Cruelty Free Casual Summer Flats
Listing负责人为空,3128,B0GK6DV2G2,YUN-A126-1,,未分配,B0GK5R6JNW,,Boho Beaded Flip Flops for Women Dressy Summer Thong Sandals for Wedding Guest
Listing负责人为空,3129,B0GK648Q1H,YUN-A121-1,,未分配,B0GK6H287G,,Women's Classic Thong Flip Flops Simple Casual Summer Beach Sandals with Flexible Sole
Listing负责人为空,3130,B0GK7B4FVN,YUN-A105-3,,未分配,B0GK69SV48,,Ergonomic Flip Flops for Women with Arch Support Durable Rubber Sole Summer Beach Sandals
Listing负责人为空,3131,B0GK74WYZ6,YUN-A112-2,,未分配,B0GK7B76G9,,Women's Bathroom Cloud Slides Lightweight Non Slip Shower Slippers with Drain Holes
Listing负责人为空,3132,B0GK6KS8ZM,YUN-A123-2,,未分配,B0GK5ZPXWP,,Men's Canvas Strap Flip Flops Durable Rubber Sole Casual Beach Sandals for Summer
Listing负责人为空,3133,B0GK5VDG9Y,YUN-A137-2,,未分配,B0GK65JQSX,,Everyday Wear Slide Sandals Lightweight EVA Comfort Slippers for Home and Garden
Listing负责人为空,3134,B0GK5VWKJ7,YUN-A112-3,,未分配,B0GK7B76G9,,Women's Bathroom Cloud Slides Lightweight Non Slip Shower Slippers with Drain Holes
Listing负责人为空,3135,B0GK5VLNJ7,YUN-A110-2,,未分配,B0GK655LH2,,Deep Heel Cup Slide Sandals for Men Adjustable Strap Arch Support House Slippers
Listing负责人为空,3136,B0GJJQ79WB,YU-Y105-3,,未分配,B0GJJ46HYN,,Simple Design Non-Slip Flip Flops for Adults
Listing负责人为空,3137,B0GK68Y239,YUN-A129-1,,未分配,B0GK5ZM3GT,,Lightweight Travel Flip Flops for Women Packable Beach Sandals Essential Vacation Gear
Listing负责人为空,3138,B0GK64YB27,YUN-A119-1,,未分配,B0GK5ZN1B6,,Solid Color Home Slippers Soft Sole Bathroom Sandals Non Slip Slides for Couples
Listing负责人为空,3139,B0GK6K6ZG7,YUN-A128-3,,未分配,B0GK6WNLDH,,Women's Strappy Flat Sandals Casual Gladiator Flip Flops for Summer Holiday
Listing负责人为空,3140,B0GK6GHM8W,YUN-A142-1,,未分配,B0GK5VV735,,Fuzzy Fur Slides for Women Open Toe Memory Foam House Slippers with Rubber Sole
Listing负责人为空,3141,B0GK5ZKT66,YUN-A146-2,,未分配,B0GK6DZN59,,Kid's Lightweight Pool Slides Non Slip Elastic Strap Summer Sandals for Boys Girls
Listing负责人为空,3142,B0GK6SHCCH,YUN-A118-3,,未分配,B0GK6W8S5Q,,Waterproof EVA Slides for Pool and Beach Lightweight Washable Summer Sandals
Listing负责人为空,3143,B0GK7B5V5N,YUN-A108-3,,未分配,B0GK6GV9BQ,,Women's Yoga Foam Flip Flops Soft Cushioned Thong Sandals for Daily Walking and Vacation
Listing负责人为空,3144,B0GK6NDLQQ,YUN-A118-1,,未分配,B0GK6W8S5Q,,Waterproof EVA Slides for Pool and Beach Lightweight Washable Summer Sandals
Listing负责人为空,3145,B0GK7B5V6J,YUN-A128-2,,未分配,B0GK6WNLDH,,Women's Strappy Flat Sandals Casual Gladiator Flip Flops for Summer Holiday
Listing负责人为空,3146,B0GK64KLYB,YUN-A108-1,,未分配,B0GK6GV9BQ,,Women's Yoga Foam Flip Flops Soft Cushioned Thong Sandals for Daily Walking and Vacation
Listing负责人为空,3147,B0GK6NBKRL,YUN-A126-3,,未分配,B0GK5R6JNW,,Boho Beaded Flip Flops for Women Dressy Summer Thong Sandals for Wedding Guest
Listing负责人为空,3148,B0GK6KHLP2,YUN-A126-2,,未分配,B0GK5R6JNW,,Boho Beaded Flip Flops for Women Dressy Summer Thong Sandals for Wedding Guest
Listing负责人为空,3149,B0GK66DHWV,YUN-A134-2,,未分配,B0GK6NL7MJ,,Heavy Duty Rubber Sandals for Men Rugged Outsole Flip Flops for Yard Work
Listing负责人为空,3150,B0GK6KKMNY,YUN-A105-2,,未分配,B0GK69SV48,,Ergonomic Flip Flops for Women with Arch Support Durable Rubber Sole Summer Beach Sandals
Listing负责人为空,3151,B0GJJBWB62,YU-Y104-3,,未分配,B0GJJ46HYM,,Casual Summer Flip Flops for Indoor & Outdoor Use
Listing负责人为空,3152,B0GK7127RJ,YUN-A134-1,,未分配,B0GK6NL7MJ,,Heavy Duty Rubber Sandals for Men Rugged Outsole Flip Flops for Yard Work
Listing负责人为空,3153,B0GK66L4TB,YUN-A133-3,,未分配,B0GK7BHGSG,,Classic Solid Color Flip Flops Unisex Lightweight Beach Thong Sandals Bulk Pack
Listing负责人为空,3154,B0GK692Q8X,YUN-A134-3,,未分配,B0GK6NL7MJ,,Heavy Duty Rubber Sandals for Men Rugged Outsole Flip Flops for Yard Work
Listing负责人为空,3155,B0GK5DRD2L,YUN-A111-1,,未分配,B0GK74G2FX,,Quick Drying Shower Sandals for Bathroom Non Slip EVA Soft Sole Open Toe House Slippers
Listing负责人为空,3156,B0GK6LNKDG,YUN-A140-2,,未分配,B0GK6PSMZ4,,All Season Home Slides Durable Anti-Slip Sole Basic Comfort Sandals for Family
Listing负责人为空,3157,B0GJK63273,YU-Y103-2,,未分配,B0GJJ3Y1P8,,Classic Slip-On Flip Flops with Soft Sole
Listing负责人为空,3158,B0GK6RH1MN,YUN-A140-1,,未分配,B0GK6PSMZ4,,All Season Home Slides Durable Anti-Slip Sole Basic Comfort Sandals for Family
Listing负责人为空,3159,B0GK6NFWHM,YUN-A133-1,,未分配,B0GK7BHGSG,,Classic Solid Color Flip Flops Unisex Lightweight Beach Thong Sandals Bulk Pack
Listing负责人为空,3160,B0GK6Q2BM3,YUN-A138-2,,未分配,B0GK6LFTQV,,Sturdy Rubber Flip Flops for Pool Side Water Friendly Summer Sandals
Listing负责人为空,3161,B0GK719QVT,YUN-A115-2,,未分配,B0GK717D7L,,Soft EVA House Slippers for Guest Indoor Silent Mute Sandals for Bedroom and Living Room
Listing负责人为空,3162,B0GK6M5S3B,YUN-A110-3,,未分配,B0GK655LH2,,Deep Heel Cup Slide Sandals for Men Adjustable Strap Arch Support House Slippers
Listing负责人为空,3163,B0GK6DR8XH,YUN-A131-3,,未分配,B0GK753ST4,,Basic Rubber Flip Flops for Men Durable Outdoor Thong Sandals for Daily Use
Listing负责人为空,3164,B0GJJQ5N39,YU-Y102-2,,未分配,B0GJJJLBVR,,Lightweight Solid Color Flip Flops for Men and Women
Listing负责人为空,3165,B0GK654BS8,YUN-A132-1,,未分配,B0GK6K776S,,Women's Essential Flat Slides Slip On Casual Sandals for Errands and Dog Walking
Listing负责人为空,3166,B0GK66PSGY,YUN-A110-1,,未分配,B0GK655LH2,,Deep Heel Cup Slide Sandals for Men Adjustable Strap Arch Support House Slippers
Listing负责人为空,3167,B0GJJZH1YF,YU-Y103-1,,未分配,B0GJJ3Y1P8,,Classic Slip-On Flip Flops with Soft Sole
Listing负责人为空,3168,B0GK6G9SPR,YUN-A137-3,,未分配,B0GK65JQSX,,Everyday Wear Slide Sandals Lightweight EVA Comfort Slippers for Home and Garden
Listing负责人为空,3169,B0GK74R7VZ,YUN-A102-1,,未分配,B0GK5ZT8NP,,Cushioned Recovery Slides for Men & Women Soft Yoga Mat Insoles Sport Sandals after Workout
Listing负责人为空,3170,B0GK5ZT8ND,YUN-A109-1,,未分配,B0GK6F1B75,,Biomechanically Designed Arch Support Sandals Orthotic Flip Flops for Flat Feet Relief
Listing负责人为空,3171,B0GK5ZFX2R,YUN-A149-2,,未分配,B0GK6LPZT5,,Knit Upper Slide Sandals Breathable Mesh Fabric Slippers for Summer Cooling
Listing负责人为空,3172,B0GK6KHPXR,YUN-A131-2,,未分配,B0GK753ST4,,Basic Rubber Flip Flops for Men Durable Outdoor Thong Sandals for Daily Use
Listing负责人为空,3173,B0GK6H2871,YUN-A152-1,,未分配,B0GK6DQVWC,,Men's Adjustable Strap Slide Sandals Sport Recovery Slippers with Cushioned Sole for Wide Feet
Listing负责人为空,3174,B0GJK16LDP,YU-Y102-1,,未分配,B0GJJJLBVR,,Lightweight Solid Color Flip Flops for Men and Women
Listing负责人为空,3175,B0GK6NMX1C,YUN-A150-1,,未分配,B0GK6M532T,,Platform Cloud Slides Thick Sole Height Increasing Soft EVA Sandals for Streetwear
Listing负责人为空,3176,B0GK6S638Q,YUN-A130-2,,未分配,B0GK6KWR3S,,Trendy Cross Strap Slides for Women Soft Faux Leather Summer Slippers
Listing负责人为空,3177,B0GK64WW71,YUN-A130-3,,未分配,B0GK6KWR3S,,Trendy Cross Strap Slides for Women Soft Faux Leather Summer Slippers
Listing负责人为空,3178,B0GK6HJWY9,YUN-A148-3,,未分配,B0GK6WNLF7,,Vegan Leather Slide Sandals for Women Cruelty Free Casual Summer Flats
Listing负责人为空,3179,B0GJK4YG6W,YU-Y102-3,,未分配,B0GJJJLBVR,,Lightweight Solid Color Flip Flops for Men and Women
Listing负责人为空,3180,B0GK692SWF,YUN-A147,,未分配,B0GK692SWF,,Massaging Footbed Flip Flops Textured Sole Acupressure Sandals for Relaxation
Listing负责人为空,3181,B0GK6DMZK3,YUN-A144-1,,未分配,B0GK6HVBYC,,Women's Towel Cloth Flip Flops Absorbent Terry Cotton Spa Slippers Washable
Listing负责人为空,3182,B0GJJTN9DB,YU-Y101-2,,未分配,B0GJJ6Z2LZ,,Basic Comfort Flip Flops for Daily Wear
Listing负责人为空,3183,B0GK64WRPM,YUN-A146-1,,未分配,B0GK6DZN59,,Kid's Lightweight Pool Slides Non Slip Elastic Strap Summer Sandals for Boys Girls
Listing负责人为空,3184,B0GJJ3P5YQ,YU-Y101-1,,未分配,B0GJJ6Z2LZ,,Basic Comfort Flip Flops for Daily Wear
Listing负责人为空,3185,B0GK5RGBMQ,YUN-A136-3,,未分配,B0GK6Q2MRM,,Men's Wide Fit Flip Flops Adjustable Strap Comfort Sandals for Swollen Feet
Listing负责人为空,3186,B0GK6RLHXF,YUN-A145-1,,未分配,B0GK5R6R62,,Men's Injection Molded Slides One Piece Durable Construction Garden Clogs
Listing负责人为空,3187,B0GK6Q2MRK,YUN-A138-3,,未分配,B0GK6LFTQV,,Sturdy Rubber Flip Flops for Pool Side Water Friendly Summer Sandals
Listing负责人为空,3188,B0GK64T7B8,YUN-A127-3,,未分配,B0GK6H4939,,Men's Leather Strap Flip Flops Rugged Outdoor Summer Sandals with Arch Support
Listing负责人为空,3189,B0GK696L53,YUN-A125-3,,未分配,B0GK6DMWJ8,,Stylish Metal Buckle Slides for Women Faux Leather Flat Sandals for Daily Wear
Listing负责人为空,3190,B0GK711WNB,YUN-A151-1,,未分配,B0GK758657,,Women's Orthotic Flip Flops with High Arch Support Lightweight Thong Sandals for Heel Pain Relief
Listing负责人为空,3191,B0GK7B97SM,YUN-A106-1,,未分配,B0GK756TTL,,Comfort Foam Slides for Plantar Fasciitis Arch Support Slip On Sandals for Home Recovery
Listing负责人为空,3192,B0GK5VGQ1H,YUN-A123-1,,未分配,B0GK5ZPXWP,,Men's Canvas Strap Flip Flops Durable Rubber Sole Casual Beach Sandals for Summer
Listing负责人为空,3193,B0GK6GJW8W,YUN-A102-2,,未分配,B0GK5ZT8NP,,Cushioned Recovery Slides for Men & Women Soft Yoga Mat Insoles Sport Sandals after Workout
Listing负责人为空,3194,B0GK6B8XYS,YUN-A144-2,,未分配,B0GK6HVBYC,,Women's Towel Cloth Flip Flops Absorbent Terry Cotton Spa Slippers Washable
Listing负责人为空,3195,B0GK68SWTG,YUN-A103-1,,未分配,B0GK6MB27H,,Orthotic Arch Support Sandals for Women Lightweight Walking Flip Flops with Deep Heel Cup
Listing负责人为空,3196,B0GJJMM5HV,YU-Y101-3,,未分配,B0GJJ6Z2LZ,,Basic Comfort Flip Flops for Daily Wear
Listing负责人为空,3197,B0GK7B6K28,YUN-A145-2,,未分配,B0GK5R6R62,,Men's Injection Molded Slides One Piece Durable Construction Garden Clogs
Listing负责人为空,3198,B0GK74JFP4,YUN-A117-1,,未分配,B0GK5ZLZ86,,Unisex Bathroom Flip Flops Anti-Skid Sole Quick Dry Soft Shower Shoes for Dorms
Listing负责人为空,3199,B0GK68XTJ4,YUN-A153-2,,未分配,B0GK6KRL7S,,Women's Cork Footbed Sandals Suede Leather Double Buckle Slides Classic Casual Summer Shoes
Listing负责人为空,3200,B0GK66NHLN,YUN-A153-1,,未分配,B0GK6KRL7S,,Women's Cork Footbed Sandals Suede Leather Double Buckle Slides Classic Casual Summer Shoes
Listing负责人为空,3201,B0GK658N3V,YUN-A101-1,,未分配,B0GK5ZVCW5,,Women's Arch Support Flip Flops Comfortable Orthotic Thong Sandals for Plantar Fasciitis Relief
Listing负责人为空,3202,B0GK5R8KGF,YUN-A143-2,,未分配,B0GK64TB1Z,,Adjustable Double Buckle Slides for Wide Feet Cork Footbed Comfort Sandals
Listing负责人为空,3203,B0GK66L4SN,YUN-A114-2,,未分配,B0GK6H1K3Q,,Non Slip Shower Slides for Elderly Safety Bathroom Sandals with Grip Sole Water Friendly
Listing负责人为空,3204,B0GK5XQQCQ,YUN-A113-2,,未分配,B0GK6DHXS6,,Men's Gym Shower Flip Flops Antimicrobial Resistant Rubber Sole Quick Dry Pool Sandals
Listing负责人为空,3205,B0GK6S4QXL,YUN-A113-3,,未分配,B0GK6DHXS6,,Men's Gym Shower Flip Flops Antimicrobial Resistant Rubber Sole Quick Dry Pool Sandals
Listing负责人为空,3206,B0GK5ZFP1V,YUN-A136-1,,未分配,B0GK6Q2MRM,,Men's Wide Fit Flip Flops Adjustable Strap Comfort Sandals for Swollen Feet
Listing负责人为空,3207,B0GK5ZHRDY,YUN-A142-2,,未分配,B0GK5VV735,,Fuzzy Fur Slides for Women Open Toe Memory Foam House Slippers with Rubber Sole
Listing负责人为空,3208,B0GK7BB71Z,YUN-A150-3,,未分配,B0GK6M532T,,Platform Cloud Slides Thick Sole Height Increasing Soft EVA Sandals for Streetwear
Listing负责人为空,3209,B0GK5VYNJX,YUN-A113-1,,未分配,B0GK6DHXS6,,Men's Gym Shower Flip Flops Antimicrobial Resistant Rubber Sole Quick Dry Pool Sandals
Listing负责人为空,3210,B0GK5ZYX1B,YUN-A111-2,,未分配,B0GK74G2FX,,Quick Drying Shower Sandals for Bathroom Non Slip EVA Soft Sole Open Toe House Slippers
Listing负责人为空,3211,B0GK6HTQMM,YUN-A106-3,,未分配,B0GK756TTL,,Comfort Foam Slides for Plantar Fasciitis Arch Support Slip On Sandals for Home Recovery
Listing负责人为空,3212,B0GK6DMZJ6,YUN-A106-2,,未分配,B0GK756TTL,,Comfort Foam Slides for Plantar Fasciitis Arch Support Slip On Sandals for Home Recovery
Listing负责人为空,3213,B0GK751VG2,YUN-A104-1,,未分配,B0GK6KLTKP,,Men's Sport Recovery Sandals Thick Sole Shock Absorbing Slides for Indoor & Outdoor Comfort
Listing负责人为空,3214,B0GK6WTQB4,YUN-A120-2,,未分配,B0GK5VXBLY,,Durable Rubber Shower Flip Flops Hygienic Gym Sandals with Traction Sole
Listing负责人为空,3215,B0GK6RPW2Z,YUN-A116-2,,未分配,B0GK6NJQ2B,,Drain Holes Shower Sandals Quick Drying Gym Bath Slippers Antimicrobial Resistant Slides
Listing负责人为空,3216,B0GK64MM3R,YUN-A132-3,,未分配,B0GK6K776S,,Women's Essential Flat Slides Slip On Casual Sandals for Errands and Dog Walking
Listing负责人为空,3217,B0GK6M83NP,YUN-A114-1,,未分配,B0GK6H1K3Q,,Non Slip Shower Slides for Elderly Safety Bathroom Sandals with Grip Sole Water Friendly
Listing负责人为空,3218,B0GK6FBNNL,YUN-A103-2,,未分配,B0GK6MB27H,,Orthotic Arch Support Sandals for Women Lightweight Walking Flip Flops with Deep Heel Cup
Listing负责人为空,3219,B0GK6KD5QQ,YUN-A109-3,,未分配,B0GK6F1B75,,Biomechanically Designed Arch Support Sandals Orthotic Flip Flops for Flat Feet Relief
Listing负责人为空,3220,B0GK5ZYFPC,YUN-A109-2,,未分配,B0GK6F1B75,,Biomechanically Designed Arch Support Sandals Orthotic Flip Flops for Flat Feet Relief
Listing负责人为空,3221,B0GK6GN8PS,YUN-A101-2,,未分配,B0GK5ZVCW5,,Women's Arch Support Flip Flops Comfortable Orthotic Thong Sandals for Plantar Fasciitis Relief
Listing负责人为空,3222,B0GJJFCYTF,YU-Y106-1,,未分配,B0GJJ9PDHG,,Durable Flat Flip Flops for Everyday Activities
Listing负责人为空,3223,B0GJJNMSZ8,YU-Y104-1,,未分配,B0GJJ46HYM,,Casual Summer Flip Flops for Indoor & Outdoor Use
Listing负责人为空,3224,B0GK71QGW9,YUN-A104-2,,未分配,B0GK6KLTKP,,Men's Sport Recovery Sandals Thick Sole Shock Absorbing Slides for Indoor & Outdoor Comfort
Listing负责人为空,3225,B0GK6HHH66,YUN-A103-3,,未分配,B0GK6MB27H,,Orthotic Arch Support Sandals for Women Lightweight Walking Flip Flops with Deep Heel Cup
Listing负责人为空,3226,B0GK6M3Z6X,YUN-A122-2,,未分配,B0GK6WVV1S,,Fashion Braided Strap Slides for Women Flat Summer Sandals for Dressy Casual Outfits
Listing负责人为空,3227,B0GK5YSYPK,YUN-A117-3,,未分配,B0GK5ZLZ86,,Unisex Bathroom Flip Flops Anti-Skid Sole Quick Dry Soft Shower Shoes for Dorms
Listing负责人为空,3228,B0GK6M1N4V,YUN-A101-3,,未分配,B0GK5ZVCW5,,Women's Arch Support Flip Flops Comfortable Orthotic Thong Sandals for Plantar Fasciitis Relief
Listing负责人为空,3229,B0GK6LCR7B,YUN-A102-3,,未分配,B0GK5ZT8NP,,Cushioned Recovery Slides for Men & Women Soft Yoga Mat Insoles Sport Sandals after Workout
Listing负责人为空,3230,B0GJJTXL9W,YU-Y106-2,,未分配,B0GJJ9PDHG,,Durable Flat Flip Flops for Everyday Activities
Listing负责人为空,3231,B0GK66CNLT,YUN-A116-3,,未分配,B0GK6NJQ2B,,Drain Holes Shower Sandals Quick Drying Gym Bath Slippers Antimicrobial Resistant Slides
Listing负责人为空,3232,B0GK6PJWDV,YUN-A121-2,,未分配,B0GK6H287G,,Women's Classic Thong Flip Flops Simple Casual Summer Beach Sandals with Flexible Sole
Listing负责人为空,3233,B0GK6WCHDQ,YUN-A128-1,,未分配,B0GK6WNLDH,,Women's Strappy Flat Sandals Casual Gladiator Flip Flops for Summer Holiday
Listing负责人为空,3234,B0GK7BFDK9,YUN-A108-2,,未分配,B0GK6GV9BQ,,Women's Yoga Foam Flip Flops Soft Cushioned Thong Sandals for Daily Walking and Vacation
Listing负责人为空,3235,B0GK6GN8RZ,YUN-A115-1,,未分配,B0GK717D7L,,Soft EVA House Slippers for Guest Indoor Silent Mute Sandals for Bedroom and Living Room
Listing负责人为空,3236,B0GK64SNBX,YUN-A127-1,,未分配,B0GK6H4939,,Men's Leather Strap Flip Flops Rugged Outdoor Summer Sandals with Arch Support
Listing负责人为空,3237,B0GK69VGYG,YUN-A124-2,,未分配,B0GK6MPQLW,,Women's Summer Platform Flip Flops Wedge Thick Sole Beach Sandals for Vacation
Listing负责人为空,3238,B0GJK7YWBY,YU-Y105-2,,未分配,B0GJJ46HYN,,Simple Design Non-Slip Flip Flops for Adults
Listing负责人为空,3239,B0GK66FKRS,YUN-A124-1,,未分配,B0GK6MPQLW,,Women's Summer Platform Flip Flops Wedge Thick Sole Beach Sandals for Vacation
Listing负责人为空,3240,B0GK5VL8B1,YUN-A111-3,,未分配,B0GK74G2FX,,Quick Drying Shower Sandals for Bathroom Non Slip EVA Soft Sole Open Toe House Slippers
Listing负责人为空,3241,B0GK6GN8RJ,YUN-A104-3,,未分配,B0GK6KLTKP,,Men's Sport Recovery Sandals Thick Sole Shock Absorbing Slides for Indoor & Outdoor Comfort
Listing负责人为空,3242,B0GJHSGDV7,YU-Y105-1,,未分配,B0GJJ46HYN,,Simple Design Non-Slip Flip Flops for Adults
Listing负责人为空,3243,B0GK5XQQCM,YUN-A118-2,,未分配,B0GK6W8S5Q,,Waterproof EVA Slides for Pool and Beach Lightweight Washable Summer Sandals
Listing负责人为空,3244,B0GK63RC8W,YUN-A116-1,,未分配,B0GK6NJQ2B,,Drain Holes Shower Sandals Quick Drying Gym Bath Slippers Antimicrobial Resistant Slides
Listing负责人为空,3245,B0GJJVJX1M,YU-Y103-3,,未分配,B0GJJ3Y1P8,,Classic Slip-On Flip Flops with Soft Sole
Listing负责人为空,3246,B0GK6FB5PG,YUN-A115-3,,未分配,B0GK717D7L,,Soft EVA House Slippers for Guest Indoor Silent Mute Sandals for Bedroom and Living Room
Listing负责人为空,3247,B0GK5TWXW3,YUN-A105-1,,未分配,B0GK69SV48,,Ergonomic Flip Flops for Women with Arch Support Durable Rubber Sole Summer Beach Sandals
Listing负责人为空,3248,B0GK5VMK7N,YUN-A143-3,,未分配,B0GK64TB1Z,,Adjustable Double Buckle Slides for Wide Feet Cork Footbed Comfort Sandals
Listing负责人为空,3249,B0GK6H493V,YUN-A143-1,,未分配,B0GK64TB1Z,,Adjustable Double Buckle Slides for Wide Feet Cork Footbed Comfort Sandals
Listing负责人为空,3250,B0GK66GF9W,YUN-A149-1,,未分配,B0GK6LPZT5,,Knit Upper Slide Sandals Breathable Mesh Fabric Slippers for Summer Cooling
Listing负责人为空,3251,B0GK7533XJ,YUN-A141-1,,未分配,B0GK6KN1L8,,Linen House Slippers for Women Breathable Open Toe Sweat Wicking Indoor Sandals
Listing负责人为空,3252,B0GK5TWXWG,YUN-A142-3,,未分配,B0GK5VV735,,Fuzzy Fur Slides for Women Open Toe Memory Foam House Slippers with Rubber Sole
Listing负责人为空,3253,B0GK5ZTLRR,YUN-A151-3,,未分配,B0GK758657,,Women's Orthotic Flip Flops with High Arch Support Lightweight Thong Sandals for Heel Pain Relief
Listing负责人为空,3254,B0GK6GM8WF,YUN-A137-1,,未分配,B0GK65JQSX,,Everyday Wear Slide Sandals Lightweight EVA Comfort Slippers for Home and Garden
Listing负责人为空,3255,B0GK5RSMRY,YUN-A124-3,,未分配,B0GK6MPQLW,,Women's Summer Platform Flip Flops Wedge Thick Sole Beach Sandals for Vacation
Listing负责人为空,3256,B0GK6G752C,YUN-A122-1,,未分配,B0GK6WVV1S,,Fashion Braided Strap Slides for Women Flat Summer Sandals for Dressy Casual Outfits
Listing负责人为空,3257,B0GK6DT4CM,YUN-A132-2,,未分配,B0GK6K776S,,Women's Essential Flat Slides Slip On Casual Sandals for Errands and Dog Walking
Listing负责人为空,3258,B0GK751VHT,YUN-A139-3,,未分配,B0GK6ZXVJF,,Women's Narrow Fit Thong Sandals Slim Strap Flip Flops for Petite Feet
Listing负责人为空,3259,B0GK6GF4B6,YUN-A138-1,,未分配,B0GK6LFTQV,,Sturdy Rubber Flip Flops for Pool Side Water Friendly Summer Sandals
Listing负责人为空,3260,B0GK6M8GSZ,YUN-A135-1,,未分配,B0GK74XQSN,,Women's Casual Slip On Sandals Flexible Sole Flat Slides for Indoor Outdoor Use
Listing负责人为空,3261,B0GK6DR8X6,YUN-A129-3,,未分配,B0GK5ZM3GT,,Lightweight Travel Flip Flops for Women Packable Beach Sandals Essential Vacation Gear
Listing负责人为空,3262,B0GK74KMWT,YUN-A119-2,,未分配,B0GK5ZN1B6,,Solid Color Home Slippers Soft Sole Bathroom Sandals Non Slip Slides for Couples
Listing负责人为空,3263,B0GK6ND9Y1,YUN-A112-1,,未分配,B0GK7B76G9,,Women's Bathroom Cloud Slides Lightweight Non Slip Shower Slippers with Drain Holes
Listing负责人为空,3264,B0GK6M8TS6,YUN-A135-2,,未分配,B0GK74XQSN,,Women's Casual Slip On Sandals Flexible Sole Flat Slides for Indoor Outdoor Use
Listing负责人为空,3265,B0GK6M9PC7,YUN-A125-1,,未分配,B0GK6DMWJ8,,Stylish Metal Buckle Slides for Women Faux Leather Flat Sandals for Daily Wear
Listing负责人为空,3266,B0GK7BDZJY,YUN-A133-2,,未分配,B0GK7BHGSG,,Classic Solid Color Flip Flops Unisex Lightweight Beach Thong Sandals Bulk Pack
Listing负责人为空,3267,B0GK7B76H8,YUN-A148-1,,未分配,B0GK6WNLF7,,Vegan Leather Slide Sandals for Women Cruelty Free Casual Summer Flats
Listing负责人为空,3268,B0GK6GZ8QD,YUN-A123-3,,未分配,B0GK5ZPXWP,,Men's Canvas Strap Flip Flops Durable Rubber Sole Casual Beach Sandals for Summer
Listing负责人为空,3269,B0GK6HM828,YUN-A119-3,,未分配,B0GK5ZN1B6,,Solid Color Home Slippers Soft Sole Bathroom Sandals Non Slip Slides for Couples
Listing负责人为空,3270,B0GK5X88NR,YUN-A136-2,,未分配,B0GK6Q2MRM,,Men's Wide Fit Flip Flops Adjustable Strap Comfort Sandals for Swollen Feet
Listing负责人为空,3271,B0GK5DYG83,YUN-A131-1,,未分配,B0GK753ST4,,Basic Rubber Flip Flops for Men Durable Outdoor Thong Sandals for Daily Use
Listing负责人为空,3272,B0GK64YRXK,YUN-A151-2,,未分配,B0GK758657,,Women's Orthotic Flip Flops with High Arch Support Lightweight Thong Sandals for Heel Pain Relief
Listing负责人为空,3273,B0GK6F9JT2,YUN-A125-2,,未分配,B0GK6DMWJ8,,Stylish Metal Buckle Slides for Women Faux Leather Flat Sandals for Daily Wear
Listing负责人为空,3274,B0GK5RGKVV,YUN-A140-3,,未分配,B0GK6PSMZ4,,All Season Home Slides Durable Anti-Slip Sole Basic Comfort Sandals for Family
Listing负责人为空,3275,B0GK6B1DL3,YUN-A122-3,,未分配,B0GK6WVV1S,,Fashion Braided Strap Slides for Women Flat Summer Sandals for Dressy Casual Outfits
Listing负责人为空,3276,B0GJK4X6JH,YU-Y106-3,,未分配,B0GJJ9PDHG,,Durable Flat Flip Flops for Everyday Activities
Listing负责人为空,3277,B0GK6WG68M,YUN-A121-3,,未分配,B0GK6H287G,,Women's Classic Thong Flip Flops Simple Casual Summer Beach Sandals with Flexible Sole
Listing负责人为空,3278,B0GK6PXD94,YUN-A120-3,,未分配,B0GK5VXBLY,,Durable Rubber Shower Flip Flops Hygienic Gym Sandals with Traction Sole
Listing负责人为空,3279,B0GK5VMRJC,YUN-A117-2,,未分配,B0GK5ZLZ86,,Unisex Bathroom Flip Flops Anti-Skid Sole Quick Dry Soft Shower Shoes for Dorms
Listing负责人为空,3280,B0GK6SF1G2,YUN-A135-3,,未分配,B0GK74XQSN,,Women's Casual Slip On Sandals Flexible Sole Flat Slides for Indoor Outdoor Use
Listing负责人为空,3281,B0GK6RJMPJ,YUN-A139-2,,未分配,B0GK6ZXVJF,,Women's Narrow Fit Thong Sandals Slim Strap Flip Flops for Petite Feet
Listing负责人为空,3282,B0GK5ZBDNC,YUN-A152-2,,未分配,B0GK6DQVWC,,Men's Adjustable Strap Slide Sandals Sport Recovery Slippers with Cushioned Sole for Wide Feet
Listing负责人为空,3283,B0GK6WZCCP,YUN-A129-2,,未分配,B0GK5ZM3GT,,Lightweight Travel Flip Flops for Women Packable Beach Sandals Essential Vacation Gear
Listing负责人为空,3284,B0GK5R9Z4P,YUN-A152-3,,未分配,B0GK6DQVWC,,Men's Adjustable Strap Slide Sandals Sport Recovery Slippers with Cushioned Sole for Wide Feet
Listing负责人为空,3285,B0GK6H493G,YUN-A139-1,,未分配,B0GK6ZXVJF,,Women's Narrow Fit Thong Sandals Slim Strap Flip Flops for Petite Feet
Listing负责人为空,3286,B0GK6F8G3D,YUN-A149-3,,未分配,B0GK6LPZT5,,Knit Upper Slide Sandals Breathable Mesh Fabric Slippers for Summer Cooling
Listing负责人为空,3287,B0GK66M41Q,YUN-A144-3,,未分配,B0GK6HVBYC,,Women's Towel Cloth Flip Flops Absorbent Terry Cotton Spa Slippers Washable
Listing负责人为空,3288,B0GK5ZRRBW,YUN-A127-2,,未分配,B0GK6H4939,,Men's Leather Strap Flip Flops Rugged Outdoor Summer Sandals with Arch Support
Listing负责人为空,3289,B0GK6F9JTL,YUN-A130-1,,未分配,B0GK6KWR3S,,Trendy Cross Strap Slides for Women Soft Faux Leather Summer Slippers
Listing负责人为空,3290,B0GK6FDDWJ,YUN-A153-3,,未分配,B0GK6KRL7S,,Women's Cork Footbed Sandals Suede Leather Double Buckle Slides Classic Casual Summer Shoes
