报告ASIN,报告标题,匹配负责人,MSKU,FBA可售,近7日销量,本周GV,本周销量,上周GV,上周销量
B0H1WRQK1W,"Press Garlic Chopper, Manual Garlic Cutter Mincer, Stainless Steel Blade Garlic Presser for Kitchen Cooking",未匹配 Excel,,,,11,0,0,0
B0GYWRTYQ8,"Big Kids Water Shoes, Polar Bear Print Quick Dry Aqua Socks for Big Kids Beach Swim Pool Slip On",公司,QS-501-D10-30/31,1,0,0,0,4,0
B0GQBGHBNV,"Surf Water Shoes for Men Women, Anti Slip Rubber Sole, Stretch Upper, Quick Dry",公司,QS-016-42/43,11,1,0,0,3,0
B0GX15TYTL,"Slip On Beach Shoes Men Women, Non Skid Sole, Quick Dry Water Shoes",公司,QS-053-44/45,2,1,0,0,2,0
B0H2MGQWNK,"Water Shoes for Women Men, Quick Dry Aqua Socks for Pool Beach Boat Dock Lake Resort Summer Travel, 2625, Adult Travel",公司,QS-2625-38/39,2,0,0,0,1,0
B0GYYM1WG2,"Natural Color Dog Ring Rope Toy, Interactive Tug Chew Ring for Small Dogs, Teething Knot Rope Toy for Pet Daily Play",未匹配 Excel,,,,8,2,0,0
B0GWL4Y318,Men Women Water Shoes Quick Dry Non Slip Barefoot Shoes Lightweight Breathable Beach Swim Surf Yoga Outdoor Sports Aqua Socks,公司,SP-XIE-Q38/39,10,0,0,0,3,0
B0GVW9B1XZ,"Foldable Flip Flops for Travel, Lightweight Portable Silicone Slippers, Compact Non-Slip Sandals for Home/Hotel/Beach, Comfortable Flexible Footwear for Women & Men",公司,ZD001-Grey-9/10,0,0,0,0,0,1
B0GQBWV6V8,Soft Water Shoes Lightweight Quick Dry Shoes for Beach Surfing Yoga,公司,QS-031-42/43,4,0,0,0,3,0
B0H2VWDGDY,"2 Pack Devil‑Horn Heart Car Pull Ring, Universal Interior Hanging Ornament Strap for Automotive Modification",未分配,QCGS-EMJLH-HUANG,3,0,0,0,2,0
B0GL9J1BLX,"Foldable EVA Flip Flops for Women Men, Wide Strap Non-Slip Travel Sandals, Lightweight Quick-Drying Beach Slippers for Vacation, Pool & Shower",未匹配 Excel,,,,41,4,0,0
B0GXHHGSVV,"Lightweight Beach Water Shoes for Men Women, Anti Slip Sole, Quick Dry Swim",公司,QS-040-36/37,2,0,0,0,3,0
B0GZYJ7CT4,"Foldable Reusable Tote Bag, No-Hole Textured Shopping Bag for Small Items, Gift Box Cover, Travel Storage",图图,SP-huanbao-zhe-hei,6,0,0,0,5,3
B0GWHX5PC7,"Beach Water Shoes Unisex, Printed Design, Anti Slip Sole, Quick Dry Shoes for Pool Ocean",公司,QS-004-38/39,3,0,0,0,5,1
B0H285PRJ3,"Sliver‑Tone Sparkling Crystal Heart Bracelet, Adjustable Rhinestone Love Pendant Chain Bracelet For Women",未匹配 Excel,,,,50,2,0,0
B0GQBV6DX2,Soft Water Shoes Lightweight Quick Dry Shoes for Beach Surfing Yoga,公司,QS-031-40/41,6,0,0,0,8,0
B0GWPBGMCG,"No Show Liner Socks for Women & Men, Breathable Cooling Summer Boat Socks, Invisible Non-Slip Casual Socks,5 Pairs",图图,SP-WZ-chuan01,5,1,0,0,4,1
B0GVS1H1F2,"8 Pack Multi Color Sports Wristbands, Soft Elastic Sweat Absorbent Wrist Wraps for Basketball, Running, Fitness & Daily Sports",图图,SP-huwan-xihan01,1,0,0,0,4,0
B0H1S4KNSR,"River Shoes for Women Men, Aqua Socks, Water Footwear, Quick Dry Beach Pool Lake Weekend Travel Trip Pair",公司,QS-132-36/37,2,0,0,0,1,0
B0GWM4BKBF,"Adjustable Ankle Support Brace, Breathable Stabilizer Sleeve for Running, Basketball, Fitness,Sprain Prevention, Compression Wrap for Men Women",未匹配 Excel,,,,14,2,0,0
B0GQBSD76W,"Pool Water Shoes for Men Women, Anti Skid Sole, Quick Dry, Lightweight Swim Shoes",公司,QS-014-42/43,6,0,0,0,3,0
B0GWHKXK8X,"Unisex River Trek Water Shoes, Anti Skid Sole, Durable Outsole, Quick Dry",公司,QS-094-36/37,6,0,0,0,4,1
B0GZVLYXWV,"2 In 1 Coffee Scoop With Bag Clip, Multi Purpose Metal Measuring Spoon For Coffee Bean Tea Food Storage",凯旋,KCC-HCKFJ-CAI,10,0,0,0,2,0
B0H159L2TH,"Unisex Printed Water Shoes, Anti Skid Rubber Sole, Lightweight Slip On Beach Shoes",公司,QS-088-36/37,0,1,0,0,0,1
B0GVXCPVKZ,"Foldable EVA Travel Slippers for Women Men, Lightweight Quick Drying Non Slip Shower Sandals, Portable Flip Flops for Bathroom, Hotel, Beach, Pool & Cruise",公司,ZD002-Grey-10/11,3,0,0,0,3,1
B0GYRL8261,"Water Shoes for Men Women, Durable Rubber Outsole, Soft Stretch Upper, for Pool",公司,QS-011-38/39,4,0,0,0,3,0
B0GQBRNH2V,"Pool Water Shoes for Men Women, Anti Skid Sole, Quick Dry, Lightweight Swim Shoes",公司,QS-006-42/43,2,0,0,0,6,1
B0H2MGW3S6,"Water Shoes for Women Men, Water Footwear for Beach Pool Spa Hotel River Lake Cruise Travel Pair, 2705, Adult Travel",公司,QS-2705-38/39,2,0,0,0,1,0
B0GWHSBV7R,"Rafting Beach Water Shoes Unisex, Anti Slip Rubber Sole, Quick Dry Slip On",公司,QS-035-38/39,8,0,0,0,5,0
B0H2LPF3LY,"Multifunctional Kitchen Chopper Tool, Heat Resistant Nylon Mixer Masher, Ergonomic Non-Slip Handle for Daily Cooking",未匹配 Excel,,,,3,0,0,0
B0GWPF8SFK,"20L Waterproof Dry Bag, Roll Top Sack for Kayaking, Boating, Fishing, Camping, Hiking, Beach, Swimming, Keep Gear Dry",凯旋,KCC-FSD-W20,7,0,0,0,1,0
B0GQBP3SH9,"Water Shoes Men Women, Non Slip Sole, Quick Dry, for Creek Hiking Beach Travel",未匹配 Excel,,,,233,24,0,0
B0H1S4T9D8,"Aqua Socks for Women Men, Water Shoes, Slip On Swim Footwear, Resort Pool Beach Water Park Cruise Summer Pair",公司,QS-115-44/45,2,0,0,0,1,0
B0H2MGVWTN,"Water Shoes for Women Men, Aqua Socks, Foldable Water Shoes for Beach Pool River Lake Cruise Trip Pair, 2529, Adult Travel",公司,QS-2529-42/43,1,0,0,0,1,0
B0GQBY1K5X,Summer Water Shoes for Women Men Comfort Quick Dry Beach Walking Shoes,公司,QS-036-42/43,2,0,0,0,4,0
B0GYRLPJHD,"Beach Water Shoes Unisex, Anti Slip Pattern Sole, Quick Dry Swim Shoes for Ocean",公司,QS-100-38/39,2,0,0,0,7,0
B0GZ213HB8,"Foldable EVA Flip Flops for Women Men, Wide Strap Non-Slip Travel Sandals, Lightweight Quick-Drying Beach Slippers for Vacation, Pool & Shower",公司,ZD003-Yellow-9/10,2,0,0,0,4,1
B0GSVJ12RX,Halter String Triangle Bikini Set Women Vintage Print Two Piece Back Self Tie Swimsuit,图图,KC-B12-M,1,0,0,0,8,0
B0H3VBSMBX,"Single Stainless Steel Mosquito Coil Holder, Round Ventilated Cover Incense Burner, Fireproof Mesh Mosquito Repellent Coil Tray for Indoor Outdoor Home Patio Use",凯旋,KCC-WXZJ-1,29,3,0,0,4,6
B0H1RYTDRY,"River Shoes for Women Men, Aqua Socks, Water Footwear, Quick Dry Beach Pool Lake Weekend Travel Trip Pair",公司,QS-132-44/45,2,0,0,0,1,0
B0GQC9762Y,"Unisex Reef Shoes, Non Slip Rubber Sole, Protective Water Shoes for Beach Ocean",公司,QS-021-42/43,7,0,0,0,4,0
B0H118DFFJ,String Bikini Tops for Women Sexy Triangle Bathing Suit Tops Adjustable Tie Back Swim Tops,图图,KC-B20-M,4,0,0,0,2,0
B0GWHLRHS3,"Creek River Water Shoes Men Women, Non Slip Rubber Sole, Quick Dry Slip On Shoes",公司,QS-099-44/45,1,0,0,0,2,0
B0GXYFH5KP,"Inlaid Zircon Non Piercing Ear Cuff, Stylish Cartilage Ear Wrap As Daily Fashion Accessory For Women Outfit Decoration",凯旋,KCC-ED-43,0,0,0,0,26,1
B0GYXQJ7WV,"Ring Shaped Dog Rope Toy, Interactive Tug Chew Toy for Small Dogs, Teething Rope Knot Toy for Pet Daily Play",未匹配 Excel,,,,6,0,0,0
B0H1R1JTQ8,"Stainless Steel Oil Separator Spoon, Fat Gravy Skimmer Ladle, Kitchen Soup Oil Filter Spoon for Cooking",图图,SP-geyoulou-1,5,0,0,0,19,0
B0GXTQLJ12,"Diving Swim Water Shoes for Men Women, Non Skid Sole, Stretch Fit Slip On",公司,QS-049-38/39,3,0,0,0,3,0
B0GS8XL36M,Keychain for Men Women - Durable Metal Key Chain with Key Ring Car Key Accessory,凯旋,KC-03-01,3,2,0,0,239,0
B0GWHX49PK,"Water Shoes for Men Women, Non Skid Sole, Stretch Fit, Snorkeling Surf Swim Shoes",公司,QS-003-44/45,13,0,0,0,3,0
B0GXHVXC4T,"Unisex Swim Shoes, Rubber Outsole Anti Slip, Soft Stretch Upper, for Beach Snorkel",公司,QS-005-38/39,3,0,0,0,5,0
B0GZYGQW3S,"Foldable Reusable Tote Bag, No-Hole Textured Shopping Bag for Small Items, Gift Box Cover, Travel Storage",图图,SP-huanbao-zhe-ka,4,1,0,0,4,2
B0GWJ28VVZ,"Snorkeling Water Shoes for Men Women, Non Slip Rubber Sole, Quick Dry Beach Shoes",公司,QS-084-44/45,3,0,0,0,1,0
B0GQC613XT,"Pool Beach Water Shoes Unisex, Non Slip Rubber Sole, Printed Quick Dry Shoes",公司,QS-056-40/41,2,0,0,0,7,0
B0GQBYRX2R,Lightweight Foldable Water Shoes Comfort Beach Shoes for Pool Travel,未匹配 Excel,,,,1,0,0,0
B0GXHTP7GF,"Unisex Swim Shoes, Rubber Outsole Anti Slip, Soft Stretch Upper, for Beach Snorkel",公司,QS-005-44/45,1,0,0,0,3,0
B0GQBTVKL9,"Pool Beach Aqua Shoes Men Women, Non Skid Rubber Sole, Lightweight Quick Dry",公司,QS-091-42/43,9,0,0,0,3,0
B0H1Q6XP5V,"Vintage Elephant Keychain, Boho Resin Elephant Pendant Key Ring With Bead Tassel For Bag Car Keys",未匹配 Excel,,,,4,0,0,0
B0GS91TM1D,"Aqua Socks for Women Men, Water Shoes, Slip On Swim Footwear, Resort Pool Beach Water Park Cruise Summer Pair",公司,QS-115-42/43,1,1,0,0,0,1
B0H2GRTX7H,"Stainless Steel Handheld Whisk, a Versatile Metal Mixer Perfect for Egg Beating, Blending and Stirring in Kitchen Cooking and Baking",未匹配 Excel,,,,4,1,0,0
B0GY2KPJL8,"Lightweight Foldable Water Shoes, Anti-Slip Quick Dry Aqua Socks for Travel Beach",公司,SP-XIE3-S36/37,6,0,0,0,3,0
B0H1RTQLKP,"Pool Shoes for Women Men, Aqua Socks, Swim Footwear, Quick Dry Beach Lake Resort Cruise Summer Travel Pair",公司,QS-128-36/37,2,0,0,0,2,0
B0GSVJZ9M4,Womens Two Piece Bikini Set Vintage Print Swimwear Halter String Triangle Swimsuit Back Self Tie Spaghetti Strap Bathing Suit,图图,KC-B9-M,3,0,0,0,4,0
B0H4ZKSMFK,"Adhesive Wall Mount Eyeglasses Holder, Clear Acrylic Sunglasses Storage Organizer, No Drill Glasses Rack for Bathroom Vanity Bedroom Cabinet Wall",图图,SP-yanjingqiang1-1,2,3,0,0,1,0
B0H1S18687,"Swim Shoes for Women Men, Water Shoes, Aqua Socks, Lightweight Surf Beach River Dock Travel Footwear",公司,QS-120-36/37,1,0,0,0,2,0
B0GZY8JYQ8,"Foldable Reusable Tote Bag, No-Hole Textured Shopping Bag for Small Items, Gift Box Cover, Travel Storage",未匹配 Excel,,,,28,5,0,0
B0GVR7TJCT,"Multifunctional Aluminum Alloy Carabiner Clip, Heavy Duty D-Ring Locking Carabiner for Outdoor Hiking Camping Backpack Keychain,10 Pack",图图,SP-dengsan01-32,10,2,0,0,7,2
B0H2MJBTHZ,"Water Shoes for Women Men, Aqua Socks, Slip On Swim Shoes for Beach Pool Lake Boat Resort Travel Pair, 2561, Adult Travel",公司,QS-2561-40/41,1,2,0,0,2,0
B0GWMD6H3X,"Highland Cow Keychain, Cow Keychain, Keychain For Women, Bag Charm Keychain, Purse Keychain",凯旋,KCC-CKYSK-1,23,1,0,0,1,0
B0GYWX516C,"Kids Water Shoes, Cute Starfish Print Quick-Dry Aqua Socks for Toddler Boys Girls, Non-Slip Swim Shoes for Beach, Pool, Water Park, River Trekking, and Indoor Activities",公司,QS-527-A110-30-31,3,0,0,0,1,0
B0GS879CK3,Keychain for Men Women - Durable Metal Key Chain with Key Ring Car Key Accessory,图图,KC-21-01,0,0,0,0,67,1
B0H2MHWVWS,"Water Shoes for Women Men, Lightweight Swim Shoes for Beach Hotel Pool Lake Marina Resort Travel Pair, 2515, Adult Travel",公司,QS-2515-40/41,2,0,0,0,2,0
B0GL9B194G,"Foldable EVA Flip Flops for Women Men, Wide Strap Non-Slip Travel Sandals, Lightweight Quick-Drying Beach Slippers for Vacation, Pool & Shower",公司,ZD003-Yellow-7/8,2,0,0,0,6,0
B0GVXH7C28,"Creek River Water Shoes Men Women, Non Slip Rubber Sole, Quick Dry Slip On Shoes",公司,QS-099-38/39,4,1,0,0,5,0
B0H1567MWM,"Diving Beach Water Shoes Men Women, Non Slip Rubber Sole, Quick Dry Swim Shoes",公司,QS-074-36/37,4,0,0,0,2,0
B0H1Q75SDV,"100Pcs Disposable Elastic Food Storage Covers, Stretchable PE Plastic Bowl Covers For Kitchen Fresh Keeping",凯旋,KCC-BXMT-100,10,0,0,0,1,0
B0GXCY51L9,"Anti-Static Tweezers, 4 Styles: Straight, Curved, Round & Fine Point, Precision Stainless Steel for Electronics & Crafts",图图,SP-NZ-Y01,10,0,0,0,2,0
B0GZYZM23C,"Glass Crystal Ball for Women-3D Inner Carved Glass Ball Decor with Stand, Sculpture Decor for Desk Shelf Mantel Office Bedroom (Cat-Butterfly)",凯旋,YQ-QWER-2026426-SJQ,2,1,11,1,3,1
B0GVYR543X,"Slip On Aqua Water Shoes Men Women, Non Slip Sole, Printed Beach Swim Shoes",公司,QS-038-38/39,3,0,0,0,5,0
B0H2GQ6QV7,"Magic Ruler, Scratch Art Kit, 22 Pcs Drawing Stencil Set for Creative Activities and Travel Play",图图,SP-magicruler-22,18,0,0,0,3,0
B0GWPWFQJ1,"2 Pack Universal Cell Phone Lanyard Patch for Phone Case, Compatible with Most Smartphones for Travel, Outdoor, Daily Use",凯旋,KCC-SJJ-BW,0,0,0,0,121,1
B0H1S34VJZ,"Barefoot Water Socks for Women Men, Aqua Shoes, Swim Footwear, Beach Pool Resort Cruise Summer Travel Pair",公司,QS-138-38/39,1,0,0,0,5,0
B0GVRBVJ5Z,"Fuzzy Ball Chenille Hanging Hand Towels 2 Pack, Soft Absorbent Fast Drying Towels with Hanging Loop for Bathroom Kitchen",图图,SP-maojin-gui,13,0,0,0,6,0
B0H1CJ4HR2,"Car Safety Escape Tool, Emergency Window Breaker And Seatbelt Cutter For Vehicle Rescue",凯旋,KCC-PCQ-YIN,2,0,0,0,1,2
B0GTLSHRJ9,"Puppy Teething Rope Toys Set, Dog Rope Knot Chew Toys, Interactive Tug Toys for Small and Medium Dogs",未匹配 Excel,,,,7,0,0,0
B0GZP59R2N,"Kids Water Shoes, Cute Whale & Seahorse Print Quick-Dry Aqua Socks for Toddler Boys Girls, Non-Slip Swim Shoes for Beach, Pool, Water Park, River Trekking, and Indoor Activities",公司,QS-526-B17-26-27,3,0,0,0,1,0
B0GX6CBR5C,"4 Pack Men's Underwear, Soft Breathable Boxer Briefs, Stretch Comfortable Moisture Wicking Underwear for Men Daily Wear Multicolor",凯旋,KCC-NK1-XL,0,0,0,0,1,1
B0GYZBXR4B,"Dog Rope Toys Set of 6, Cotton Interactive Chew Toys for Small/Medium Dogs, Teething & Training Variety Pack",图图,SP-TU-6JT-01,7,3,0,0,1,0
B0GV35X3PV,"3 Pairs Nylon Lined Nitrile Coated Work Gloves, Dipped Rubber Non-Slip Safety Gloves for Gardening, Construction, Household & Men",凯旋,KCC-dingqingshoutao-L-bailan,7,0,0,0,0,2
B0H1W44MSZ,"3Pcs Window Door Track Cleaning Brushes, Hard-to-Reach Gap Cleaner, Ergonomic Handle for Home Office Bathroom Kitchen",图图,SP-qingjieshuang-2,3,0,0,0,11,0
B0GYWSYXZ5,"Big Kids Aqua Socks, Palm Tree & Sun Print Non Slip Water Shoes for Big Kids Beach Swim Quick Dry",未匹配 Excel,,,,2,0,0,0
B0GWLF5MPL,Men Women Water Shoes Quick Dry Non Slip Barefoot Shoes Lightweight Breathable Beach Swim Surf Yoga Outdoor Sports Aqua Socks,公司,SP-XIE-S40/41,8,1,0,0,2,1
B0GS8M33PJ,"Cute Cartoon Starman Beaded Phone Charm, Smiley Face Wrist Strap, Colorful Handmade Polymer Clay & Pearl Chain Phone Lanyard for Women Girls",图图,KC-25-01,4,0,15,0,123,0
B0GQBX3RTX,"Diving Beach Water Shoes Men Women, Non Slip Rubber Sole, Quick Dry Swim Shoes",公司,QS-074-40/41,6,0,0,0,8,0
B0GX9Z8DK7,"30-Piece Ratchet Screwdriver Set with Socket Sleeves, Multi-Bit Home Repair Tool Kit with Storage Case, Phillips Slotted Torx Hex Bits for Furniture, Appliance, Electronics and DIY Projects",凯旋,KCC-LSTTJL-30PCS,5,1,0,0,1,1
B0H1C8Z882,"50 Pack Disposable Shower Drain Hair Catcher Covers, Gray Plastic Hair Stopper Mesh, Floor Sink Strainer Filter for Bathroom, Bathtub and Floor Drains.",图图,SP-guolv-50,0,7,0,0,7,1
B0H2LHQLV1,"2 Pack Divided Bento Lunch Box, 4 Compartment Snack Storage Container with Clear Lid for Office Travel Use",未匹配 Excel,,,,2,0,0,0
B0H25VX1R1,"8 Lbs Telescoping Magnetic Pick Up Tool, Extendable Magnet Stick with Non Slip Orange Handle",未匹配 Excel,,,,10,2,0,0
B0H1H5XH8M,"32 Grids Clear Plastic Bead Storage Organizer, Compartment Container Box For Jewelry Small Parts Crafts",未匹配 Excel,,,,8,0,0,0
B0GVXW57L9,"Water Shoes Unisex, Anti Slip Pattern Sole, Thick Insole, for Creek River Beach",公司,QS-067-38/39,6,0,0,0,2,0
B0GQBWTWT5,Summer Beach Shoes Lightweight Water Shoes for Women Men Daily Sports,公司,QS-073-40/41,2,0,6,0,6,0
B0GVK28TBN,"Adhesive-Free Lower Eyelashes, Natural Look Fake Bottom Lashes, Reusable Multiple Styles Soft Under Lashes for Daily Makeup",图图,SP-mianjiao-zhao,3,1,0,0,3,1
B0GXYNCN33,"2Pcs Plastic Magnetic Bottle Openers, Fridge Adsorbable Beer Bottle Openers for Home Kitchen Bar Party Daily Use",未匹配 Excel,,,,3,0,0,0
B0H2MFH6T8,"Water Shoes for Women Men, Aqua Socks, Foldable Water Shoes for Beach Pool River Lake Cruise Trip Pair, 2620, Adult Travel",公司,QS-2620-40/41,3,0,0,0,4,0
B0GV33DSMP,"HPPE Lined Cut Resistant Gloves with PU & Nitrile Sandy Coating, EN 388 Level 5 Safety Work Gloves for Construction, Gardening, Industrial Work",凯旋,KCC-Pushoutao-M,7,0,0,0,3,0
B0GZTX8K5L,"4 Pack Silicone Jar Spatula Set, Mini Jam Scraper Spoon, Long Handle Spreaders for Jars, Baking, Cooking",图图,SP-guaidao-4,2,0,0,0,3,0
B0GYRGGPCS,"Beach Water Shoes Unisex, Anti Slip Pattern Sole, Quick Dry Swim Shoes for Ocean",公司,QS-101-38/39,5,0,0,0,2,0
B0GWM322X6,"Adjustable Ankle Support Brace, Breathable Stabilizer Sleeve for Running, Basketball, Fitness,Sprain Prevention, Compression Wrap for Men Women",凯旋,KCC-JLBH-B,13,3,0,0,30,4
B0H1S1VFFV,"Pool Shoes for Women Men, Aqua Socks, Barefoot Water Footwear, Yoga Beach Resort Spa Pool Vacation Pair",公司,QS-131-36/37,2,0,0,0,2,0
B0GZP7YG7Q,"Kids Water Shoes, Cute Starfish Print Quick-Dry Aqua Socks for Toddler Boys Girls, Non-Slip Swim Shoes for Beach, Pool, Water Park, River Trekking, and Indoor Activities",公司,QS-527-A110-28-29,3,0,0,0,1,0
B0H1RNJBVW,"Swim Shoes for Women Men, Water Shoes, Aqua Socks, Barefoot Lake Cruise Resort Pool Vacation Footwear",公司,QS-119-36/37,2,0,0,0,1,0
B0GY8WCKK8,"Cute Daisy Floral Dog Sundress, Breathable Lightweight Summer Pet Dress As Daily Casual Outfit for Small Puppy and Small Breed Dogs(XL)",凯旋,KCC-GGYF-LXL,5,2,0,0,26,0
B0GYRV2BKW,"Ocean Swim Water Shoes Unisex, Anti Slip Rubber Sole, Stretch Fit Beach Shoes",公司,QS-061-44/45,1,0,0,0,3,0
B0GWHLR3YX,"Water Shoes Unisex, Anti Slip Pattern Sole, Thick Insole, for Creek River Beach",公司,QS-067-44/45,5,0,0,0,2,0
B0H1D3K9M7,"Creek Water Shoes for Men Women, Anti Slip Sole, Quick Dry, for River Walking",公司,QS-028-36/37,2,0,0,0,2,0
B0H4QRQG3B,"Stainless Steel Nail Art Storage Tray, Metal Cosmetic Organizer, Multi-Use Beauty Accessories Holder",图图,SP-tuopan-y,4,0,0,0,13,1
B0GQC2ZHDW,"Unisex River Trek Water Shoes, Anti Skid Sole, Durable Outsole, Quick Dry",公司,QS-094-40/41,1,0,0,0,6,0
B0H457MJ2R,"Mens Swim Trunks, Banana Print Board Shorts with Drawstring Waist for Resort and Summer Casual Outings Multicolor",凯旋,KCC-STK-AP-XL,2,0,1,0,0,0
B0GSVPQZ4D,Women Vintage Print Two Piece Bikini Set Halter String Triangle Swimsuit Back Self Tie Spaghetti Strap Swimwear,图图,KC-B10-L,13,0,0,0,7,0
B0H1FBXM72,"Silicone Bathroom Drain Hair Catcher, Stainless Steel Sink Strainer, Irregular Pattern Bathtub Drain Filter Stopper for Kitchen Bathroom",图图,SP-guolvgui-lv,4,0,0,0,1,0
B0H38YNB8J,"2 Pack Portable Outdoor Emergency Blanket, Waterproof Thermal Survival Blanket for Camping Hiking Backpacking First Aid Kit",未匹配 Excel,,,,4,0,0,0
B0GVSFHY63,"Weightlifting Wrist Wraps, Adjustable Fitness Wrist Support, Compression Wrist Straps for Gym Workout Weight Lifting Training",未匹配 Excel,,,,5,1,0,0
B0GXZP9S32,"Cute Frog Plant Stand, 5Pcs Reusable Plant Support Clips, Decorative Vine Holder for Potted Plants Succulents Garden Decor (Green)",图图,SP-zhiwu-01,6,1,0,0,12,2
B0GVQQGM3X,"5 Pack Men's Cycling Shorts, Quick Dry Breathable Athletic Shorts, Lightweight High Stretch Sports Shorts for Running Cycling Workout Multicolor",凯旋,KCC-QXDK-2XL,3,0,0,0,1,0
B0GWMBJGRQ,"Women's Ice Silk Crew Socks 5 Pairs, Thin Breathable Cool Socks, Lightweight Soft Summer Socks",未匹配 Excel,,,,6,0,0,0
B0GWL7PP57,Men Women Water Shoes Quick Dry Non Slip Barefoot Shoes Lightweight Breathable Beach Swim Surf Yoga Outdoor Sports Aqua Socks,公司,SP-XIE-L40/41,15,0,0,0,2,0
B0H2MD3LL8,"Water Shoes for Women Men, Lightweight Swim Shoes for Beach Hotel Pool Lake Marina Resort Travel Pair, 2610, Adult Travel",公司,QS-2610-38/39,2,0,0,0,1,0
B0GYYM96PX,"Dog Ring Rope Chew Toy, 35CM Heavy Duty Cotton Tug Toy for Medium Dogs, Durable Teething & Training Toy",图图,SP-TU-STYQ-01,11,0,0,0,2,3
B0GVRNG9FW,"Fuzzy Ball Chenille Hanging Hand Towels 2 Pack, Soft Absorbent Fast Drying Towels with Hanging Loop for Bathroom Kitchen",图图,SP-maojin-hai,8,0,0,0,2,0
B0GZ3B6QJ1,"Arm Dog Rope Toy, Interactive Multi Tug Chew Toy for Small Dogs, Teething Multi Direction Rope Toy for Pet Daily Play",凯旋,KCC-shengjie-1,0,4,0,0,2,3
B0GYYM92M5,"Cotton Rope Dog Leash and Collar Set, Soft Woven Pet Walking Lead for Small Dogs, Comfortable Outdoor Dog Leash Combo",凯旋,KCC-qianyinsheng-ql,0,0,0,0,0,3
B0H1D84KD1,"Unisex Water Shoes, Quick Dry Beach Shoes, Anti Skid Rubber Sole, for Travel",公司,QS-037-38/39,0,1,0,0,4,1
B0H2813QBX,"Cat Bowls, Tilted Stainless Steel Pet Bowl, Removable Non Slip Feeder for Cats and Small Dogs, Food Water Bowl",凯旋,KCC-CWW-1,3,2,0,0,3,0
B0GXHT1DCC,"Lightweight Beach Water Shoes for Men Women, Anti Slip Sole, Quick Dry Swim",公司,QS-040-38/39,4,0,0,0,12,0
B0GVQMV86B,"Cycling Gloves for Men Women, Breathable Non-Slip Bike Gloves, Shock Absorbing Padded Bicycle Gloves for Road Bike Mountain Biking",凯旋,KCC-QXST-S,1,0,0,0,2,0
B0GXZ4CWV7,"24 Pack Multi Pattern Journal Stencils, Reusable Planner Drawing Templates for Bullet Diary Notebook DIY Craft Decoration",凯旋,KCC-SZ-24,6,2,0,0,18,0
B0GWHWJ64G,"Surf Water Shoes for Men Women, Anti Slip Rubber Sole, Stretch Upper, Quick Dry",公司,QS-016-36/37,7,0,0,0,1,0
B0GVJZXKQH,"False Lower Eyelashes Natural Look Variety Styles, Soft Lightweight Fake Bottom Lashes for Daily & Makeup",图图,SP-jiaoshui-xiao,0,0,0,0,0,1
B0GQCBNBL7,"Printed Beach Water Shoes Unisex, Non Slip Rubber Sole, Lightweight Swim Shoes",公司,QS-047-42/43,7,0,0,0,2,0
B0H2HJLHH1,"Natural Pink Zebra Stone Beaded Bracelet, 8mm Heart Charm Healing Energy Stress Relief Bracelet For Women",未匹配 Excel,,,,5,0,0,0
B0GXHHVSXG,"Water Shoes Unisex, Anti Skid Sole, Thick Cushion Insole, for Kayak Rafting",公司,QS-045-44/45,1,0,0,0,4,0
B0GY92J1JD,"Cute Daisy Floral Dog Sundress, Breathable Lightweight Summer Pet Dress As Daily Casual Outfit for Small Puppy and Small Breed Dogs(XL",凯旋,KCC-GGYF-HXL,3,0,0,0,22,0
B0GWLQHQ9F,"27.56 Inch Silk Feeling Scarf for Women, Square Satin Head Scarf, Fashion Hair Wrap Bandana for All Occasions",图图,SP-SJ2,1,0,0,0,1,0
B0GXV83YWP,Water Shoes for Women Men Quick Dry Barefoot Beach Swim Pool Walking Shoes,公司,QS-002-38/39,4,0,0,0,2,0
B0GZV4LK8P,"2 Pack Cartoon Toothpaste Squeezer Set, Manual Tube Wringer Roller Tool for Bathroom Toothpaste Waste Reduction",凯旋,KCC-YGQ-2,14,6,0,0,69,7
B0H2MHXM9M,"Water Shoes for Women Men, Slip On Pool Shoes for Beach Resort Shower Cruise Dock Travel Footwear, 2624, Adult Travel",公司,QS-2624-38/39,2,0,0,0,1,0
B0H3PF39X3,"Sponge Hair Bun Maker, Donut Hair Shaper Styling Tool, Quick Foam Hair Twist Curler for DIY Chignon Updo Hairstyle for Women Girls",图图,SP-panfa-2,6,1,0,0,10,1
B0H1RZKT11,"Protective Water Shoes Unisex, Non Slip Rubber Outsole, for Reef Ocean Beach",公司,QS-039-44/45,1,0,0,0,1,0
B0H2M25S6B,"Cookie Cutter Set, Flower Pastry Cutter, Tart Tamper Tools, 2 Piece Baking Gadgets for Cookies And Tarts",图图,SP-quqimuju-2,6,0,0,0,4,0
B0GWMP43CW,"3 Pack Full Face Cycling Mask for Summer, Windproof Breathable Non-Slip Face Cover for Outdoor Sports (Cycling/Hiking)",图图,SP-MZ-quan01lan,0,0,0,0,1,1
B0H1S2MCYQ,"Pool Shoes for Women Men, Aqua Socks, Water Footwear, Slip On River Cruise Resort Beach Summer Travel Pair",公司,QS-129-36/37,0,1,0,0,1,0
B0GXHMKTHV,Breathable Water Shoes Non Slip Beach Shoes for Women Men Outdoor Sports,公司,QS-015-36/37,4,0,0,0,7,0
B0GVQWFBQ3,"5 Pack Men's Cycling Shorts, Quick Dry Breathable Athletic Shorts, Lightweight High Stretch Sports Shorts for Running Cycling Workout Multicolor",凯旋,KCC-QXDK-L,4,0,0,0,1,0
B0H1CMHLS4,"2 In 1 Oil Dispenser And Sprayer, 470ml Glass Olive Oil Bottle For Kitchen Cooking Air Fryer",凯旋,KCC-PYH-LV,2,0,0,0,2,0
B0GXHP4P3S,Foldable Beach Shoes Slip On Water Shoes for Pool Beach Travel Outdoor,公司,QS-009-38/39,9,0,0,0,8,0
B0GS8JQNW8,Keychain for Men Women - Durable Metal Key Chain with Key Ring Car Key Accessory,凯旋,KC-10-01,3,0,0,0,135,2
B0GX9TP689,"22 in 1 Precision Screwdriver Set, Magnetic Mini Screwdriver Kit for Electronics, Phones, Laptops, Watches, Eyeglasses",未匹配 Excel,,,,3,0,0,0
B0GV3DYY68,"HPPE Lined Cut Resistant Gloves with PU & Nitrile Sandy Coating, EN 388 Level 5 Safety Work Gloves for Construction, Gardening, Industrial Work",凯旋,KCC-Pushoutao-L,6,0,0,0,4,2
B0H2LL95CG,"2 Pack Divided Bento Lunch Box, 4 Compartment Snack Storage Container with Clear Lid for Office Travel Use",图图,SP-baoxianhe-2,4,0,0,0,1,1
B0GTK8Z3L9,"Stainless Steel Nail Clippers, Sharp Fingernail Toenail Clipper Cutter, Manicure Pedicure Tool for Men, Women, Adults and Seniors",未匹配 Excel,,,,37,4,0,0
B0GWM6T66H,"Mesh Beach Tote Bag With Zipper, Quick Dry Waterproof Sand Free Bag For Travel, Pool, Gym, Weekend Getaway",凯旋,KCC-WSDJB-B,8,5,0,0,33,2
B0GL91XJMF,"Foldable EVA Travel Slippers for Women Men, Lightweight Quick Drying Non Slip Shower Sandals, Portable Flip Flops for Bathroom, Hotel, Beach, Pool & Cruise",未匹配 Excel,,,,25,1,2,0
B0GXHJ86QW,"Unisex Reef Shoes, Non Slip Rubber Sole, Protective Water Shoes for Beach Ocean",公司,QS-021-36/37,4,0,0,0,3,0
B0GYWXVQQK,"Kids Water Shoes, Cute Shark Print Quick-Dry Aqua Socks for Toddler Boys Girls, Non-Slip Swim Shoes for Beach, Pool, Water Park, River Trekking, and Indoor Activities",公司,QS-529-A96-32-33,1,1,0,0,8,1
B0GQBW7429,"Unisex Aqua Shoes, Non Skid Rubber Sole, Stretch Fit, for Ocean Reef Walk",公司,QS-082-40/41,4,0,0,0,5,0
B0GZPNKN1Y,"Kids Water Shoes, Cute Shark Print Quick-Dry Aqua Socks for Toddler Boys Girls, Non-Slip Swim Shoes for Beach, Pool, Water Park, River Trekking, and Indoor Activities",公司,QS-529-A96-26-27,3,0,0,0,1,0
B0GQC6FDKZ,Quick Dry Foldable Water Shoes Comfort Non Slip Beach Walking Shoes,公司,QS-071-40/41,3,0,0,0,7,0
B0GTK3G7N3,"Stainless Steel Nail Clipper Set, Professional Grooming Kit with Nail Clippers, Cuticle Pusher, Nail File for Home & Travel",凯旋,KCC-zhijiadao-lv,1,0,0,0,2,0
B0GY8NTN5G,"Breathable Mesh Summer Dog Vest, Cute Printed Lightweight Tank Top As Daily Casual Apparel for Small Puppy and Small Breed Dogs",凯旋,KCC-XGYF-L,6,0,0,0,2,1
B0GXHLQPL1,"Water Shoes Men Women, Anti Slip Rubber Outsole, Lightweight, for Surf Snorkel",公司,QS-077-44/45,2,0,0,0,4,0
B0GVYR2FZV,"Aqua Shoes for Women Men, Water Socks, Quick Dry Pool Shoes, Beach Lake River Summer Travel Pair",公司,QS-0921-42/43,2,0,0,0,1,0
B0GS8NPN13,"Cute Bow & Pearl Beaded Keychain, Minimalist Dainty Key Chain for Women Girls Daily Use",凯旋,KC-24-01,2,1,168,1,538,1
B0H5J4P51X,"8 Compartments Clear Acrylic Tea Bag Organizer, Multi-Purpose Tea Packet Storage Holder for Kitchen Drawer, Countertop, Cabinet & Pantry",未匹配 Excel,,,,2,0,0,0
B0GWPFSDT3,"Shirt Sleeve Holders, Adjustable Sleeve Garter Keep Sleeves Tucked for Men Women, Work, Uniform, Casual Wear",未匹配 Excel,,,,1,0,0,0
B0H3TYVMDN,"Single Stainless Steel Mosquito Coil Holder, Round Ventilated Cover Incense Burner, Fireproof Mesh Mosquito Repellent Coil Tray for Indoor Outdoor Home Patio Use",未匹配 Excel,,,,1,0,0,0
B0GX1BTTFX,Breathable Water Shoes Non Slip Quick Dry Shoes for Beach Swimming,公司,QS-022-38/39,9,0,0,0,7,0
B0GSVPZYZW,Women's Two Piece Bikini Set Halter Triangle Tops Sexy Thong Bottom Cheeky Swimsuit Bathing Suit,图图,KC-B3-M,8,0,0,0,7,0
B0H4SNSQGY,"Mini Lock Clip Coin Purse, Genuine Leather Portable Storage Bag, Solid Color Small Wallet for Women",凯旋,KCC-QB1-1,5,0,0,0,11,0
B0H1RXFTLY,"Swim Shoes for Women Men, Water Shoes, Aqua Socks, Foldable Pool Water Park Beach Resort Travel Pair",公司,QS-121-44/45,2,0,0,0,2,0
B0H1W9Y249,"Multi-Functional Kitchen Spiral Grater, Rotating Vegetable Peeler Slicer, Manual Spiralizer for Carrot Cucumber Potato",未匹配 Excel,,,,7,1,0,0
B0GYRJWY6H,"Water Shoes Unisex, Anti Slip Sole, Printed Design, for Beach Swimming Rafting",公司,QS-081-38/39,1,0,0,0,6,0
B0GVJP23VT,"UV Sun Protection Arm Sleeves for Men Women, Cooling Ice Silk Arm Sleeves, Non Slip Sports Arm Covers,",图图,SP-BINGXIU-binchuan01,8,0,0,0,4,0
B0H1S42D52,"Pool Shoes for Women Men, Aqua Socks, Barefoot Water Footwear, Yoga Beach Resort Spa Pool Vacation Pair",公司,QS-131-42/43,3,0,0,0,1,0
B0GTLXQL4S,"Coffee Set of 2, Stainless Steel Demitasse Espresso Spoons, Gold Silver Small Spoons for Tea Dessert",未匹配 Excel,,,,2,0,0,0
B0H3NH4FJC,"Dumpling Maker Mold, Manual Empanada Pierogi Press Wrapper Mold, Quick Dumpling Wrapper Cutter & Sealer Tool for Home Kitchen Making Dumplings",图图,SP-baojiaozi-1,4,0,0,0,1,0
B0H1RZ37F3,"Beach Shoes for Women Men, Aqua Socks, Water Shoes, Quick Dry Pool River Lake Cruise Resort Travel Pair",公司,QS-123-38/39,1,0,0,0,1,0
B0GQC8Z8DF,"Water Shoes for Men Women, Non Skid Sole, Stretch Fit, Snorkeling Surf Swim Shoes",公司,QS-003-42/43,21,1,0,0,1,0
B0GWL3GRS9,Men Women Water Shoes Quick Dry Non Slip Barefoot Shoes Lightweight Breathable Beach Swim Surf Yoga Outdoor Sports Aqua Socks,公司,SP-XIE-H38/39,14,0,0,0,7,1
B0H2VKZJ54,"2 Pack Devil‑Horn Heart Car Pull Ring, Universal Interior Hanging Ornament Strap for Automotive Modification",未分配,QCGS-EMJLH-ZI,3,0,0,0,6,0
B0H74ZCLDL,"2D Acrylic Fairy Mushroom Plant Stake, Butterfly Wing Elf Decorative Flower Pot Pick for Succulent Garden Balcony Yard Ornament",未匹配 Excel,,,,7,0,0,0
B0H1RT2HNN,"Beach Shoes for Women Men, Aqua Socks, Barefoot Water Footwear, Lake River Beach House Summer Travel Pair",公司,QS-125-38/39,2,0,0,0,1,0
B0GXJ3L8RT,"Unisex Swim Shoes, Rubber Outsole Anti Slip, Soft Stretch Upper, for Beach Snorkel",公司,QS-005-36/37,2,0,0,0,2,0
B0H1HHCW4X,"2 Pack 4oz Glass Salt and Pepper Shakers Set, Stainless Steel Lid Spice Jars, Refillable Seasoning Containers for Kitchen Table RV Camp BBQ",图图,SP-tiaoliao-2,5,0,0,0,3,0
B0GXHPGN3H,"Rafting Water Shoes Unisex, Non Slip Rubber Sole, Stretch Fit Slip On Aqua Shoes",公司,QS-013-36/37,2,0,0,0,3,0
B0H2MD5ZV1,"Water Shoes for Women Men, Barefoot Water Footwear for Pool Beach Cruise River Dock Vacation Pair, C114, Adult Travel",公司,QS-C114-40/41,2,0,0,0,2,0
B0H1RYPY1X,"Aqua Socks for Women Men, Water Shoes, Quick Dry Swim Footwear, Beach Pool River Lake Cruise Summer Travel Pair",公司,QS-111-38/39,1,0,0,0,1,0
B0GS8G3YPX,Keychain for Men Women - Durable Metal Key Chain with Key Ring Car Key Accessory,图图,KC-06-01,0,0,0,0,95,2
B0H1D56MML,"Unisex Water Shoes, Quick Dry Beach Shoes, Anti Skid Rubber Sole, for Travel",公司,QS-037-36/37,1,0,0,0,4,1
B0H1D4CDZC,Slip On Beach Shoes Quick Dry Water Shoes for Travel Vacation Outdoor,公司,QS-079-38/39,5,0,0,0,7,0
B0H1S214DJ,"Protective Water Shoes Unisex, Non Slip Rubber Outsole, for Reef Ocean Beach",公司,QS-039-36/37,2,0,0,0,1,0
B0H4ZNP896,"Single Flower Shaped Yoga Knee Pad, 7.87 Inch Soft NBR Foam Knee Cushion, Non-Slip Thick Kneeling Mat for Yoga Pilates Gardening House Cleaning",凯旋,KCC-YJHXD1-2,5,0,0,0,1,0
B0GSZ4P6CZ,Minimalist Rectangle Sunglasses for Women Men Lightweight UV401 Outdoor Sunglasses,图图,KC-S6-01,0,0,0,0,10,1
B0GY2VH8H9,"Comfortable Water Shoes for Women Men, Anti-Slip Quick Dry Aqua Socks for Pool Beach",公司,SP-XIE2-Z40/41,7,0,0,0,2,0
B0H1CGLVSZ,"Lemon Tomato Food Tongs, Manual Fruit Slicer Holder, Round Fruit Cutting Stand, Kitchen Gadget for Lemon Lime Orange Tomato",图图,SP-qiepian-1,7,2,0,0,21,1
B0GXHGC89T,Breathable Water Shoes Non Slip Beach Shoes for Women Men Outdoor Sports,公司,QS-015-38/39,13,0,0,0,2,0
B0GXHQLLTC,"Non Slip Aqua Shoes Men Women, Rubber Sole, Quick Dry Slip On for Swimming",公司,QS-062-38/39,1,0,0,0,2,0
B0GVRKCLTK,"Fuzzy Ball Chenille Hanging Hand Towels 2 Pack, Soft Absorbent Fast Drying Towels with Hanging Loop for Bathroom Kitchen",图图,SP-maojin-you,7,0,0,0,2,0
B0GT8VPZSC,Women Bright Color Beach Sarong Wrap Skirt Sheer Bathing Suit Cover Ups for Bikini Swimsuit Swimwear,未匹配 Excel,,,,1,0,0,0
B0H4TYGCLP,"Plush Heart-Shaped Cosmetic Bag, Soft Square Makeup Pouch, Creative Quilted Toiletry Organizer for Women",未匹配 Excel,,,,1,1,0,0
B0GWM6Q395,"Highland Cow Keychain, Cow Keychain, Keychain For Women, Bag Charm Keychain, Purse Keychain",未匹配 Excel,,,,4,1,0,0
B0H3RT2RPP,"Virgin Mary Cross Pendant Necklace, Teardrop Cubic Zirconia Gold Plated Chain Necklace, Religious Catholic Faith Jewelry Gift for Women Daily Wear",未匹配 Excel,,,,25,0,0,0
B0GXHF7SXG,"Unisex Swim Shoes, Non Skid Rubber Sole, Packable Quick Dry Beach Shoes",公司,QS-042-38/39,2,0,0,0,4,0
B0GVSCLYJ2,"Outdoor Camping Multi-Function Portable Carry Bag, Waterproof Foldable Storage Bag for Camping Gear Picnic Hiking Travel",未匹配 Excel,,,,7,0,0,0
B0GWMRF1L7,"3 Pack Full Face Cycling Mask for Summer, Windproof Breathable Non-Slip Face Cover for Outdoor Sports (Cycling/Hiking)",图图,SP-MZ-quan01lu,0,0,0,0,0,2
B0H1D42V5C,Slip On Beach Shoes Quick Dry Water Shoes for Travel Vacation Outdoor,公司,QS-079-36/37,3,0,0,0,1,0
B0H1CG6HHT,"2 Pack Soft Eyeglasses Case, PU Leather Sunglasses Pouch, Portable Squeeze Glasses Bag, Pocket Eyewear Holder for Women Men",图图,SP-mojing-2,6,0,0,0,9,1
B0GY8VM6JW,"Breathable Mesh Summer Dog Vest, Cute Printed Lightweight Tank Top As Daily Casual Apparel for Small Puppy and Small Breed Dogs",凯旋,KCC-XGYF-M,7,0,0,0,3,0
B0GXYHV3W1,"Pearl Woven Hair Scrunchie, Stylish Decorative Ponytail Holder As Daily Hairstyle Accessory For Women Outfit Matching",未匹配 Excel,,,,39,5,0,0
B0GTLZ8HH3,"Bone Shaped Dog Rope Toys, Heavy Duty Cotton Chew Toys, Teething & Interactive Play Set for Small to Medium Dogs",图图,SP-TUTU-SLQ-04,13,1,0,0,6,0
B0H2GMKXRM,"Cute Cartoon Toothpaste Squeezer, Plastic Tube Dispenser, Multi-Functional Bathroom Kitchen Gadget for Home Decor",图图,SP-jiyagao-b,4,0,0,0,7,0
B0GTM367JY,"Cotton Dog Rope Knots Set, Puppy Teething Chew Toys, Interactive Training Play Toys for Small & Medium Breeds",未匹配 Excel,,,,3,0,0,0
B0GXHP959H,"Printed Beach Water Shoes Unisex, Non Slip Rubber Sole, Lightweight Swim Shoes",公司,QS-047-36/37,7,0,0,0,3,0
B0GYXBKG5T,"Dog Rope Toys Set of 6, Cotton Interactive Chew Toys for Small/Medium Dogs, Teething & Training Variety Pack",未匹配 Excel,,,,0,3,0,0
B0H3PHPN27,"2 Pack Dual End Makeup Brushes, 2-in-1 Foundation Concealer Brush Set, Synthetic Vegan Blush Contour Brush for Liquid Cream Powder Cosmetics",图图,SP-huazhuang2tou-2,5,0,0,0,2,0
B0GY2GP4FX,"Protective Water Shoes with Anti-Slip Sole, Quick Dry Aqua Socks for Women Men",公司,SP-XIE4-L38/39,4,0,0,0,2,0
B0GZYRC64S,"Glass Crystal Ball for Women-3D Inner Carved Glass Ball Decor with Stand, Sculpture Decor for Desk Shelf Mantel Office Bedroom (Panda)",凯旋,YQ-QWER-2026422-SJQ,5,0,1,0,0,0
B0GQC8X8K6,"Water Shoes Unisex, Anti Skid Sole, Thick Cushion Insole, for Kayak Rafting",公司,QS-045-40/41,9,0,0,0,5,0
B0H2GSYWJC,"Magic Ruler, Scratch Art Kit, 22 Pcs Drawing Stencil Set for Creative Activities and Travel Play",未匹配 Excel,,,,2,0,0,0
B0H4F96LGP,"2 Pack Collapsible Silicone Pet Bowls, Portable Foldable Dog Cat Water Food Bowls with Carabiner Clip, BPA-Free Travel Feeding Dishes for Walking Camping Hiking",未匹配 Excel,,,,1,0,0,0
B0H2MKRDTG,"Water Shoes for Women Men, Water Footwear for Beach Pool Spa Hotel River Lake Cruise Travel Pair, C118, Adult Travel",公司,QS-C118-44/45,1,0,0,0,2,0
B0GXHJJTRC,"Water Shoes Men Women, Anti Slip Rubber Outsole, Lightweight, for Surf Snorkel",公司,QS-077-36/37,4,0,0,0,1,0
B0GZNY3NTM,"Beach Water Shoes Unisex, Anti Slip Pattern Sole, Quick Dry Swim Shoes for Ocean",公司,QS-046-44/45,4,1,0,0,3,0
B0GY2K6HK9,"Quick Dry Water Shoes for Men Women, Anti-Slip Lightweight Aqua Socks for Beach Swim Pool",公司,SP-XIE1-F38/39,9,0,0,0,2,1
B0H1RRXBMG,"River Shoes for Women Men, Aqua Socks, Water Footwear, Quick Dry Beach Pool Lake Weekend Travel Trip Pair",公司,QS-132-38/39,2,0,0,0,1,0
B0GWL9YZNY,Men Women Water Shoes Quick Dry Non Slip Barefoot Shoes Lightweight Breathable Beach Swim Surf Yoga Outdoor Sports Aqua Socks,未匹配 Excel,,,,43,5,0,0
B0GQC34WF7,"Unisex Swim Shoes, Rubber Outsole Anti Slip, Soft Stretch Upper, for Beach Snorkel",公司,QS-005-42/43,6,0,0,0,2,1
B0H1S4P18N,"Beach Shoes for Women Men, Aqua Socks, Quick Dry Water Footwear, Pool Resort Cruise Beach Hotel Travel Pair",公司,QS-126-44/45,4,0,0,0,2,0
B0H2HJ6TYZ,"2Pcs Adjustable Sports Glasses Lanyards, 13.78‑Inch Anti‑Slip Eyewear Straps For Running Basketball Swimming Daily Use",凯旋,KCC-YJD-2,8,2,0,0,23,6
B0H1RVGLB7,"Beach Shoes for Women Men, Aqua Socks, Barefoot Water Footwear, Lake River Beach House Summer Travel Pair",公司,QS-125-42/43,3,0,0,0,1,0
B0H2MN1YHW,"Water Shoes for Women Men, Quick Dry Aqua Socks for Pool Beach Boat Dock Lake Resort Summer Travel, 2552, Adult Travel",公司,QS-2552-38/39,2,0,0,0,1,0
B0H23TSS8P,"Swim Shoes for Women Men, Water Shoes, Aqua Socks, Foldable Beach Pool Water Park Cruise Vacation Footwear",公司,QS-150-38/39,2,0,0,0,1,0
B0GQC6B87W,"Creek River Water Shoes Men Women, Non Slip Rubber Sole, Quick Dry Slip On Shoes",公司,QS-099-42/43,6,0,0,0,2,0
B0GQBVTDQF,Flexible Water Shoes Barefoot Slippers for Beach Pool Surfing Sports,公司,QS-097-42/43,7,1,0,0,3,0
B0GYXBTF5R,"Multi-Arm Cotton Rope Tug Toy, 30CM Interactive Chew Toy for Small/Medium Dogs, Teething, Training & Boredom Relief",图图,SP-TU-6SJ-01,4,0,3,0,2,1
B0H2MG73Q5,"Water Shoes for Women Men, Quick Dry Swim Footwear for Beach Pool Resort River Cruise Lake Travel Pair, 2628, Adult Travel",公司,QS-2628-40/41,2,0,0,0,1,0
B0H1S3V7KC,"Lake Shoes for Women Men, Aqua Socks, Swim Footwear, Slip On River Dock Boat Ramp Travel Vacation Pair",公司,QS-135-40/41,2,1,0,0,2,0
B0H1V7Z5HC,"4Pcs 0.5 Inch Mini Nylon Casters, Small Fixed Red Wheel Casters for Furniture Drawers Cabinets",凯旋,KCC-MNWXL-CHENG,10,0,0,0,49,4
B0H2MPCR3K,"Water Shoes for Women Men, Aqua Socks, Slip On Swim Shoes for Beach Pool Lake Boat Resort Travel Pair, 2626, Adult Travel",公司,QS-2626-42/43,2,0,0,0,1,0
B0H2M1YB5P,"Cookie Cutter Set, Flower Pastry Cutter, Tart Tamper Tools,Baking Gadgets for Cookies And Tarts",未匹配 Excel,,,,1,0,0,0
B0GVQHM358,"Multiuse Small Aluminum Carabiner Clips, Lightweight Locking Carabiner for Keys Water Bottles Camping Hiking and Outdoor Gear,10 Pack",未匹配 Excel,,,,48,3,0,0
B0H1S8PMPH,"Beach Shoes for Women Men, Aqua Socks, Barefoot Water Footwear, Lake River Beach House Summer Travel Pair",公司,QS-125-40/41,3,0,0,0,2,0
B0GVWFTT8G,Water Shoes for Women Men Quick Dry Barefoot Beach Swim Pool Walking Shoes,公司,QS-001-38/39,0,1,0,0,2,1
B0GVNCK43B,"Waist Buckle Set for Women, Adjustable Pant Button Extender, Variety Styles Alloy Waist Cinch Clips, 4 Pieces Pack",图图,SP-shouyao01-xingyun,10,3,0,0,4,1
B0H1RLHDJ4,"7 Inch Aluminum Rafter Square, Red Anodized Speed Square for Woodworking Carpentry Layout Measuring",凯旋,KCC-SJC-HONG,3,0,0,0,1,0
B0GL937PXW,"Foldable EVA Travel Slippers for Women Men, Lightweight Quick Drying Non Slip Shower Sandals, Portable Flip Flops for Bathroom, Hotel, Beach, Pool & Cruise",公司,ZD002-Blue-7/8,3,0,0,0,7,0
B0GQC6H3FM,Quick Dry Water Shoes Slip On Comfort Beach Shoes for Pool Surfing,公司,QS-012-40/41,8,1,0,0,2,0
B0GY2N1MN9,"Comfortable Water Shoes for Women Men, Anti-Slip Quick Dry Aqua Socks for Pool Beach",公司,SP-XIE2-Z38/39,12,0,0,0,1,0
B0GV2J1N9T,"Sweat Wicking Striped Wide Headbands for Women, Non Slip Workout Head Wraps, Moisture Resistant Athletic Hair Bands for Yoga Running Fitness, 10 Pack",图图,SP-zhihan-duose,0,1,0,0,4,0
B0H2413W96,"Beach Shoes for Women Men, Aqua Socks, Lightweight Water Footwear, River Dock Fishing Lake Travel Pair",公司,QS-151-40/41,3,0,0,0,2,0
B0GQC2ZH9Z,"Rafting Beach Water Shoes Unisex, Anti Slip Rubber Sole, Quick Dry Slip On",公司,QS-035-40/41,9,0,0,0,3,0
B0GWHYY58F,"Water Shoes for Men Women, Non Skid Sole, Stretch Fit, Snorkeling Surf Swim Shoes",公司,QS-003-36/37,19,0,0,0,2,0
B0GX373Q2W,"Weight Lifting Gym Grips Pads, Heavy Duty Suede Leather Hand Grips for Weightlifting, Deadlift, Pull Up, Strength Training",凯旋,KCC-ST-LV,3,0,0,0,1,1
B0GQBZYVWQ,Non Slip Water Shoes Quick Dry Comfort Beach Shoes for Swimming Walking,公司,QS-060-42/43,5,0,0,0,3,1
B0GYRCHGWX,"Unisex Aqua Shoes, Non Skid Rubber Sole, Stretch Fit, for Ocean Reef Walk",公司,QS-078-44/45,0,1,0,0,3,1
B0H1RWGDL5,"Lake Shoes for Women Men, Aqua Socks, Swim Footwear, Slip On River Dock Boat Ramp Travel Vacation Pair",公司,QS-135-44/45,2,0,0,0,1,0
B0H156VMR6,"Pool Water Shoes for Men Women, Anti Skid Sole, Quick Dry, Lightweight Swim Shoes",公司,QS-014-36/37,0,0,0,0,6,1
B0H2MKCY3R,"Water Shoes for Women Men, Quick Dry Swim Footwear for Beach Pool Resort River Cruise Lake Travel Pair, 2706, Adult Travel",公司,QS-2706-40/41,2,0,0,0,4,0
B0H2HK5T4T,"Boho Double Interlocked Heart Anklet, White Seed Bead Turquoise Accent Adjustable Foot For Women",未匹配 Excel,,,,3,0,0,0
B0H44S2FNX,"Reusable Silicone Foot Mask Socks, Moisturizing Gel Foot Cover for Dry Cracked Heels, Washable Soft Foot Spa Socks for Lotion Absorption",图图,SP-baosixietao-1,9,1,0,0,70,8
B0H2MF9ZZ2,"Water Shoes for Women Men, Barefoot Water Footwear for Pool Beach Cruise River Dock Vacation Pair, 2623, Adult Travel",公司,QS-2623-38/39,1,1,0,0,1,0
B0GX1B2PYW,"Slip On Beach Shoes Men Women, Non Skid Sole, Quick Dry Water Shoes",公司,QS-053-38/39,4,0,0,0,6,0
B0H2MXJX81,"Water Shoes for Women Men, Aqua Socks, Slip On Swim Shoes for Beach Pool Lake Boat Resort Travel Pair, 2626, Adult Travel",公司,QS-2626-36/37,0,1,0,0,2,0
B0GQBLYKWM,"Slip On Water Shoes for Men Women, Non Slip Sole, Lightweight Travel Beach Shoes",公司,QS-008-40/41,11,1,0,0,4,2
B0GQBS3LN5,Flexible Water Shoes Barefoot Slippers for Beach Pool Surfing Sports,公司,QS-097-40/41,3,0,0,0,4,0
B0H1FQJ948,"Silicone Bathroom Drain Hair Catcher, Stainless Steel Sink Strainer, Irregular Pattern Bathtub Drain Filter Stopper for Kitchen Bathroom",未匹配 Excel,,,,3,0,0,0
B0H1RW5JNR,"Pool Shoes for Women Men, Aqua Socks, Swim Footwear, Quick Dry Beach Lake Resort Cruise Summer Travel Pair",公司,QS-128-38/39,2,0,0,0,2,0
B0GX51YZH8,"Leather Keychain, Woven Key Ring Holder for Car Keys, Bag Charm, Daily Use, Gift for Women, Men, Family, Friends",凯旋,KCC-YSL-BAI,1,0,0,0,1,0
B0H23Z13HS,"Swim Shoes for Women Men, Water Shoes, Aqua Socks, Foldable Beach Pool Water Park Cruise Vacation Footwear",公司,QS-150-40/41,3,0,0,0,2,0
B0GXV3C6N3,"Diving Beach Water Shoes Men Women, Non Slip Rubber Sole, Quick Dry Swim Shoes",公司,QS-074-38/39,4,0,0,0,2,0
B0H5CNW9WC,"Electric Spray Pet Grooming Brush, Rechargeable 3-in-1 Cat Dog Hair Brush with Massage Comb, Water Spray Dematting Tool",图图,SP-chumaodian-huang,3,0,0,0,2,0
B0H2MHW7PW,"Water Shoes for Women Men, Aqua Socks, Slip On Swim Shoes for Beach Pool Lake Boat Resort Travel Pair, 2626, Adult Travel",公司,QS-2626-40/41,0,2,0,0,2,0
B0GXTSZ4L9,"Beach Aqua Shoes Unisex, Non Slip Rubber Sole, Comfortable Insole, for Ocean",公司,QS-050-38/39,1,0,0,0,3,1
B0GQC24PK6,"Beach Shoes for Men Women, Non Slip Rubber Sole, Quick Dry Printed Aqua Shoes",公司,QS-024-40/41,1,0,0,0,3,0
B0GWM9F65Q,"Cartoon Animal Adhesive Toilet Seat Cover, Waterproof Kids Toilet Seat Cushion, Universal Four-Season Sticky Toilet Pad for Children",未匹配 Excel,,,,0,0,33,2
B0GWP6YC9B,"20L Waterproof Dry Bag, Roll Top Sack for Kayaking, Boating, Fishing, Camping, Hiking, Beach, Swimming, Keep Gear Dry",凯旋,KCC-FSD-B20,5,0,0,0,2,4
B0H2MLCZSS,"Water Shoes for Women Men, Aqua Socks, Foldable Water Shoes for Beach Pool River Lake Cruise Trip Pair, 2520, Adult Travel",公司,QS-2520-38/39,2,0,0,0,1,0
B0H5CFKKXS,"Dual-Sided Pet Hair Remover Brush, Large Surface Lint Cleaner for Cat Dog Fur on Couch, Clothes, Bedding",图图,SP-chumao-hui,2,0,0,0,1,0
B0GWHQ96FG,"Surf Water Shoes for Men Women, Anti Slip Rubber Sole, Stretch Upper, Quick Dry",公司,QS-016-44/45,7,1,0,0,1,0
B0H2VQ3Q3Q,"2 Pack Devil‑Horn Heart Car Pull Ring, Universal Interior Hanging Ornament Strap for Automotive Modification",未分配,QCGS-EMJLH-FEN,3,0,0,0,1,0
B0H14FXJZN,"2 Pack Dog Rope Toy, Multi Style Interactive Tug Chew Toys for Small Dogs, Teething Rope Toy Pack for Pet Daily Play",凯旋,KCC-caihong-2,5,0,0,0,3,0
B0GQBY4XQZ,Portable Beach Shoes Foldable Design Water Shoes for Outdoor Activities,公司,QS-057-40/41,3,0,0,0,6,1
B0H3PHWPN3,"Sponge Hair Bun Maker, Donut Hair Shaper Styling Tool, Quick Foam Hair Twist Curler for DIY Chignon Updo Hairstyle for Women Girls",未匹配 Excel,,,,3,1,0,0
B0GV3H6N3C,"HPPE Lined Cut Resistant Gloves with PU & Nitrile Sandy Coating, EN 388 Level 5 Safety Work Gloves for Construction, Gardening, Industrial Work",凯旋,KCC-Pushoutao-XL,8,0,0,0,2,0
B0GL91XJMV,"Foldable EVA Flip Flops for Women Men, Wide Strap Non-Slip Travel Sandals, Lightweight Quick-Drying Beach Slippers for Vacation, Pool & Shower",公司,ZD003-Yellow-8/9,2,1,0,0,2,0
B0GXHT83ZQ,Soft Water Shoes Lightweight Quick Dry Shoes for Beach Surfing Yoga,公司,QS-031-38/39,4,1,0,0,4,0
B0GXHMZ7NC,"Unisex Reef Shoes, Non Slip Rubber Sole, Protective Water Shoes for Beach Ocean",公司,QS-021-38/39,6,0,0,0,9,0
B0H2LVLBWZ,"100PCS Pack of 8 Screws, Available in 5/8 inch and 3/4 inch Lengths, Sufficient for DIY, Furniture Assembly and Metal Repair.",未匹配 Excel,,,,5,0,0,0
B0GQH38Y4J,Lightweight Foldable Water Shoes Comfort Beach Shoes for Pool Travel,未匹配 Excel,,,,2,0,0,0
B0GQBTQTGP,"Snorkeling Water Shoes for Men Women, Non Slip Rubber Sole, Quick Dry Beach Shoes",公司,QS-084-42/43,6,0,0,0,2,0
B0GY2VPH55,"Comfortable Water Shoes for Women Men, Anti-Slip Quick Dry Aqua Socks for Pool Beach",公司,SP-XIE2-Z36/37,8,0,0,0,2,0
B0GT1K8L8Q,"2 Pack Drain Hair Catcher-Sink Strainer, Shower Drain Cover, Drains Filter Cover for Kitchen Sink Bathroom Shower",未匹配 Excel,,,,1,0,0,0
B0GVXQXG2F,All Terrain Water Shoes Lightweight Quick Dry Beach Swim Shoes,公司,QS-092-38/39,3,0,0,0,3,1
B0GQBQ42L4,"Diving Water Shoes for Men Women, Non Skid Rubber Sole, Quick Dry Swim Shoes",公司,QS-010-42/43,3,0,0,0,4,0
B0GL95J33J,"Foldable Flip Flops for Travel, Lightweight Portable Silicone Slippers, Compact Non-Slip Sandals for Home/Hotel/Beach, Comfortable Flexible Footwear for Women & Men",公司,ZD001-Yellow-8/9,1,0,0,0,2,0
B0GXHSCXHN,"Unisex Swim Shoes, Non Skid Rubber Sole, Packable Quick Dry Beach Shoes",公司,QS-042-36/37,5,0,0,0,1,0
B0H23QGMN1,"Beach Shoes for Women Men, Aqua Socks, Lightweight Water Footwear, River Dock Fishing Lake Travel Pair",公司,QS-151-38/39,2,0,0,0,1,0
B0H1RT4948,"Swim Shoes for Women Men, Water Shoes, Aqua Socks, Lightweight Surf Beach River Dock Travel Footwear",公司,QS-120-44/45,2,0,0,0,1,0
B0GQBWXWQP,"Non Slip Aqua Shoes Men Women, Rubber Sole, Quick Dry Slip On for Swimming",公司,QS-062-42/43,6,0,0,0,2,0
B0GS8LKMSS,Keychain for Men Women - Durable Metal Key Chain with Key Ring Car Key Accessory,凯旋,KC-20-01,7,3,0,0,366,2
B0H1RQ4RB4,"Aqua Socks for Women Men, Water Shoes, Lightweight Swim Footwear, Pool Beach Cruise River Vacation Pair",公司,QS-113-36/37,2,0,0,0,4,0
B0H1QVMG17,"Silicone Food Tongs, Heat Resistant Kitchen Tongs, Non-Stick Cooking Tongs for Salad, BBQ, Grilling, Serving",图图,SP-fangtangjia-1,2,3,0,0,2,0
B0GXHJQM2G,"Slip On Water Shoes for Men Women, Non Slip Sole, Lightweight Travel Beach Shoes",公司,QS-008-38/39,13,0,0,0,4,1
B0GXTYH56S,"Pool Water Shoes for Men Women, Anti Skid Sole, Quick Dry, Lightweight Swim Shoes",公司,QS-014-44/45,3,0,0,0,3,0
B0GY2K26R1,"Quick Dry Water Shoes for Men Women, Anti-Slip Lightweight Aqua Socks for Beach Swim Pool",公司,SP-XIE1-F44/45,0,0,0,0,0,1
B0GZYM97HV,"Foldable Reusable Tote Bag, No-Hole Textured Shopping Bag for Small Items, Gift Box Cover, Travel Storage",图图,SP-huanbao-zhe-hui,6,1,0,0,2,1
B0H1D95VF8,"Packable Beach Water Shoes for Men Women, Non Slip Sole, Travel Swim Shoes",公司,QS-070-36/37,3,0,0,0,2,0
B0GYRBVN9R,"Pool Water Shoes for Men Women, Anti Skid Sole, Quick Dry, Lightweight Swim Shoes",公司,QS-006-38/39,0,1,0,0,5,1
B0H1RVJ81N,"River Shoes for Women Men, Aqua Socks, Swim Footwear, Lightweight Kayaking Dock Beach Summer Travel Pair",公司,QS-133-44/45,2,0,0,0,2,0
B0GSVQ2P5P,Women Two Piece Vintage Print Bikini Set Halter String Triangle Swimsuit Back Self Tie Spaghetti Strap Bathing Suit,图图,KC-B13-L,5,1,0,0,5,0
B0H5CGMQGD,"Dual-Sided Pet Hair Remover Brush, Large Surface Lint Cleaner for Cat Dog Fur on Couch, Clothes, Bedding",未匹配 Excel,,,,4,0,0,0
B0GQBSY4CS,"Water Shoes Men Women, Non Slip Sole, Cushion Insole, for Beach Snorkeling",公司,QS-059-42/43,4,0,0,0,2,0
B0H4R6DZS9,"Stainless Steel Nail Art Storage Tray, Metal Cosmetic Organizer, Multi-Use Beauty Accessories Holder",未匹配 Excel,,,,7,0,0,0
B0GYRFBGGD,"Water Shoes Men Women, Non Slip Sole, Cushion Insole, for Beach Snorkeling",公司,QS-059-38/39,5,0,0,0,4,0
B0GZVWBQ5B,"4 PCS Vintage Hand Painted Floral Ceramic Fridge Magnets Set, Retro Flower Decorative Magnets for Home Kitchen Refrigerator Whiteboard Ornament",图图,SP-bingxiang02-hua,6,0,0,0,5,1
B0GZNYDJWW,"Kids Water Shoes, Cute Dolphin Print Quick-Dry Aqua Socks for Toddler Boys Girls, Non-Slip Swim Shoes for Beach, Pool, Water Park, River Trekking, and Indoor Activities",公司,QS-528-A95-28-29,2,1,0,0,0,1
B0GQBZZYVL,"Water Shoes for Men Women, Anti Skid Rubber Sole, Slip On, for Rafting Kayak",公司,QS-072-42/43,7,0,0,0,1,0
B0H1RWZN1D,"Aqua Socks for Women Men, Water Shoes, Slip On Swim Footwear, Resort Pool Beach Water Park Cruise Summer Pair",公司,QS-115-36/37,0,1,0,0,3,0
B0GWKYJ6CF,Men Women Water Shoes Quick Dry Non Slip Barefoot Shoes Lightweight Breathable Beach Swim Surf Yoga Outdoor Sports Aqua Socks,公司,SP-XIE-L38/39,9,1,0,0,1,0
B0GX1BDR68,"Aqua Shoes Unisex, Anti Slip Rubber Sole, Quick Dry, for Surf Pool Ocean Beach",公司,QS-096-38/39,6,0,0,0,4,0
B0GQBSKR9C,"Beach Water Shoes Unisex, Printed Design, Anti Slip Sole, Quick Dry Shoes for Pool Ocean",公司,QS-004-42/43,13,0,0,0,0,1
B0H1HFVNKG,"4-Stage Knife Sharpener, Adjustable Angle Diamond Ceramic Sharpening Tool, Stainless Steel Non-Slip Base for Kitchen Knives Scissors",图图,SP-modao-1,5,0,0,0,3,0
B0H1VK6P8V,"9.84 Feet Self‑Gripping Plant Hook And Loop Tape, 10mm Wide Reusable Adjustable Garden Plant Tie Strap For Support",未匹配 Excel,,,,26,9,0,0
B0GXHNGY1D,"Slip On Water Shoes for Men Women, Non Slip Sole, Lightweight Travel Beach Shoes",公司,QS-008-44/45,4,4,0,0,1,0
B0H4T18PCH,"Mini Lock Clip Coin Purse, Genuine Leather Portable Storage Bag, Solid Color Small Wallet for Women",未匹配 Excel,,,,3,0,1,0
B0GQBS5KJJ,Quick Dry Foldable Water Shoes Comfort Non Slip Beach Walking Shoes,公司,QS-071-42/43,4,0,0,0,2,0
B0H1DCLF2N,"Water Shoes for Men Women, Anti Skid Rubber Sole, Slip On, for Rafting Kayak",公司,QS-072-44/45,4,1,0,0,2,0
B0GZZ54L5N,"Glass Crystal Ball for Women-3D Inner Carved Glass Ball Decor with Stand, Sculpture Decor for Desk Shelf Mantel Office Bedroom (Starry Sky)",凯旋,YQ-QWER-2026429-SJQ,9,0,8,0,11,0
B0GQBWYNMN,"Slip On Swim Shoes Unisex, Non Slip Rubber Sole, Lightweight Quick Dry Aqua Shoes",公司,QS-066-42/43,4,0,0,0,5,0
B0GTLCHCRJ,"Puppy Teething Rope Toys Set, Dog Rope Knot Chew Toys, Interactive Tug Toys for Small and Medium Dogs",图图,SP-TUTU-SEQ-05,15,0,0,0,2,1
B0H3MTZ7M7,"1PCS Colorful Sensory Twister, Silicone Stress Relief Gadget, Tactile Tool for Adult Office Relaxation",图图,SP-niuniule-cleargreen,2,0,0,0,14,1
B0GZVK79NP,"Blank Brown Resin Keychain with Faux Leather Strap and Metal Key Ring, Rectangular DIY Engraving Key Fob",凯旋,KCC-YSK-MU,19,1,0,0,187,7
B0GX1649KX,"Beach Shoes for Women Men, Aqua Socks, Lightweight Water Footwear, Boardwalk Pool Resort Travel Pair",公司,QS-0221-38/39,1,0,0,0,1,0
B0H1SBMY4R,"Beach Shoes for Women Men, Aqua Socks, Quick Dry Water Footwear, Pool Resort Cruise Beach Hotel Travel Pair",公司,QS-126-40/41,6,0,0,0,1,0
B0GTLT1HHF,"Durable Dog Rope Chew Toys, Bone Shape Teething Toys, Interactive Tug of War Rope Toys for Small to Medium Dogs",图图,SP-TUTU-DQ-02,18,0,0,0,1,2
B0GSVQYWGV,Womens Vintage Print Two Piece Bikini Set by SEAFORM Halter String Triangle Top Back Self Tie Spaghetti Strap Swimsuit,图图,KC-B11-M,11,0,0,0,4,0
B0H1566GM1,,未匹配 Excel,,,,0,0,2,0
B0GRTXTK2L,"Beach Water Shoes Unisex, Anti Slip Pattern Sole, Quick Dry Swim Shoes for Ocean",公司,QS-101-40/41,2,0,0,0,2,0
B0GXTXWG61,"Unisex Printed Water Shoes, Anti Skid Rubber Sole, Lightweight Slip On Beach Shoes",公司,QS-088-44/45,0,0,0,0,0,1
B0GYRPC9GF,"Beach Water Shoes Unisex, Anti Slip Pattern Sole, Quick Dry Swim Shoes for Ocean",公司,QS-098-44/45,1,1,0,0,3,2
B0GQBZY2T5,"Beach Aqua Shoes Unisex, Non Slip Rubber Sole, Comfortable Insole, for Ocean",未匹配 Excel,,,,2,0,0,0
B0H1CKTY24,"Adjustable Foldable Phone Stand, Portable Desktop Holder for Smartphone Tablet Hands Free Viewing",凯旋,KCC-DNPBZJ-HEI,13,5,0,0,19,1
B0H1DBJQCD,Summer Water Shoes for Women Men Comfort Quick Dry Beach Walking Shoes,公司,QS-036-36/37,0,0,0,0,0,1
B0GV337TG2,"3 Pairs Nylon Lined Nitrile Coated Work Gloves, Dipped Rubber Non-Slip Safety Gloves for Gardening, Construction, Household & Men",凯旋,KCC-dingqingshoutao-L-honghei,16,0,7,0,0,0
B0GSZ8NLGJ,Fashion Sports Sunglasses Polarized UV Protection Lightweight Outdoor Cycling Driving Glasses,图图,KC-S11-01,0,0,0,0,34,3
B0H3P57B8V,"Single Angled/Flat Paint Brush, Solid Wooden Handle Stain Brush, Premium Bristle Sash Brush for Wall Trim, Varnish, Furniture DIY Home Painting",图图,SP-youqishua-2.25,11,3,0,0,3,2
B0GYXX7NM4,"Cross Shaped Dog Rope Toy, Interactive Multi Tug Chew Toy for Small Dogs, Teething Four Way Rope Toy for Pet Daily Play",未匹配 Excel,,,,3,0,0,0
B0H11KG7KB,Women Sexy Lightweight Triangle Bikini Top Adjustable Tie Back Bathing Suit Top,图图,KC-B21-L,3,0,0,0,2,0
B0GVR9M7BQ,"Multiuse Small Aluminum Carabiner Clips, Lightweight Locking Carabiner for Keys Water Bottles Camping Hiking and Outdoor Gear,10 Pack",图图,SP-dengsan03-50,9,1,0,0,11,4
B0GTBPDYC5,"2 Pack Drain Hair Catcher-Sink Strainer, Shower Drain Cover, Drains Filter Cover for Kitchen Sink Bathroom Shower(Gray)",公司,YQ-YUNYU-2026317-GUOLVQI-9,13,0,0,0,0,1
B0GV337TG4,"3 Pairs Nylon Lined Nitrile Coated Work Gloves, Dipped Rubber Non-Slip Safety Gloves for Gardening, Construction, Household & Men",凯旋,KCC-dingqingshoutao-L-huihei,5,1,1,1,1,0
B0H1RSZ2G2,"Surf Shoes for Women Men, Aqua Socks, Swim Footwear, Lightweight Lake River Beach Resort Summer Travel Pair",公司,QS-137-44/45,2,0,0,0,1,0
B0H2LDYSGY,"Transparent Plastic Card Storage Box, Portable Game Card Organizer, Desktop Holder for Playing Cards Business Cards",未匹配 Excel,,,,2,4,0,0
B0GXHNTB1B,"Slip On Water Shoes for Men Women, Non Slip Sole, Lightweight Travel Beach Shoes",公司,QS-008-36/37,7,0,0,0,3,1
B0H2HFTW3W,"Boho Floral Printed Slouchy Beanie for Women, Soft Stretch Ethnic Pattern Chemo Cap 20.47-23.62 Inch Head Circumference Multicolor",凯旋,KCC-BXMYFZZM-1,3,0,0,0,3,1
B0GZVD4JWW,"Novelty Egg Squeeze Stress Ball, Transparent Squishy Fidget Toy with Yolk for Adult Stress Relief",未匹配 Excel,,,,273,30,0,0
B0GSVS7P4F,Women's Two Piece Bikini Set Halter Triangle Tops Sexy Thong Bottom Cheeky Swimsuit Bathing Suit,图图,KC-B3-L,5,0,0,0,4,0
B0GWMK62TD,"Adhesive Toilet Seat Cover, Reusable Sticky Toilet Seat Cushion, Universal Four-Season Toilet Seat Pad (Multiple Patterns)",未匹配 Excel,,,,2,0,0,0
B0H2HGT5T6,"Silicone Can Covers, Reusable Leak-Proof Beverage Lids, Universal Protective Caps for Soda Beer Juice Standard Cans",未匹配 Excel,,,,5,1,0,0
B0H2MJ2J5F,"Water Shoes for Women Men, Quick Dry Aqua Socks for Pool Beach Boat Dock Lake Resort Summer Travel, C112, Adult Travel",公司,QS-C112-38/39,2,0,0,0,1,0
B0GSVMNYX4,Women Bikini Set Two Piece Swimsuit Sexy Thong Bathing Suit Halter Triangle Tops Cheeky Bikini for Women,图图,KC-B1--M,1,0,0,0,7,0
B0H2HJTZ7S,"Boho Mandala Pattern Neoprene Sunglasses Case, Soft Zipper Eyeglass Pouch With Carabiner Clip For Travel Outdoor",未匹配 Excel,,,,107,2,0,0
B0GQC6BT3K,"Diving Swim Water Shoes for Men Women, Non Skid Sole, Stretch Fit Slip On",公司,QS-049-42/43,3,0,0,0,3,0
B0GY8X1TF6,"Breathable Mesh Summer Dog Vest, Cute Printed Lightweight Tank Top As Daily Casual Apparel for Small Puppy and Small Breed Dogs",未匹配 Excel,,,,0,1,0,0
B0GWJ2BYYK,"Water Shoes Unisex, Anti Slip Pattern Sole, Thick Insole, for Creek River Beach",公司,QS-067-36/37,2,0,0,0,3,0
B0GVJSR613,"False Lower Eyelashes Natural Look Variety Styles, Soft Lightweight Fake Bottom Lashes for Daily & Makeup",图图,SP-jiaoshui-zhong,2,0,0,0,1,0
B0GWHY8GZ7,"3 Pack Women's Ice Silk Breathable Underwear, Lightweight Cooling Hip Enhancing Panties for Summer, Assorted Colors",未匹配 Excel,,,,4,0,0,0
B0H241DH2M,"Swim Shoes for Women Men, Water Shoes, Aqua Socks, Foldable Beach Pool Water Park Cruise Vacation Footwear",公司,QS-150-44/45,2,0,0,0,1,0
B0H3RPWKT5,"Magnetic Car Phone Mount, 360° Rotation Dashboard Magnetic Cell Phone Holder, Universal Metal Magnet Car Mount for All Smartphones",图图,SP-zhijiache-1,5,0,0,0,4,0
B0GWLX3CGQ,"1 Pack Waterproof Phone Pouch, IPX8 Underwater Dry Bag Case for Phones Up to 7.5"", Compatible with iPhone Samsung Multiple Colors",图图,SP-FSD-shenfeng,0,0,0,0,1,1
B0H4ZLFGS6,"Reusable Silicone Foot Mask Socks, Moisturizing Gel Foot Cover for Dry Cracked Heels, Washable Soft Foot Spa Socks for Lotion Absorption",未匹配 Excel,,,,90,1,0,0
B0GX1GNS3Q,"Aqua Shoes Unisex, Anti Slip Rubber Sole, Quick Dry, for Surf Pool Ocean Beach",公司,QS-096-36/37,3,0,0,0,1,0
B0H2MJXMZG,"Water Shoes for Women Men, Aqua Socks, Foldable Water Shoes for Beach Pool River Lake Cruise Trip Pair, 2529, Adult Travel",公司,QS-2529-38/39,2,0,0,0,1,0
B0H2MNSN93,"Water Shoes for Women Men, Lightweight Swim Shoes for Beach Hotel Pool Lake Marina Resort Travel Pair, C115, Adult Travel",公司,QS-C115-38/39,2,0,0,0,1,0
B0GVJTGYMY,"Adhesive-Free Lower Eyelashes, Natural Look Fake Bottom Lashes, Reusable Multiple Styles Soft Under Lashes for Daily Makeup",图图,SP-mianjiao-diao,7,0,0,0,0,3
B0H1HDYV2J,"2 Pack 4oz Glass Salt and Pepper Shakers Set, Stainless Steel Lid Spice Jars, Refillable Seasoning Containers for Kitchen Table RV Camp BBQ",未匹配 Excel,,,,4,0,0,0
B0H27MFJLP,"Cute Playful Panda Phone Stand, Resin Cartoon Animal Phone Holder for Desk Bedroom Decor Gift, Universal Smartphone Compatibility",凯旋,KCC-XMSJZJ-1,2,0,3,0,8,1
B0H1RQ9SBF,"Pool Shoes for Women Men, Aqua Socks, Water Footwear, Slip On River Cruise Resort Beach Summer Travel Pair",公司,QS-129-40/41,3,0,0,0,2,0
B0GVSBFMFQ,"2 Pack Wrist Rest with Thumb Support, Compression Sleeve for Tendonitis & Carpal Tunnel, Joint Stabilizer for Wrist Pain Relief",未匹配 Excel,,,,5,0,0,0
B0H2MNL3GW,"Water Shoes for Women Men, Barefoot Water Footwear for Pool Beach Cruise River Dock Vacation Pair, 2609, Adult Travel",公司,QS-2609-42/43,2,0,0,0,1,0
B0GWL2WLT3,Men Women Water Shoes Quick Dry Non Slip Barefoot Shoes Lightweight Breathable Beach Swim Surf Yoga Outdoor Sports Aqua Socks,公司,SP-XIE-Z36/37,11,0,0,0,1,0
B0GX1C498C,Breathable Water Shoes Non Slip Quick Dry Shoes for Beach Swimming,公司,QS-022-36/37,14,1,0,0,12,0
B0GVNVVXW4,"6 Pcs Plastic Shoehorn Set, Portable Travel Shoe Horns, Lightweight Shoe Helper for Men Women Kids Seniors, 6 Assorted Colors",未匹配 Excel,,,,5,0,0,0
B0H241N2FK,"Beach Shoes for Women Men, Aqua Socks, Lightweight Water Footwear, River Dock Fishing Lake Travel Pair",公司,QS-151-44/45,2,0,0,0,2,0
B0H14L7J7M,String Triangle Bikini Top for Women Sexy Self Tie Back Bathing Suit Swim Top Black,图图,KC-B22-L,3,0,0,0,8,0
B0GL94GS9D,"Foldable EVA Flip Flops for Women Men, Wide Strap Non-Slip Travel Sandals, Lightweight Quick-Drying Beach Slippers for Vacation, Pool & Shower",公司,ZD003-Green-8/9,3,0,0,0,5,0
B0H4FB8GJ5,"Reusable Rubber Rust Remover Eraser, Multipurpose Stain Limescale Eraser for Faucet Sink Iron Metal Surface Cleaning",凯旋,KCC-SQQJS1-1,117,22,0,0,24,1
B0GQC5YZBF,"Lightweight Beach Water Shoes for Men Women, Anti Slip Sole, Quick Dry Swim",公司,QS-040-40/41,6,0,0,0,9,0
B0H23QF6C6,"Beach Shoes for Women Men, Aqua Socks, Lightweight Water Footwear, River Dock Fishing Lake Travel Pair",公司,QS-151-42/43,3,0,0,0,1,0
B0H1W56GH9,"5Pcs Portable Makeup Brush Set with Mirror Box, Mini Travel Cosmetic Brushes for Powder Blush Foundation Eyeshadow",图图,SP-huazhuangshua-5,4,0,0,0,1,0
B0H1HWLYLR,"4 Pack Large Claw Clips for Thick Long Hair, Matte Non-Slip Rectangle Jaw Clips, Strong Hold Big Hair Clips Neutral Colors for Women",未匹配 Excel,,,,2,0,0,0
B0H1Q2343Y,"Vintage Elephant Keychain, Boho Resin Elephant Pendant Key Ring With Bead Tassel For Bag Car Keys",凯旋,KCC-DXYSK-1,1,0,0,0,3,0
B0GXHY1RN3,"Beach Swim Water Shoes for Men Women, Non Slip Sole, Printed Quick Dry Slip On",公司,QS-095-36/37,2,0,0,0,2,0
B0GY2SCDKB,"Comfortable Water Shoes for Women Men, Anti-Slip Quick Dry Aqua Socks for Pool Beach",公司,SP-XIE2-Z42/43,9,0,0,0,0,1
B0GQBSKW2K,Lightweight Foldable Water Shoes Comfort Beach Shoes for Pool Travel Multicolor,公司,QS-019-42/43,4,0,0,0,4,0
B0GTTYKMX1,"Car Interior Soft Brush Set, Long + Short Handle Combo, Lint-Free Microfiber Bristles, Scratch-Free Cleaning Brushes for Car Dashboard, Air Vents, Seats, Console, Windows",凯旋,KCC-qicheruanmaoshua-duan / KCC-qicheruanmaoshua-chang,24,12,0,0,15,0
B0GXYPMH36,"Pearl Woven Hair Scrunchie, Stylish Decorative Ponytail Holder As Daily Hairstyle Accessory For Women Outfit Matching",凯旋,KCC-TS-BAI,1,5,0,0,44,2
B0GY2R68P8,"Aqua Socks Water Shoes for Men Women, Anti-Slip Quick Dry Swim Shoes for Pool",公司,SP-XIE6-Q38/39,8,0,0,0,2,0
B0GTLYL3XB,"Stainless Steel Demitasse Spoons Set of 2, Gold Silver Mini Espresso Coffee Spoons, Small Spoons for Tea Dessert",图图,SP-08-01,7,0,0,0,35,4
B0GZVQPGLD,"2 In 1 Coffee Scoop With Bag Clip, Multi Purpose Metal Measuring Spoon For Coffee Bean Tea Food Storage",未匹配 Excel,,,,3,0,0,0
B0H1WBL1W3,"2Pcs Body Measuring Tape, 150cm/60inch Soft Sewing Tailor Ruler, Flexible Fabric Tape for Body Measurement",未匹配 Excel,,,,6,0,0,0
B0GQBY38QW,,未匹配 Excel,,,,62,5,1,0
B0GTK34VMV,"Stainless Steel Nail Clipper Set, Professional Grooming Kit with Nail Clippers, Cuticle Pusher, Nail File for Home & Travel",未匹配 Excel,,,,1,0,0,0
B0GSVQ7Q83,String Bikini Tops for Women Sexy Triangle Bathing Suit Tops Adjustable Tie Back Swim Tops Black,图图,KC-B14-L,13,0,0,0,3,0
B0GVXM4185,"Foldable EVA Travel Slippers for Women Men, Lightweight Quick Drying Non Slip Shower Sandals, Portable Flip Flops for Bathroom, Hotel, Beach, Pool & Cruise",公司,ZD002-Grey-6/7,0,1,0,0,9,0
B0GXHMFT5X,"Non Slip Aqua Shoes Men Women, Rubber Sole, Quick Dry Slip On for Swimming",公司,QS-062-36/37,3,0,0,0,2,0
B0H8CXVH8Q,"Silicone Soda Can Lids with 2 Straws, Multicolor Reusable Dust Leak Proof Can Sealers for Outdoor Beverage Storage",未匹配 Excel,,,,1,0,0,0
B0H1RYTWPG,"Water Shoes for Women Men, Aqua Socks, Quick Dry Swim Shoes, Slip On Beach Pool River Lake Cruise Travel Footwear",公司,QS-102-36/37,1,0,0,0,2,1
B0GY2L764N,"Comfortable Water Shoes for Women Men, Anti-Slip Quick Dry Aqua Socks for Pool Beach",公司,SP-XIE2-Z44/45,14,0,0,0,1,0
B0GXHT2ZFY,"Water Shoes Unisex, Anti Skid Sole, Thick Cushion Insole, for Kayak Rafting",公司,QS-045-36/37,2,0,0,0,4,0
B0GQBQ3GQN,"Swim Water Shoes for Men Women, Non Slip Sole, Comfortable Fit, for Beach Pool",公司,QS-034-40/41,2,0,0,0,5,0
B0H3MZGFC7,"1PCS Colorful Sensory Twister, Silicone Stress Relief Gadget, Tactile Tool for Adult Office Relaxation",图图,SP-niuniule-purple,5,2,0,0,0,1
B0H4F39C6P,"Portable Golf Ball Holder, Clip On Golf Ball Pouch, Practical Golf Accessories, Easy to Attach on Golf Bag & Cart, Novelty Gift for Golfers Men Women",图图,SP-gaoerfujia-pink,5,0,0,0,1,0
B0GVQN38YH,"5 Pack Men's Cycling Shorts, Quick Dry Breathable Athletic Shorts, Lightweight High Stretch Sports Shorts for Running Cycling Workout Multicolor",凯旋,KCC-QXDK-XL,4,0,0,0,1,0
B0GZYYFCCC,"Foot Scrubber Mat for Shower- Feet Scrubber Massager with Suction Cups, Silicone Shower Foots Cleaner for Bathroom Home Spa Travel",未匹配 Excel,,,,2,5,0,0
B0H2MJXMYW,"Water Shoes for Women Men, Aqua Socks, Slip On Swim Shoes for Beach Pool Lake Boat Resort Travel Pair, C101, Adult Travel",公司,QS-C101-38/39,1,0,0,0,3,0
B0H2MFH73T,"Water Shoes for Women Men, Quick Dry Swim Footwear for Beach Pool Resort River Cruise Lake Travel Pair, C117, Adult Travel",公司,QS-C117-40/41,2,0,0,0,1,0
B0GTNKLTT3,"Square Wooden Handle Silver Flatware Set, Food Grade Stainless Steel Cutlery Set, 1 Dinner Fork & 2 Teaspoon, Mirror Polished Dishwasher Safe Silverware",图图,SP-10-01,0,4,0,0,4,0
B0H4F2TBXY,"Portable Golf Ball Holder, Clip On Golf Ball Pouch, Practical Golf Accessories, Easy to Attach on Golf Bag & Cart, Novelty Gift for Golfers Men Women",图图,SP-gaoerfujia-white,5,0,0,0,1,0
B0GVQCSGD6,"Women's Thin Adjustable Waist Belt, Fashion Solid Color Simple Waistband for Dresses Jeans Cosplay Costume Casual Wear",未匹配 Excel,,,,90,4,0,0
B0GVQMRL8X,"Portable Aluminum Alloy Carabiner Keychain Clip, Multifunctional D Ring Locking Carabiner for Outdoor Sports Daily Use,10 Pack",图图,SP-dengsan05-8zi,7,0,0,0,8,1
B0GQBZ7JYK,"Unisex Swim Water Shoes, Non Skid Sole, Soft Stretch Upper, for Beach Pool",公司,QS-076-42/43,2,0,0,0,1,0
B0H1RVR1L6,"Surf Shoes for Women Men, Aqua Socks, Swim Footwear, Lightweight Lake River Beach Resort Summer Travel Pair",公司,QS-137-36/37,2,0,0,0,1,0
B0H1HP2BCJ,"2 Pack Adhesive Wall Hooks, No Drilling Heavy Duty Self Adhesive Hooks, Waterproof Transparent Hanger for Bathroom Kitchen Door Towel Coat Key",图图,SP-guaigou-2,10,4,0,0,1,0
B0H1QNXJSZ,"Stainless Steel Oil Separator Spoon, Fat Gravy Skimmer Ladle, Kitchen Soup Oil Filter Spoon for Cooking",未匹配 Excel,,,,2,0,0,0
B0GV3H7V3F,"3 Pairs Nylon Lined Nitrile Coated Work Gloves, Dipped Rubber Non-Slip Safety Gloves for Gardening, Construction, Household & Men",凯旋,KCC-dingqingshoutao-L-baihui,9,2,0,0,4,1
B0GY2KQBZB,"Lightweight Foldable Water Shoes, Anti-Slip Quick Dry Aqua Socks for Travel Beach",公司,SP-XIE3-S40/41,8,0,0,0,2,0
B0GXV19V2S,"Diving Beach Water Shoes Men Women, Non Slip Rubber Sole, Quick Dry Swim Shoes",公司,QS-074-44/45,5,0,0,0,3,0
B0H1D8YQSX,"Water Shoes for Men Women, Anti Skid Rubber Sole, Slip On, for Rafting Kayak",公司,QS-072-38/39,7,0,0,0,6,0
B0GQBGRKQB,Lightweight Aqua Shoes Quick Dry Water Shoes for Beach Pool Activities,公司,QS-083-40/41,3,0,0,0,9,0
B0H2MKR6M2,"Universal 6 Speed Knurled Aluminum Alloy Gear Shift Knob with 4 Adapters, Racing Shifter Head for Car & Sim Racing",未匹配 Excel,,,,5,0,0,0
B0H1VDF3G1,"Stainless Steel Watermelon Scoop, Long Handle Fruit Baller, Ice Cream Melon Baller Cutter Kitchen Tool",未匹配 Excel,,,,14,1,0,0
B0H1RV2MCX,"Aqua Socks for Women Men, Water Shoes, Barefoot Swim Footwear, Resort Pool Lake Yoga Beach Travel Pair",公司,QS-112-38/39,1,0,0,0,2,0
B0GX1HSQJ7,"Water Shoes Men Women, Non Slip Sole, Quick Dry, for Creek Hiking Beach Travel",公司,QS-087-44/45,4,0,0,0,4,0
B0GWLCC48L,Men Women Water Shoes Quick Dry Non Slip Barefoot Shoes Lightweight Breathable Beach Swim Surf Yoga Outdoor Sports Aqua Socks,公司,SP-XIE-Z38/39,11,0,0,0,1,0
B0H2MG7LNS,"Water Shoes for Women Men, Slip On Pool Shoes for Beach Resort Shower Cruise Dock Travel Footwear, C104, Adult Travel",公司,QS-C104-38/39,2,0,0,0,1,0
B0GS8227R4,Keychain for Men Women - Durable Metal Key Chain with Key Ring Car Key Accessory,凯旋,KC-16-01,3,0,0,0,96,2
B0GWL64S8S,Men Women Water Shoes Quick Dry Non Slip Barefoot Shoes Lightweight Breathable Beach Swim Surf Yoga Outdoor Sports Aqua Socks,公司,SP-XIE-Z40/41,8,0,0,0,3,1
B0H2MDX3DX,"Water Shoes for Women Men, Quick Dry Swim Footwear for Beach Pool Resort River Cruise Lake Travel Pair, C117, Adult Travel",公司,QS-C117-38/39,2,0,0,0,1,0
B0GYRHBF5C,"Water Shoes Men Women, Non Slip Sole, Cushion Insole, for Beach Snorkeling",公司,QS-059-44/45,2,0,0,0,2,0
B0H1CP58NN,"Extra Large Clothes Storage Bag, Foldable Quilt Organizer With Zipper Handle For Blankets Bedding Moving",凯旋,KCC-CDSND-HUANG,0,0,0,0,5,4
B0GSVLB176,Buauty Bikini Sets for Women Two Piece Swimsuits Halter String Triangle Bathing Suit Sexy Tie Side Bottom Swimwear,图图,KB-B5-L,5,0,0,0,8,0
B0GTLNLWP9,"Dog Rope Knot Chew Toy Set, Teething Relief Toys, Interactive Tug of War Play Toys for Small & Medium Dogs",未匹配 Excel,,,,3,1,0,0
B0H2MDLDD6,"Water Shoes for Women Men, Aqua Socks, Foldable Water Shoes for Beach Pool River Lake Cruise Trip Pair, 2529, Adult Travel",公司,QS-2529-40/41,2,0,0,0,2,0
B0GVXCPVKW,"Foldable EVA Travel Slippers for Women Men, Lightweight Quick Drying Non Slip Shower Sandals, Portable Flip Flops for Bathroom, Hotel, Beach, Pool & Cruise",公司,ZD002-White-10/11,3,0,0,0,1,0
B0GQBWG246,"Non Slip Aqua Shoes Men Women, Rubber Sole, Quick Dry Slip On for Swimming",公司,QS-062-40/41,6,0,0,0,7,0
B0GVJMW61F,"Gradient Color Ice Silk UV Protection Arm Sleeves, 2 Pairs Cooling Sun Protection Arm Covers for Men Women Outdoor Sports",图图,SP-BINGXIU-lan01,2,0,0,0,11,0
B0GZZ2V719,"Foot Scrubber Mat for Shower- Feet Scrubber Massager with Suction Cups, Silicone Shower Foots Cleaner for Bathroom Home Spa Travel (Grey)",凯旋,YQ-QWER-2026420-AMD-2,22,5,0,0,0,1
B0H1WXDKYF,"Travel Soap Dish with Lid and Drain Tray, Plastic Soap Holder",图图,SP-feizao-1,15,4,0,0,17,7
B0GWP77J6Z,"Shirt Sleeve Holders, Adjustable Sleeve Garter Keep Sleeves Tucked for Men Women, Work, Uniform, Casual Wear White",凯旋,KCC-XH-W,1,0,0,0,1,0
B0GQBR61BP,"Slip On Beach Shoes Men Women, Non Skid Sole, Quick Dry Water Shoes",公司,QS-053-42/43,8,0,0,0,4,0
B0GVSDW25R,"2 Pack Wrist Rest with Thumb Support, Compression Sleeve for Tendonitis & Carpal Tunnel, Joint Stabilizer for Wrist Pain Relief",图图,SP-huwan-dafu,6,0,0,0,1,0
B0GWJ2XYYS,"Sexy Lace Low Rise Underwear for Women 5 Pack, Soft Breathable Comfort Fashion Ladies Panties Multi Color",未匹配 Excel,,,,1,0,0,0
B0GVN3WCSS,"6 Pairs Men's Pure Cotton Non-Slip Boat Socks, Anti-Slip No Show Low Cut Invisible Socks for Sneakers & Daily Wear",未匹配 Excel,,,,7,1,0,0
B0H1MBDTQS,"3 Pack Cute Mushroom Toothbrush Covers, Portable Protective Cases With Clip For Travel Bathroom",未匹配 Excel,,,,4,0,0,0
B0GS89ZDRG,Keychain for Men Women - Durable Metal Key Chain with Key Ring Car Key Accessory,凯旋,KC-23-03,8,1,0,0,265,3
B0GS8HPL7V,Keychain for Men Women - Durable Metal Key Chain with Key Ring Car Key Accessory,凯旋,KC-19-01,8,2,0,0,242,3
B0H3MWDZ44,"1PCS Colorful Sensory Twister, Silicone Stress Relief Gadget, Tactile Tool for Adult Office Relaxation",未匹配 Excel,,,,11,2,0,0
B0GYZ1MC68,"Animal Shaped Dog Rope Toy, Interactive Tug Chew Toy for Small Dogs, Teething Rope Knot Toy for Pet Daily Play",未匹配 Excel,,,,4,1,0,0
B0GQBT7L6P,"Unisex Water Shoes, Quick Dry Beach Shoes, Anti Skid Rubber Sole, for Travel",公司,QS-037-42/43,2,0,0,0,3,0
B0GYRNP2KJ,"Beach Aqua Shoes Unisex, Non Slip Rubber Sole, Comfortable Insole, for Ocean",公司,QS-051-44/45,1,0,0,0,1,0
B0H1D1K841,Comfort Foldable Beach Shoes Non Slip Water Shoes for Women Men,公司,QS-089-44/45,7,1,0,0,4,0
B0GVJQ1PC3,"Gradient Color Ice Silk UV Protection Arm Sleeves, 2 Pairs Cooling Sun Protection Arm Covers for Men Women Outdoor Sports",图图,SP-BINGXIU-lan02,6,0,0,0,4,0
B0H4JBC65Y,"Semi Automatic Hand Push Egg Whisk, Stainless Steel Rotary Egg Beater, Manual Mixer for Egg Cream Batter, Home Baking Kitchen Gadget",未匹配 Excel,,,,1,0,0,0
B0H1W8RZ85,"Press Garlic Chopper, Manual Garlic Cutter Mincer, Stainless Steel Blade Garlic Presser for Kitchen Cooking",图图,SP-yash-1,5,0,0,0,2,0
B0GZV4PNTZ,"Stainless Steel Steamer Rack, Multifunction Pot Insert Trivet for Vegetables, Dumplings, Eggs, Fish, Woks, Pans",未匹配 Excel,,,,1,0,0,0
B0GQC3LH69,"Beach Shoes for Men Women, Non Slip Rubber Sole, Quick Dry Printed Aqua Shoes",公司,QS-032-42/43,2,0,0,0,4,0
B0H1RW3YMB,"Beach Shoes for Women Men, Aqua Socks, Swim Footwear, Lightweight Cruise Pool Resort Vacation Travel Pair",公司,QS-124-44/45,2,0,0,0,1,0
B0GRTQVTR2,"Beach Water Shoes Unisex, Anti Slip Pattern Sole, Quick Dry Swim Shoes for Ocean",公司,QS-101-42/43,3,0,0,0,2,0
B0GVJKPCD3,"Double Head Cotton Swabs, Wooden Stick Cotton Buds, Disposable Soft Cotton Tips for Ear Cleaning, Makeup, Pet Care and Daily Cleaning",凯旋,KCC-mianqian-1,17,3,0,0,50,7
B0GX36B5MY,"Weight Lifting Gym Grips Pads, Heavy Duty Suede Leather Hand Grips for Weightlifting, Deadlift, Pull Up, Strength Training",凯旋,KCC-ST-HUI,4,0,0,0,1,0
B0H454CFFZ,"Electric Automatic Hands-Free Tin Cutter, One-Touch Battery Powered Kitchen Gadget with Smooth Edge, Can Opener Ideal for Seniors & Arthritic Hands",未匹配 Excel,,,,41,3,0,0
B0GSVQQ9G6,Women Two Piece Vintage Print Bikini Set Halter String Triangle Swimsuit Back Self Tie Spaghetti Strap Bathing Suit,图图,KC-B13-M,7,0,0,0,4,0
B0GWM7VH5T,"Waterproof Dry Bag with Zipper, Water Resistant Pouch for Beach Swimming Kayaking Boating Fishing, Keep Phone Valuables Dry",凯旋,KCC-FSB-W,1,0,0,0,7,0
B0H1CZRRG7,"Water Shoes Unisex, Anti Skid Pattern Sole, Soft Stretch Upper, for Wet Rocks",公司,QS-033-44/45,5,0,0,0,3,0
B0H1D84G4F,"Creek Water Shoes for Men Women, Anti Slip Sole, Quick Dry, for River Walking",公司,QS-028-38/39,0,1,0,0,3,0
B0GVNMFKYK,"Elastic Wide Waist Belt for Women, Fashion Versatile Cinch Belt, Retro Decorative Waistband for Dresses Jeans",图图,SP-yaodai-tou,2,0,0,0,1,0
B0H147G4HD,"Dog Rope Toy, Multi Style Interactive Tug Chew Toys for Small Dogs, Teething Rope Toy Pack for Pet Daily Play",凯旋,KCC-caihong-1,5,0,0,0,2,0
B0H2MPTXJ6,"Water Shoes for Women Men, Aqua Socks, Foldable Water Shoes for Beach Pool River Lake Cruise Trip Pair, 2520, Adult Travel",公司,QS-2520-40/41,2,0,0,0,1,0
B0GXHNK6WF,"Creek Trekking Water Shoes for Men Women, Anti Slip Sole, Durable Outsole",公司,QS-055-44/45,3,1,0,0,2,1
B0H1RZB97Y,"Barefoot Water Socks for Women Men, Aqua Shoes, Pool Footwear, River Lake Beach Resort Summer Travel Pair",公司,QS-139-38/39,2,0,0,0,1,0
B0GQBNJKXL,"Beach Water Shoes Unisex, Printed Design, Anti Slip Sole, Quick Dry Shoes for Pool Ocean",公司,QS-004-40/41,11,0,0,0,3,1
B0H2MH5YRZ,"Water Shoes for Women Men, Quick Dry Aqua Socks for Pool Beach Boat Dock Lake Resort Summer Travel, C112, Adult Travel",公司,QS-C112-40/41,4,0,0,0,2,0
B0GQBP5G6M,Water Shoes for Women Men Quick Dry Barefoot Beach Swim Pool Walking Shoes,公司,QS-001-40/41,3,0,0,0,8,1
B0GZV4KW2X,"3 Pack Multi Function Bottle Opener Set, Portable Beer And Can Opener For Household Party And Outdoor Use",凯旋,KCC-KPQ-3GE,6,0,0,0,5,0
B0H4R5Y4WB,"Mini Travel Cosmetic Bag, Velvet Zipper Makeup Pouch with Embroidered Letter, Portable Toiletry Organizer for Women",未匹配 Excel,,,,15,2,0,0
B0H4QX1QMS,"Floral Quilted Makeup Bag, Large Capacity Hair Dryer Storage Bag, Portable Multi-Functional Travel Organizer for Women",未匹配 Excel,,,,118,4,0,0
B0H2MNSKL1,"Water Shoes for Women Men, Quick Dry Aqua Socks for Pool Beach Boat Dock Lake Resort Summer Travel, 2625, Adult Travel",公司,QS-2625-40/41,2,0,0,0,2,0
B0GTLPT7GP,"Dog Rope Knot Toys Set, Cotton Chew Toys for Teething, Interactive Play Training Toys for Small and Medium Dogs",图图,SP-TUTU-HLB-01,0,0,0,0,1,0
B0H1S3RHYX,"Beach Shoes for Women Men, Aqua Socks, Lightweight Water Footwear, River Dock Fishing Summer Travel Pair",公司,QS-127-44/45,2,0,0,0,2,0
B0H1RRQTZN,"Water Shoes for Women Men, Aqua Socks, Quick Dry Swim Shoes, Lake River Dock Beach Camping Shower Footwear",公司,QS-109-44/45,2,0,0,0,1,0
B0GX1DQD78,"Water Shoes for Women Men, Aqua Socks, Swim Footwear, Pool Gym Shower Beach Resort Summer Travel Pair",公司,QS-0961-38/39,4,0,0,0,1,0
B0H396NXD5,"Non-Woven Fabric Storage Bags, Large Capacity Clothing Organizer Bags with Reinforced Handles, Foldable Storage Bags for Blankets, Comforters, Bedding, Clothes, Quilts",未匹配 Excel,,,,1,0,0,0
B0GZZ7N5PK,"Nail Clipper for Women 7Pcs- Manicure Pedicure Kit with Travel Case, Fingernail Toenail Clippers, Cuticle Trimmer for Home Travel (Rose Gold)",凯旋,YQ-QWER-2026420-MGZJJ-1,0,0,0,0,0,5
B0GQBT34DP,"Water Shoes Men Women, Anti Slip Rubber Outsole, Lightweight, for Surf Snorkel",公司,QS-077-40/41,1,0,0,0,6,0
B0GQBNBXGY,"Beach Swim Water Shoes for Men Women, Non Slip Sole, Printed Quick Dry Slip On",公司,QS-095-40/41,3,0,0,0,4,0
B0GS4HJLBM,"Aqua Socks for Women Men, Water Shoes, Quick Dry Swim Footwear, Beach Pool River Lake Cruise Summer Travel Pair",公司,QS-111-40/41,3,0,0,0,1,0
B0H2MJK422,"Water Shoes for Women Men, Lightweight Swim Shoes for Beach Hotel Pool Lake Marina Resort Travel Pair, 2515, Adult Travel",公司,QS-2515-36/37,1,0,0,0,1,0
B0GTBJ852M,"2 Pack Drain Hair Catcher-Sink Strainer, Shower Drain Cover, Drains Filter Cover for Kitchen Sink Bathroom Shower(Green)",公司,YQ-YUNYU-2026317-GUOLVQI-8,14,0,0,0,4,0
B0GQBT7L7K,"Diving Snorkel Shoes Men Women, Non Slip Rubber Sole, Quick Dry Water Shoes",公司,QS-093-40/41,6,0,0,0,6,0
B0GZYSZW1Y,"Glass Crystal Ball for Women-3D Inner Carved Glass Ball Decor with Stand, Sculpture Decor for Desk Shelf Mantel Office Bedroom (Seahorse)",凯旋,YQ-QWER-2026424-SJQ,4,0,1,0,0,0
B0H1W2B6YM,"Multi-Functional Kitchen Spiral Grater, Rotating Vegetable Peeler Slicer, Manual Spiralizer for Carrot Cucumber Potato",图图,SP-yuanpaosi-1,7,1,0,0,3,0
B0H1534Q23,Summer Beach Shoes Lightweight Water Shoes for Women Men Daily Sports,公司,QS-068-36/37,1,0,0,0,3,0
B0GWLBM2DW,Men Women Water Shoes Quick Dry Non Slip Barefoot Shoes Lightweight Breathable Beach Swim Surf Yoga Outdoor Sports Aqua Socks,公司,SP-XIE-L42/43,4,0,0,0,1,2
B0H1RXCWVW,"Lake Shoes for Women Men, Aqua Socks, Swim Footwear, Slip On River Dock Boat Ramp Travel Vacation Pair",公司,QS-135-36/37,2,0,0,0,1,0
B0H2MKSZT2,"Water Shoes for Women Men, Water Footwear for Beach Pool Spa Hotel River Lake Cruise Travel Pair, C118, Adult Travel",公司,QS-C118-38/39,2,0,0,0,1,0
B0H2H8K44D,"Boho Double Interlocked Heart Anklet, White Seed Bead Turquoise Accent Adjustable Foot For Women",凯旋,KCC-BXMYFJL-1,5,0,0,0,1,0
B0H2MC4Y7S,"Water Shoes for Women Men, Lightweight Swim Shoes for Beach Hotel Pool Lake Marina Resort Travel Pair, 2610, Adult Travel",公司,QS-2610-40/41,1,0,0,0,2,0
B0H1X7H5SV,"Travel Soap Dish with Lid and Drain Tray, Plastic Soap Holder",未匹配 Excel,,,,17,3,0,0
B0H1S2H9YV,"Beach Shoes for Women Men, Aqua Socks, Lightweight Water Footwear, River Dock Fishing Summer Travel Pair",公司,QS-127-40/41,2,0,0,0,1,0
B0GV317D7P,"HPPE Nitrile Sandy Finish Cut Resistant Gloves, EN 388 Level 5 Protection, Safety Work Gloves for Kitchen, Gardening, Construction, Men & Women",凯旋,KCC-fangqiegeshoutao-XL,5,0,1,0,4,1
B0GTBPWFZR,"2 Pack Drain Hair Catcher-Sink Strainer, Shower Drain Cover, Drains Filter Cover for Kitchen Sink Bathroom Shower(Pink)",公司,YQ-YUNYU-2026317-GUOLVQI-6,15,0,0,0,1,0
B0GXYH5HX3,"Pearl Crystal Bracelet For Women, Sparkling Pearl Chain Accessory For Wedding Date And Evening Outfit Decoration",未匹配 Excel,,,,52,5,0,0
B0GX15M3T7,"Slip On Beach Shoes Men Women, Non Skid Sole, Quick Dry Water Shoes",公司,QS-053-36/37,3,0,0,0,4,0
B0GVJVCZV7,"Adhesive-Free Lower Eyelashes, Natural Look Fake Bottom Lashes, Reusable Multiple Styles Soft Under Lashes for Daily Makeup",图图,SP-mianjiao-you,2,0,0,0,1,0
B0GVXCH61Z,"Foldable EVA Travel Slippers for Women Men, Lightweight Quick Drying Non Slip Shower Sandals, Portable Flip Flops for Bathroom, Hotel, Beach, Pool & Cruise",公司,ZD002-Pink-6/7,1,0,0,0,4,0
B0GVZ1LGTQ,"Aqua Shoes for Women Men, Water Socks, Quick Dry Pool Shoes, Beach Lake River Summer Travel Pair",公司,QS-0921-38/39,2,0,0,0,1,0
B0H3RMNP9Q,"Virgin Mary Cross Pendant Necklace, Teardrop Cubic Zirconia Gold Plated Chain Necklace, Religious Catholic Faith Jewelry Gift for Women Daily Wear",图图,SP-xianglian-p,5,0,0,0,4,0
B0H4RBC8KS,"Floral Print Canvas Cosmetic Bag, Multi-Use Zipper Pouch, Portable Travel Makeup Organizer for Women",图图,SP-fanbu-hua,4,1,0,0,6,0
B0GV26DZK8,"Sweat Wicking Striped Wide Headbands for Women, Non Slip Workout Head Wraps, Moisture Resistant Athletic Hair Bands for Yoga Running Fitness, 10 Pack",未匹配 Excel,,,,2,1,0,0
B0H2M93FQD,"Water Shoes for Women Men, Aqua Socks, Foldable Water Shoes for Beach Pool River Lake Cruise Trip Pair, 2620, Adult Travel",公司,QS-2620-38/39,1,1,0,0,1,0
B0GSX65TMY,"Skincare Headband For Face Washing-Spa Headband, Makeup Headbands With Bow And Wrist Wash Bands Facial Routine Spa For Women(Green)",公司,YQ-YUNYU-2026317-FADAI-5,9,1,0,0,1,1
B0H1RWN9FH,"Aqua Socks for Women Men, Water Shoes, Barefoot Swim Footwear, Resort Pool Lake Yoga Beach Travel Pair",公司,QS-112-44/45,2,0,0,0,1,0
B0H1QYJHCM,"2 Pack PTFE Oven Liners, Non-Stick Reusable Oven Bottom Mats, Heat Resistant Baking Mat for Gas Electric Oven",图图,SP-hongbeidian-1,5,0,0,0,1,0
B0H2HPZ32Y,"Inspirational Heart Butterfly Keychain, Stainless Steel Engraved Positive Quote Keyring Encouragement Gift For Women Girls",未匹配 Excel,,,,40,0,0,0
B0H1S3LMQS,"Pool Shoes for Women Men, Aqua Socks, Barefoot Water Footwear, Yoga Beach Resort Spa Pool Vacation Pair",公司,QS-131-38/39,2,0,0,0,1,0
B0H4FD5SZR,"Portable Golf Ball Holder, Clip On Golf Ball Pouch, Practical Golf Accessories, Easy to Attach on Golf Bag & Cart, Novelty Gift for Golfers Men Women",未匹配 Excel,,,,1,0,0,0
B0H1RSQN4S,"Swim Shoes for Women Men, Water Shoes, Aqua Socks, Quick Dry Beach Pool River Lake Cruise Travel Footwear",公司,QS-118-36/37,2,0,0,0,7,0
B0GSVS86G7,Womens Vintage Print Two Piece Bikini Set by SEAFORM Halter String Triangle Top Back Self Tie Spaghetti Strap Swimsuit,图图,KC-B11-L,4,0,0,0,18,1
B0GQBR8VD8,"Water Shoes Unisex, Anti Skid Sole, Thick Cushion Insole, for Kayak Rafting",公司,QS-045-42/43,4,0,0,0,6,0
B0GZP4G8W6,Summer Beach Shoes Lightweight Water Shoes for Women Men Daily Sports,公司,QS-073-44/45 / QS-068-44/45,2,0,0,0,4,0
B0GZVB6YTS,"Novelty Egg Squeeze Stress Ball, Transparent Squishy Fidget Toy with Yolk for Adult Stress Relief",凯旋,KCC-SHD-1,73,35,0,0,269,23
B0GZNZJ34V,Water Shoes for Women Men Quick Dry Barefoot Beach Swim Pool Walking Shoes,公司,QS-002-36/37 / QS-001-36/37,5,0,0,0,3,0
B0H1S3XH69,"Water Shoes for Women Men, Aqua Socks, Quick Dry Swim Shoes, Slip On Beach Pool River Lake Cruise Travel Footwear",公司,QS-102-44/45,2,0,0,0,4,0
B0GY8SFB8H,"Cute Daisy Floral Dog Sundress, Breathable Lightweight Summer Pet Dress As Daily Casual Outfit for Small Puppy and Small Breed Dogs",未匹配 Excel,,,,35,2,0,0
B0GV2ZZBN9,"HPPE Nitrile Sandy Finish Cut Resistant Gloves, EN 388 Level 5 Protection, Safety Work Gloves for Kitchen, Gardening, Construction, Men & Women",凯旋,KCC-fangqiegeshoutao-M,5,0,1,0,0,0
B0H3N8XDC5,"Single Artificial Eucalyptus Garland with White Tiny Flowers, 70.87 Inch Fake Greenery Vine, Faux Eucalyptus Leaf Hanging Plant for Wedding Arch Table Mantle Wall Home Decor",凯旋,KCC-FZAS-1,0,0,0,0,4,2
B0GQBR6ZMH,"Unisex Swim Shoes, Rubber Outsole Anti Slip, Soft Stretch Upper, for Beach Snorkel",公司,QS-005-40/41,3,0,0,0,1,0
B0GVYS2DQ1,"Water Footwear for Women Men, Aqua Socks, Foldable Swim Shoes, Resort Beach Boat Dock Travel Pair",公司,QS-0971-38/39,1,0,0,0,1,0
B0GQBSMZ3L,"Swim Water Shoes for Men Women, Non Slip Sole, Comfortable Fit, for Beach Pool",公司,QS-034-42/43,2,0,0,0,5,0
B0GZVW5WLH,"4 PCS Floral Ceramic Fridge Magnets Set, Ins Style Cute Flower Decorative Magnets for Home Kitchen Refrigerator DIY Decoration",图图,SP-bingxiang03-hua,8,0,0,0,5,1
B0GSVM7M86,Halter String Triangle Bikini Set for Women Two Piece Sexy Tie Side Bottom Bathing Suit Swimwear,图图,KC-B7-L,1,0,0,0,10,1
B0H1V2NYWP,"Hard EVA Over‑Ear Headphone Case, Portable Shockproof Headset Storage Bag with Mesh Pocket & Hand Strap",未匹配 Excel,,,,1,1,0,0
B0H2MCJDCC,"Water Shoes for Women Men, Slip On Pool Shoes for Beach Resort Shower Cruise Dock Travel Footwear, C104, Adult Travel",公司,QS-C104-40/41,2,0,0,0,3,0
B0H1MWXYRZ,"300mm Triangular Architect Scale Ruler, Aluminum Drafting Scale with 6 Scales for Engineering Blueprints",未匹配 Excel,,,,1,0,0,0
B0H1S6XY2Q,"Barefoot Water Socks for Women Men, Aqua Shoes, Pool Footwear, River Lake Beach Resort Summer Travel Pair",公司,QS-139-40/41,1,0,0,0,1,0
B0H2HQBV1D,"4Pcs Funny Cartoon Face Trash Can Stickers, Removable PVC Self-Adhesive Wall Decals for Toilet Bin Refrigerator Tile Glass Decor",凯旋,KCC-LJTTZ-4,15,6,0,0,56,4
B0GYRQXF74,Quick Dry Water Shoes Slip On Comfort Beach Shoes for Pool Surfing,公司,QS-012-38/39,9,0,0,0,2,0
B0GZVBHFX8,"Pet Bath Brush With Shampoo Dispenser, Silicone Massage Grooming Brush For Dogs Cats, Soft Shower Scrubber For Daily Bath",未匹配 Excel,,,,3,1,0,0
B0GL8ZMT5M,"Foldable EVA Travel Slippers for Women Men, Lightweight Quick Drying Non Slip Shower Sandals, Portable Flip Flops for Bathroom, Hotel, Beach, Pool & Cruise",公司,ZD002-White-8/9,1,0,0,0,3,0
B0GQC5YZBV,"Ocean Swim Water Shoes Unisex, Anti Slip Rubber Sole, Stretch Fit Beach Shoes",公司,QS-069-40/41,1,0,0,0,5,0
B0GQBS7HJW,"Beach Water Shoes Unisex, Anti Slip Pattern Sole, Quick Dry Swim Shoes for Ocean",公司,QS-046-40/41,1,0,0,0,8,0
B0GTKNBJ45,"Car Interior Soft Brush Set, Long + Short Handle Combo, Lint-Free Microfiber Bristles, Scratch-Free Cleaning Brushes for Car Dashboard, Air Vents, Seats, Console, Windows",未匹配 Excel,,,,82,12,0,0
B0H1S31113,"Aqua Socks for Women Men, Water Shoes, Quick Dry Swim Footwear, Beach Pool River Lake Cruise Summer Travel Pair",公司,QS-111-44/45,2,0,0,0,1,0
B0H3NKP2K8,"Single Empty Travel First Aid Pouch, Portable Oxford Cloth Mini Medical Storage Bag with Embroidered Cross, Small Emergency Medicine Organizer for Home Car Camping Travel",凯旋,KCC-XHYB-HONG,4,0,0,0,7,1
B0H1HP96NM,"4-Stage Knife Sharpener, Adjustable Angle Diamond Ceramic Sharpening Tool, Stainless Steel Non-Slip Base for Kitchen Knives Scissors",未匹配 Excel,,,,1,0,0,0
B0GZY44LZR,"Reusable Cotton Mesh Grocery Bag, Expandable Net Tote Bag for Fruits, Vegetables, Produce, Beach and Shopping",图图,SP-huanbao-xing,4,0,0,0,2,0
B0H2MLTH4V,"Water Shoes for Women Men, Aqua Socks, Slip On Swim Shoes for Beach Pool Lake Boat Resort Travel Pair, 2561, Adult Travel",公司,QS-2561-38/39,2,0,0,0,1,0
B0GWL7JD19,Men Women Water Shoes Quick Dry Non Slip Barefoot Shoes Lightweight Breathable Beach Swim Surf Yoga Outdoor Sports Aqua Socks,公司,SP-XIE-H40/41,13,0,0,0,4,1
B0H1RYTWPT,"Swim Shoes for Women Men, Water Shoes, Aqua Socks, Foldable Pool Water Park Beach Resort Travel Pair",公司,QS-121-38/39,2,0,0,0,2,0
B0GYRR45JW,"Diving Beach Water Shoes Men Women, Non Slip Rubber Sole, Quick Dry Swim Shoes",公司,QS-063-38/39,4,0,0,0,7,0
B0H4V7VCG7,"Plush Heart-Shaped Cosmetic Bag, Soft Square Makeup Pouch, Creative Quilted Toiletry Organizer for Women",图图,SP-aixin2-whlite,9,1,0,0,0,5
B0H2H7VDQV,"Natural Purple Crystal Beaded Bracelet, 8mm Adjustable Elastic Healing Stone Bracelet For Women Men",凯旋,KCC-ZJSL-ZI,4,7,0,0,75,4
B0GVN9F8JJ,"4 Pack Adjustable Waist Buckles for Pants, Multiple Styles Alloy Waist Cinch Clips, Clothing Waist Tightener for Women",图图,SP-shouyao02-duokuan,0,0,0,0,2,2
B0GL8XRPM9,"Foldable EVA Flip Flops for Women Men, Wide Strap Non-Slip Travel Sandals, Lightweight Quick-Drying Beach Slippers for Vacation, Pool & Shower",公司,ZD003-Black-7/8,0,2,0,0,6,0
B0GXHVNVX1,"Printed Beach Water Shoes Unisex, Non Slip Rubber Sole, Lightweight Swim Shoes",公司,QS-047-38/39,7,0,0,0,2,0
B0H2H2LQ64,"Stainless Steel Handheld Whisk, a Versatile Metal Mixer Perfect for Egg Beating, Blending and Stirring in Kitchen Cooking and Baking",图图,SP-jiaobandadan-1,12,1,0,0,5,0
B0H1S89SQ5,"Aqua Socks for Women Men, Water Shoes, Foldable Swim Footwear, River Lake Dock Boat Beach Travel Pair",公司,QS-114-36/37,2,0,0,0,2,0
B0GS8M9LS3,Keychain for Men Women - Durable Metal Key Chain with Key Ring Car Key Accessory,凯旋,KC-01-01,0,2,0,0,554,1
B0GYXX4VHT,"Sun Shaped Rope Chew Toy, 30CM Durable Cotton Tug Toy for Small Dogs, Teething & Interactive Play",图图,SP-TU-BLTY-01,4,0,0,0,2,0
B0GVS8ZGPJ,"Outdoor Camping Multi-Function Portable Carry Bag, Waterproof Foldable Storage Bag for Camping Gear Picnic Hiking Travel",凯旋,KCC-LYB-C,1,0,0,0,2,0
B0GWM4HLLN,"Rectangle Desk Mat, Minimalist Extended Mouse Pad, Non-Slip Waterproof Desk Pad for Home Office Gaming Workspace",图图,SP-CD03-ZONG,2,0,0,0,1,0
B0H2GW2WP7,"Cute Cartoon Toothpaste Squeezer, Plastic Tube Dispenser, Multi-Functional Bathroom Kitchen Gadget for Home Decor",未匹配 Excel,,,,11,1,0,0
B0GQBGJYQW,"Unisex Printed Water Shoes, Anti Skid Rubber Sole, Lightweight Slip On Beach Shoes",公司,QS-088-40/41,5,0,0,0,7,0
B0H1PS5J84,"600Pcs Solder Seal Wire Connectors Kit, Heat Shrink Waterproof Electrical Terminals for AWG10‑24",凯旋,KCC-DHGTZ-600,5,0,0,0,11,0
B0GZYYD6F5,"Nail Clipper for Women 7Pcs- Manicure Pedicure Kit with Travel Case, Fingernail Toenail Clippers, Cuticle Trimmer for Home Travel (Red)",凯旋,YQ-QWER-2026420-MGZJJ-3,2,1,0,0,1,1
B0GVS9PFFJ,"S Shape Spring Snap Hook, Quick Release Buckle Clip, Heavy Duty Spring Loaded Fastener for Outdoor Camping Backpack Keychain",凯旋,KCC-DK-40,22,0,0,0,2,1
B0GSZCYFZR,Retro Round Sunglasses Polarized UV401 Protection Lightweight Sun Glasses for Outdoo,凯旋,KC-S3-01,0,0,0,0,160,3
B0H2HMH9K8,"4Pcs Funny Cartoon Face Trash Can Stickers, Removable PVC Self‑Adhesive Wall Decals for Toilet Bin Refrigerator Tile Glass Decor",未匹配 Excel,,,,128,6,0,0
B0GTZ8DVR3,"7 Pairs Men's Summer Thin Boat Socks, Breathable Mesh Low Cut Ankle Socks, Non-Slip Lightweight Invisible Liner Socks for Daily & Sports",凯旋,KCC-wangyanwa-7se,8,1,3,1,11,0
B0H3N5M16J,"Manual Pepper Grinder, Stainless Steel Top Spice Mill with Clear Glass Bottle, Adjustable Coarseness Salt Pepper Shaker for Kitchen Cooking, BBQ & Dining",未匹配 Excel,,,,2,2,0,0
B0GVX7K8MW,"Unisex River Trek Water Shoes, Anti Skid Sole, Durable Outsole, Quick Dry",公司,QS-094-38/39,7,0,0,0,6,0
B0H1RSTCJL,"Aqua Socks for Women Men, Water Shoes, Foldable Swim Footwear, River Lake Dock Boat Beach Travel Pair",公司,QS-114-38/39,0,1,0,0,3,0
B0H3MQGSPF,"1PCS Colorful Sensory Twister, Silicone Stress Relief Gadget, Tactile Tool for Adult Office Relaxation",图图,SP-niuniule-green,5,1,0,0,1,1
B0H2MG3BCQ,"Water Shoes for Women Men, Quick Dry Swim Footwear for Beach Pool Resort River Cruise Lake Travel Pair, 2618, Adult Travel",公司,QS-2618-40/41,1,0,0,0,2,0
B0H1QY8GYB,"5 Pack Silicone Resistance Bands Set, Non-Latex Elastic Exercise Bands for Butt Legs Yoga Pilates Strength Training",未匹配 Excel,,,,0,1,0,0
B0H1RRD482,"Water Shoes for Women Men, Aqua Socks, Quick Dry Swim Shoes, Lake River Dock Beach Camping Shower Footwear",公司,QS-109-36/37,2,0,0,0,1,0
B0H4SRY4PD,"Vintage Korean Style Long Wallet, Multi-Card Holder, Slim Envelope Design Ladies Purse",未匹配 Excel,,,,1,0,0,0
B0GQBWK8VT,"Water Shoes Men Women, Anti Slip Rubber Outsole, Lightweight, for Surf Snorkel",公司,QS-077-42/43,5,0,0,0,1,0
B0GYQKLH3V,"HPPE Nitrile Sandy Finish Cut Resistant Gloves, EN 388 Level 5 Protection, Safety Work Gloves for Kitchen, Gardening, Construction, Men & Women",凯旋,KCC-fangqiegeshoutao-S,5,0,2,0,0,0
B0GXHMSZ5J,"Printed Beach Water Shoes Unisex, Non Slip Rubber Sole, Lightweight Swim Shoes",公司,QS-047-44/45,4,1,0,0,3,1
B0H5NF8MGH,"8-Month Long Lasting Pet Neck Collar for Dogs & Cats, Adjustable Waterproof Daily Wearing Collar, Skin Friendly Hypoallergenic Pet Accessory",图图,SP-xiangquan1-38-zi,0,0,0,0,0,1
B0GZYFJCLF,"Foldable Reusable Tote Bag, No-Hole Textured Shopping Bag for Small Items, Gift Box Cover, Travel Storage",图图,SP-huanbao-zhe-lu,4,3,0,0,11,0
B0GQBP2K8L,"Snorkel Swim Water Shoes Unisex, Non Skid Rubber Sole, Stretch Fit Beach Shoes Black",公司,QS-029-40/41,10,2,0,0,4,2
B0GYXY2NGY,"Multi Size Woven Round Placemat Set, Heat Resistant Non Slip Rope Mats for Dining Table Kitchen Pot Holders",凯旋,KCC-feipan-15cm,10,0,0,0,51,4
B0GZYW9QPZ,"Foot Scrubber Mat for Shower- Feet Scrubber Massager with Suction Cups, Silicone Shower Foots Cleaner for Bathroom Home Spa Travel (Green)",凯旋,YQ-QWER-2026420-AMD-4,0,0,0,0,0,3
B0H2VQZ9Q7,"Heart‑Shaped Car Pull Ring, Universal Interior Hanging Ornament Strap for Automotive Modification",未匹配 Excel,,,,3,0,0,0
B0H1S3CGVF,"Aqua Socks for Women Men, Water Shoes, Lightweight Swim Footwear, Pool Beach Cruise River Vacation Pair",公司,QS-113-40/41,3,0,0,0,2,0
B0H1CQQDYS,"Lemon Tomato Food Tongs, Manual Fruit Slicer Holder, Round Fruit Cutting Stand, Kitchen Gadget for Lemon Lime Orange Tomato",未匹配 Excel,,,,6,1,0,0
B0H1D8532V,Portable Beach Shoes Foldable Design Water Shoes for Outdoor Activities,公司,QS-057-38/39,4,0,0,0,5,0
B0GVJ69LXB,"Cooling Sports Arm Sleeves with UV Sun Protection, Anti Slip Ice Silk Arm Covers for Men Women",图图,SP-BINGXIU-yundong01,2,0,0,0,21,0
B0GS8L8LPD,Slip On Quick Dry Beach Shoes Water Sports Aqua Socks Non-Slip Outdoor Shoes for Swimming Diving Kayaking,未匹配 Excel,,,,1,0,0,0
B0H2HSTH6Q,"4Pcs Boho Mandala Round Wooden Coasters, Heat‑Resistant Non‑Slip Trivets for Hot Pots Pans Table Kitchen Decor",凯旋,KCC-CD-4,1,2,0,0,4,1
B0H1VY6PW8,"10Sets M8 Metal Wall Anchors with M5 Screws, Heavy‑Duty Expansion Bolt Kits for Concrete Drywall Brick",凯旋,KCC-M8PZLS-10TAO,4,1,0,0,92,3
B0H1WDVQCG,"Stainless Steel Dough Mixer, Handheld Double Hole Bread Whisk, Manual Flour Stirrer Egg Beater for Baking Cooking",图图,SP-dadan-1,27,1,0,0,4,1
B0GQC25XMX,"Pool Water Shoes for Men Women, Anti Skid Sole, Quick Dry, Lightweight Swim Shoes",公司,QS-014-40/41,2,0,0,0,12,2
B0H2H2TCC5,"Silicone Ice Cube Tray with Lid and Storage Bin, Easy Release Round Ice Mold, Reusable Freezer Ice Container for Cocktails Drinks",未匹配 Excel,,,,1,0,0,0
B0GVSKRL8T,"20 Pack 40mm S Shape Spring Snap Hook, Quick Release Buckle Clip, for Outdoor Camping Backpack Keychain",未匹配 Excel,,,,2,0,0,0
B0H2M8N5N5,"Water Shoes for Women Men, Barefoot Water Footwear for Pool Beach Cruise River Dock Vacation Pair, 2623, Adult Travel",公司,QS-2623-40/41,1,0,0,0,2,0
B0GTKB7C9R,"28 Grid Jewelry Storage Box, Plastic Jewelry Organizer with Removable Dividers for Earrings, Rings, Necklaces, Bracelets, Portable Clear Jewelry Case for Home & Travel",未匹配 Excel,,,,3,0,0,0
B0GQC17L8V,"Beach Shoes for Men Women, Non Slip Rubber Sole, Quick Dry Printed Aqua Shoes",公司,QS-032-40/41,7,0,0,0,9,0
B0H5J37TVL,"Suction Cup Cat Toy with Dual Feather Wands, Interactive Self-Play Cat Scratcher & Teething Toy for Indoor Cats",图图,SP-citouxi-hui,8,1,0,0,0,1
B0H3N6CJLD,"105 Degree Right Angle Drill Adapter, 1/4 Inch Hex Shank Drill Bit Extension, Heavy Duty Angle Driver Attachment for Cordless Drill & Impact Screwdriver",未匹配 Excel,,,,5,2,0,0
B0GVXQGDM9,"Foldable EVA Travel Slippers for Women Men, Lightweight Quick Drying Non Slip Shower Sandals, Portable Flip Flops for Bathroom, Hotel, Beach, Pool & Cruise",公司,ZD002-Blue-9/10,4,0,0,0,2,0
B0GL94ZZDQ,"Foldable EVA Travel Slippers for Women Men, Lightweight Quick Drying Non Slip Shower Sandals, Portable Flip Flops for Bathroom, Hotel, Beach, Pool & Cruise",公司,ZD002-Pink-7/8,3,1,0,0,6,1
B0GY36F254,"Handmade Nude French Press On Nails, Reusable Glossy Full Set False Nails As Daily Manicure Accessory For Women Styling",未匹配 Excel,,,,0,1,0,0
B0H1RZL6VM,"Swim Shoes for Women Men, Water Shoes, Aqua Socks, Quick Dry Beach Pool River Lake Cruise Travel Footwear",公司,QS-118-40/41,3,0,0,0,1,0
B0GQC5374T,"River Shoes Unisex, Non Slip Sole, Quick Dry Water Shoes for Creek Trekking",公司,QS-043-42/43,1,0,0,0,5,0
B0GWHQ5G4T,Flexible Water Shoes Barefoot Slippers for Beach Pool Surfing Sports,公司,QS-097-36/37,7,0,0,0,2,0
B0GSVS38SN,Halter Triangle Bikini Set Women Sexy Two Piece Cheeky Thong Bathing Suit Swimsuit Metallic Silver,图图,KC-B4-M,4,0,0,0,2,0
B0H1QZKWVV,"Stainless Steel Fish Spatula Tongs, 2-in-1 Non-Stick Food Clip, Steak Shovel Turner for Kitchen Cooking",图图,SP-niupaijia-1,10,0,0,0,2,0
B0H2M5MV3H,"Water Shoes for Women Men, Barefoot Water Footwear for Pool Beach Cruise River Dock Vacation Pair, 2609, Adult Travel",公司,QS-2609-40/41,2,0,0,0,2,0
B0GZ1P4Q1B,"Foldable EVA Flip Flops for Women Men, Wide Strap Non-Slip Travel Sandals, Lightweight Quick-Drying Beach Slippers for Vacation, Pool & Shower",公司,ZD003-White-9/10,0,1,0,0,1,0
B0H1PW84WX,"This 10‑Pack 90‑Degree L‑Shaped Stainless Steel Angle Brackets Each Measure 1.57 × 1.57 × 0.63 inches, weigh 0.26 lbs (120g) Total, with Package Dimensions of 4.33 × 3.15 × 0.79 inches.",未匹配 Excel,,,,1,1,0,0
B0GWHQQCYG,"Snorkeling Water Shoes for Men Women, Non Slip Rubber Sole, Quick Dry Beach Shoes",公司,QS-084-36/37,6,0,0,0,1,0
B0H1SBNTS3,"Swim Shoes for Women Men, Water Shoes, Aqua Socks, Barefoot Lake Cruise Resort Pool Vacation Footwear",公司,QS-119-44/45,2,0,0,0,1,0
B0GYRMSSB4,"Beach Water Shoes Unisex, Anti Slip Pattern Sole, Quick Dry Swim Shoes for Ocean",公司,QS-101-44/45,2,0,0,0,1,0
B0GQCBNBLC,"Water Shoes Unisex, Anti Slip Pattern Sole, Thick Insole, for Creek River Beach",公司,QS-067-42/43,6,0,0,0,4,0
B0GXHDDQHX,Breathable Water Shoes Non Slip Beach Shoes for Women Men Outdoor Sports,公司,QS-015-44/45,10,0,0,0,1,0
B0GZYW21CF,"Foot Scrubber Mat for Shower- Feet Scrubber Massager with Suction Cups, Silicone Shower Foots Cleaner for Bathroom Home Spa Travel (Blue)",凯旋,YQ-QWER-2026420-AMD-1,3,1,0,0,0,2
B0H1FL741V,"Hand Weeder Tool With Ergonomic Handle, Aluminum Alloy Gardening Weed Puller For Planting Transplanting",凯旋,KCC-CCQ-CHENG,5,0,0,0,0,2
B0GXHPJX87,"Beach Shoes for Men Women, Non Slip Rubber Sole, Quick Dry Printed Aqua Shoes",公司,QS-032-38/39,7,1,0,0,4,0
B0GRTYXJDF,"Water Shoes for Women Men, Aqua Socks, Quick Dry Swim Shoes, Slip On Beach Pool River Lake Cruise Travel Footwear",公司,QS-102-40/41,3,0,0,0,1,0
B0GWHP69MV,All Terrain Water Shoes Lightweight Quick Dry Beach Swim Shoes,公司,QS-092-36/37,1,0,0,0,2,0
B0GQBQ7W8M,"Rafting Beach Water Shoes Unisex, Anti Slip Rubber Sole, Quick Dry Slip On",公司,QS-035-42/43,8,0,0,0,1,0
B0H2MKYMS2,"Water Shoes for Women Men, Lightweight Swim Shoes for Beach Hotel Pool Lake Marina Resort Travel Pair, 2621, Adult Travel",公司,QS-2621-38/39,2,0,0,0,1,0
B0H1W4SSJY,"2Pcs Body Measuring Tape, 150cm/60inch Soft Sewing Tailor Ruler, Flexible Fabric Tape for Body Measurement",图图,SP-juanchi-2,12,0,0,0,5,0
B0H2GV9CB2,"Cute Cartoon Toothpaste Squeezer, Plastic Tube Dispenser, Multi-Functional Bathroom Kitchen Gadget for Home Decor",图图,SP-jiyagao-w,3,0,0,0,1,0
B0GVRYH9SS,"10 Pack Heavy Duty Locking Carabiner, Strong Aluminum Alloy D-Ring Carabiner Clip for Outdoor Hiking Camping Fishing and Backpack Use",图图,SP-dengsan04-60,8,0,0,0,6,1
B0GS8XH3LL,Keychain for Men Women - Durable Metal Key Chain with Key Ring Car Key Accessory,凯旋,KC-23-01,3,2,0,0,484,0
B0GX9VS5ZB,"Voltage Tester Screwdriver Pen with Indicator Light, Transparent AC Circuit Tester for Wall Outlet, Switch Panel, Home Repair, Garage and DIY Electrical Check",凯旋,KCC-CDB-LED,1,2,0,0,0,1
B0GZY62HQG,"Reusable Cotton Mesh Grocery Bag, Expandable Net Tote Bag for Fruits, Vegetables, Produce, Beach and Shopping",图图,SP-huanbao-hei,1,0,0,0,0,2
B0GL916YJS,"Foldable EVA Flip Flops for Women Men, Wide Strap Non-Slip Travel Sandals, Lightweight Quick-Drying Beach Slippers for Vacation, Pool & Shower",公司,ZD003-White-7/8,4,0,0,0,2,0
B0GXHTM2VG,"Water Shoes Men Women, Anti Slip Rubber Outsole, Lightweight, for Surf Snorkel",公司,QS-077-38/39,0,1,0,0,7,1
B0H2MDNBPZ,"Water Shoes for Women Men, Aqua Socks, Slip On Swim Shoes for Beach Pool Lake Boat Resort Travel Pair, C106, Adult Travel",公司,QS-C106-42/43,2,0,0,0,1,0
B0H2MKH9MQ,"Water Shoes for Women Men, Lightweight Swim Shoes for Beach Hotel Pool Lake Marina Resort Travel Pair, 2621, Adult Travel",公司,QS-2621-40/41,2,0,0,0,2,0
B0GZV6L95C,"Pet Bath Brush With Shampoo Dispenser, Silicone Massage Grooming Brush For Dogs Cats, Soft Shower Scrubber For Daily Bath",凯旋,KCC-CWSZ-LAN,30,2,0,0,6,1
B0H283TQKG,"Cat Bowls, Tilted Stainless Steel Pet Bowl, Removable Non Slip Feeder for Cats and Small Dogs, Food Water Bowl",未匹配 Excel,,,,7,2,0,0
B0GQC79SSS,"Beach Aqua Shoes Unisex, Non Slip Rubber Sole, Comfortable Insole, for Ocean",公司,QS-050-42/43,5,0,0,0,2,0
B0H1RT2P22,"Beach Shoes for Women Men, Aqua Socks, Quick Dry Water Footwear, Pool Resort Cruise Beach Hotel Travel Pair",公司,QS-126-38/39,4,0,0,0,5,0
B0H2MG3BL5,"Water Shoes for Women Men, Lightweight Swim Shoes for Beach Hotel Pool Lake Marina Resort Travel Pair, 2610, Adult Travel",公司,QS-2610-42/43,2,0,0,0,1,0
B0GWMCQ5RD,"Cartoon Animal Adhesive Toilet Seat Cover, Waterproof Kids Toilet Seat Cushion, Universal Four-Season Sticky Toilet Pad for Children",图图,SP-MT02-huang,0,0,0,0,19,1
B0GYYL9J3D,"Cross Shaped Dog Rope Toy, Interactive Multi Tug Chew Toy for Small Dogs, Teething Four Way Rope Toy for Pet Daily Play",凯旋,KCC-SDshengjie-1,9,0,0,0,1,0
B0H1RWG6V6,"Aqua Socks for Women Men, Water Shoes, Lightweight Swim Footwear, Pool Beach Cruise River Vacation Pair",公司,QS-113-44/45,2,0,0,0,1,0
B0GVJG8P31,"Ombre UV Protection Arm Sleeves, 2 Pairs Cooling Ice Silk Arm Covers, Gradient Color Sun Block Sleeves.",图图,SP-BINGXIU-lu01,2,0,0,0,2,0
B0H2MJLY51,"Water Shoes for Women Men, Barefoot Water Footwear for Pool Beach Cruise River Dock Vacation Pair, 2609, Adult Travel",公司,QS-2609-38/39,2,0,0,0,1,0
B0GXTZTGXD,"Ocean Swim Water Shoes Unisex, Anti Slip Rubber Sole, Stretch Fit Beach Shoes",公司,QS-069-38/39,1,0,0,0,6,0
B0GL8WWC5C,"Foldable EVA Flip Flops for Women Men, Wide Strap Non-Slip Travel Sandals, Lightweight Quick-Drying Beach Slippers for Vacation, Pool & Shower",公司,ZD003-Red-7/8,2,0,0,0,6,0
B0GXYZZVLG,"4 Pcs Double-Sided Cleaning Brush, Dual-Use Brush for Fruit & Vegetable Washing and Dish Pot Pan Kitchen Cleaning",图图,SP-qingjies1-01,3,0,0,0,1,0
B0GXZ1PSZR,"Dog Poop Bags 8 Rolls, 1.2mm Thick Durable Leak-Proof Pet Waste Bags for Dogs, Large Unscented Pet Poop Bags",未匹配 Excel,,,,4,1,0,0
B0GQBV7VZT,"Diving Beach Water Shoes Men Women, Non Slip Rubber Sole, Quick Dry Swim Shoes",公司,QS-074-42/43,5,0,0,0,3,0
B0GZYVZPQB,"Glass Crystal Ball for Women-3D Inner Carved Glass Ball Decor with Stand, Sculpture Decor for Desk Shelf Mantel Office Bedroom (Rose)",凯旋,YQ-QWER-2026423-SJQ,4,0,4,0,4,0
B0H2415GBP,"Beach Shoes for Women Men, Aqua Socks, Lightweight Water Footwear, River Dock Fishing Lake Travel Pair",公司,QS-151-36/37,2,0,0,0,2,0
B0H1FGFPSK,"Adjustable Jar Bottle Opener, Stainless Steel Multifunctional Can Opener, Labor Saving Manual Lid Gripper for Kitchen Weak Hands Seniors",图图,SP-kaiguan-1,8,1,0,0,1,2
B0GQBX6NNV,Breathable Water Shoes Non Slip Quick Dry Shoes for Beach Swimming,公司,QS-022-42/43,21,0,0,0,4,0
B0GWL7TJTT,Men Women Water Shoes Quick Dry Non Slip Barefoot Shoes Lightweight Breathable Beach Swim Surf Yoga Outdoor Sports Aqua Socks,公司,SP-XIE-S38/39,8,1,0,0,6,0
B0H1PGVC1W,"600Pcs Solder Seal Wire Connectors Kit, Heat Shrink Waterproof Electrical Terminals for AWG10‑24",未匹配 Excel,,,,2,0,0,0
B0GVY271R9,"Snorkeling Water Shoes for Men Women, Non Slip Rubber Sole, Quick Dry Beach Shoes",公司,QS-084-38/39,2,0,0,0,5,0
B0GVXBZSBK,Flexible Water Shoes Barefoot Slippers for Beach Pool Surfing Sports,公司,QS-097-38/39,2,0,0,0,2,0
B0H3TYBBYK,"Single Pack Unbleached Kraft Parchment Paper, 8×6 Inch Non-Stick Silicone Coated Baking Sheets, 100Pcs Oilproof Heat Resistant Paper for Air Fryer Oven Cooking",未匹配 Excel,,,,36,0,0,0
B0GXHQYCND,"Creek Trekking Water Shoes for Men Women, Anti Slip Sole, Durable Outsole",公司,QS-055-38/39,0,1,0,0,7,0
B0H2MDK2L1,"Water Shoes for Women Men, Water Footwear for Beach Pool Spa Hotel River Lake Cruise Travel Pair, C118, Adult Travel",公司,QS-C118-40/41,2,0,0,0,2,0
B0GZVB5XMB,"Cartoon Dog Latex Squeaky Ball Toy, Textured Interactive Chew Ball for Small Dogs, Teething Fetch Toy for Pet Daily Play",未匹配 Excel,,,,5,2,0,0
B0H2MFDX56,"Gear Shift Knob, 6 Speed Manual Shifter Head, Universal Gear Lever for Car Interior Upgrade and Sim Racing Setup",未分配,QC-DB-P-titanium,2,0,0,0,1,0
B0GZYW33K7,"Glass Crystal Ball for Women-3D Inner Carved Glass Ball Decor with Stand, Sculpture Decor for Desk Shelf Mantel Office Bedroom (Cat-Flower)",凯旋,YQ-QWER-2026425-SJQ,2,0,1,0,0,1
B0GXYV653D,"5 Pack Multi Style Decorative Hair Clips Set, Pearl Crystal Side Hair Barrettes As Daily Hairstyle Accessories For Women Outfit Styling",未匹配 Excel,,,,2,0,0,0
B0GTLQPNTQ,"Dog Rope Knot Chew Toy Set, Teething Relief Toys, Interactive Tug of War Play Toys for Small & Medium Dogs",图图,SP-TUTU-YMB-07,8,1,0,0,2,0
B0GWL8SQ8L,Men Women Water Shoes Quick Dry Non Slip Barefoot Shoes Lightweight Breathable Beach Swim Surf Yoga Outdoor Sports Aqua Socks,公司,SP-XIE-S36/37,7,0,0,0,3,0
B0GWHZ5CH4,"Pool Beach Aqua Shoes Men Women, Non Skid Rubber Sole, Lightweight Quick Dry",公司,QS-091-44/45,3,0,0,0,1,0
B0H1RSWVCG,"Water Shoes for Women Men, Aqua Socks, Quick Dry Swim Shoes, Lake River Dock Beach Camping Shower Footwear",公司,QS-109-38/39,2,0,0,0,2,0
B0GVXMF45F,"Swim Water Shoes for Men Women, Non Slip Sole, Comfortable Fit, for Beach Pool",公司,QS-034-38/39,3,0,0,0,3,0
B0GWJ233SY,"Snorkel Swim Water Shoes Unisex, Non Skid Rubber Sole, Stretch Fit Beach Shoes Black",公司,QS-029-44/45,11,0,0,0,4,1
B0H2MKJFJQ,"Water Shoes for Women Men, Water Footwear for Beach Pool Spa Hotel River Lake Cruise Travel Pair, 2617, Adult Travel",公司,QS-2617-38/39,2,0,0,0,1,0
B0GXYT47SB,"80Mm Non Slip Rug Corner Grippers, Invisible Anti Curl Carpet Stickers for Home Floor Mat and Area Rug Fixing Accessories",凯旋,KCC-FHT-16,3,0,0,0,2,0
B0GWGS5N75,"3 Pack Windproof Face Covering, Thermal Neck Gaiter Warm Winter Mask for Cycling Skiing Hiking Outdoor Sports",图图,SP-MZ-hei,1,0,0,0,0,1
B0H1D5YFY2,Comfort Foldable Beach Shoes Non Slip Water Shoes for Women Men,公司,QS-089-38/39,7,1,0,0,5,0
B0H3T83X9F,"Single Magnetic Tool Wristband, Portable Adjustable Magnetic Wrist Tool Holder, Strong Magnet Wrist Cuff for Screws Nails Drill Bits Storage, Handyman Carpenter Repair Helper",凯旋,KCC-CXGJSWD-1,5,0,0,0,1,0
B0H3S461RQ,"Multi-Angle Measuring Ruler, Adjustable Four-Sided Layout Template Tool, Universal Angle Finder for Woodworking Tile Flooring Construction DIY",图图,SP-chizi-1,5,0,0,0,6,0
B0GZV9MPY8,"Stainless Steel Steamer Rack, Multifunction Pot Insert Trivet for Vegetables, Dumplings, Eggs, Fish, Woks, Pans",图图,SP-zhengjia-2,3,0,0,0,2,0
B0GVJZ98H4,"Adhesive-Free Lower Eyelashes, Natural Look Fake Bottom Lashes, Reusable Multiple Styles Soft Under Lashes for Daily Makeup",未匹配 Excel,,,,49,1,0,0
B0H3P6GLC5,"Single Angled/Flat Paint Brush, Solid Wooden Handle Stain Brush, Premium Bristle Sash Brush for Wall Trim, Varnish, Furniture DIY Home Painting",图图,SP-youqishua-2kuan,15,0,0,0,3,0
B0H3V57TCY,"50Pcs Single Pack Unbleached Kraft Parchment Paper, 8×6 Inch Non-Stick Silicone Coated Baking Sheets, Oilproof Heat Resistant Paper for Air Fryer Oven Cooking",凯旋,KCC-FXHPZ-1,25,0,0,0,4,0
B0H2HC7PGB,"Natural Purple Crystal Beaded Bracelet, 8mm Adjustable Elastic Healing Stone Bracelet For Women Men",未匹配 Excel,,,,84,7,0,0
B0H1R6WSQR,"Stainless Steel Fish Spatula Tongs, 2-in-1 Non-Stick Food Clip, Steak Shovel Turner for Kitchen Cooking",未匹配 Excel,,,,1,0,0,0
B0GSVWMJ9N,Women Bikini Set Two Piece Swimsuit Sexy Thong Bathing Suit Halter Triangle Tops Cheeky Bikini for Women,图图,KC-B1-L,1,0,0,0,3,0
B0GTKN6LGZ,"Stainless Steel Nail Clippers, Sharp Fingernail Toenail Clipper Cutter, Manicure Pedicure Tool for Men, Women, Adults and Seniors",凯旋,KCC-zhijiaqian-1,5,4,0,0,5,2
B0GVN8F5C7,"UV Sun Protection Arm Sleeves for Men Women, Cooling Ice Silk Arm Sleeves, Non Slip Sports Arm Covers.",未匹配 Excel,,,,6,0,0,0
B0GWPBRJCH,"20L Waterproof Dry Bag, Roll Top Sack for Kayaking, Boating, Fishing, Camping, Hiking, Beach, Swimming, Keep Gear Dry",未匹配 Excel,,,,7,0,0,0
B0GZNZPSH6,Quick Dry Water Shoes Slip On Comfort Beach Shoes for Pool Surfing,公司,QS-012-36/37,3,0,0,0,2,0
B0H2MN8998,"Water Shoes for Women Men, Lightweight Swim Shoes for Beach Hotel Pool Lake Marina Resort Travel Pair, C115, Adult Travel",公司,QS-C115-42/43,2,0,0,0,1,0
B0H2HBWW7R,"Natural Indian Agate 6mm Beaded Bracelet, Multi-Color Healing Energy Elastic Stone Bracelet for Women",凯旋,KCC-FD6872SL-1,10,1,0,0,35,4
B0H1W9951F,"Stainless Steel Dough Mixer, Handheld Double Hole Bread Whisk, Manual Flour Stirrer Egg Beater for Baking Cooking",未匹配 Excel,,,,9,1,0,0
B0H3KXLW3T,"Single Hanging Artificial Trumpet Flower Bush, 29.53 Inch Plastic Fake Hanging Floral Vine, Faux Trailing Flowers for Wall Basket Wedding Home Hotel Office Decor",凯旋,KCC-FZQNH-ZI,1,1,0,0,13,3
B0GXHJPRNZ,Lightweight Aqua Shoes Quick Dry Water Shoes for Beach Pool Activities,公司,QS-083-44/45,3,0,0,0,2,0
B0GX1K9SBW,"Slip On Swim Shoes Unisex, Non Slip Rubber Sole, Lightweight Quick Dry Aqua Shoes",公司,QS-066-44/45,2,0,0,0,1,0
B0H1FNLCPN,"Wall Mounted Storage Rack, No Drilling Adhesive Floating Shelf, Moderate Size Bathroom Kitchen Organizer for Cosmetics Toiletries Sundries",图图,SP-cunchu-1,5,0,0,0,2,0
B0GV2GH9JV,"Extra Wide Headbands for Women, Large Size Thick Turban Head Wrap, Boho Printed",图图,SP-fadai-hudie-01,1,0,0,0,10,0
B0GXZC7VLM,"4 Pcs Double-Sided Cleaning Brush, Dual-Use Brush for Fruit & Vegetable Washing and Dish Pot Pan Kitchen Cleaning",未匹配 Excel,,,,1,0,0,0
B0GYR6R1H4,"Water Shoes Unisex, Anti Slip Sole, Printed Design, for Beach Swimming Rafting",公司,QS-081-44/45,1,0,0,0,2,0
B0GZVLTV32,"2 Pack Cartoon Toothpaste Squeezer Set, Manual Tube Wringer Roller Tool for Bathroom Toothpaste Waste Reduction",未匹配 Excel,,,,90,6,0,0
B0H11D5GH5,String Bikini Tops for Women Sexy Triangle Bathing Suit Tops Adjustable Tie Back Swim Tops,凯旋,KC-B20-L,3,1,0,0,4,0
B0GQBLY4M7,"Unisex Swim Shoes, Non Skid Rubber Sole, Packable Quick Dry Beach Shoes",公司,QS-042-42/43,4,0,0,0,2,0
B0GQC8Z8DJ,"Slip On Water Shoes for Men Women, Non Slip Sole, Lightweight Travel Beach Shoes",公司,QS-008-42/43,2,1,0,0,3,3
B0GQBV4N7R,"Unisex Printed Water Shoes, Anti Skid Rubber Sole, Lightweight Slip On Beach Shoes",公司,QS-088-42/43,7,0,0,0,1,0
B0GQBKZW9D,"Water Shoes Unisex, Anti Slip Sole, Printed Design, for Beach Swimming Rafting",公司,QS-081-40/41,3,0,0,0,5,0
B0GQBW741V,"Protective Water Shoes Unisex, Non Slip Rubber Outsole, for Reef Ocean Beach",未匹配 Excel,,,,4,0,0,0
B0GT1C8L3G,"Skincare Headband For Face Washing-Spa Headband, Makeup Headbands With Bow And Wrist Wash Bands Facial Routine Spa For Women(Pink)",公司,YQ-YUNYU-2026317-FADAI-21,12,0,0,0,1,0
B0GVRPF1BL,"Men's Quick Dry Tank Top, Sleeveless Athletic Workout Shirt, Lightweight Breathable Muscle Tank for Running Gym Fitness Training Black",凯旋,KCC-SGBX-S,1,0,4,0,0,0
B0H1Q6CLRL,"This 10‑Pack 90‑Degree L‑Shaped Stainless Steel Angle Brackets Each Measure 1.57 × 1.57 × 0.63 inches, weigh 0.26 lbs (120g) Total, with Package Dimensions of 4.33 × 3.15 × 0.79 inches.",凯旋,KCC-JG-10,3,1,0,0,2,0
B0GWHRZ4HZ,Non Slip Water Shoes Quick Dry Comfort Beach Shoes for Swimming Walking,公司,QS-060-36/37,7,0,0,0,2,0
B0GQC1CD7Y,"Water Shoes Men Women, Non Slip Sole, Quick Dry, for Creek Hiking Beach Travel",公司,QS-087-40/41,10,1,0,0,5,0
B0GWKS87BC,Men Women Water Shoes Quick Dry Non Slip Barefoot Shoes Lightweight Breathable Beach Swim Surf Yoga Outdoor Sports Aqua Socks,公司,SP-XIE-S44/45,9,0,0,0,3,0
B0H2841KB6,"Reflective No Pull Dog Harness with Leash, Adjustable Breathable Pet Vest for Small Medium Dogs",凯旋,KCC-GGQYS-HEI,11,0,0,0,1,0
B0GQBNCPMD,"Pool Water Shoes for Men Women, Anti Skid Sole, Quick Dry, Lightweight Swim Shoes",公司,QS-006-40/41,1,0,0,0,6,1
B0GZNT9XSH,"Kids Water Shoes, Cute Shark Print Quick-Dry Aqua Socks for Toddler Boys Girls, Non-Slip Swim Shoes for Beach, Pool, Water Park, River Trekking, and Indoor Activities",公司,QS-529-A96-28-29,0,2,0,0,1,1
B0GS8FSLZ6,Keychain for Men Women - Durable Metal Key Chain with Key Ring Car Key Accessory,凯旋,KC-17-01,0,2,0,0,312,0
B0H2MFDPHK,"Water Shoes for Women Men, Quick Dry Aqua Socks for Pool Beach Boat Dock Lake Resort Summer Travel, 2552, Adult Travel",公司,QS-2552-40/41,2,0,0,0,2,0
B0GYYLMR8G,"Natural Color Dog Ring Rope Toy, Interactive Tug Chew Ring for Small Dogs, Teething Knot Rope Toy for Pet Daily Play",凯旋,KCC-mahuaquan-1,6,2,0,0,4,3
B0GY2T6R4H,"Sport Water Shoes for Men Women, Anti-Slip Quick Dry Swim Shoes for Pool Beach Black",公司,SP-XIE5-H38/39,3,1,0,0,1,1
B0GQBLYYT5,"Water Shoes Unisex, Anti Slip Pattern Sole, Thick Insole, for Creek River Beach",公司,QS-067-40/41,4,0,0,0,4,0
B0H2HFNFLF,"Boho Floral Printed Slouchy Beanie, Soft Stretch Ethnic Pattern Chemo Cap for Women 20.47‑23.62 Inch Head Circumference",未匹配 Excel,,,,3,0,0,0
B0GQBY2SXV,"River Shoes Unisex, Non Slip Sole, Quick Dry Water Shoes for Creek Trekking",公司,QS-043-40/41,0,0,0,0,3,1
B0H3L2LCLP,"Single Hanging Artificial Trumpet Flower Bush, 29.53 Inch Plastic Fake Hanging Floral Vine, Faux Trailing Flowers for Wall Basket Wedding Home Hotel Office Decor",未匹配 Excel,,,,7,1,0,0
B0GYZ941PY,"Lion Shaped Dog Rope Toy, Interactive Tug Chew Toy for Small Dogs, Teething Rope Knot Toy for Pet Daily Play",未匹配 Excel,,,,3,4,0,0
B0GVXQ5Y8L,"Snorkel Swim Water Shoes Unisex, Non Skid Rubber Sole, Stretch Fit Beach Shoes Black",公司,QS-029-38/39,10,2,0,0,7,1
B0GVYZTYT9,"Water Shoes for Men Women, Non Skid Sole, Stretch Fit, Snorkeling Surf Swim Shoes",公司,QS-003-38/39,9,0,0,0,4,1
B0GWM8WZXQ,"Waterproof Dry Bag with Zipper, Water Resistant Pouch for Beach Swimming Kayaking Boating Fishing, Keep Phone Valuables Dry",未匹配 Excel,,,,4,0,0,0
B0GS91TZCJ,Keychain for Men Women - Durable Metal Key Chain with Key Ring Car Key Accessory,图图,KC-22-01,2,0,0,0,228,0
B0H4SVBD6G,"Vintage Korean Style Long Wallet, Multi-Card Holder, Slim Envelope Design Ladies Purse",凯旋,KCC-QB2-1,5,0,0,0,1,0
B0GVRCK4S3,"Fuzzy Ball Chenille Hanging Hand Towels 2 Pack, Soft Absorbent Fast Drying Towels with Hanging Loop for Bathroom Kitchen",图图,SP-maojin-lu,2,0,0,0,4,1
B0H3NJ4FBD,"Single Empty Travel First Aid Pouch, Portable Oxford Cloth Mini Medical Storage Bag with Embroidered Cross, Small Emergency Medicine Organizer for Home Car Camping Travel",未匹配 Excel,,,,12,0,0,0
B0GZVNFDQB,"4 PCS 3D Embossed Flower Ceramic Fridge Magnets, Floral Decorative Magnets Set for Kitchen Refrigerator Home Office Whiteboard Metal Wall Decor Gift",图图,SP-bingxiang01-hua,4,0,0,0,1,0
B0GS8KPF9V,Keychain for Men Women - Durable Metal Key Chain with Key Ring Car Key Accessory,凯旋,KC-04-01,3,1,0,0,245,1
B0H2MN1YNN,"Water Shoes for Women Men, Barefoot Water Footwear for Pool Beach Cruise River Dock Vacation Pair, 2514, Adult Travel",公司,QS-2514-40/41,2,0,0,0,2,0
B0GS8GKWH1,"Kawaii Dopamine Beaded Phone Lanyard, Colorful Cute Phone Charm for Phone Case",凯旋,KC-26-01,8,3,0,0,47,4
B0GSVPCRB7,Sexy Two Piece Bikini Sets for Women Halter Triangle Swimsuit Tie Side Bottom Bathing Suit,图图,KC-B8-M,7,0,0,0,7,0
B0GVNB58BZ,"4 Pack Adjustable Waist Buckles for Pants, Multiple Styles Alloy Waist Cinch Clips, Clothing Waist Tightener for Women",未匹配 Excel,,,,22,3,0,0
B0GYRF77GC,"Beach Aqua Shoes Unisex, Non Slip Rubber Sole, Comfortable Insole, for Ocean",公司,QS-051-38/39,5,0,0,0,2,0
B0GWL148VJ,Men Women Water Shoes Quick Dry Non Slip Barefoot Shoes Lightweight Breathable Beach Swim Surf Yoga Outdoor Sports Aqua Socks,公司,SP-XIE-H36/37,7,0,0,0,1,0
B0H3NT3PBM,"Single Stainless Steel Rocker Garlic Press, Ergonomic ABS Handle Garlic Mincer Squeezer, Easy Clean Curved Garlic Crusher Tool for Home Kitchen Cooking",凯旋,KCC-YSQ-1,20,0,0,0,1,0
B0GZVCDD47,"Adjustable Dog Treat Dispensing Toy, Interactive Wobble Slow Feeder Puzzle Toy for Small Dogs Daily Enrichment",未匹配 Excel,,,,1,1,0,0
B0GWM2XZR9,"1 Pack Waterproof Phone Pouch, IPX8 Underwater Dry Bag Case for Phones Up to 7.5"", Compatible with iPhone Samsung Multiple Colors Blue",图图,SP-FSD-lan,4,0,0,0,1,0
B0GZVB122T,"4 Pack Silicone Jar Spatula Set, Mini Jam Scraper Spoon, Long Handle Spreaders for Jars, Baking, Cooking",未匹配 Excel,,,,1,0,0,0
B0H2MBYWXT,"Water Shoes for Women Men, Slip On Pool Shoes for Beach Resort Shower Cruise Dock Travel Footwear, 2624, Adult Travel",公司,QS-2624-40/41,2,0,0,0,2,0
B0H4SPQF52,"30 Oz Non Slip Textured Travel Tumbler With Carry Handle And Flip Straw, Leakproof Stainless Steel Drink Mug For Driving Outdoor Use",凯旋,KCC-FHBWB-BAI,5,0,0,0,1,0
B0H2MD9VYP,"Water Shoes for Women Men, Slip On Pool Shoes for Beach Resort Shower Cruise Dock Travel Footwear, 2511, Adult Travel",公司,QS-2511-40/41,2,0,0,0,2,0
B0H4R3VD5F,"Stainless Steel Nail Art Storage Tray, Metal Cosmetic Organizer, Multi-Use Beauty Accessories Holder",图图,SP-tuopan-j,6,0,0,0,0,5
B0H146YY6V,"3 Pack Dog Rope Toy, Multi Style Interactive Tug Chew Toys for Small Dogs, Teething Rope Toy Pack for Pet Daily Play",凯旋,KCC-caihong-3,4,0,0,0,2,0
B0H3MWTSLF,"Single Artificial Peony Bouquet, 11.8 Inch Faux Ranunculus Flower Bush with Buds & Green Leaves, Fake Silk Flowers for Vase Centerpiece Wedding Home Table Decor",未匹配 Excel,,,,23,3,0,0
B0H1V2MRSH,"Window Groove Cleaning Brush, Handheld PP Scouring Pad Gap Cleaner for Sliding Door Track Tile Lines",凯旋,KCC-DGNBJS-HUI,25,0,0,0,2,0
B0H3N7FMYW,"Single Artificial Peony Bouquet, 11.8 Inch Faux Ranunculus Flower Bush with Buds & Green Leaves, Fake Silk Flowers for Vase Centerpiece Wedding Home Table Decor",凯旋,KCC-FZMD-BAI,8,3,0,0,0,3
B0GL9D1TT1,"Foldable Flip Flops for Travel, Lightweight Portable Silicone Slippers, Compact Non-Slip Sandals for Home/Hotel/Beach, Comfortable Flexible Footwear for Women & Men",公司,ZD001-Grey-8/9,7,0,0,0,2,0
B0GQC144C9,Foldable Beach Shoes Lightweight Water Shoes for Travel Outdoor Sports Pink Camo,公司,QS-020-42/43,2,0,0,0,4,0
B0H1M333CD,"2 Pack Multi Hole Space Saving Clothes Hangers, 360° Rotating Plastic Hangers for Closet Organization",未匹配 Excel,,,,0,1,0,0
B0H1RYLZFG,"Beach Shoes for Women Men, Aqua Socks, Lightweight Water Footwear, River Dock Fishing Summer Travel Pair",公司,QS-127-36/37,2,0,0,0,2,0
B0H1PW4BTT,"Cute Capybara Keychain With Little Turtle, Kawaii Resin Animal Bag Charm For Backpack Purse",未匹配 Excel,,,,0,0,1,0
B0GXTYMGDK,"Water Shoes Men Women, Non Slip Sole, Cushion Insole, for Beach Snorkeling",公司,QS-058-44/45,2,1,0,0,3,0
B0H6B8LW5W,"Premium Women's Solid Crew Neck Shirt, Casual Short Sleeve Lightweight Regular Fit Basic Tee",未匹配 Excel,,,,1,0,0,0
B0GTLNNXR1,"Premium Cotton Dog Rope Toys, Bone Chew Toys for Teething, Interactive Play & Training Toys for Small to Medium Dogs",未匹配 Excel,,,,3,0,0,0
B0H3TW3M4Z,"Single Round Plastic Toothpick Holder, Smooth PP Toothpick Dispenser Container, Compact Desktop Toothpick Storage Jar for Home Kitchen Restaurant Table Decor",凯旋,KCC-YZBKMJ-LAN,7,0,0,0,7,0
B0H1HZWT58,"4 Pack Large Claw Clips for Thick Long Hair, Matte Non-Slip Rectangle Jaw Clips, Strong Hold Big Hair Clips Neutral Colors for Women",图图,SP-zhuajia-4,1,2,0,0,1,2
B0GVQSCZDV,"5 Pack Men's Cycling Shorts, Quick Dry Breathable Athletic Shorts, Lightweight High Stretch Sports Shorts for Running Cycling Workout Multicolor",凯旋,KCC-QXDK-S,4,0,0,0,1,0
B0GVXKCJ82,"Foldable EVA Travel Slippers for Women Men, Lightweight Quick Drying Non Slip Shower Sandals, Portable Flip Flops for Bathroom, Hotel, Beach, Pool & Cruise",公司,ZD002-Blue-10/11,1,0,0,0,1,0
B0H398M6PS,"2 Pack Portable Outdoor Emergency Blanket, Waterproof Thermal Survival Blanket for Camping Hiking Backpacking First Aid Kit",凯旋,KCC-HWJJT-YIN,11,3,0,0,3,3
B0GYXY2RDQ,"Natural Color Dog Rope Ball Toy, Interactive Tug Chew Ball for Small Dogs, Teething Knot Rope Toy for Pet Daily Play",未匹配 Excel,,,,31,2,0,0
B0GL8W559L,"Foldable EVA Travel Slippers for Women Men, Lightweight Quick Drying Non Slip Shower Sandals, Portable Flip Flops for Bathroom, Hotel, Beach, Pool & Cruise",公司,ZD002-Pink-8/9,2,0,0,0,2,0
B0H3RDPJGQ,"Virgin Mary Cross Pendant Necklace, Teardrop Cubic Zirconia Gold Plated Chain Necklace, Religious Catholic Faith Jewelry Gift for Women Daily Wear",图图,SP-xianglian-w,5,0,0,0,8,0
B0H1S2QJLX,"Protective Water Shoes Unisex, Non Slip Rubber Outsole, for Reef Ocean Beach",公司,QS-039-38/39,1,0,0,0,1,0
B0H1S17WKN,"River Shoes for Women Men, Aqua Socks, Swim Footwear, Lightweight Kayaking Dock Beach Summer Travel Pair",公司,QS-133-38/39,1,1,0,0,2,0
B0H1RWN2FY,"Surf Shoes for Women Men, Aqua Socks, Water Footwear, Quick Dry Beach Pool Resort Summer Vacation Travel Pair",公司,QS-136-40/41,3,0,0,0,2,0
B0GQC13DJC,"Water Shoes Unisex, Anti Skid Pattern Sole, Soft Stretch Upper, for Wet Rocks",公司,QS-033-42/43,3,1,0,0,3,0
B0GXHK72ZF,"Rafting River Shoes Unisex, Non Skid Sole, Durable Rubber Outsole, Quick Dry",公司,QS-085-36/37,1,0,0,0,2,0
B0GQBR7MKR,"Snorkeling Water Shoes for Men Women, Non Slip Rubber Sole, Quick Dry Beach Shoes",公司,QS-084-40/41,10,0,0,0,4,0
B0H1D59KV4,"Unisex Water Shoes, Quick Dry Beach Shoes, Anti Skid Rubber Sole, for Travel",公司,QS-037-44/45,1,0,0,0,3,0
B0GSXB13R1,"Skincare Headband For Face Washing-Spa Headband, Makeup Headbands With Bow And Wrist Wash Bands Facial Routine Spa For Women(Purple)",公司,YQ-YUNYU-2026317-FADAI-1,8,0,0,0,0,1
B0GSX41MVT,"Skincare Headband For Face Washing-Spa Headband, Makeup Headbands With Bow And Wrist Wash Bands Facial Routine Spa For Women",未匹配 Excel,,,,2,0,0,0
B0GVS9KJ3R,"2 Pack Wrist Rest with Thumb Support, Compression Sleeve for Tendonitis & Carpal Tunnel, Joint Stabilizer for Wrist Pain Relief",图图,SP-huwan-dahei,5,1,0,0,0,1
B0GVYW6Y73,"Barefoot Water Shoes, Quick-Dry Aqua Socks for Diving, Snorkeling, Surfing, Hiking, Beach, Non-Slip Breathable Footwear for Men Women",公司,QS-0161-38/39,2,0,0,0,2,0
B0GWM785D2,"3 Pack Summer Full Face Cycling Mask, Breathable UV Protection Face Cover for Outdoor Sports (Cycling/Hiking)",图图,SP-MZ-quan02liang,0,0,0,0,0,2
B0H1S5QWS9,"Surf Shoes for Women Men, Aqua Socks, Water Footwear, Quick Dry Beach Pool Resort Summer Vacation Travel Pair",公司,QS-136-36/37,2,0,0,0,1,0
B0H2MK5NZ3,"Water Shoes for Women Men, Quick Dry Aqua Socks for Pool Beach Boat Dock Lake Resort Summer Travel, 2612, Adult Travel",公司,QS-2612-38/39,0,0,0,0,0,1
B0GZYT7X7W,"Nail Clipper for Women 7Pcs- Manicure Pedicure Kit with Travel Case, Fingernail Toenail Clippers, Cuticle Trimmer for Home Travel",未匹配 Excel,,,,0,1,0,0
B0GXD8ZXJQ,"Anti-Static Tweezers, 4 Styles: Straight, Curved, Round & Fine Point, Precision Stainless Steel for Electronics & Crafts",图图,SP-NZ-J01,10,0,0,0,1,0
B0GSVSSNF3,Sexy Halter Triangle Bikini Set for Women Two Piece Cheeky Thong Swimsuit Bathing Suit,图图,KC-B2-M,8,0,0,0,11,0
B0GY2S3DSV,"Quick Dry Water Shoes for Men Women, Anti-Slip Lightweight Aqua Socks for Beach Swim Pool",公司,SP-XIE1-F36/37,5,1,0,0,5,0
B0H1Q18J7L,"Cute Capybara Keychain With Little Turtle, Kawaii Resin Animal Bag Charm For Backpack Purse",凯旋,KCC-STYSK-1,50,0,0,0,513,9
B0H2VYZ6DR,"2 Pack Devil‑Horn Heart Car Pull Ring, Universal Interior Hanging Ornament Strap for Automotive Modification",未分配,QCGS-EMJLH-BAI,3,0,0,0,1,0
B0GYYSZY4F,"Dog Braided Rope Ball Toy, 38CM Cotton Tug & Fetch Toy for Medium Dogs, Durable Teething & Training Toy",图图,SP-TU-BZQ-01,7,2,0,0,2,1
B0GZP8DQ5J,"Beach Water Shoes Unisex, Anti Slip Pattern Sole, Quick Dry Swim Shoes for Ocean",公司,QS-046-38/39,5,0,0,0,2,0
B0GL93DVF4,"Foldable Flip Flops for Travel, Lightweight Portable Silicone Slippers, Compact Non-Slip Sandals for Home/Hotel/Beach, Comfortable Flexible Footwear for Women & Men",公司,ZD001-White-7/8,2,0,0,0,4,0
B0GQBRK2R9,"Aqua Shoes Unisex, Anti Slip Rubber Sole, Quick Dry, for Surf Pool Ocean Beach",公司,QS-096-40/41,3,1,0,0,5,0
B0H2MJMTB8,"Water Shoes for Women Men, Slip On Pool Shoes for Beach Resort Shower Cruise Dock Travel Footwear, 2532, Adult Travel",公司,QS-2532-40/41,2,0,0,0,1,0
B0GL8ZD27K,"Foldable EVA Flip Flops for Women Men, Wide Strap Non-Slip Travel Sandals, Lightweight Quick-Drying Beach Slippers for Vacation, Pool & Shower",公司,ZD003-Green-7/8,3,0,0,0,6,0
B0GV2JH67X,"Extra Wide Headbands for Women, Large Size Thick Turban Head Wrap, Boho Printed",未匹配 Excel,,,,5,0,0,0
B0GQBM48RH,"Water Shoes for Men Women, Anti Skid Rubber Sole, Slip On, for Rafting Kayak",公司,QS-072-40/41,6,0,0,0,7,0
B0GX3N743B,"Weight Lifting Gym Grips Pads, Heavy Duty Suede Leather Hand Grips for Weightlifting, Deadlift, Pull Up, Strength Training",凯旋,KCC-ST-HEI,4,0,0,0,1,0
B0H1RVY4FL,"Lake Shoes for Women Men, Aqua Socks, Water Footwear, Quick Dry Beach Pool Cruise Summer Vacation Travel Pair",公司,QS-134-38/39,0,0,0,0,1,1
B0GZV46QKN,"Rotating Catnip Ball Toy, Wall Mounted Interactive Cat Chew Toy for Indoor Cats, Calming Lickable Catnip Treat Toy",未匹配 Excel,,,,2,0,0,0
B0H4RB4G1X,"30oz Multicolor Stainless Steel Tumbler with Handle, Lid & Straw, Double Wall Insulated Outdoor Travel Mug for Hot Cold Drinks",未匹配 Excel,,,,1,0,0,0
B0H5NQJPLY,"8-Month Long Lasting Pet Neck Collar for Dogs & Cats, Adjustable Waterproof Daily Wearing Collar, Skin Friendly Hypoallergenic Pet Accessory",未匹配 Excel,,,,1,1,0,0
B0GQC6H3FW,"Slip On Aqua Water Shoes Men Women, Non Slip Sole, Printed Beach Swim Shoes",公司,QS-038-42/43,3,0,0,0,4,0
B0GTZGBVFC,"6 Pairs Men's Pure Cotton Non-Slip Boat Socks, Anti-Slip No Show Low Cut Invisible Socks for Sneakers & Daily Wear",凯旋,KCC-chuanwa-6se,9,1,0,0,6,0
B0GWL24F3M,Men Women Water Shoes Quick Dry Non Slip Barefoot Shoes Lightweight Breathable Beach Swim Surf Yoga Outdoor Sports Aqua Socks,公司,SP-XIE-Q42/43,6,0,0,0,2,0
B0GVYY1M4N,Non Slip Water Shoes Quick Dry Comfort Beach Shoes for Swimming Walking,公司,QS-060-38/39,7,0,0,0,4,0
B0GZ2FSRT5,"3 Pairs Nylon Lined Nitrile Coated Work Gloves, Dipped Rubber Non-Slip Safety Gloves for Gardening, Construction",未匹配 Excel,,,,5,2,0,0
B0GZYWDLB9,"Glass Crystal Ball for Women-3D Inner Carved Glass Ball Decor with Stand, Sculpture Decor for Desk Shelf Mantel Office Bedroom (Dolphin)",凯旋,YQ-QWER-2026421-SJQ,5,0,8,0,0,0
B0GZ35VK9P,"Arm Dog Rope Toy, Interactive Multi Tug Chew Toy for Small Dogs, Teething Multi Direction Rope Toy for Pet Daily Play",未匹配 Excel,,,,2,3,0,0
B0H2MJK1RG,"Water Shoes for Women Men, Water Footwear for Beach Pool Spa Hotel River Lake Cruise Travel Pair, 2622, Adult Travel",公司,QS-2622-38/39,2,0,0,0,1,0
B0GQBTXJHD,"Creek Trekking Water Shoes for Men Women, Anti Slip Sole, Durable Outsole",公司,QS-055-42/43,2,2,0,0,2,0
B0GTLSNPPB,"Bone Shaped Dog Rope Toys, Heavy Duty Cotton Chew Toys, Teething & Interactive Play Set for Small to Medium Dogs",未匹配 Excel,,,,1,1,0,0
B0H2MD3LW2,"Water Shoes for Women Men, Lightweight Swim Shoes for Beach Hotel Pool Lake Marina Resort Travel Pair, C119, Adult Travel",公司,QS-C119-38/39,2,0,0,0,1,0
B0GSVMWX93,Women Vintage Print Two Piece Bikini Set Halter String Triangle Swimsuit Back Self Tie Spaghetti Strap Swimwear,图图,KC-B10-M,7,0,0,0,15,0
B0GS8BLWC3,Keychain for Men Women - Durable Metal Key Chain with Key Ring Car Key Accessory,凯旋,KC-02-01,3,1,0,0,215,2
B0GWL7SRKH,Men Women Water Shoes Quick Dry Non Slip Barefoot Shoes Lightweight Breathable Beach Swim Surf Yoga Outdoor Sports Aqua Socks,公司,SP-XIE-Q44/45,6,0,0,0,2,0
B0H157QSTX,"Water Shoes Men Women, Non Slip Sole, Cushion Insole, for Beach Snorkeling",公司,QS-058-36/37,1,1,0,0,1,1
B0GZP1B14W,"Kids Water Shoes, Cute Dolphin Print Quick-Dry Aqua Socks for Toddler Boys Girls, Non-Slip Swim Shoes for Beach, Pool, Water Park, River Trekking, and Indoor Activities",公司,QS-528-A95-26-27,3,0,0,0,1,0
B0GQC99BYJ,"Unisex Swim Water Shoes, Non Skid Sole, Soft Stretch Upper, for Beach Pool",公司,QS-076-40/41,0,0,0,0,5,1
B0GQC36J9N,"Rafting Water Shoes Unisex, Non Slip Rubber Sole, Stretch Fit Slip On Aqua Shoes",公司,QS-013-42/43,1,0,0,0,3,0
B0H1V7F452,"Stainless Steel Watermelon Scoop, Long Handle Fruit Baller, Ice Cream Melon Baller Cutter Kitchen Tool",图图,SP-xiguashaozi-1,7,1,0,0,2,2
B0GZZHXLG1,"Elephant Rope Chew Toy, 13cm Cotton Teething & Anxiety Relief Toy for Small/Medium Dogs, Durable Interactive Play Toy",图图,SP-TU-DX-02,7,0,0,0,4,0
B0GVR5WKNS,"Fuzzy Ball Chenille Hanging Hand Towels 2 Pack, Soft Absorbent Fast Drying Towels with Hanging Loop for Bathroom Kitchen",未匹配 Excel,,,,9,0,0,0
B0H5NTRGC7,"8-Month Long Lasting Pet Neck Collar for Dogs & Cats, Adjustable Waterproof Daily Wearing Collar, Skin Friendly Hypoallergenic Pet Accessory",图图,SP-xiangquan1-62-lan,8,1,0,0,2,1
B0H3L79V74,"6PCS Pop It Sensory Pack, Silicone Bubble Stress Relief Supplies, Tactile Kit for Adult Office Relaxation",图图,SP-jieya-6,21,0,0,0,1,3
B0GQC144C7,"Water Shoes for Men Women, Durable Rubber Outsole, Soft Stretch Upper, for Pool",公司,QS-011-42/43,5,0,0,0,6,0
B0GY2YYSHW,"Lightweight Foldable Water Shoes, Anti-Slip Quick Dry Aqua Socks for Travel Beach",未匹配 Excel,,,,40,4,0,0
B0H1RZGWG1,"Swim Shoes for Women Men, Water Shoes, Aqua Socks, Quick Dry Beach Pool River Lake Cruise Travel Footwear",公司,QS-118-44/45,2,0,0,0,2,0
B0GQBW11VQ,"Diving Beach Water Shoes Men Women, Non Slip Rubber Sole, Quick Dry Swim Shoes",公司,QS-063-40/41,3,1,0,0,4,0
B0H2LVYDPQ,"Shoe Brush with Liquid Holder, Press Type Cleaning Brush, Soft Bristle Long Handle Brush for Household Cleaning",公司,SP-xieshua1-1,5,0,0,0,1,0
B0GWHVZCFH,"Swim Water Shoes for Men Women, Non Slip Sole, Comfortable Fit, for Beach Pool",公司,QS-034-36/37,5,0,0,0,2,0
B0H1RVQ3BR,"Swim Shoes for Women Men, Water Shoes, Aqua Socks, Slip On Boat Lake Camping Shower Beach Travel Footwear Pair",公司,QS-122-42/43,3,0,0,0,1,0
B0H1S11ZY1,"Pool Shoes for Women Men, Aqua Socks, Swim Footwear, Quick Dry Beach Lake Resort Cruise Summer Travel Pair",公司,QS-128-40/41,3,0,0,0,2,0
B0H2HSZ194,"Cute Cartoon Cat Print Kiss‑Lock Coin Purse, Mini PU Leather Clutch Pouch For Coins Keys Earbuds Small Accessories",未匹配 Excel,,,,93,9,0,0
B0H1RRXBMJ,"Surf Shoes for Women Men, Aqua Socks, Water Footwear, Quick Dry Beach Pool Resort Summer Vacation Travel Pair",公司,QS-136-38/39,2,0,0,0,3,0
B0H2GX1GTC,"Silicone Ice Cube Tray with Lid and Storage Bin, Easy Release Round Ice Mold, Reusable Freezer Ice Container for Cocktails Drinks",图图,SP-bingkuan-1,4,0,0,0,1,0
B0GWLZDX4Q,"1 Pack Waterproof Phone Pouch, IPX8 Underwater Dry Bag Case for Phones Up to 7.5"", Compatible with iPhone Samsung Multiple Colors",未匹配 Excel,,,,27,0,0,0
B0GL93TCW4,"Foldable Flip Flops for Travel, Lightweight Portable Silicone Slippers, Compact Non-Slip Sandals for Home/Hotel/Beach, Comfortable Flexible Footwear for Women & Men",公司,ZD001-Yellow-7/8,0,0,0,0,0,1
B0GXHG4JJ4,Lightweight Aqua Shoes Quick Dry Water Shoes for Beach Pool Activities,公司,QS-083-38/39,3,1,0,0,6,0
B0GTNLDNKW,"Square Wooden Handle Silver Flatware Set, Food Grade Stainless Steel Cutlery Set, 1 Dinner Fork & 1 Teaspoon, Mirror Polished Dishwasher Safe Silverware",未匹配 Excel,,,,7,4,0,0
B0H2XH41JF,"4 Pack Stainless Steel Sponge Holder, Adhesive Kitchen Sink Caddy, No Drill Wall Mount Sponge Drain Rack",图图,SP-zhiwuguagou3-4,6,0,0,0,1,0
B0H2MMSRXY,"Water Shoes for Women Men, Lightweight Swim Shoes for Beach Hotel Pool Lake Marina Resort Travel Pair, C119, Adult Travel",公司,QS-C119-36/37,0,1,0,0,0,1
B0GQC4C3ZF,"Water Shoes Unisex, Anti Skid Pattern Sole, Soft Stretch Upper, for Wet Rocks",公司,QS-033-40/41,4,0,0,0,9,1
B0GSR7TRX2,Women Bikini Set Two Piece Swimsuit Sexy Thong Bathing Suit Halter Triangle Tops Cheeky Bikini for Women,未匹配 Excel,,,,150,5,0,0
B0GS8G6K68,Keychain for Men Women - Durable Metal Key Chain with Key Ring Car Key Accessory,凯旋,KC-18-01,9,4,0,0,353,3
B0H2MJ7Y7H,"Water Shoes for Women Men, Quick Dry Swim Footwear for Beach Pool Resort River Cruise Lake Travel Pair, 2706, Adult Travel",公司,QS-2706-38/39,2,0,0,0,1,0
B0GYXQN6CV,"Lion Shaped Dog Rope Toy, Interactive Tug Chew Toy for Small Dogs, Teething Rope Knot Toy for Pet Daily Play",凯旋,KCC-xiaoshizi-h,5,4,0,0,1,0
B0GV3173L5,"3 Pairs Nylon Lined Nitrile Coated Work Gloves, Dipped Rubber Non-Slip Safety Gloves for Gardening, Construction, Household & Men",凯旋,KCC-dingqingshoutao-L-baiju,8,0,0,0,3,0
B0GQBT8SZJ,"Beach Water Shoes Unisex, Anti Slip Pattern Sole, Quick Dry Swim Shoes for Ocean",公司,QS-100-40/41,4,0,0,0,3,0
B0GVJPSDPN,"UV Sun Protection Arm Sleeves for Men Women, Cooling Ice Silk Arm Covers, Breathable Moisture Wicking Sports Sleeves.",图图,SP-BINGXIU-feng01,2,0,0,0,3,0
B0GVN3TTBB,"Gradient Color Cooling Arm Sleeves for Men Women, 2 Pairs Ice Silk UV Sun Protection Arm Covers",未匹配 Excel,,,,2,0,0,0
B0GQBY72Q5,"Snorkel Swim Water Shoes Unisex, Non Skid Rubber Sole, Stretch Fit Beach Shoes Black",公司,QS-029-42/43,1,1,0,0,1,5
B0GVS6L8SW,"8 Pack Multi Color Sports Wristbands, Soft Elastic Sweat Absorbent Wrist Wraps for Basketball, Running, Fitness & Daily Sports",未匹配 Excel,,,,2,0,0,0
B0GQC8MP9V,"Beach Aqua Shoes Unisex, Non Slip Rubber Sole, Comfortable Insole, for Ocean",公司,QS-050-40/41,4,0,0,0,5,0
B0GX9YSY8Q,"Heavy Duty Voltage Tester Pen, Non-Contact AC Detector with Indicator Light for Household Electrical Safety Inspection",未匹配 Excel,,,,6,2,0,0
B0GSVW46L8,String Bikini Tops for Women Sexy Triangle Bathing Suit Tops Adjustable Tie Back Swim Tops Black,凯旋,KC-B14-M,25,1,0,0,5,0
B0GWHQMP8N,"Beach Water Shoes Unisex, Printed Design, Anti Slip Sole, Quick Dry Shoes for Pool Ocean",公司,QS-004-44/45,3,0,0,0,8,1
B0GX1G5PCM,"Slip On Swim Shoes Unisex, Non Slip Rubber Sole, Lightweight Quick Dry Aqua Shoes",公司,QS-066-36/37,3,0,0,0,3,0
B0GY2VMQBX,"Sport Water Shoes for Men Women, Anti-Slip Quick Dry Swim Shoes for Pool Beach Black",公司,SP-XIE5-H40/41,8,0,0,0,1,0
B0GZZVDFV3,"2 Pcs Mini Storage Bag, Portable Square Cosmetic Pouch, Lightweight Travel Organizer Bag Small Makeup Storage Pouch for Home Travel Daily Use Multicolor",图图,SP-shouna-luzi,8,0,0,0,5,0
B0H1HCTD7L,"14Pcs Makeup Sponge Puff Set, Beauty Blenders & Mini Puffs, Soft Cotton Foundation Blending Sponges for Powder Cream Liquid Makeup",未匹配 Excel,,,,3,0,0,0
B0H1RZRM2H,"Swim Shoes for Women Men, Water Shoes, Aqua Socks, Quick Dry Beach Pool River Lake Cruise Travel Footwear",公司,QS-118-42/43,2,0,0,0,2,0
B0GVJPJJ7Y,"False Lower Eyelashes Natural Look Variety Styles, Soft Lightweight Fake Bottom Lashes for Daily & Makeup",未匹配 Excel,,,,41,0,0,0
B0GQBNHWM5,"Unisex Reef Shoes, Non Slip Rubber Sole, Protective Water Shoes for Beach Ocean",公司,QS-021-40/41,6,1,0,0,5,0
B0GQBYW8CQ,"Rafting River Shoes Unisex, Non Skid Sole, Durable Rubber Outsole, Quick Dry",公司,QS-085-40/41,3,0,0,0,7,0
B0GZVSXHSW,"Rotating Catnip Ball Toy, Wall Mounted Interactive Cat Chew Toy for Indoor Cats, Calming Lickable Catnip Treat Toy",凯旋,KCC-BHQ-LV,33,0,0,0,4,2
B0GTZ8SXFZ,"7 Pairs Men's Summer Thin Boat Socks, Breathable Mesh Low Cut Ankle Socks, Non-Slip Lightweight Invisible Liner Socks for Daily & Sports",凯旋,KCC-chuanwa-7se,3,1,0,1,6,0
B0GQBR7BY7,"Diving Snorkel Shoes Men Women, Non Slip Rubber Sole, Quick Dry Water Shoes",公司,QS-093-42/43,1,0,0,0,1,0
B0GVXC2467,"Foldable EVA Travel Slippers for Women Men, Lightweight Quick Drying Non Slip Shower Sandals, Portable Flip Flops for Bathroom, Hotel, Beach, Pool & Cruise",公司,ZD002-White-6/7,2,0,0,0,5,1
B0GSVXJGXN,Sexy Halter Triangle Bikini Set for Women Two Piece Cheeky Thong Swimsuit Bathing Suit,图图,KC-B2-L,7,0,0,0,2,0
B0GQCBKRNM,"Diving Swim Water Shoes for Men Women, Non Skid Sole, Stretch Fit Slip On",公司,QS-049-40/41,3,0,0,0,2,0
B0GXHMNVVM,"Rafting River Shoes Unisex, Non Skid Sole, Durable Rubber Outsole, Quick Dry",公司,QS-085-38/39,3,1,0,0,8,0
B0GZVQQQ69,"Stainless Steel Steamer Rack, Multifunction Pot Insert Trivet for Vegetables, Dumplings, Eggs, Fish, Woks, Pans",图图,SP-zhengjia-1,9,0,0,0,3,0
B0GQBNSX8T,"Diving Water Shoes for Men Women, Non Skid Rubber Sole, Quick Dry Swim Shoes",公司,QS-010-40/41,3,0,0,0,2,0
B0H1CHWTLH,"Shelf and Drawer Liner for Kitchen Cabinets, Non Adhesive Waterproof PVC Cabinet Liner, Non Slip Floral Drawer Mat for Cupboards Dresser Refrigerator Shelves, White, 11.81 x 39.37 in",未匹配 Excel,,,,5,0,0,0
B0H1CBVZGN,"50 Pack Disposable Shower Drain Hair Catcher Covers, Gray Plastic Hair Stopper Mesh, Floor Sink Strainer Filter for Bathroom, Bathtub and Floor Drains.",未匹配 Excel,,,,84,7,0,0
B0H1HMNP84,"2Pcs Nylon Filter Bags, Ultra Fine Mesh Strainer, Reusable Soymilk Juice Filter for Almond Milk Yogurt Wine Residue Food Prep",未匹配 Excel,,,,46,1,0,0
B0H1H8B7RQ,"Heavy Duty Resistance Band, 50-125 Lbs Pull Up Assist Band for Strength Training Crossfit Stretching",凯旋,KCC-LLD-1,7,0,0,0,1,0
B0GXTVQ1JW,"Unisex Printed Water Shoes, Anti Skid Rubber Sole, Lightweight Slip On Beach Shoes",公司,QS-088-38/39,2,0,0,0,4,0
B0GVN3C9Q1,"4 Pack Adjustable Waist Buckles for Pants, Multiple Styles Alloy Waist Cinch Clips, Clothing Waist Tightener for Women",图图,SP-shouyao02-zhenzhu,3,1,0,0,10,2
B0GY2BQ5D4,"Quick Dry Water Shoes for Men Women, Anti-Slip Lightweight Aqua Socks for Beach Swim Pool",公司,SP-XIE1-F40/41,4,0,0,0,3,0
B0GQBMYP7T,Water Shoes for Women Men Quick Dry Barefoot Beach Swim Pool Walking Shoes,公司,QS-002-42/43,7,0,0,0,7,0
B0H2ML6YQF,"Water Shoes for Women Men, Water Footwear for Beach Pool Spa Hotel River Lake Cruise Travel Pair, 2705, Adult Travel",公司,QS-2705-42/43,1,0,0,0,1,0
B0H4RCWRN6,"Floral Print Canvas Cosmetic Bag, Multi-Use Zipper Pouch, Portable Travel Makeup Organizer for Women",未匹配 Excel,,,,181,1,0,0
B0H75CZY97,"Metal Mouse On Stool Plant Stake, Cute Silhouette Garden Art Decorative Flower Pot Marker for Succulent Potted Plants Yard",未匹配 Excel,,,,4,1,0,0
B0GQC56FHC,"Diving Beach Water Shoes Men Women, Non Slip Rubber Sole, Quick Dry Swim Shoes",公司,QS-063-42/43,3,0,0,0,1,0
B0GYXBVR59,"Dog Braided Rope Ball Toy, 38CM Cotton Tug & Fetch Toy for Medium Dogs, Durable Teething & Training Toy",未匹配 Excel,,,,23,3,0,0
B0GQBY2SY7,"Water Shoes Men Women, Non Slip Sole, Cushion Insole, for Beach Snorkeling",公司,QS-058-40/41,2,1,0,0,6,0
B0H2MK8FYW,"Water Shoes for Women Men, Water Footwear for Beach Pool Spa Hotel River Lake Cruise Travel Pair, 2622, Adult Travel",公司,QS-2622-42/43,2,0,0,0,1,0
B0H1RYKCCW,"Aqua Socks for Women Men, Water Shoes, Foldable Swim Footwear, River Lake Dock Boat Beach Travel Pair",公司,QS-114-44/45,2,0,0,0,1,0
B0GX38ZRG9,"Weight Lifting Gym Grips Pads, Heavy Duty Suede Leather Hand Grips for Weightlifting, Deadlift, Pull Up, Strength Training",凯旋,KCC-ST-ZONG,5,0,0,0,1,0
B0H2M95J21,"Water Shoes for Women Men, Lightweight Swim Shoes for Beach Hotel Pool Lake Marina Resort Travel Pair, 2515, Adult Travel",公司,QS-2515-38/39,2,0,0,0,1,0
B0H2HQ8GVK,"Inspirational Heart Butterfly Keychain, Stainless Steel Engraved Positive Quote Keyring Encouragement Gift For Women Girls",凯旋,KCC-HDYSK-1,3,1,0,0,70,2
B0H2MD3HBF,"Water Shoes for Women Men, Aqua Socks, Slip On Swim Shoes for Beach Pool Lake Boat Resort Travel Pair, 2629, Adult Travel",公司,QS-2629-40/41,2,0,0,0,2,0
B0GY3LWRLR,"Handmade Nude French Press On Nails, Reusable Glossy Full Set False Nails As Daily Manicure Accessory For Women Styling",凯旋,KCC-MJ-M,0,2,0,0,12,1
B0GSVW46L7,Women's Two Piece Bikini Set Halter String Triangle Tops Sexy Tie Side Bottom Bathing Suit Swimwear Black Solid,图图,KC-B6-L,1,0,0,0,7,0
B0GXJ3MPVV,Soft Water Shoes Lightweight Quick Dry Shoes for Beach Surfing Yoga,公司,QS-031-44/45,2,0,0,0,3,0
B0H1DDF3DQ,"Diving Water Shoes for Men Women, Non Skid Rubber Sole, Quick Dry Swim Shoes",公司,QS-010-36/37,2,0,0,0,2,0
B0GS8R1ZZF,"Lovely Dopamine Color Block Beaded Phone Charm, Handmade Phone Strap for Girls",凯旋,KC-27-01,1,5,0,0,36,0
B0H2MHYQQF,"Water Shoes for Women Men, Aqua Socks, Slip On Swim Shoes for Beach Pool Lake Boat Resort Travel Pair, 2629, Adult Travel",公司,QS-2629-42/43,2,0,0,0,1,0
B0GX1BB6G8,"Aqua Shoes Unisex, Anti Slip Rubber Sole, Quick Dry, for Surf Pool Ocean Beach",公司,QS-096-44/45,3,0,0,0,4,0
B0GY2BP78J,"Aqua Socks Water Shoes for Men Women, Anti-Slip Quick Dry Swim Shoes for Pool",公司,SP-XIE6-Q44/45,11,1,0,0,2,0
B0GTKH6PCG,"28 Grid Jewelry Storage Box, Plastic Jewelry Organizer with Removable Dividers for Earrings, Rings, Necklaces, Bracelets, Portable Clear Jewelry Case for Home & Travel",凯旋,KCC-shoushishounahe-28,8,0,0,0,6,1
B0H3PCLX9Q,"3 Slots Foldable Eyeglasses Storage Case, PU Leather Multiple Sunglasses Organizer, Portable Multi Glasses Box for Travel",图图,SP-mojinghe1-3,3,0,0,0,1,0
B0H1RZ6SC8,"Aqua Socks for Women Men, Water Shoes, Barefoot Swim Footwear, Resort Pool Lake Yoga Beach Travel Pair",公司,QS-112-36/37,2,0,0,0,1,0
B0H2MDQ1Y3,"Carbon Fiber Shift Knob Kit, Universal Manual Gear Shifter with Multi‑Thread Adapters for Automotive Interior Modification",未匹配 Excel,,,,6,0,0,0
B0H1S3S71K,"Pool Shoes for Women Men, Aqua Socks, Barefoot Water Footwear, Yoga Beach Resort Spa Pool Vacation Pair",公司,QS-131-44/45,2,0,0,0,2,0
B0H1RTLH4R,"Swim Shoes for Women Men, Water Shoes, Aqua Socks, Slip On Boat Lake Camping Shower Beach Travel Footwear Pair",公司,QS-122-44/45,2,0,0,0,2,0
B0H1CSV1D8,"Aluminum Alloy Woodworking Triangle Ruler, Multi Functional 45 90 Degree Measuring Tool for Carpentry Layout",未匹配 Excel,,,,15,2,0,0
B0H1S12F3N,"Lake Shoes for Women Men, Aqua Socks, Swim Footwear, Slip On River Dock Boat Ramp Travel Vacation Pair",公司,QS-135-38/39,2,0,0,0,2,0
B0GQC3JK3Y,"Lightweight Beach Water Shoes for Men Women, Anti Slip Sole, Quick Dry Swim",公司,QS-040-42/43,5,0,0,0,3,0
B0GQC8P36C,Slip On Beach Shoes Quick Dry Water Shoes for Travel Vacation Outdoor,公司,QS-079-40/41,5,0,0,0,3,0
B0H1CQ4K7Z,"Press for Griddle, Burger Press Grill Weight with Handle, Rectangular BBQ Bacon Steak Press for Smash Burgers, Panini and Outdoor Cooking",图图,SP-yarou-1,13,1,0,0,6,2
B0GXV1CP9Z,"Unisex Aqua Shoes, Non Skid Rubber Sole, Stretch Fit, for Ocean Reef Walk",公司,QS-082-38/39,1,1,0,0,6,0
B0H4512N6Y,"Mens Swim Trunks, Mini Pineapple Print Board Shorts with Drawstring Waist for Resort and Summer Casual Trips",凯旋,KCC-STK-AM-L,2,0,0,0,1,0
B0GQBR61BG,"Unisex Swim Shoes, Non Skid Rubber Sole, Packable Quick Dry Beach Shoes",公司,QS-042-40/41,7,0,0,0,7,0
B0H1R4H5SB,"5 Pack Silicone Resistance Bands Set, Non-Latex Elastic Exercise Bands for Butt Legs Yoga Pilates Strength Training",图图,SP-tanglidai-1,4,1,0,0,1,0
B0GQC56WJS,"Beach Swim Water Shoes for Men Women, Non Slip Sole, Printed Quick Dry Slip On",公司,QS-095-42/43,5,0,0,0,6,0
B0GZ1VF7TW,"Foldable EVA Flip Flops for Women Men, Wide Strap Non-Slip Travel Sandals, Lightweight Quick-Drying Beach Slippers for Vacation, Pool & Shower",公司,ZD003-Yellow-10/11,3,0,0,0,1,0
B0GQC28Z8Y,"Pool Beach Aqua Shoes Men Women, Non Skid Rubber Sole, Lightweight Quick Dry",公司,QS-091-40/41,4,1,0,0,3,0
B0GWM2137D,"Drink Coasters Set of 4, Absorbent Cotton Woven Coasters, Minimalist 4-Color Cup Mats for Living Room & Fall Home Decor, 4.33 Inch",未匹配 Excel,,,,8,0,0,0
B0H1S5V6VT,"Beach Shoes for Women Men, Aqua Socks, Water Shoes, Quick Dry Pool River Lake Cruise Resort Travel Pair",公司,QS-123-40/41,3,0,0,0,1,0
B0H2M92GVQ,"Cylindrical Ergonomic Shift Knob Kit, Universal Manual Gear Shifter with Multi‑Thread Adapters for Automotive Interior Modification",未匹配 Excel,,,,1,0,0,0
B0H2MQS6RY,"Water Shoes for Women Men, Lightweight Swim Shoes for Beach Hotel Pool Lake Marina Resort Travel Pair, 2515, Adult Travel",公司,QS-2515-42/43,2,0,0,0,1,0
B0GQBRLZB9,"Creek Trekking Water Shoes for Men Women, Anti Slip Sole, Durable Outsole",公司,QS-055-40/41,5,1,0,0,3,2
B0H1S3R2FR,"River Shoes for Women Men, Aqua Socks, Swim Footwear, Lightweight Kayaking Dock Beach Summer Travel Pair",公司,QS-133-40/41,3,0,0,0,1,0
B0H1SBV97W,"Barefoot Water Socks for Women Men, Aqua Shoes, Swim Footwear, Beach Pool Resort Cruise Summer Travel Pair",公司,QS-138-44/45,2,0,0,0,1,0
B0H4F84574,"Reusable Rubber Rust Remover Eraser, Multipurpose Stain Limescale Eraser for Faucet Sink Iron Metal Surface Cleaning",未匹配 Excel,,,,454,21,0,0
B0H2MFXLCV,"5 Speed Carbon Fiber Shift Knob Kit, Universal Manual Gear Shifter with Multi‑Thread Adapters for Automotive Interior Modification",未分配,QC-DB-CHUNTANHEI-5,2,0,0,0,1,0
B0H4ZQZNNP,"Adhesive Wall Mount Eyeglasses Holder, Clear Acrylic Sunglasses Storage Organizer, No Drill Glasses Rack for Bathroom Vanity Bedroom Cabinet Wall",未匹配 Excel,,,,66,3,0,0
B0H151BW7M,"Multi Size Woven Round Placemat Set, Heat Resistant Non Slip Rope Mats for Dining Table Kitchen Pot Holders",凯旋,KCC-feipan-12cm,10,3,13,1,153,4
B0GX378BT9,"Weight Lifting Gym Grips Pads, Heavy Duty Suede Leather Hand Grips for Weightlifting, Deadlift, Pull Up, Strength Training",未匹配 Excel,,,,6,0,0,0
B0GTLTPM6W,"Dog Rope Knot Toys Set, Cotton Chew Toys for Teething, Interactive Play Training Toys for Small and Medium Dogs",未匹配 Excel,,,,3,0,0,0
B0GQH3BVXR,Lightweight Foldable Water Shoes Comfort Beach Shoes for Pool Travel,公司,QS-044-40/41,2,0,0,0,2,0
B0GZZMTTF5,"2 Pcs Mini Storage Bag, Portable Square Cosmetic Pouch, Lightweight Travel Organizer Bag Small Makeup Storage Pouch for Home Travel Daily Use Multicolor",未匹配 Excel,,,,5,0,0,0
B0H3N96CPL,"105 Degree Right Angle Drill Adapter, 1/4 Inch Hex Shank Drill Bit Extension, Heavy Duty Angle Driver Attachment for Cordless Drill & Impact Screwdriver",图图,SP-zhuantou-1,8,2,0,0,9,0
B0H1MFBMCW,"27 Piece Portable Sewing Kit, Mini Travel Needle and Thread Set with Scissors Tape Measure",凯旋,KCC-ZXB-27,3,0,0,0,2,3
B0H1CHWDHQ,"Press for Griddle, Burger Press Grill Weight with Handle, Rectangular BBQ Bacon Steak Press for Smash Burgers, Panini and Outdoor Cooking",未匹配 Excel,,,,4,1,0,0
B0GWJKY6B3,"Rafting Beach Water Shoes Unisex, Anti Slip Rubber Sole, Quick Dry Slip On",公司,QS-035-44/45,10,0,0,0,1,0
B0GXZ2K3DK,"8 Rolls Thick Dog Poop Bags 1.2mm, Strong Leak-Proof Pet Waste Bags for Outdoor Walking, Large Disposable Dog Waste Bags",图图,SP-shibian8g-01,3,0,0,0,5,0
B0GXXJC8XT,"Metallic Alloy Ponytail Holders, Minimalist Bow And Geometric Hair Scrunchies As Stylish Daily Wear Accessories For Women Hairstyle Matching",未匹配 Excel,,,,0,3,0,0
B0GXB34H7B,"23-Piece Precision Screwdriver Set with Flexible Shaft, Magnetic Screwdriver Kit for Phone, Laptop and Electronics Repair",未匹配 Excel,,,,3,0,0,0
B0GL93DVDW,"Foldable Flip Flops for Travel, Lightweight Portable Silicone Slippers, Compact Non-Slip Sandals for Home/Hotel/Beach, Comfortable Flexible Footwear for Women & Men",公司,ZD001-Blue-8/9,1,0,0,0,1,0
B0GWHR91C8,"Creek River Water Shoes Men Women, Non Slip Rubber Sole, Quick Dry Slip On Shoes",公司,QS-099-36/37,6,0,0,0,2,0
B0GZNY98XJ,"Beach Water Shoes Unisex, Anti Slip Pattern Sole, Quick Dry Swim Shoes for Ocean",公司,QS-090-36/37 / QS-101-36/37 / QS-098-36/37,8,0,0,0,5,0
B0GWHX8BBZ,"Pool Beach Aqua Shoes Men Women, Non Skid Rubber Sole, Lightweight Quick Dry",公司,QS-091-36/37,4,0,0,0,1,1
B0GWLW27RB,"1 Pack Waterproof Phone Pouch, IPX8 Underwater Dry Bag Case for Phones Up to 7.5"", Compatible with iPhone Samsung Multiple Colors White",图图,SP-FSD-bai,5,0,0,0,15,0
B0GQC3L819,"Diving Swim Water Shoes for Men Women, Non Skid Sole, Stretch Fit Slip On",公司,QS-048-40/41,4,0,0,0,2,0
B0H2MKKMSS,"Water Shoes for Women Men, Barefoot Water Footwear for Pool Beach Cruise River Dock Vacation Pair, C114, Adult Travel",公司,QS-C114-38/39,2,0,0,0,2,0
B0GXHVWPMF,"Lightweight Beach Water Shoes for Men Women, Anti Slip Sole, Quick Dry Swim",公司,QS-040-44/45,6,0,0,0,5,0
B0H2HWV8J6,"4Pcs Boho Mandala Round Wooden Coasters, Heat‑Resistant Non‑Slip Trivets for Hot Pots Pans Table Kitchen Decor",未匹配 Excel,,,,5,2,0,0
B0H1S1PV5J,"Beach Shoes for Women Men, Aqua Socks, Water Shoes, Quick Dry Pool River Lake Cruise Resort Travel Pair",公司,QS-123-44/45,1,1,0,0,2,0
B0GX6FGCG5,"4 Pack Men's Underwear, Soft Breathable Boxer Briefs, Stretch Comfortable Moisture Wicking Underwear for Men Daily Wear Multicolor",凯旋,KCC-NK1-S,1,0,0,0,2,0
B0H1W7TT9M,"3Pcs Window Door Track Cleaning Brushes, Hard-to-Reach Gap Cleaner, Ergonomic Handle for Home Office Bathroom Kitchen",未匹配 Excel,,,,5,0,0,0
B0GZZ7C6KM,"Glass Crystal Ball for Women-3D Inner Carved Glass Ball Decor with Stand, Sculpture Decor for Desk Shelf Mantel Office Bedroom (Moon)",凯旋,YQ-QWER-2026428-SJQ,5,0,0,0,1,0
B0H14Z7J9N,"Compact Hair Brush with Mirror, 2-in-1 Foldable Pocket Comb, Mini Travel Hairbrush with Mirror for Girls Women, Portable On-the-Go Hair Styling Tool",未匹配 Excel,,,,187,10,0,0
B0H2GQFK7P,"Silicone Can Covers, Reusable Leak-Proof Beverage Lids, Universal Protective Caps for Soda Beer Juice Standard Cans",图图,SP-rongqigai-6,7,1,0,0,3,1
B0H1VHTD8P,"10Pcs Disposable Aluminum Foil Elastic Bowl Covers, Universal Stretch‑Fit Food Storage Lids For Kitchen Fresh‑Keeping",未匹配 Excel,,,,9,0,0,0
B0H152DKNL,"River Shoes Unisex, Non Slip Sole, Quick Dry Water Shoes for Creek Trekking",公司,QS-043-36/37,1,0,0,0,5,0
B0GX1DF7ZK,"Water Shoes Men Women, Non Slip Sole, Quick Dry, for Creek Hiking Beach Travel",公司,QS-087-38/39,2,0,0,0,6,0
B0GS8NN1KJ,Handmade Beaded Key Chain - Cute Charm Wrist Strap for Camera Phone Keyring Bag,凯旋,KC-07-01,5,4,0,0,295,0
B0GYRNCBCN,"Diving Beach Water Shoes Men Women, Non Slip Rubber Sole, Quick Dry Swim Shoes",公司,QS-063-44/45,2,0,0,0,2,0
B0H1SBMP76,"Swim Shoes for Women Men, Water Shoes, Aqua Socks, Foldable Pool Water Park Beach Resort Travel Pair",公司,QS-121-36/37,2,0,0,0,1,0
B0H1VKJ3JW,"4Pcs 0.5 Inch Mini Nylon Casters, Small Fixed Red Wheel Casters for Furniture Drawers Cabinets",未匹配 Excel,,,,1,0,0,0
B0H1RGRPPT,"3 Pack Cute Mushroom Toothbrush Covers, Portable Protective Cases With Clip For Travel Bathroom",凯旋,KCC-YSTBHT-3,6,0,0,0,7,0
B0GZYQXWJ3,"Glass Crystal Ball for Women-3D Inner Carved Glass Ball Decor with Stand, Sculpture Decor for Desk Shelf Mantel Office Bedroom (Tree)",凯旋,YQ-QWER-2026427-SJQ,5,0,0,0,1,0
B0H3NCR6DS,"Manual Pepper Grinder, Stainless Steel Top Spice Mill with Clear Glass Bottle, Adjustable Coarseness Salt Pepper Shaker for Kitchen Cooking, BBQ & Dining",图图,SP-mopan-1,8,2,0,0,0,1
B0GWL7LLPX,Men Women Water Shoes Quick Dry Non Slip Barefoot Shoes Lightweight Breathable Beach Swim Surf Yoga Outdoor Sports Aqua Socks,公司,SP-XIE-L36/37,7,0,0,0,2,0
B0H2LMCW2K,"Transparent Plastic Card Storage Box, Portable Game Card Organizer, Desktop Holder for Playing Cards Business Cards",图图,SP-pukeshoula-1,13,4,0,0,3,0
B0H2GTRJV1,"Cute Cartoon Toothpaste Squeezer, Plastic Tube Dispenser, Multi-Functional Bathroom Kitchen Gadget for Home Decor",图图,SP-jiyagao-y,1,1,0,0,1,1
B0GXHF83LP,"Unisex Swim Shoes, Non Skid Rubber Sole, Packable Quick Dry Beach Shoes",公司,QS-042-44/45,2,0,0,0,3,0
B0GSVKBZSV,Womens Two Piece Bikini Set Vintage Print Swimwear Halter String Triangle Swimsuit Back Self Tie Spaghetti Strap Bathing Suit,图图,KC-B9-L,3,0,0,0,6,1
B0H2MMRCJW,"Water Shoes for Women Men, Barefoot Water Footwear for Pool Beach Cruise River Dock Vacation Pair, 2514, Adult Travel",公司,QS-2514-38/39,2,0,0,0,1,0
B0H1HNWRG1,"3 Pack Stainless Steel Precision Tweezers, Straight and Curved Tip Tweezers for Ingrown Hair Splinter Removal",未匹配 Excel,,,,0,2,0,0
B0H1H7CZ1B,"Stainless Steel Potato Masher, Ergonomic Handle Wave Design, Heavy Duty Vegetable Bean Masher for Smooth Mashed Potatoes Baby Food",未匹配 Excel,,,,1,0,0,0
B0H14PTMQT,"Compact Hair Brush with Mirror, 2-in-1 Foldable Pocket Comb, Mini Travel Hairbrush with Mirror for Girls Women, Portable On-the-Go Hair Styling Tool",图图,SP-xiaojing1-hz,5,5,0,0,2,0
B0GZNYY63D,"Kids Water Shoes, Cute Starfish Print Quick-Dry Aqua Socks for Toddler Boys Girls, Non-Slip Swim Shoes for Beach, Pool, Water Park, River Trekking, and Indoor Activities",公司,QS-527-A110-26-27,1,1,0,0,1,1
B0H3NNMSTQ,"Dumpling Maker Mold, Manual Empanada Pierogi Press Wrapper Mold, Quick Dumpling Wrapper Cutter & Sealer Tool for Home Kitchen Making Dumplings",未匹配 Excel,,,,1,0,0,0
B0H1SC6GGB,"Lake Shoes for Women Men, Aqua Socks, Water Footwear, Quick Dry Beach Pool Cruise Summer Vacation Travel Pair",公司,QS-134-44/45,2,0,0,0,2,0
B0H3S6N3JC,"Multi-Angle Measuring Ruler, Adjustable Four-Sided Layout Template Tool, Universal Angle Finder for Woodworking Tile Flooring Construction DIY",未匹配 Excel,,,,4,0,0,0
B0GQBMQ8WS,"Beach Water Shoes Unisex, Anti Slip Pattern Sole, Quick Dry Swim Shoes for Ocean",公司,QS-090-40/41,2,0,0,0,6,0
B0GVSG76VT,"Self Adhesive Elastic Training Bands, Reusable Compression Stretch Bands for Muscle Support, Fitness Training, Sports Wrap",凯旋,KCC-TLD-7.5 / KCC-TLD-5,25,0,0,0,38,5
B0H2HMTDFG,"Cute Cartoon Cat Print Kiss‑Lock Coin Purse, Mini PU Leather Clutch Pouch For Coins Keys Earbuds Small Accessories",凯旋,KCC-MTLQB-1,31,9,0,0,41,3
B0H1S1FMN1,"River Shoes for Women Men, Aqua Socks, Water Footwear, Quick Dry Beach Pool Lake Weekend Travel Trip Pair",公司,QS-132-40/41,3,0,0,0,2,0
B0H1R5TF4Y,"Shelf and Drawer Liner for Kitchen Cabinets, Non Adhesive Waterproof PVC Cabinet Liner, Non Slip Floral Drawer Mat for Cupboards Dresser Refrigerator Shelves, White, 11.81 x 39.37 in",凯旋,KCC-YHDZ-30CM,13,0,0,0,11,0
B0GQBYCJKK,Breathable Water Shoes Non Slip Quick Dry Shoes for Beach Swimming,公司,QS-022-40/41,15,0,0,0,4,0
B0GXV6NHDY,"Ocean Swim Water Shoes Unisex, Anti Slip Rubber Sole, Stretch Fit Beach Shoes",公司,QS-069-44/45,1,0,0,0,3,0
B0GQC8DTHB,Breathable Beach Shoes Lightweight Water Shoes for Swim Surf Hiking,公司,QS-075-40/41,1,0,0,0,1,0
B0GZV4XSSY,"Textured Dog Chew Stick Toy, Teething Dental Cleaning Molar Toy for Small Dogs, Gum Massage Chew Stick for Pet Daily Play",凯旋,KCC-YYB-CHENG,6,0,0,0,0,1
B0GQC7CQFQ,Foldable Beach Shoes Slip On Water Shoes for Pool Beach Travel Outdoor,公司,QS-009-40/41,7,0,0,0,4,0
B0GQC2V635,"Printed Beach Water Shoes Unisex, Non Slip Rubber Sole, Lightweight Swim Shoes",公司,QS-047-40/41,7,1,0,0,5,0
B0GXHCTWJW,"Diving Snorkel Shoes Men Women, Non Slip Rubber Sole, Quick Dry Water Shoes",公司,QS-093-36/37,3,0,0,0,1,0
B0GTLH8KVW,"Stainless Steel Demitasse Spoons Set of 2, Gold Silver Mini Espresso Coffee Spoons, Small Spoons for Tea Dessert",未匹配 Excel,,,,1,0,0,0
B0GYRCZGGD,"Diving Swim Water Shoes for Men Women, Non Skid Sole, Stretch Fit Slip On",公司,QS-048-38/39,4,0,0,0,2,0
B0H1RZ84PF,"Pool Shoes for Women Men, Aqua Socks, Swim Footwear, Quick Dry Beach Lake Resort Cruise Summer Travel Pair",公司,QS-128-44/45,2,0,0,0,2,0
B0GXHMNQ4K,"Beach Shoes for Men Women, Non Slip Rubber Sole, Quick Dry Printed Aqua Shoes",公司,QS-032-36/37,5,0,0,0,1,0
B0H1RWC2G6,"Beach Shoes for Women Men, Aqua Socks, Swim Footwear, Lightweight Cruise Pool Resort Vacation Travel Pair",公司,QS-124-40/41,3,0,0,0,5,0
B0GVXS9JV9,"Pool Beach Aqua Shoes Men Women, Non Skid Rubber Sole, Lightweight Quick Dry",公司,QS-091-38/39,1,1,0,0,4,0
B0GY8TJKWP,"Breathable Mesh Summer Dog Vest, Cute Printed Lightweight Tank Top As Daily Casual Apparel for Small Puppy and Small Breed Dogs",凯旋,KCC-XGYF-XXL,4,1,0,0,1,0
B0H4R3PZQY,"Floral Print Canvas Cosmetic Bag, Multi-Use Zipper Pouch, Portable Travel Makeup Organizer for Women",图图,SP-fanbu-xin,5,0,0,0,2,0
B0GY2GZMNN,"Protective Water Shoes with Anti-Slip Sole, Quick Dry Aqua Socks for Women Men",公司,SP-XIE4-L36/37,3,0,0,0,2,1
B0GQBLSQJF,"Diving Swim Water Shoes for Men Women, Non Skid Sole, Stretch Fit Slip On",公司,QS-048-42/43,5,0,0,0,3,0
B0GZYMCQXS,"Reusable Cotton Mesh Grocery Bag, Expandable Net Tote Bag for Fruits, Vegetables, Produce, Beach and Shopping",未匹配 Excel,,,,2,0,0,0
B0GZZ4BH93,"Glass Crystal Ball for Women-3D Inner Carved Glass Ball Decor with Stand, Sculpture Decor for Desk Shelf Mantel Office Bedroom",未匹配 Excel,,,,2,0,0,0
B0GWL9WD8Y,Men Women Water Shoes Quick Dry Non Slip Barefoot Shoes Lightweight Breathable Beach Swim Surf Yoga Outdoor Sports Aqua Socks,公司,SP-XIE-F36/37,13,0,0,0,3,0
B0H1RM4WSR,"Swim Shoes for Women Men, Water Shoes, Aqua Socks, Slip On Boat Lake Camping Shower Beach Travel Footwear Pair",公司,QS-122-40/41,3,0,0,0,2,0
B0H45C9NTW,"Mens Swim Trunks, Flamingo Print Board Shorts with Drawstring Waist for Resort and Summer Coastal Parties",凯旋,KCC-STK-AL-L,2,0,0,0,1,0
B0GQBS3LM6,Quick Dry Water Shoes Slip On Comfort Beach Shoes for Pool Surfing,公司,QS-012-42/43,2,1,0,0,3,1
B0GS8KFR4R,Keychain for Men Women - Durable Metal Key Chain with Key Ring Car Key Accessory,未匹配 Excel,,,,1834,24,0,0
B0GZVPL8WD,"4 PCS Floral Ceramic Fridge Magnets Set, Ins Style Cute Flower Decorative Magnets for Home Kitchen Refrigerator DIY Decoration",未匹配 Excel,,,,7,0,0,0
B0H1RWN2FG,"Swim Shoes for Women Men, Water Shoes, Aqua Socks, Slip On Boat Lake Camping Shower Beach Travel Footwear Pair",公司,QS-122-36/37,1,1,0,0,1,0
B0H2MBRRNZ,"Water Shoes for Women Men, Aqua Socks, Slip On Swim Shoes for Beach Pool Lake Boat Resort Travel Pair, C101, Adult Travel",公司,QS-C101-44/45,0,0,0,0,0,1
B0GQBNF49L,Breathable Water Shoes Non Slip Beach Shoes for Women Men Outdoor Sports,公司,QS-015-42/43,9,0,0,0,4,1
B0H1RSLVSF,"Pool Shoes for Women Men, Aqua Socks, Water Footwear, Slip On River Cruise Resort Beach Summer Travel Pair",公司,QS-129-44/45,2,0,0,0,2,0
B0H2LG6HGD,"Multifunctional Kitchen Chopper Tool, Heat Resistant Nylon Mixer Masher, Ergonomic Non-Slip Handle for Daily Cooking",图图,SP-daosuiji-1,5,0,0,0,1,0
B0GWLL3JXX,"1 Pack Waterproof Phone Pouch, IPX8 Underwater Dry Bag Case for Phones Up to 7.5"", Compatible with iPhone Samsung Multiple Colors Black",图图,SP-FSD-hei,6,0,0,0,3,0
B0GV226T4F,"3 Pack Women's Ice Silk Breathable Underwear, Lightweight Cooling Hip Enhancing Panties for Summer, Assorted Colors",图图,SP-underwear -sancan-M,1,0,0,0,1,0
B0GXYRXTFX,"Pearl Crystal Bracelet For Women, Sparkling Pearl Chain Accessory For Wedding Date And Evening Outfit Decoration",凯旋,KCC-SL-YF,14,5,0,0,58,3
B0GVSGPDGK,"20pack Detachable Metal Zipper Sliders Replacement Kit, Universal Alloy Zipper Pulls for Repairing Coats Jackets Bags Luggage Backpacks",未匹配 Excel,,,,4,1,0,0
B0H1SBKXH8,"Beach Shoes for Women Men, Aqua Socks, Quick Dry Water Footwear, Pool Resort Cruise Beach Hotel Travel Pair",公司,QS-126-36/37,4,0,0,0,2,0
B0H25VDZ2H,"Blank Resin Keychain with Faux Leather Strap and Metal Key Ring, Rectangular DIY Engraving Key Fob for Custom Gifts",未匹配 Excel,,,,140,1,0,0
B0H2VMZ34L,"2 Pack Heart‑Shaped Car Pull Ring, Universal Interior Hanging Ornament Strap for Automotive Modification",未分配,QCGS-JJLH-FEN,3,0,0,0,2,0
B0H1D2L5S2,"Pool Beach Water Shoes Unisex, Non Slip Rubber Sole, Printed Quick Dry Shoes",公司,QS-056-38/39,5,0,0,0,4,0
B0GXV172NT,"Beach Aqua Shoes Unisex, Non Slip Rubber Sole, Comfortable Insole, for Ocean",公司,QS-050-44/45,1,0,0,0,4,1
B0GQBY1K6V,"Unisex River Trek Water Shoes, Anti Skid Sole, Durable Outsole, Quick Dry",公司,QS-094-42/43,1,0,0,0,4,0
B0GYRBQVX4,"Beach Water Shoes Unisex, Anti Slip Pattern Sole, Quick Dry Swim Shoes for Ocean",公司,QS-098-38/39,7,0,0,0,2,0
B0H1DC9KJX,"Diving Water Shoes for Men Women, Non Skid Rubber Sole, Quick Dry Swim Shoes",公司,QS-010-38/39,2,0,0,0,2,0
B0H2MBV8ST,"Water Shoes for Women Men, Lightweight Swim Shoes for Beach Hotel Pool Lake Marina Resort Travel Pair, C115, Adult Travel",公司,QS-C115-40/41,1,1,0,0,2,0
B0GSVHL6NR,Buauty Bikini Sets for Women Two Piece Swimsuits Halter String Triangle Bathing Suit Sexy Tie Side Bottom Swimwear,图图,KB-B5-M,3,0,0,0,6,0
B0GY2K7LS6,"Aqua Socks Water Shoes for Men Women, Anti-Slip Quick Dry Swim Shoes for Pool",公司,SP-XIE6-Q36/37,13,0,0,0,4,0
B0GYRJCCK8,"Ocean Swim Water Shoes Unisex, Anti Slip Rubber Sole, Stretch Fit Beach Shoes",公司,QS-061-38/39,2,0,0,0,7,0
B0H1RTFXRC,"Swim Shoes for Women Men, Water Shoes, Aqua Socks, Slip On Boat Lake Camping Shower Beach Travel Footwear Pair",公司,QS-122-38/39,2,0,0,0,2,0
B0GSVPJF2G,Halter Triangle Bikini Set Women Sexy Two Piece Cheeky Thong Bathing Suit Swimsuit Metallic Silver,图图,KC-B4-L,4,0,0,0,14,1
B0H5NTZKC8,"8-Month Long Lasting Pet Neck Collar for Dogs & Cats, Adjustable Waterproof Daily Wearing Collar, Skin Friendly Hypoallergenic Pet Accessory",图图,SP-xiangquan1-38-cheng,0,0,0,0,0,1
B0H4QR33RZ,"Floral Quilted Makeup Bag, Large Capacity Hair Dryer Storage Bag, Portable Multi-Functional Travel Organizer for Women",图图,SP-suihua-blue,6,4,0,0,9,1
B0GZP43PMM,,未匹配 Excel,,,,0,0,1,0
B0H6FCDMJ7,"Plant Propagation Station, Lid Hydroponic Plastic Planter Jars, Desktop Plant Propagator Vases for Home Office Table Decor, Gift for Plant Lovers",未匹配 Excel,,,,2,0,0,0
B0H1H427RM,"32 Grids Clear Plastic Bead Storage Organizer, Compartment Container Box For Jewelry Small Parts Crafts",凯旋,KCC-GJH-1,3,0,0,0,8,0
B0GWHM2CFD,Flexible Water Shoes Barefoot Slippers for Beach Pool Surfing Sports,公司,QS-097-44/45,4,0,0,0,3,0
B0GZ131G57,"Foldable EVA Flip Flops for Women Men, Wide Strap Non-Slip Travel Sandals, Lightweight Quick-Drying Beach Slippers for Vacation, Pool & Shower",公司,ZD003-Green-10/11,2,0,0,0,2,0
B0H11GJHH1,Women Sexy Lightweight Triangle Bikini Top Adjustable Tie Back Bathing Suit Top,图图,KC-B21-M,3,0,0,0,6,0
B0H1S1YV6C,"Beach Shoes for Women Men, Aqua Socks, Lightweight Water Footwear, River Dock Fishing Summer Travel Pair",公司,QS-127-38/39,2,0,0,0,1,0
B0H2VS5ZDY,"Devil‑Horn Heart Car Pull Ring, Universal Interior Hanging Ornament Strap for Automotive Modification",未匹配 Excel,,,,7,0,0,0
B0H1VK8V8G,"10Sets M8 Metal Wall Anchors with M5 Screws, Heavy‑Duty Expansion Bolt Kits for Concrete Drywall Brick",未匹配 Excel,,,,65,1,0,0
B0GQBMPPTB,"Beach Water Shoes Unisex, Anti Slip Pattern Sole, Quick Dry Swim Shoes for Ocean",公司,QS-098-42/43,7,0,0,0,1,0
B0H2VN8CKS,"2 Pack Devil‑Horn Heart Car Pull Ring, Universal Interior Hanging Ornament Strap for Automotive Modification",凯旋,QCGS-EMJLH-JIANBIAN,2,0,0,0,3,1
B0GSYBXY9G,Women Bright Color Beach Sarong Wrap Skirt Sheer Bathing Suit Cover Ups for Bikini Swimsuit Swimwear,图图,KC-C1-01,1,0,0,0,1,0
B0H1RW2DND,"Swim Shoes for Women Men, Water Shoes, Aqua Socks, Foldable Pool Water Park Beach Resort Travel Pair",公司,QS-121-40/41,3,0,0,0,1,0
B0GL92S6S4,"Foldable Flip Flops for Travel, Lightweight Portable Silicone Slippers, Compact Non-Slip Sandals for Home/Hotel/Beach, Comfortable Flexible Footwear for Women & Men",未匹配 Excel,,,,13,2,0,0
B0GZ2JYPV1,"HPPE Lined Cut Resistant Gloves with PU & Nitrile Sandy Coating, Work Gloves for Construction, Gardening, Industrial Work",未匹配 Excel,,,,5,0,0,0
B0GXTWCQDC,"Beach Water Shoes Unisex, Anti Slip Pattern Sole, Quick Dry Swim Shoes for Ocean",公司,QS-090-44/45,1,0,0,0,4,0
B0H2MF4GHJ,"Water Shoes for Women Men, Aqua Socks, Slip On Swim Shoes for Beach Pool Lake Boat Resort Travel Pair, 2626, Adult Travel",公司,QS-2626-38/39,2,0,0,0,1,0
B0GQBWPKVW,Water Shoes for Women Men Quick Dry Barefoot Beach Swim Pool Walking Shoes,公司,QS-002-40/41,4,0,0,0,2,0
B0H1D5TCQY,"Packable Beach Water Shoes for Men Women, Non Slip Sole, Travel Swim Shoes",公司,QS-070-38/39,3,0,0,0,7,0
B0GSVPVM8Q,Halter String Triangle Bikini Set for Women Two Piece Sexy Tie Side Bottom Bathing Suit Swimwear,图图,KC-B7-M,0,1,0,0,3,0
B0GYX16S5J,"Big Kids Aqua Socks, Red Flower Print Non Slip Water Shoes for Big Kids Beach Swim Pool",未匹配 Excel,,,,38,2,0,0
B0GYY96ZG6,"Kids Water Shoes, Cute Dolphin Print Quick-Dry Aqua Socks for Toddler Boys Girls, Non-Slip Swim Shoes for Beach, Pool, Water Park, River Trekking, and Indoor Activities",公司,QS-528-A95-30-31,2,0,0,0,1,0
B0GVN55M1F,"Waist Buckle Set for Women, Adjustable Pant Button Extender, Variety Styles Alloy Waist Cinch Clips, 4 Pieces Pack",图图,SP-shouyao01-zhenzhu,10,0,0,0,4,0
B0H1RLRRRB,"Barefoot Water Socks for Women Men, Aqua Shoes, Swim Footwear, Beach Pool Resort Cruise Summer Travel Pair",公司,QS-138-36/37,1,0,0,0,2,0
B0H2MMYDVC,"Water Shoes for Women Men, Quick Dry Swim Footwear for Beach Pool Resort River Cruise Lake Travel Pair, 2628, Adult Travel",公司,QS-2628-38/39,1,0,0,0,2,0
B0H1HS69WZ,"Revolving Leather Hole Punch Plier, 9 Inch Multi Size Punch Tool for Belts Straps Fabric Crafts",凯旋,KCC-PGDKQ-1,4,0,0,0,2,0
B0H1RYN7R9,"Swim Shoes for Women Men, Water Shoes, Aqua Socks, Barefoot Lake Cruise Resort Pool Vacation Footwear",公司,QS-119-40/41,3,0,0,0,2,0
B0H2MD396D,"Water Shoes for Women Men, Aqua Socks, Slip On Swim Shoes for Beach Pool Lake Boat Resort Travel Pair, C106, Adult Travel",公司,QS-C106-38/39,2,0,0,0,1,0
B0H45H4SH5,"Electric Automatic Hands-Free Tin Cutter, One-Touch Battery Powered Kitchen Gadget with Smooth Edge, Can Opener Ideal for Seniors & Arthritic Hands",图图,SP-kaipingqi-1,6,4,0,0,24,1
B0H1RSSMLQ,"Lake Shoes for Women Men, Aqua Socks, Water Footwear, Quick Dry Beach Pool Cruise Summer Vacation Travel Pair",公司,QS-134-40/41,1,0,0,0,2,0
B0H2MFDDWJ,"Water Shoes for Women Men, Aqua Socks, Slip On Swim Shoes for Beach Pool Lake Boat Resort Travel Pair, C101, Adult Travel",公司,QS-C101-40/41,2,0,0,0,2,0
B0GYXQDM4Z,"Kids Water Shoes, Cute Shark Print Quick-Dry Aqua Socks for Toddler Boys Girls, Non-Slip Swim Shoes for Beach, Pool, Water Park, River Trekking, and Indoor Activities",公司,QS-529-A96-34-35,1,2,0,0,0,1
B0GXD91MXN,"Anti-Static Tweezers, 4 Styles: Straight, Curved, Round & Fine Point, Precision Stainless Steel for Electronics & Crafts",图图,SP-NZ-W01,9,0,0,0,1,0
B0H4QWWNG8,"27.05 oz Stainless Steel Tumbler with Handle, Lid & Straw, Double Wall Insulated Travel Cup, Outdoor Reusable Drinking Mug for Cold Hot Drinks",图图,SP-shuibei02-hui,5,0,0,0,1,0
B0H14KHVXK,String Triangle Bikini Top for Women Sexy Self Tie Back Bathing Suit Swim Top Black,图图,KC-B22-M,5,0,0,0,3,0
B0H4QY2Q6R,"Mini Travel Cosmetic Bag, Velvet Zipper Makeup Pouch with Embroidered Letter, Portable Toiletry Organizer for Women",图图,SP-sirong-black,3,2,0,0,1,0
B0GSVLSHCG,Women's String Triangle Bikini Top Sexy Self Tie Back Bathing Suit Swim Top,图图,KC-B15-L,4,0,0,0,6,0
B0GQC8G6FL,Non Slip Water Shoes Quick Dry Comfort Beach Shoes for Swimming Walking,公司,QS-060-40/41,3,0,0,0,2,0
B0H2MD7CG1,"Water Shoes for Women Men, Aqua Socks, Slip On Swim Shoes for Beach Pool Lake Boat Resort Travel Pair, 2629, Adult Travel",公司,QS-2629-38/39,2,0,0,0,1,0
B0GYWTTCFM,"Kids Water Shoes, Cute Shark Print Quick-Dry Aqua Socks for Toddler Boys Girls, Non-Slip Swim Shoes for Beach, Pool, Water Park, River Trekking, and Indoor Activities",公司,QS-529-A96-30-31,1,0,0,0,0,1
B0H1RYRK3L,"Water Shoes for Women Men, Aqua Socks, Quick Dry Swim Shoes, Slip On Beach Pool River Lake Cruise Travel Footwear",公司,QS-102-38/39,2,0,0,0,1,0
B0H2MKWWZW,"Water Shoes for Women Men, Aqua Socks, Slip On Swim Shoes for Beach Pool Lake Boat Resort Travel Pair, 2561, Adult Travel",公司,QS-2561-42/43,1,0,0,0,1,0
B0H1HKKBJB,"2 Pack Adhesive Wall Hooks, No Drilling Heavy Duty Self Adhesive Hooks, Waterproof Transparent Hanger for Bathroom Kitchen Door Towel Coat Key",未匹配 Excel,,,,66,4,0,0
B0H1CL6YV9,"Adjustable Foldable Phone Stand, Portable Desktop Holder for Smartphone Tablet Hands Free Viewing",未匹配 Excel,,,,68,5,0,0
B0GQBSKW29,"Water Shoes for Men Women, Non Skid Sole, Stretch Fit, Snorkeling Surf Swim Shoes",公司,QS-003-40/41,21,3,0,0,4,1
B0GXV7R7WK,"Water Shoes Men Women, Non Slip Sole, Cushion Insole, for Beach Snorkeling",公司,QS-058-38/39,0,1,0,0,1,1
B0GWL4ZKYM,Men Women Water Shoes Quick Dry Non Slip Barefoot Shoes Lightweight Breathable Beach Swim Surf Yoga Outdoor Sports Aqua Socks,公司,SP-XIE-F42/43,11,0,0,0,2,0
B0GWLBJPCN,Men Women Water Shoes Quick Dry Non Slip Barefoot Shoes Lightweight Breathable Beach Swim Surf Yoga Outdoor Sports Aqua Socks,公司,SP-XIE-H42/43,15,1,0,0,0,2
B0H1S44XPS,"Barefoot Water Socks for Women Men, Aqua Shoes, Swim Footwear, Beach Pool Resort Cruise Summer Travel Pair",公司,QS-138-40/41,3,0,0,0,1,0
B0H1S8HQ5B,"Pool Shoes for Women Men, Aqua Socks, Barefoot Water Footwear, Yoga Beach Resort Spa Pool Vacation Pair",公司,QS-131-40/41,3,0,0,0,1,0
B0H25VH1KH,"12cm Red White Color Dog Ring Rope Chew Toy, Durable Interactive Tug Toy, Non Slip Pet Teething Toy for Puppy Teeth Cleaning",图图,SP-TU-TTQ-04,3,1,0,0,5,0
B0GV39Q43P,"HPPE Nitrile Sandy Finish Cut Resistant Gloves, EN 388 Level 5 Protection, Safety Work Gloves for Kitchen, Gardening, Construction, Men & Women",凯旋,KCC-fangqiegeshoutao-L,4,2,4,2,3,0
B0H1FDR6V3,"Wall Mounted Storage Rack, No Drilling Adhesive Floating Shelf, Moderate Size Bathroom Kitchen Organizer for Cosmetics Toiletries Sundries",未匹配 Excel,,,,3,0,0,0
B0GVY41X9X,"Surf Water Shoes for Men Women, Anti Slip Rubber Sole, Stretch Upper, Quick Dry",公司,QS-016-38/39,8,0,0,0,4,1
B0GXB8V5BG,"Screwdriver Magnetizer and Demagnetizer Tool for Tips and Bits, Portable Hand Tool Accessory for Small Screws, Home Repair, Garage, Tool Box and DIY Projects",凯旋,KCC-CCXCQ-LV,10,0,0,0,8,0
B0GXHKGMK1,"Diving Snorkel Shoes Men Women, Non Slip Rubber Sole, Quick Dry Water Shoes",公司,QS-093-44/45,1,0,0,0,3,0
B0GL95G94W,"Foldable Flip Flops for Travel, Lightweight Portable Silicone Slippers, Compact Non-Slip Sandals for Home/Hotel/Beach, Comfortable Flexible Footwear for Women & Men",公司,ZD001-Grey-7/8,1,0,0,0,1,0
B0H1V939K7,"Hard EVA Over-Ear Headphone Case, Portable Shockproof Headset Storage Bag with Mesh Pocket & Hand Strap for Over-Ear Bluetooth and Wired Headphones",凯旋,KCC-EJSNB-HEI,0,1,0,0,4,0
B0GWL9W5YR,Men Women Water Shoes Quick Dry Non Slip Barefoot Shoes Lightweight Breathable Beach Swim Surf Yoga Outdoor Sports Aqua Socks,公司,SP-XIE-Q36/37,7,0,0,0,5,1
B0H2LY73PM,"Shoe Brush with Liquid Holder, Press Type Cleaning Brush, Soft Bristle Long Handle Brush for Household Cleaning",未匹配 Excel,,,,1,0,0,0
B0GVNTZ9V6,"Elastic Wide Waist Belt for Women, Fashion Versatile Cinch Belt, Retro Decorative Waistband for Dresses Jeans",未匹配 Excel,,,,1,0,0,0
B0GQC99H4C,Comfort Foldable Beach Shoes Non Slip Water Shoes for Women Men,公司,QS-089-40/41,6,0,0,0,8,2
B0GTLTFHCL,"Premium Cotton Dog Rope Toys, Bone Chew Toys for Teething, Interactive Play & Training Toys for Small to Medium Dogs",图图,SP-TUTU-TGJ-06,6,0,0,0,1,0
B0H3PB736Q,"Single Angled/Flat Paint Brush, Solid Wooden Handle Stain Brush, Premium Bristle Sash Brush for Wall Trim, Varnish, Furniture DIY Home Painting",未匹配 Excel,,,,104,14,0,0
B0H1RZ9GR9,"Barefoot Water Socks for Women Men, Aqua Shoes, Pool Footwear, River Lake Beach Resort Summer Travel Pair",公司,QS-139-44/45,2,0,0,0,1,0
B0H3L14FSM,"1 Pair Reusable Silicone Foot Mask Socks, Food-Grade TPR Moisturizing Foot Care Socks, Soft Exfoliating Spa Foot Cover for Dry Cracked Heels Foot Treatment",未匹配 Excel,,,,21,0,0,0
B0H1QXNB3K,"Long Handle Silicone Bottle Brush, Flexible Cup Cleaning Brush for Bottles Mugs Tumblers, Gray",图图,SP-beizishuazi-1,9,0,0,0,5,0
B0GXVC1MV4,"Beach Water Shoes Unisex, Anti Slip Pattern Sole, Quick Dry Swim Shoes for Ocean",公司,QS-090-38/39,2,0,0,0,1,0
B0H1RZ5T4W,"Swim Shoes for Women Men, Water Shoes, Aqua Socks, Barefoot Lake Cruise Resort Pool Vacation Footwear",公司,QS-119-38/39,1,1,0,0,2,0
B0GWLZCV14,"Mesh Beach Tote Bag With Zipper, Quick Dry Waterproof Sand Free Bag For Travel, Pool, Gym, Weekend Getaway",未匹配 Excel,,,,67,5,0,0
B0H2MJJJFT,"Water Shoes for Women Men, Water Footwear for Beach Pool Spa Hotel River Lake Cruise Travel Pair, 2617, Adult Travel",公司,QS-2617-42/43,2,0,0,0,1,0
B0GTLKTK5X,"Cotton Dog Rope Knots Set, Puppy Teething Chew Toys, Interactive Training Play Toys for Small & Medium Breeds",图图,SP-TUTU-DEQ-03,16,0,0,0,1,0
B0GXHJS7N8,"Beach Shoes for Men Women, Non Slip Rubber Sole, Quick Dry Printed Aqua Shoes",公司,QS-032-44/45,4,2,0,0,0,1
B0GXVC1MV2,"Unisex Aqua Shoes, Non Skid Rubber Sole, Stretch Fit, for Ocean Reef Walk",公司,QS-082-44/45,3,0,0,0,2,0
B0H1CJ5M4X,"2 Pack Soft Eyeglasses Case, PU Leather Sunglasses Pouch, Portable Squeeze Glasses Bag, Pocket Eyewear Holder for Women Men",未匹配 Excel,,,,3,0,0,0
B0H1CZ8S9N,"Water Shoes for Men Women, Anti Skid Rubber Sole, Slip On, for Rafting Kayak",公司,QS-072-36/37,5,0,0,0,2,0
B0GYXY1GG1,"Animal Shaped Dog Rope Toy, Interactive Tug Chew Toy for Small Dogs, Teething Rope Knot Toy for Pet Daily Play",凯旋,KCC-xiangbi-h,3,1,0,0,1,0
B0H5CKYDZM,"Electric Spray Pet Grooming Brush, Rechargeable 3-in-1 Cat Dog Hair Brush with Massage Comb, Water Spray Dematting Tool",未匹配 Excel,,,,1,0,0,0
B0GSVJQJJJ,Women's String Triangle Bikini Top Sexy Self Tie Back Bathing Suit Swim Top,图图,KC-B15-M,2,0,0,0,11,1
B0H27TRCTG,"Reflective No Pull Dog Harness with Leash, Adjustable Breathable Pet Vest for Small Medium Dogs",未匹配 Excel,,,,11,0,0,0
B0H1RX9HMP,"Beach Shoes for Women Men, Aqua Socks, Quick Dry Water Footwear, Pool Resort Cruise Beach Hotel Travel Pair",公司,QS-126-42/43,6,0,0,0,1,0
B0H1QP7PPS,"Silicone Food Tongs, Heat Resistant Kitchen Tongs, Non-Stick Cooking Tongs for Salad, BBQ, Grilling, Serving",未匹配 Excel,,,,69,3,0,0
B0GTL5WC9K,"Double Head Cotton Swabs, Wooden Stick Cotton Buds, Disposable Soft Cotton Tips for Ear Cleaning, Makeup, Pet Care and Daily Cleaning",未匹配 Excel,,,,70,3,0,0
B0GZ1KN54G,"Foldable EVA Flip Flops for Women Men, Wide Strap Non-Slip Travel Sandals, Lightweight Quick-Drying Beach Slippers for Vacation, Pool & Shower",公司,ZD003-Black-9/10,2,0,0,0,5,0
B0H1S9C429,"Beach Shoes for Women Men, Aqua Socks, Barefoot Water Footwear, Lake River Beach House Summer Travel Pair",公司,QS-125-36/37,2,0,0,0,1,0
B0GQBPVFK6,Breathable Beach Shoes Lightweight Water Shoes for Swim Surf Hiking,未匹配 Excel,,,,1,0,0,0
B0GS8B9K84,Portable Beaded Key Chain - Cute Bracelet Lanyard for Camera Phone Keyring Wallet,图图,KC-08-01,2,0,26,0,58,0
B0H2MBJB9H,"Water Shoes for Women Men, Quick Dry Swim Footwear for Beach Pool Resort River Cruise Lake Travel Pair, 2618, Adult Travel",公司,QS-2618-42/43,2,0,0,0,1,0
B0GZYW4MK1,"Foot Scrubber Mat for Shower- Feet Scrubber Massager with Suction Cups, Silicone Shower Foots Cleaner for Bathroom Home Spa Travel (Pink)",凯旋,YQ-QWER-2026420-AMD-3,9,1,0,0,1,0
B0GQBV623G,"Water Shoes Men Women, Non Slip Sole, Cushion Insole, for Beach Snorkeling",公司,QS-059-40/41,5,0,0,0,3,0
B0H28H5HW8,"Silver-Tone Sparkling Crystal Heart Bracelet, Adjustable Rhinestone Love Pendant Chain Bracelet for Women",凯旋,KCC-YXJL-YIN,18,2,0,0,58,3
B0H2MCYWX9,"Water Shoes for Women Men, Quick Dry Aqua Socks for Pool Beach Boat Dock Lake Resort Summer Travel, 2612, Adult Travel",公司,QS-2612-40/41,2,0,0,0,2,0
B0H2MLQSND,"Water Shoes for Women Men, Lightweight Swim Shoes for Beach Hotel Pool Lake Marina Resort Travel Pair, C119, Adult Travel",公司,QS-C119-40/41,2,0,0,0,2,0
B0H2MF19VC,"Water Shoes for Women Men, Water Footwear for Beach Pool Spa Hotel River Lake Cruise Travel Pair, 2617, Adult Travel",公司,QS-2617-40/41,2,0,0,0,1,0
B0GVXTRB9Q,"Foldable EVA Travel Slippers for Women Men, Lightweight Quick Drying Non Slip Shower Sandals, Portable Flip Flops for Bathroom, Hotel, Beach, Pool & Cruise",公司,ZD002-Grey-9/10,4,1,0,0,1,1
B0GQC3CTF1,"Surf Water Shoes for Men Women, Anti Slip Rubber Sole, Stretch Upper, Quick Dry",公司,QS-016-40/41,13,0,0,0,2,0
B0GWM7MSX6,"Adhesive Toilet Seat Cover, Reusable Sticky Toilet Seat Cushion, Universal Four-Season Toilet Seat Pad (Multiple Patterns)",图图,SP-MT01-chun,1,0,0,0,3,0
B0H14XX9LN,"Compact Hair Brush with Mirror, 2-in-1 Foldable Pocket Comb, Mini Travel Hairbrush with Mirror for Girls Women, Portable On-the-Go Hair Styling Tool",图图,SP-xiaojing1-hl,2,5,0,0,6,0
B0H2HQ66B8,"3Pcs Cute Capybara Keychains, Cartoon PVC Soft Rubber Animal Key Rings For Bag Purse Car Key Decor Gift",未匹配 Excel,,,,13,0,0,0
B0GWHYCBNT,"Snorkel Swim Water Shoes Unisex, Non Skid Rubber Sole, Stretch Fit Beach Shoes Black",公司,QS-029-36/37,10,0,0,0,1,0
B0GQBSPD65,Summer Beach Shoes Lightweight Water Shoes for Women Men Daily Sports,公司,QS-068-42/43,3,0,0,0,2,0
B0GX1KG5YS,"Slip On Swim Shoes Unisex, Non Slip Rubber Sole, Lightweight Quick Dry Aqua Shoes",公司,QS-066-38/39,9,0,0,0,5,0
B0H1RYVFML,"Aqua Socks for Women Men, Water Shoes, Quick Dry Swim Footwear, Beach Pool River Lake Cruise Summer Travel Pair",公司,QS-111-36/37,2,0,0,0,2,0
B0H23WFHNL,"Water Shoes for Women Men, Aqua Socks, Swim Footwear, Beach Pool Boat Dock Spa Hotel Travel Pair",公司,QS-153-44/45,2,0,0,0,1,0
B0GZZT7QR1,"2 Pcs Mini Storage Bag, Portable Square Cosmetic Pouch, Lightweight Travel Organizer Bag Small Makeup Storage Pouch for Home Travel Daily Use Multicolor",图图,SP-shouna-hh,9,1,0,0,8,3
B0GQBSQNVW,"Water Shoes Men Women, Non Slip Sole, Quick Dry, for Creek Hiking Beach Travel",公司,QS-087-42/43,2,2,0,0,1,1
B0GSXJG97D,"Skincare Headband For Face Washing-Spa Headband, Makeup Headbands With Bow And Wrist Wash Bands Facial Routine Spa For Women(Black)",凯旋,YQ-YUNYU-2026317-FADAI-4,5,0,0,0,0,2
B0GVYWN441,"Barefoot Water Shoes, Quick-Dry Aqua Socks for Diving, Snorkeling, Surfing, Hiking, Beach, Non-Slip Breathable Footwear for Men Women",未匹配 Excel,,,,11,0,0,0
B0GYRNQ69R,Water Shoes for Women Men Quick Dry Barefoot Beach Swim Pool Walking Shoes,公司,QS-001-44/45,3,0,0,0,3,0
B0GX5ZLMLK,"4 Pack Men's Underwear, Soft Breathable Boxer Briefs, Stretch Comfortable Moisture Wicking Underwear for Men Daily Wear Multicolor",凯旋,KCC-NK1-M,1,0,0,0,3,0
B0H75974GT,"2D Acrylic Fairy Mushroom Plant Stake, Butterfly Wing Elf Decorative Flower Pot Pick for Succulent Garden Balcony Yard Ornament",图图,SP-diaokehua-1,5,0,0,0,1,0
B0GXHVHRM9,Soft Water Shoes Lightweight Quick Dry Shoes for Beach Surfing Yoga,公司,QS-031-36/37,6,0,0,0,1,0
B0H1RXD12K,"Surf Shoes for Women Men, Aqua Socks, Swim Footwear, Lightweight Lake River Beach Resort Summer Travel Pair",公司,QS-137-40/41,3,0,0,0,1,0
B0GQBVRN6W,"Slip On Swim Shoes Unisex, Non Slip Rubber Sole, Lightweight Quick Dry Aqua Shoes",公司,QS-066-40/41,2,0,0,0,5,1
B0H1VFBVL9,"10Pcs Disposable Aluminum Foil Elastic Bowl Covers, Universal Stretch‑Fit Food Storage Lids For Kitchen Fresh‑Keeping",凯旋,KCC-LBWG-10GE,14,0,0,0,12,2
B0GQBZ5217,Breathable Water Shoes Non Slip Beach Shoes for Women Men Outdoor Sports,公司,QS-015-40/41,6,0,0,0,5,1
B0GWM1MJGW,"Mesh Beach Tote Bag With Zipper, Quick Dry Waterproof Sand Free Bag For Travel, Pool, Gym, Weekend Getaway",凯旋,KCC-WSDJB-K,14,1,0,0,30,2
B0H2M5MV6K,"Water Shoes for Women Men, Slip On Pool Shoes for Beach Resort Shower Cruise Dock Travel Footwear, 2624, Adult Travel",公司,QS-2624-36/37,0,0,0,0,2,1
B0GXTYYJL3,"River Shoes Unisex, Non Slip Sole, Quick Dry Water Shoes for Creek Trekking",公司,QS-043-38/39,2,0,0,0,5,0
B0GVJPZTQH,"Adhesive-Free Lower Eyelashes, Natural Look Fake Bottom Lashes, Reusable Multiple Styles Soft Under Lashes for Daily Makeup",图图,SP-mianjiao-xiao,1,1,0,0,5,0
B0H1D82X4M,Comfort Foldable Beach Shoes Non Slip Water Shoes for Women Men,公司,QS-089-36/37,5,1,0,0,22,0
B0GZYSZZ1G,"Glass Crystal Ball for Women-3D Inner Carved Glass Ball Decor with Stand, Sculpture Decor for Desk Shelf Mantel Office Bedroom (Elk)",凯旋,YQ-QWER-2026419-SJQ,5,0,0,0,1,0
B0H1RW76N4,"Beach Shoes for Women Men, Aqua Socks, Swim Footwear, Lightweight Cruise Pool Resort Vacation Travel Pair",公司,QS-124-38/39,2,0,0,0,2,0
B0GQBS64JX,Breathable Water Shoes Non Slip Quick Dry Shoes for Beach Swimming,未匹配 Excel,,,,931,49,0,0
B0H1S61DHG,"Beach Shoes for Women Men, Aqua Socks, Lightweight Water Footwear, River Dock Fishing Summer Travel Pair",公司,QS-127-42/43,3,0,0,0,2,0
B0GWMFLZ51,"Women's Ice Silk Crew Socks 5 Pairs, Thin Breathable Cool Socks, Lightweight Soft Summer Socks",图图,SP-WZ-si01,6,0,0,0,7,1
B0H4R5F255,"Striped Color-Block Hanging Travel Makeup Bag, Foldable Multi-Compartment Cosmetic Organizer for Women",图图,SP-dabao-lv,5,0,0,0,2,0
B0H1RTVMZY,"River Shoes for Women Men, Aqua Socks, Swim Footwear, Lightweight Kayaking Dock Beach Summer Travel Pair",公司,QS-133-36/37,2,0,0,0,5,0
B0GXYRFYY6,"24 Pack Multi Pattern Journal Stencils, Reusable Planner Drawing Templates for Bullet Diary Notebook DIY Craft Decoration",未匹配 Excel,,,,0,2,0,0
B0H1D71MBQ,"Water Shoes Unisex, Anti Skid Pattern Sole, Soft Stretch Upper, for Wet Rocks",公司,QS-033-36/37,5,0,0,0,3,0
B0H1RTQHH1,"Beach Shoes for Women Men, Aqua Socks, Swim Footwear, Lightweight Cruise Pool Resort Vacation Travel Pair",公司,QS-124-36/37,2,0,0,0,2,0
B0H3S89CDJ,"3 Slots Foldable Eyeglasses Storage Case, PU Leather Multiple Sunglasses Organizer, Portable Multi Glasses Box for Travel",未匹配 Excel,,,,4,0,0,0
B0GYX5VS9F,"Kids Water Shoes, Cute Starfish Print Quick-Dry Aqua Socks for Toddler Boys Girls, Non-Slip Swim Shoes for Beach, Pool, Water Park, River Trekking, and Indoor Activities",公司,QS-527-A110-32-33,1,0,0,0,0,1
B0H2MFVW8G,"Water Shoes for Women Men, Water Footwear for Beach Pool Spa Hotel River Lake Cruise Travel Pair, 2622, Adult Travel",公司,QS-2622-40/41,2,0,0,0,2,0
B0H2MTC5J3,"Water Shoes for Women Men, Water Footwear for Beach Pool Spa Hotel River Lake Cruise Travel Pair, 2705, Adult Travel",公司,QS-2705-40/41,3,0,0,0,2,0
B0H1RSFKJS,"Water Shoes for Women Men, Aqua Socks, Quick Dry Swim Shoes, Lake River Dock Beach Camping Shower Footwear",公司,QS-109-40/41,3,0,0,0,1,0
B0GWL2KY5F,Men Women Water Shoes Quick Dry Non Slip Barefoot Shoes Lightweight Breathable Beach Swim Surf Yoga Outdoor Sports Aqua Socks,公司,SP-XIE-S42/43,6,1,0,0,0,1
B0H156PKSD,"Beach Aqua Shoes Unisex, Non Slip Rubber Sole, Comfortable Insole, for Ocean",公司,QS-050-36/37,2,0,0,0,4,0
B0GXYT9354,"5 Pack Multi Style Decorative Hair Clips Set, Pearl Crystal Side Hair Barrettes As Daily Hairstyle Accessories For Women Outfit Styling",凯旋,KCC-FJ-5,2,0,0,0,4,0
B0H1S5RS6F,"Beach Shoes for Women Men, Aqua Socks, Water Shoes, Quick Dry Pool River Lake Cruise Resort Travel Pair",公司,QS-123-36/37,2,0,0,0,1,0
B0GS8V8PLQ,"Aqua Socks for Women Men, Water Shoes, Slip On Swim Footwear, Resort Pool Beach Water Park Cruise Summer Pair",公司,QS-115-40/41,0,0,0,0,1,1
B0GVJNLQHM,"Adhesive-Free Lower Eyelashes, Natural Look Fake Bottom Lashes, Reusable Multiple Styles Soft Under Lashes for Daily Makeup",图图,SP-mianjiao-bei,6,2,0,0,3,2
B0GVXLDPZT,"Foldable EVA Travel Slippers for Women Men, Lightweight Quick Drying Non Slip Shower Sandals, Portable Flip Flops for Bathroom, Hotel, Beach, Pool & Cruise",公司,ZD002-White-9/10,1,0,0,0,1,0
B0H3PJ2QYR,"Single Angled/Flat Paint Brush, Solid Wooden Handle Stain Brush, Premium Bristle Sash Brush for Wall Trim, Varnish, Furniture DIY Home Painting",图图,SP-youqishua-1,10,5,0,0,1,0
B0H1RTJZYL,"Beach Shoes for Women Men, Aqua Socks, Barefoot Water Footwear, Lake River Beach House Summer Travel Pair",公司,QS-125-44/45,2,0,0,0,2,0
B0H1S6582P,"Swim Shoes for Women Men, Water Shoes, Aqua Socks, Lightweight Surf Beach River Dock Travel Footwear",公司,QS-120-40/41,0,1,0,0,3,0
B0GV36GVDZ,"3 Pairs Nylon Lined Nitrile Coated Work Gloves, Dipped Rubber Non-Slip Safety Gloves for Gardening, Construction, Household & Men",凯旋,KCC-dingqingshoutao-L-heihei,8,1,0,0,0,1
B0GWLJ7XGS,Men Women Water Shoes Quick Dry Non Slip Barefoot Shoes Lightweight Breathable Beach Swim Surf Yoga Outdoor Sports Aqua Socks,公司,SP-XIE-F40/41,2,0,0,0,1,3
B0GQBVW8YY,"Creek Water Shoes for Men Women, Anti Slip Sole, Quick Dry, for River Walking",未匹配 Excel,,,,1,0,0,0
B0GS4GZFJ1,"Aqua Socks for Women Men, Water Shoes, Barefoot Swim Footwear, Resort Pool Lake Yoga Beach Travel Pair",公司,QS-112-40/41,3,0,0,0,1,0
B0GWL9PP46,Men Women Water Shoes Quick Dry Non Slip Barefoot Shoes Lightweight Breathable Beach Swim Surf Yoga Outdoor Sports Aqua Socks,公司,SP-XIE-F44/45,17,0,0,0,1,0
B0H1GX3Z2D,"Laptop Sleeve With Handle, Shockproof Notebook Carrying Bag For 13-14 Inch Laptops Tablets",凯旋,KCC-DNB-1,0,0,0,0,2,2
B0H8BHDW1C,"Ergonomic Silicone Thumb Picking Sleeve, Non-Slip Finger Guard for Garden Fruit Vegetable Harvesting",未匹配 Excel,,,,3,0,0,0
B0GWLTKBX3,"Drink Coasters Set of 4, Absorbent Cotton Woven Coasters, Minimalist 4-Color Cup Mats for Living Room & Fall Home Decor, 4.33 Inch",图图,SP-CD02-PINK11,2,0,0,0,1,0
B0H2MGP8CT,"Water Shoes for Women Men, Quick Dry Aqua Socks for Pool Beach Boat Dock Lake Resort Summer Travel, 2552, Adult Travel",公司,QS-2552-42/43,0,2,0,0,1,0
B0GY2YKY2G,"Sport Water Shoes for Men Women, Anti-Slip Quick Dry Swim Shoes for Pool Beach Black",公司,SP-XIE5-H36/37,5,0,0,0,6,0
B0GQBYR7Z7,Comfort Foldable Beach Shoes Non Slip Water Shoes for Women Men,公司,QS-089-42/43,6,1,0,0,4,0
B0GS8NRCB1,"Lovely Dopamine Color Block Beaded Phone Charm, Handmade Phone Strap for Girls",凯旋,KC-13-01,2,0,0,0,74,2
B0GQC98VY2,"Slip On Beach Shoes Men Women, Non Skid Sole, Quick Dry Water Shoes",公司,QS-053-40/41,3,0,0,0,7,0
B0GVRNK67N,"Fuzzy Ball Chenille Hanging Hand Towels 2 Pack, Soft Absorbent Fast Drying Towels with Hanging Loop for Bathroom Kitchen",图图,SP-maojin-feng,11,0,0,0,5,0
B0H1S34C75,"Aqua Socks for Women Men, Water Shoes, Foldable Swim Footwear, River Lake Dock Boat Beach Travel Pair",公司,QS-114-40/41,3,0,0,0,1,0
B0GVNR46S6,"6 Pcs Plastic Shoehorn Set, Portable Travel Shoe Horns, Lightweight Shoe Helper for Men Women Kids Seniors, 6 Assorted Colors",凯旋,KCC-xieba-5se,12,0,0,0,5,0
B0H1FSPR6N,"Hand Weeder Tool With Ergonomic Handle, Aluminum Alloy Gardening Weed Puller For Planting Transplanting",未匹配 Excel,,,,2,0,0,0
B0H2MR9JF1,"Water Shoes for Women Men, Aqua Socks, Slip On Swim Shoes for Beach Pool Lake Boat Resort Travel Pair, C106, Adult Travel",公司,QS-C106-40/41,2,0,0,0,2,0
B0H2MLDZLW,"Water Shoes for Women Men, Slip On Pool Shoes for Beach Resort Shower Cruise Dock Travel Footwear, 2532, Adult Travel",公司,QS-2532-38/39,2,0,0,0,2,0
B0H2HQPLDJ,"2Pcs Adjustable Sports Glasses Lanyards, 13.78‑Inch Anti‑Slip Eyewear Straps For Running Basketball Swimming Daily Use",未匹配 Excel,,,,40,1,0,0
